pd_core,pd_fused,y_true,emi_income_ratio,policy
0.18931843,0.19742224,0,0.2598888888888889,HOLD
0.3575772,0.33202925,0,0.26685,HOLD
0.4184881,0.38075796,0,0.18682,HOLD
0.47817737,0.42850938,0,0.11104444444444445,HOLD
0.64809257,0.56444156,0,0.14353333333333335,HOLD
0.5320937,0.47164246,0,0.28691666666666665,HOLD
0.2568506,0.25144798,0,0.2641428571428571,HOLD
0.11458244,0.13763344,0,0.06992,APPROVE
0.5293839,0.4694746,0,0.16848888888888888,HOLD
0.25913543,0.25327584,0,0.14637777777777777,HOLD
0.034220796,0.073344134,0,0.104,APPROVE
0.21689983,0.21948735,0,0.1,HOLD
0.17691211,0.18749718,0,0.40415384615384614,REJECT
0.40422866,0.36935043,0,0.05957777777777778,HOLD
0.21911804,0.22126193,0,0.4456,REJECT
0.7239125,0.6250975,0,0.19371428571428573,HOLD
0.5724205,0.5039039,0,0.10904,HOLD
0.57793987,0.50831944,0,0.092,HOLD
0.25889832,0.25308615,0,0.08037142857142857,HOLD
0.5270583,0.46761414,0,0.28510526315789475,HOLD
0.6012196,0.5269432,0,0.19330769230769232,HOLD
0.4160678,0.37882173,1,0.08472222222222223,HOLD
0.19079094,0.19860025,0,0.19641666666666666,HOLD
0.15109889,0.1668466,0,0.146925,HOLD
0.3568897,0.33147925,0,0.15,HOLD
0.08264803,0.11208593,0,0.14487692307692307,APPROVE
0.74598396,0.6427547,0,0.094975,HOLD
0.26674995,0.25936747,0,0.2293448275862069,HOLD
0.40085417,0.36665082,0,0.0956,HOLD
0.10729497,0.13180347,0,0.1785542168674699,APPROVE
0.10705665,0.13161281,0,0.218425,APPROVE
0.81778836,0.70019823,0,0.30238461538461536,REJECT
0.3113141,0.2950188,0,0.1,HOLD
0.38195115,0.3515284,0,0.16866666666666666,HOLD
0.17323029,0.18455173,0,0.12322222222222222,HOLD
0.27507994,0.26603144,1,0.10588235294117647,HOLD
0.103970535,0.12914392,0,0.23981818181818182,APPROVE
0.37373844,0.34495825,0,0.08411428571428571,HOLD
0.2985407,0.28480008,0,0.091375,HOLD
0.7488228,0.6450258,0,0.1375,HOLD
0.1908373,0.19863732,0,0.10714285714285714,HOLD
0.47999007,0.42995954,0,0.2195,HOLD
0.84283394,0.7202347,0,0.22672222222222221,REJECT
0.12606102,0.14681631,0,0.20255,APPROVE
0.8029589,0.68833464,0,0.16831428571428572,REJECT
0.4311281,0.39086998,0,0.18602222222222223,HOLD
0.022744292,0.06416293,0,0.075,APPROVE
0.29301777,0.2803817,0,0.2644666666666667,HOLD
0.116697274,0.13932532,0,0.16708571428571428,APPROVE
0.37829652,0.3486047,0,0.06666666666666667,HOLD
0.29227275,0.2797857,0,0.11697826086956521,HOLD
0.09633295,0.12303386,0,0.11604,APPROVE
0.07209759,0.10364557,0,0.2105,APPROVE
0.06337706,0.096669145,1,0.4318,REJECT
0.02836197,0.06865708,0,0.1805857142857143,APPROVE
0.15469629,0.16972452,0,0.17562,HOLD
0.4885848,0.43683532,0,0.09166666666666666,HOLD
0.20991758,0.21390155,0,0.251,HOLD
0.41047877,0.37435052,0,0.1723076923076923,HOLD
0.100287035,0.12619713,0,0.0872093023255814,APPROVE
0.57699925,0.5075669,0,0.19196,HOLD
0.5681011,0.5004484,0,0.12037777777777778,HOLD
0.18881041,0.19701582,0,0.0851063829787234,HOLD
0.62550586,0.54637223,0,0.159,HOLD
0.4679002,0.42028764,0,0.18611111111111112,HOLD
0.5665571,0.4992132,0,0.04608,HOLD
0.16891739,0.1811014,0,0.162,HOLD
0.51199746,0.45556545,0,0.05,HOLD
0.58135957,0.5110552,0,0.32607142857142857,HOLD
0.42185387,0.3834506,0,0.1535135135135135,HOLD
0.44698212,0.4035532,0,0.13333333333333333,HOLD
0.13572413,0.1545468,0,0.1412280701754386,HOLD
0.27190864,0.2634944,0,0.25114285714285717,HOLD
0.7915427,0.6792017,0,0.2076,REJECT
0.39226004,0.35977554,0,0.1784,HOLD
0.5970202,0.5235837,0,0.1947,HOLD
0.37864885,0.34888658,0,0.37466666666666665,HOLD
0.42816505,0.38849953,0,0.30345714285714287,HOLD
0.078937896,0.10911781,0,0.2812857142857143,APPROVE
0.16535439,0.178251,0,0.15732727272727273,HOLD
0.33663073,0.3152721,0,0.1829705882352941,HOLD
0.41258657,0.37603676,0,0.316675,HOLD
0.101560615,0.12721598,0,0.15128,APPROVE
0.6462585,0.56297433,0,0.09028888888888889,HOLD
0.7078429,0.61224186,0,0.17004166666666667,HOLD
0.45595276,0.4107297,0,0.1148,HOLD
0.10563996,0.13047945,0,0.05377083333333333,APPROVE
0.44693187,0.40351298,1,0.07622222222222222,HOLD
0.41739187,0.379881,1,0.0509,HOLD
0.22241989,0.2239034,1,0.18424444444444443,HOLD
0.27333933,0.26463896,0,0.20415,HOLD
0.22848134,0.22875257,0,0.1807,HOLD
0.32170117,0.30332842,1,0.06274,HOLD
0.37570754,0.34653354,0,0.19577777777777777,HOLD
0.1554033,0.17029014,0,0.13846666666666665,HOLD
0.040683415,0.07851423,0,0.1836,APPROVE
0.4123856,0.37587598,0,0.18425,HOLD
0.49917042,0.44530383,0,0.27085,HOLD
0.8447937,0.7218025,1,0.16492,REJECT
0.28046352,0.27033833,1,0.24514285714285713,HOLD
0.17355481,0.18481134,0,0.16612,HOLD
0.041855447,0.07945186,0,0.4386888888888889,REJECT
0.1727148,0.18413933,1,0.21005,HOLD
0.68842083,0.5967042,1,0.34352173913043477,HOLD
0.15772386,0.17214657,0,0.12808333333333333,HOLD
0.36587507,0.33866754,0,0.04559649122807018,HOLD
0.423034,0.3843947,0,0.06517857142857143,HOLD
0.1060705,0.1308239,0,0.3188,APPROVE
0.2863139,0.2750186,0,0.173075,HOLD
0.32697505,0.30754754,0,0.30836363636363634,HOLD
0.48900768,0.43717363,0,0.13095238095238096,HOLD
0.31001163,0.2939768,0,0.27192,HOLD
0.5432696,0.48058316,0,0.12776,HOLD
0.35594,0.3307195,0,0.147275,HOLD
0.35416394,0.32929865,0,0.1266,HOLD
0.8299037,0.7098905,0,0.1498,REJECT
0.45840475,0.4126913,0,0.06666666666666667,HOLD
0.69870156,0.6049288,0,0.09206666666666667,HOLD
0.46963736,0.42167738,0,0.3842,HOLD
0.6412848,0.55899537,0,0.24046666666666666,HOLD
0.1618478,0.17544574,0,0.17304444444444445,HOLD
0.42189333,0.38348216,0,0.14362857142857144,HOLD
0.096758105,0.12337399,0,0.20148,APPROVE
0.1660051,0.17877157,0,0.37292857142857144,HOLD
0.60879976,0.5330073,0,0.2431,HOLD
0.7701728,0.66210574,0,0.11892307692307692,REJECT
0.73034555,0.63024396,0,0.188,HOLD
0.32978207,0.30979314,0,0.19517142857142858,HOLD
0.41077295,0.37458587,1,0.095275,HOLD
0.25926974,0.2533833,0,0.22055,HOLD
0.23265807,0.23209395,0,0.11886666666666666,HOLD
0.59218085,0.5197122,0,0.1712,HOLD
0.2845491,0.27360678,0,0.039716666666666664,HOLD
0.5904108,0.5182962,0,0.1,HOLD
0.057973206,0.092346065,0,0.1,APPROVE
0.41487417,0.37786683,0,0.1526,HOLD
0.44897905,0.40515074,0,0.17715,HOLD
0.90700215,0.77156925,1,0.09434,REJECT
0.143384,0.16067469,0,0.24355,HOLD
0.18830985,0.19661537,0,0.2162,HOLD
0.89628506,0.7629956,0,0.2375,REJECT
0.6113657,0.5350601,0,0.1264,HOLD
0.54331857,0.48062235,0,0.2558,HOLD
0.6575992,0.5720469,0,0.1216,HOLD
0.28865963,0.2768952,0,0.20607142857142857,HOLD
0.79525685,0.682173,0,0.3321142857142857,REJECT
0.42285544,0.38425183,0,0.21642857142857144,HOLD
0.38874206,0.35696113,0,0.131,HOLD
0.7482191,0.6445428,1,0.0948,HOLD
0.13030842,0.15021423,0,0.2273,HOLD
0.34565964,0.32249522,0,0.15428333333333333,HOLD
0.34217212,0.3197052,0,0.2872727272727273,HOLD
0.19061632,0.19846055,0,0.13804761904761906,HOLD
0.09028126,0.118192516,1,0.3394,APPROVE
0.31458783,0.29763776,0,0.04285714285714286,HOLD
0.34895334,0.32513016,0,0.12405405405405405,HOLD
0.12169029,0.14331973,0,0.39045,APPROVE
0.14123672,0.15895687,0,0.16162,HOLD
0.3413631,0.31905797,0,0.22928,HOLD
0.2743992,0.26548687,0,0.24472,HOLD
0.0836654,0.11289982,0,0.14853333333333332,APPROVE
0.1782437,0.18856245,0,0.1583,HOLD
0.17365235,0.18488938,0,0.09785106382978724,HOLD
0.3943461,0.36144435,0,0.1346111111111111,HOLD
0.377859,0.34825468,0,0.13882857142857144,HOLD
0.29232913,0.2798308,0,0.06666666666666667,HOLD
0.11941582,0.14150015,0,0.12,APPROVE
0.068190046,0.10051954,0,0.05085185185185185,APPROVE
0.65654427,0.57120293,0,0.11926,HOLD
0.26283324,0.25623408,0,0.06111111111111111,HOLD
0.09226183,0.11977697,0,0.0257,APPROVE
0.19907519,0.20522764,0,0.1656857142857143,HOLD
0.0792229,0.10934583,0,0.17,APPROVE
0.5314728,0.47114575,0,0.0792,HOLD
0.0994855,0.1255559,0,0.05297142857142857,APPROVE
0.3306493,0.3104869,0,0.27136,HOLD
0.4867209,0.43534422,0,0.2285,HOLD
0.097126685,0.12366886,0,0.15946,APPROVE
0.0621066,0.09565278,0,0.123,APPROVE
0.35549453,0.33036312,1,0.21444444444444444,HOLD
0.35986605,0.33386034,0,0.1274864864864865,HOLD
0.06493945,0.097919054,0,0.15384615384615385,APPROVE
0.5056537,0.45049044,0,0.15256666666666666,HOLD
0.3107982,0.29460606,0,0.04757009345794393,HOLD
0.64685374,0.5634505,0,0.4975,REJECT
0.28362742,0.27286944,0,0.26282978723404254,HOLD
0.29370123,0.2809285,0,0.021514285714285715,HOLD
0.67734605,0.5878444,0,0.21822727272727271,HOLD
0.2759512,0.26672846,0,0.5074166666666666,REJECT
0.34266776,0.3201017,1,0.11048,HOLD
0.61443496,0.5375155,0,0.1518,HOLD
0.36480215,0.3378092,0,0.1060909090909091,HOLD
0.08791648,0.11630068,0,0.3308,APPROVE
0.37955794,0.34961385,0,0.8117142857142857,REJECT
0.22155085,0.22320817,0,0.11825,HOLD
0.40022382,0.36614656,0,0.12701960784313726,HOLD
0.5835283,0.51279014,0,0.11,HOLD
0.14362343,0.16086623,0,0.2388222222222222,HOLD
0.720962,0.6227371,1,0.25795833333333335,HOLD
0.27067363,0.2625064,0,0.3338333333333333,HOLD
0.14090082,0.15868816,0,0.105,HOLD
0.44890833,0.40509415,0,0.07126,HOLD
0.062254667,0.09577123,0,0.29563333333333336,APPROVE
0.43744564,0.395924,0,0.2779333333333333,HOLD
0.61778647,0.5401967,0,0.16645714285714286,HOLD
0.13777183,0.15618496,0,0.08344444444444445,HOLD
0.18680531,0.19541174,0,0.05,HOLD
0.38188645,0.35147667,0,0.1,HOLD
0.15805726,0.1724133,0,0.15821212121212122,HOLD
0.17703196,0.18759306,0,0.47516,REJECT
0.2564249,0.25110742,0,0.1,HOLD
0.29622102,0.28294432,0,0.18235714285714286,HOLD
0.17843685,0.18871696,0,0.07744,HOLD
0.19984734,0.20584537,0,0.09166666666666666,HOLD
0.34473547,0.3217559,0,0.19843478260869565,HOLD
0.71808076,0.62043214,0,0.18760714285714286,HOLD
0.5629595,0.4963351,0,0.35745454545454547,HOLD
0.7697496,0.6617672,0,0.17194,REJECT
0.2038767,0.20906885,0,0.17154545454545456,HOLD
0.22004284,0.22200176,0,0.1431111111111111,HOLD
0.2922583,0.27977413,0,0.1665,HOLD
0.2798948,0.26988333,0,0.14565,HOLD
0.45112336,0.4068662,0,0.1613,HOLD
0.15941533,0.17349976,0,0.19576,HOLD
0.028947322,0.06912536,0,0.21594,APPROVE
0.52077085,0.46258417,0,0.12333333333333334,HOLD
0.2482841,0.24459477,0,0.14606741573033707,HOLD
0.27295923,0.2643349,0,0.27624,HOLD
0.3748709,0.3458642,0,0.1,HOLD
0.43085632,0.39065254,0,0.13705,HOLD
0.50559753,0.45044553,0,0.1214,HOLD
0.25133544,0.24703585,0,0.16666666666666666,HOLD
0.4434004,0.4006878,0,0.2032857142857143,HOLD
0.32727832,0.30779016,0,0.2704,HOLD
0.12828411,0.14859478,0,0.125,APPROVE
0.026643867,0.067282595,0,0.26684,APPROVE
0.73090523,0.6306917,0,0.09333333333333334,HOLD
0.6538773,0.5690694,0,0.22276666666666667,HOLD
0.69796646,0.6043407,1,0.15148571428571428,HOLD
0.8082677,0.6925817,0,0.3115142857142857,REJECT
0.5805012,0.5103685,0,0.3103,HOLD
0.7523056,0.647812,0,0.08508571428571429,HOLD
0.5801231,0.51006603,1,0.22885,HOLD
0.32744092,0.30792022,0,0.18992857142857142,HOLD
0.42268294,0.38411385,0,0.14,HOLD
0.64914596,0.5652843,0,0.079725,HOLD
0.3236164,0.3048606,0,0.2558214285714286,HOLD
0.66569895,0.5785267,1,0.27325,HOLD
0.4127866,0.37619677,0,0.3215862068965517,HOLD
0.28414148,0.27328068,0,0.191875,HOLD
0.52864945,0.46888706,0,0.2798157894736842,HOLD
0.26037982,0.25427136,0,0.2700666666666667,HOLD
0.30138668,0.28707686,1,0.15,HOLD
0.15867652,0.17290871,0,0.3128235294117647,HOLD
0.26390722,0.25709328,0,0.14016666666666666,HOLD
0.34400702,0.3211731,0,0.2734285714285714,HOLD
0.3973122,0.36381724,0,0.16817142857142858,HOLD
0.291914,0.2794987,0,0.12,HOLD
0.052057717,0.08761368,0,0.20822857142857143,APPROVE
0.6457037,0.56253046,0,0.0871,HOLD
0.62051004,0.54237556,0,0.1998,HOLD
0.7287368,0.628957,0,0.29224,HOLD
0.6654451,0.5783236,0,0.08232727272727272,HOLD
0.36301446,0.33637905,0,0.10696470588235295,HOLD
0.12019993,0.14212744,0,0.146925,APPROVE
0.16595118,0.17872843,0,0.079,HOLD
0.23135805,0.23105393,0,0.21296153846153845,HOLD
0.31351563,0.29678,0,0.09574,HOLD
0.11079157,0.13460076,0,0.3157,APPROVE
0.5379477,0.47632566,1,0.11577142857142857,HOLD
0.3080392,0.29239884,0,0.17116666666666666,HOLD
0.42558402,0.3864347,0,0.16592857142857143,HOLD
0.075529434,0.10639105,0,0.10714285714285714,APPROVE
0.7728479,0.66424584,0,0.21,REJECT
0.56774306,0.500162,0,0.09024242424242425,HOLD
0.31103247,0.2947935,0,0.12,HOLD
0.3030813,0.28843254,1,0.23015384615384615,HOLD
0.32921,0.3093355,1,0.30452,HOLD
0.5695264,0.50158864,0,0.111375,HOLD
0.10346792,0.12874183,0,0.232225,APPROVE
0.8561944,0.73092306,1,0.32426666666666665,REJECT
0.16849548,0.18076387,0,0.23297777777777778,HOLD
0.6423627,0.5598577,0,0.2824,HOLD
0.37387994,0.34507143,1,0.3486666666666667,HOLD
0.6968365,0.6034367,0,0.15233333333333332,HOLD
0.034675714,0.07370807,0,0.1362,APPROVE
0.3669248,0.33950734,0,0.1765,HOLD
0.7971157,0.6836601,0,0.20490625,REJECT
0.33850747,0.31677347,0,0.10455,HOLD
0.12566276,0.1464977,0,0.14583333333333334,APPROVE
0.2323067,0.23181285,0,0.352775,HOLD
0.30877596,0.29298827,0,0.256025,HOLD
0.24740876,0.2438945,0,0.2648,HOLD
0.23542915,0.23431082,0,0.2619,HOLD
0.070638254,0.10247811,0,0.18410909090909092,APPROVE
0.085745625,0.11456401,0,0.21032,APPROVE
0.10886837,0.13306218,0,0.20212,APPROVE
0.18197368,0.19154644,0,0.4983505154639175,REJECT
0.3620609,0.33561623,0,0.287,HOLD
0.1516948,0.16732334,0,0.1195,HOLD
0.014753248,0.0577701,0,0.33192727272727274,APPROVE
0.13055125,0.15040849,1,0.3202702702702703,HOLD
0.2659313,0.25871256,0,0.0971,HOLD
0.45203963,0.4075992,0,0.06591304347826087,HOLD
0.14568593,0.16251624,0,0.36193333333333333,HOLD
0.4980004,0.44436783,0,0.16562857142857143,HOLD
0.16563678,0.17847691,0,0.10092,HOLD
0.42070675,0.3825329,0,0.23265714285714287,HOLD
0.24135545,0.23905185,0,0.16473333333333334,HOLD
0.10594328,0.13072212,0,0.3004428571428571,APPROVE
0.21177702,0.2153891,0,0.16977272727272727,HOLD
0.1047439,0.12976262,0,0.1,APPROVE
0.4040502,0.36920765,0,0.134625,HOLD
0.2598787,0.25387046,0,0.3097,HOLD
0.15107694,0.16682905,0,0.03905,HOLD
0.44726157,0.40377676,0,0.13266666666666665,HOLD
0.1799764,0.18994862,0,0.07247692307692308,HOLD
0.25858915,0.25283882,1,0.24172727272727274,HOLD
0.374972,0.3459451,0,0.2921666666666667,HOLD
0.3864825,0.3551535,0,0.10886666666666667,HOLD
0.5292565,0.46937272,0,0.22613333333333333,HOLD
0.29856038,0.28481582,0,0.06066666666666667,HOLD
0.14306164,0.16041681,0,0.08863333333333333,HOLD
0.19833782,0.20463775,0,0.07038181818181818,HOLD
0.46387264,0.41706562,0,0.24197142857142856,HOLD
0.5073514,0.45184863,0,0.12544444444444444,HOLD
0.28986058,0.27785596,0,0.1363,HOLD
0.1601368,0.17407693,0,0.06752380952380953,HOLD
0.52614427,0.4668829,0,0.11872,HOLD
0.15701877,0.1715825,0,0.23862857142857144,HOLD
0.65163785,0.5672778,0,0.21124,HOLD
0.23663685,0.23527697,0,0.15888333333333332,HOLD
0.6287927,0.5490017,1,0.1097,HOLD
0.44810393,0.40445065,0,0.13091111111111112,HOLD
0.22923072,0.22935207,0,0.25185,HOLD
0.056571655,0.09122483,0,0.0966,APPROVE
0.27160686,0.263253,0,0.17062857142857143,HOLD
0.116209075,0.13893476,0,0.04592,APPROVE
0.56057495,0.49442744,0,0.1375,HOLD
0.34715092,0.32368824,0,0.1396,HOLD
0.17327009,0.18458356,0,0.24378571428571427,HOLD
0.13000587,0.14997219,0,0.21242,APPROVE
0.4116511,0.37528837,1,0.142,HOLD
0.6095468,0.533605,0,0.2965217391304348,HOLD
0.60224754,0.5277656,0,0.20211428571428572,HOLD
0.7852907,0.6742001,0,0.22972,REJECT
0.3249053,0.30589175,0,0.17855,HOLD
0.01736156,0.05985675,0,0.4566857142857143,REJECT
0.12418648,0.14531668,0,0.09839,APPROVE
0.24210939,0.239655,0,0.13155,HOLD
0.5743828,0.5054738,0,0.1494,HOLD
0.42660126,0.38724852,0,0.1566,HOLD
0.4114697,0.37514326,0,0.13192105263157894,HOLD
0.025562203,0.06641726,0,0.088565,APPROVE
0.21010561,0.21405198,0,0.12742222222222221,HOLD
0.13623776,0.1549577,0,0.06764,HOLD
0.26357853,0.25683033,0,0.11764705882352941,HOLD
0.672153,0.5836899,0,0.15088,HOLD
0.49709126,0.4436405,0,0.19436111111111112,HOLD
0.18141623,0.19110048,0,0.3307,HOLD
0.20903817,0.21319802,0,0.26381481481481484,HOLD
0.5305884,0.4704382,0,0.16692592592592592,HOLD
0.28418013,0.27331161,0,0.13502994011976047,HOLD
0.28053513,0.2703956,1,0.1422,HOLD
0.2965638,0.28321853,0,0.06758461538461538,HOLD
0.029155243,0.069291696,1,0.09406666666666667,APPROVE
0.26572242,0.25854543,1,0.0908888888888889,HOLD
0.051876295,0.08746854,0,0.1132,APPROVE
0.50460935,0.44965497,1,0.10540625,HOLD
0.28940165,0.27748883,0,0.22566666666666665,HOLD
0.13684545,0.15544386,0,0.13625,HOLD
0.5270887,0.46763846,0,0.25702857142857144,HOLD
0.45269877,0.4081265,0,0.13165,HOLD
0.60305494,0.5284115,0,0.05,HOLD
0.40382165,0.3690248,0,0.09,HOLD
0.25065067,0.24648803,0,0.07866,HOLD
0.80289763,0.68828565,0,0.05714285714285714,REJECT
0.62753856,0.54799837,0,0.0952,HOLD
0.50922024,0.4533437,0,0.14157142857142857,HOLD
0.34742844,0.32391024,0,0.27534285714285717,HOLD
0.6656666,0.5785008,0,0.354,HOLD
0.1865387,0.19519845,0,0.1639,HOLD
0.37185445,0.34345105,0,0.07034736842105263,HOLD
0.35440674,0.3294929,0,0.33566666666666667,HOLD
0.7762181,0.666942,0,0.09966666666666667,REJECT
0.18212593,0.19166823,0,0.15027027027027026,HOLD
0.32234377,0.3038425,0,0.1659,HOLD
0.051516157,0.08718043,0,0.4633333333333333,REJECT
0.60395426,0.52913094,0,0.09718,HOLD
0.4638794,0.417071,0,0.15337142857142858,HOLD
0.32163042,0.30327183,0,0.26846511627906977,HOLD
0.5916736,0.5193064,0,0.18051111111111112,HOLD
0.21954861,0.22160639,0,0.05714285714285714,HOLD
0.28410584,0.27325216,1,0.15814814814814815,HOLD
0.07060542,0.10245184,1,0.1186,APPROVE
0.038151283,0.076488525,0,0.22177777777777777,APPROVE
0.29667723,0.28330928,0,0.12605,HOLD
0.18627197,0.19498506,0,0.24586666666666668,HOLD
0.40865332,0.37289014,0,0.13503333333333334,HOLD
0.64878714,0.56499726,0,0.18609375,HOLD
0.8795755,0.74962795,1,0.3683,REJECT
0.16299582,0.17636414,0,0.1404,HOLD
0.6253002,0.5462077,0,0.10902234636871508,HOLD
0.21707271,0.21962567,0,0.15069230769230768,HOLD
0.58767176,0.51610494,0,0.044444444444444446,HOLD
0.24355729,0.24081333,0,0.11868,HOLD
0.06847254,0.10074554,0,0.0722,APPROVE
0.37514788,0.3460858,0,0.15794285714285713,HOLD
0.5107104,0.45453584,0,0.15,HOLD
0.242905,0.24029149,0,0.150325,HOLD
0.4061799,0.37091142,0,0.0625,HOLD
0.4787143,0.42893893,0,0.10572,HOLD
0.039526783,0.07758892,0,0.1414,APPROVE
0.50274575,0.4481641,0,0.2896774193548387,HOLD
0.6645462,0.5776045,0,0.08882,HOLD
0.79523677,0.6821569,0,0.3104,REJECT
0.45563865,0.4104784,0,0.3026190476190476,HOLD
0.7253114,0.62621665,0,0.20606666666666668,HOLD
0.39913434,0.36527497,0,0.07262222222222223,HOLD
0.28224018,0.27175966,0,0.23795,HOLD
0.2630228,0.25638574,0,0.3545333333333333,HOLD
0.8130211,0.69638443,0,0.17340625,REJECT
0.57299614,0.50436443,0,0.2836666666666667,HOLD
0.20348553,0.20875593,0,0.3306829268292683,HOLD
0.17931949,0.18942308,0,0.21296,HOLD
0.25618014,0.25091162,0,0.06,HOLD
0.29373586,0.28095618,0,0.05654347826086956,HOLD
0.38852912,0.35679078,0,0.12273333333333333,HOLD
0.4345289,0.3935906,0,0.03547368421052632,HOLD
0.52347463,0.4647472,0,0.30628,HOLD
0.75577754,0.6505896,0,0.20236,REJECT
0.5886077,0.51685375,1,0.2391,HOLD
0.3140238,0.29718652,0,0.11458571428571429,HOLD
0.2200208,0.22198413,0,0.311259842519685,HOLD
0.086404055,0.11509075,0,0.413725,REJECT
0.124604486,0.14565109,0,0.09762068965517241,APPROVE
0.15530598,0.17021228,0,0.235,HOLD
0.31783786,0.30023777,0,0.2278,HOLD
0.38751173,0.35597688,1,0.10709375,HOLD
0.69043624,0.59831655,0,0.0918125,HOLD
0.40557984,0.37043136,0,0.13522857142857142,HOLD
0.57369405,0.5049228,0,0.27504,HOLD
0.25722507,0.25174755,0,0.06025,HOLD
0.55081433,0.48661897,0,0.0763,HOLD
0.1506333,0.16647413,0,0.33960714285714283,HOLD
0.6366485,0.5552863,0,0.4829,REJECT
0.33035105,0.31024835,0,0.05,HOLD
0.27162695,0.26326907,0,0.1367,HOLD
0.68681693,0.5954211,0,0.23033870967741935,HOLD
0.25715384,0.25169057,0,0.4147142857142857,REJECT
0.24633513,0.2430356,0,0.11335714285714285,HOLD
0.26502737,0.2579894,0,0.04266,HOLD
0.05679231,0.091401346,0,0.042133333333333335,APPROVE
0.766929,0.65951073,0,0.145,REJECT
0.28942734,0.27750936,0,0.19382857142857143,HOLD
0.7266214,0.6272646,0,0.272448275862069,HOLD
0.04036188,0.078257,0,0.09278333333333333,APPROVE
0.38740745,0.35589346,0,0.24927777777777776,HOLD
0.23390797,0.23309387,0,0.0892,HOLD
0.16202292,0.17558582,0,0.17146666666666666,HOLD
0.5130869,0.45643702,0,0.10571428571428572,HOLD
0.43845868,0.39673445,0,0.07028571428571428,HOLD
0.14626469,0.16297925,0,0.15,HOLD
0.11622141,0.13894463,0,0.19472,APPROVE
0.1434813,0.16075253,0,0.09694285714285714,HOLD
0.2066053,0.21125174,0,0.4830833333333333,REJECT
0.14550903,0.16237472,0,0.15,HOLD
0.27694017,0.26751962,0,0.217,HOLD
0.9119133,0.77549815,0,0.29793333333333333,REJECT
0.46207812,0.41562998,0,0.1969,HOLD
0.3307091,0.31053478,1,0.1297,HOLD
0.34600285,0.32276976,0,0.29356,HOLD
0.21268658,0.21611676,0,0.14716666666666667,HOLD
0.5433783,0.48067012,0,0.1613,HOLD
0.46253633,0.41599655,0,0.22407272727272728,HOLD
0.6743631,0.585458,0,0.10911111111111112,HOLD
0.23108207,0.23083314,0,0.3061785714285714,HOLD
0.11033974,0.13423929,0,0.397375,APPROVE
0.31499594,0.29796425,0,0.117925,HOLD
0.39930123,0.36540848,0,0.28537142857142855,HOLD
0.23408753,0.23323752,0,0.48833333333333334,REJECT
0.6755454,0.58640385,1,0.26951851851851855,HOLD
0.043339852,0.080639385,0,0.14,APPROVE
0.09668205,0.12331314,0,0.2146,APPROVE
0.3288305,0.3090319,0,0.23880555555555555,HOLD
0.25856337,0.2528182,0,0.2004770273663068,HOLD
0.44951364,0.4055784,0,0.249,HOLD
0.57701117,0.50757647,0,0.1756764705882353,HOLD
0.60463315,0.52967405,0,0.2754,HOLD
0.17993584,0.18991616,0,0.15,HOLD
0.052290242,0.08779969,0,0.08571428571428572,APPROVE
0.52318543,0.46451584,0,0.12384,HOLD
0.3737171,0.34494117,0,0.279925,HOLD
0.17877345,0.18898626,0,0.2959428571428571,HOLD
0.3460116,0.3227768,0,0.119075,HOLD
0.5270703,0.4676237,0,0.11828571428571429,HOLD
0.4561082,0.41085407,0,0.06,HOLD
0.43658432,0.39523494,0,0.21456666666666666,HOLD
0.8340672,0.7132213,0,0.1314,REJECT
0.56636876,0.4990625,0,0.1179,HOLD
0.20478168,0.20979284,0,0.10637142857142858,HOLD
0.2142115,0.21733668,0,0.045625,HOLD
0.3063194,0.29102302,0,0.26594444444444443,HOLD
0.09859236,0.1248414,0,0.16465,APPROVE
0.49408898,0.44123867,1,0.13544,HOLD
0.2869438,0.27552253,0,0.07425454545454545,HOLD
0.6610395,0.5747991,1,0.021266666666666666,HOLD
0.109748736,0.13376649,0,0.18622222222222223,APPROVE
0.08858372,0.116834484,0,0.34335,APPROVE
0.2512617,0.24697687,0,0.1,HOLD
0.37889555,0.34908393,0,0.214,HOLD
0.14855805,0.16481394,0,0.21025862068965517,HOLD
0.34462073,0.3216641,0,0.1518,HOLD
0.26327103,0.25658432,0,0.274,HOLD
0.6129781,0.53635,0,0.22373333333333334,HOLD
0.18378496,0.19299546,0,0.05893103448275862,HOLD
0.20521687,0.21014099,0,0.20617142857142856,HOLD
0.7994533,0.6855302,0,0.09933,REJECT
0.70429367,0.6094025,0,0.15214285714285714,HOLD
0.3246938,0.30572253,0,0.1875,HOLD
0.27954152,0.26960072,0,0.45892,REJECT
0.17118374,0.18291448,0,0.10875555555555555,HOLD
0.10138751,0.1270775,0,0.3305,APPROVE
0.26724422,0.25976288,0,0.12056,HOLD
0.48348367,0.43275443,0,0.1408,HOLD
0.1267654,0.14737982,0,0.05378,APPROVE
0.20773207,0.21215315,0,0.24942857142857142,HOLD
0.43660742,0.39525342,1,0.36625714285714284,HOLD
0.61798894,0.5403587,0,0.1929722222222222,HOLD
0.7822598,0.6717754,0,0.16675609756097562,REJECT
0.78782326,0.67622614,1,0.1321,REJECT
0.20939793,0.21348584,0,0.15346666666666667,HOLD
0.14950617,0.16557243,0,0.22280555555555556,HOLD
0.25053126,0.2463925,0,0.13253333333333334,HOLD
0.13098484,0.15075538,0,0.1184,HOLD
0.32386324,0.3050581,0,0.16985,HOLD
0.33428213,0.3133932,0,0.1593,HOLD
0.13946308,0.15753797,0,0.20742857142857143,HOLD
0.41459453,0.3776431,0,0.08036363636363636,HOLD
0.23764934,0.23608696,0,0.3505333333333333,HOLD
0.16827588,0.1805882,1,0.09408333333333334,HOLD
0.07266347,0.10409828,0,0.12858,APPROVE
0.38775632,0.35617256,0,0.22026666666666667,HOLD
0.20647654,0.21114872,0,0.3096333333333333,HOLD
0.7688611,0.6610564,0,0.2846666666666667,REJECT
0.42880678,0.38901293,0,0.1635,HOLD
0.32404017,0.30519962,0,0.23304,HOLD
0.48718792,0.43571782,0,0.09745714285714285,HOLD
0.21038164,0.21427281,0,0.23312,HOLD
0.43665048,0.39528787,0,0.1766,HOLD
0.90583235,0.7706334,1,0.173075,REJECT
0.24446811,0.24154198,0,0.33167857142857143,HOLD
0.76908314,0.661234,1,0.4607272727272727,REJECT
0.13109031,0.15083975,0,0.05979166666666667,HOLD
0.6424089,0.5598947,0,0.08396666666666666,HOLD
0.61904824,0.5412061,0,0.29439130434782607,HOLD
0.4021303,0.36767173,0,0.27996666666666664,HOLD
0.090409495,0.118295096,0,0.10933333333333334,APPROVE
0.6441479,0.56128585,0,0.148,HOLD
0.32000172,0.30196887,0,0.17733333333333334,HOLD
0.7489878,0.64515775,0,0.22584,HOLD
0.33212775,0.3116697,0,0.19415384615384615,HOLD
0.45698333,0.41155416,0,0.27315,HOLD
0.13962716,0.15766922,0,0.07857142857142857,HOLD
0.6504585,0.56633437,0,0.22264,HOLD
0.06262724,0.0960693,0,0.2103191489361702,APPROVE
0.26884228,0.2610413,0,0.0957,HOLD
0.38941434,0.35749897,0,0.24184210526315789,HOLD
0.47720277,0.42772973,0,0.132075,HOLD
0.15820025,0.17252769,0,0.20556666666666668,HOLD
0.011380341,0.055071775,0,0.07996969696969697,APPROVE
0.024581283,0.06563253,0,0.046153846153846156,APPROVE
0.86656255,0.7392176,1,0.21968,REJECT
0.34644073,0.3231201,0,0.14142222222222223,HOLD
0.7460705,0.64282393,0,0.20796,HOLD
0.57663494,0.5072755,0,0.06,HOLD
0.033812445,0.073017456,0,0.21005,APPROVE
0.14046311,0.15833798,0,0.4892666666666667,REJECT
0.66632354,0.57902634,0,0.08763076923076923,HOLD
0.45074102,0.4065603,0,0.26736,HOLD
0.09775577,0.124172114,0,0.17412,APPROVE
0.0933032,0.120610066,0,0.4466,REJECT
0.16108178,0.17483291,0,0.14803846153846154,HOLD
0.55506384,0.49001858,0,0.21132,HOLD
0.08984177,0.11784092,0,0.057692307692307696,APPROVE
0.68305653,0.59241277,0,0.13191666666666665,HOLD
0.55528855,0.49019834,0,0.1,HOLD
0.60743386,0.53191465,0,0.22136,HOLD
0.71938246,0.6214735,0,0.3000285714285714,HOLD
0.37682846,0.34743026,0,0.11328571428571428,HOLD
0.2220585,0.22361429,0,0.061961538461538464,HOLD
0.17553356,0.18639435,0,0.21584848484848485,HOLD
0.7473029,0.64380985,1,0.19055,HOLD
0.67097664,0.58274883,0,0.17514376996805112,HOLD
0.74755514,0.6440116,0,0.1697142857142857,HOLD
0.2968826,0.28347358,0,0.31917142857142855,HOLD
0.085104726,0.11405129,0,0.08291111111111112,APPROVE
0.28561768,0.27446166,0,0.1148,HOLD
0.12687571,0.14746806,0,0.21132,APPROVE
0.5326359,0.47207624,0,0.28246666666666664,HOLD
0.3385945,0.3168431,0,0.1,HOLD
0.15477298,0.16978589,0,0.05714814814814815,HOLD
0.29492053,0.28190392,0,0.0648,HOLD
0.24199437,0.23956299,0,0.3128235294117647,HOLD
0.25378063,0.248992,0,0.3751333333333333,HOLD
0.23966914,0.2377028,0,0.25536,HOLD
0.17909631,0.18924454,0,0.06666666666666667,HOLD
0.10498809,0.12995797,0,0.14012,APPROVE
0.057773013,0.09218591,0,0.11538461538461539,APPROVE
0.44769385,0.4041226,0,0.2432,HOLD
0.44179913,0.3994068,1,0.15706666666666666,HOLD
0.58977556,0.517788,0,0.16914285714285715,HOLD
0.429597,0.3896451,0,0.23392857142857143,HOLD
0.76095647,0.6547327,0,0.2703076923076923,REJECT
0.33866054,0.31689593,0,0.16958,HOLD
0.51537806,0.45826995,0,0.19733333333333333,HOLD
0.17608126,0.1868325,0,0.1,HOLD
0.24478813,0.241798,0,0.0843,HOLD
0.5895411,0.5176004,0,0.2594666666666667,HOLD
0.38931662,0.3574208,0,0.1381,HOLD
0.24351068,0.24077603,0,0.18490625,HOLD
0.042302225,0.079809286,0,0.16952307692307692,APPROVE
0.20905392,0.21321063,0,0.19733333333333333,HOLD
0.21448594,0.21755625,0,0.17463157894736842,HOLD
0.11689948,0.13948709,0,0.031733333333333336,APPROVE
0.02685283,0.06744976,0,0.2941666666666667,APPROVE
0.14995313,0.16593,0,0.10636,HOLD
0.23676972,0.23538327,0,0.22842307692307692,HOLD
0.045451615,0.08232879,0,0.1152,APPROVE
0.8954777,0.7623497,0,0.09855263157894736,REJECT
0.69780153,0.60420877,0,0.251275,HOLD
0.45874348,0.4129623,0,0.1,HOLD
0.5323052,0.47181165,0,0.24342857142857144,HOLD
0.3162416,0.29896078,0,0.30188,HOLD
0.3304971,0.31036517,0,0.25871875,HOLD
0.19551846,0.20238227,0,0.25657142857142856,HOLD
0.09835873,0.12465448,0,0.0875,APPROVE
0.049997758,0.08596571,0,0.09689166666666667,APPROVE
0.275014,0.26597872,0,0.25,HOLD
0.59081954,0.5186232,0,0.07083333333333333,HOLD
0.21092452,0.2147071,0,0.06786,HOLD
0.07980032,0.10980777,0,0.207,APPROVE
0.35976413,0.3337788,0,0.038461538461538464,HOLD
0.070523076,0.10238596,0,0.1353,APPROVE
0.53285104,0.47224832,1,0.12373684210526316,HOLD
0.30555227,0.29040933,0,0.18348571428571428,HOLD
0.20792414,0.21230681,0,0.21726153846153845,HOLD
0.47002828,0.42199013,0,0.10290769230769231,HOLD
0.44184017,0.39943963,0,0.1131,HOLD
0.6575308,0.57199216,0,0.1357142857142857,HOLD
0.6573322,0.57183325,0,0.3411,HOLD
0.565292,0.4982011,0,0.098,HOLD
0.3172398,0.29975933,0,0.150275,HOLD
0.5209948,0.4627633,0,0.12815,HOLD
0.28754553,0.27600393,0,0.1981111111111111,HOLD
0.39899644,0.36516464,0,0.181875,HOLD
0.5190602,0.46121565,0,0.21408888888888888,HOLD
0.46340308,0.41668996,0,0.28775,HOLD
0.11277269,0.13618565,0,0.06657777777777778,APPROVE
0.02751793,0.06798185,0,0.12593333333333334,APPROVE
0.66530746,0.5782135,0,0.11743772241992882,HOLD
0.11025783,0.13417375,0,0.12826666666666667,APPROVE
0.7357378,0.6345578,0,0.100725,HOLD
0.2557426,0.2505616,0,0.18913333333333332,HOLD
0.32445565,0.305532,0,0.12175384615384616,HOLD
0.29132625,0.2790285,0,0.15762162162162163,HOLD
0.83624005,0.71495956,0,0.21614285714285714,REJECT
0.7390313,0.6371926,0,0.28194285714285716,HOLD
0.20742065,0.211904,0,0.15,HOLD
0.2384386,0.23671837,0,0.20152,HOLD
0.18310678,0.19245292,0,0.10784126984126984,HOLD
0.5150094,0.45797503,0,0.16888461538461538,HOLD
0.04483285,0.08183379,0,0.075,APPROVE
0.4725681,0.42402196,0,0.2913,HOLD
0.19503474,0.20199528,0,0.18083333333333335,HOLD
0.3937301,0.36095157,0,0.2198,HOLD
0.39660797,0.36325386,0,0.1449,HOLD
0.13073838,0.1505582,0,0.21657142857142858,HOLD
0.44830406,0.40461075,0,0.1433,HOLD
0.6562359,0.57095623,1,0.10253333333333334,HOLD
0.17764588,0.1880842,0,0.16495555555555555,HOLD
0.26283866,0.25623843,0,0.10714285714285714,HOLD
0.28748387,0.2759546,0,0.496975,REJECT
0.6193158,0.54142016,0,0.1738,HOLD
0.2666032,0.25925007,0,0.2261142857142857,HOLD
0.08782657,0.11622877,0,0.10776923076923077,APPROVE
0.72828954,0.62859917,0,0.1716842105263158,HOLD
0.58502614,0.51398844,0,0.18626666666666666,HOLD
0.27238414,0.2638748,0,0.48492857142857143,REJECT
0.20875038,0.2129678,0,0.2428,HOLD
0.19469969,0.20172724,0,0.17020967741935483,HOLD
0.5875077,0.51597375,0,0.11864,HOLD
0.42230397,0.38381067,1,0.22975,HOLD
0.7523314,0.64783263,0,0.13487719298245615,HOLD
0.64342064,0.56070405,0,0.07408064516129033,HOLD
0.33307472,0.31242728,0,0.39435,HOLD
0.3585908,0.33284014,0,0.212,HOLD
0.67802656,0.5883888,0,0.2473,HOLD
0.16902417,0.18118683,0,0.11145,HOLD
0.65300685,0.568373,0,0.14676666666666666,HOLD
0.50276756,0.44818154,0,0.23508,HOLD
0.18829988,0.1966074,0,0.22515,HOLD
0.8237843,0.704995,0,0.186925,REJECT
0.500175,0.4461075,0,0.5702142857142857,REJECT
0.6205186,0.5423824,0,0.2722,HOLD
0.21988861,0.22187838,0,0.20836,HOLD
0.60944694,0.5335251,0,0.11234285714285715,HOLD
0.78498316,0.67395407,0,0.2048,REJECT
0.6818293,0.59143096,0,0.20025925925925925,HOLD
0.16571933,0.17854296,0,0.4016153846153846,REJECT
0.1764706,0.18714397,0,0.15116666666666667,HOLD
0.8427645,0.72017914,1,0.24688,REJECT
0.14482245,0.16182545,0,0.2624666666666667,HOLD
0.48730224,0.43580928,1,0.09513793103448276,HOLD
0.3021005,0.2876479,0,0.57696,REJECT
0.7017477,0.6073657,0,0.19525714285714285,HOLD
0.026995337,0.06756377,0,0.2978617968248142,APPROVE
0.32459813,0.305646,0,0.16482857142857144,HOLD
0.36437666,0.33746883,0,0.0375,HOLD
0.8122508,0.6957682,0,0.15972,REJECT
0.15318294,0.16851385,0,0.1015,HOLD
0.18745305,0.19592993,0,0.0896,HOLD
0.56479347,0.49780226,0,0.20403333333333334,HOLD
0.37664348,0.3472823,0,0.06764444444444444,HOLD
0.24355039,0.2408078,0,0.1613,HOLD
0.53755367,0.47601044,1,0.23823333333333332,HOLD
0.28557932,0.27443096,0,0.2829,HOLD
0.3692968,0.3414049,0,0.15282222222222222,HOLD
0.54320174,0.4805289,1,0.16786666666666666,HOLD
0.20724846,0.21176626,0,0.12002,HOLD
0.23998979,0.23795933,0,0.30007407407407405,HOLD
0.4475339,0.40399462,0,0.1319655172413793,HOLD
0.6984971,0.60476524,0,0.07541333333333333,HOLD
0.83278847,0.7121983,1,0.19572,REJECT
0.25529048,0.25019988,0,0.1394,HOLD
0.43592745,0.39470947,0,0.122025,HOLD
0.20935436,0.21345098,0,0.2936,HOLD
0.28361848,0.2728623,0,0.18666666666666668,HOLD
0.66949105,0.5815604,0,0.14183333333333334,HOLD
0.23556024,0.23441568,0,0.14,HOLD
0.6991455,0.6052839,1,0.11896875,HOLD
0.4046386,0.36967838,0,0.18255,HOLD
0.60455287,0.52960986,0,0.2146,HOLD
0.07757631,0.10802855,0,0.15,APPROVE
0.16208103,0.17563231,0,0.1839655172413793,HOLD
0.08073612,0.1105564,0,0.14705882352941177,APPROVE
0.36160353,0.33525032,0,0.14974285714285715,HOLD
0.07921424,0.10933889,0,0.184,APPROVE
0.052482285,0.08795333,0,0.2422,APPROVE
0.6166435,0.5392823,0,0.23852,HOLD
0.7577759,0.65218824,0,0.1426888888888889,REJECT
0.4095987,0.37364647,0,0.41275,REJECT
0.2973368,0.28383693,0,0.248,HOLD
0.7520112,0.64757645,0,0.25703846153846155,HOLD
0.042002715,0.079569675,0,0.0971,APPROVE
0.5976126,0.5240576,0,0.291,HOLD
0.63071936,0.550543,0,0.1558,HOLD
0.66332084,0.5766242,0,0.060142857142857144,HOLD
0.43094748,0.3907255,0,0.07142857142857142,HOLD
0.25084138,0.2466406,0,0.16897703549060542,HOLD
0.20864484,0.21288337,0,0.2885333333333333,HOLD
0.38729692,0.35580504,1,0.0791111111111111,HOLD
0.47892275,0.4291057,0,0.13333333333333333,HOLD
0.38302717,0.35238922,0,0.27854285714285715,HOLD
0.3708426,0.3426416,0,0.15626666666666666,HOLD
0.16981043,0.18181583,0,0.1,HOLD
0.25964308,0.25368196,0,0.163,HOLD
0.037291154,0.07580043,0,0.08228571428571428,APPROVE
0.5517395,0.4873591,0,0.12715969335214922,HOLD
0.4820042,0.43157086,1,0.13045714285714285,HOLD
0.27626464,0.26697922,0,0.33185714285714285,HOLD
0.3732329,0.34455383,0,0.22172916666666667,HOLD
0.83768827,0.71611816,0,0.11484,REJECT
0.15493828,0.16991812,0,0.0953,HOLD
0.19610466,0.20285122,0,0.15386486486486486,HOLD
0.15751754,0.17198153,0,0.2214,HOLD
0.2818662,0.27146044,0,0.31392857142857145,HOLD
0.73681295,0.6354179,1,0.13832,HOLD
0.3014721,0.28714517,0,0.1095,HOLD
0.16860868,0.18085444,0,0.11422857142857143,HOLD
0.31039184,0.29428098,0,0.11842105263157894,HOLD
0.368234,0.3405547,0,0.29433333333333334,HOLD
0.25097343,0.24674624,0,0.15984,HOLD
0.21416381,0.21729854,0,0.33167857142857143,HOLD
0.4805541,0.43041077,1,0.140025,HOLD
0.53964645,0.47768465,0,0.48255,REJECT
0.42578465,0.38659522,0,0.108,HOLD
0.39637268,0.36306563,0,0.20845,HOLD
0.5238821,0.46507317,0,0.0910923076923077,HOLD
0.094381616,0.1214728,0,0.2775384615384615,APPROVE
0.64813197,0.5644731,0,0.36225,HOLD
0.49525422,0.44217086,1,0.17410588235294117,HOLD
0.5097751,0.45378757,0,0.39754285714285714,HOLD
0.12518537,0.1461158,0,0.3502777777777778,APPROVE
0.26207706,0.25562915,0,0.15,HOLD
0.3835531,0.35280997,0,0.16373333333333334,HOLD
0.6679077,0.5802937,0,0.18136363636363637,HOLD
0.13123061,0.15095198,0,0.09,HOLD
0.1579538,0.17233053,0,0.1002,HOLD
0.2439708,0.24114414,0,0.16558,HOLD
0.25760952,0.2520551,0,0.10888571428571428,HOLD
0.18033801,0.1902379,0,0.1111111111111111,HOLD
0.55375797,0.48897386,0,0.1278,HOLD
0.18365718,0.19289324,0,0.35508,HOLD
0.28436884,0.27346256,1,0.12,HOLD
0.46785122,0.42024848,0,0.33302857142857145,HOLD
0.5012422,0.44696128,0,0.26684848484848483,HOLD
0.413207,0.3765331,0,0.17935416666666668,HOLD
0.046574306,0.08322694,0,0.118,APPROVE
0.34109887,0.31884658,0,0.17912,HOLD
0.14999156,0.16596074,0,0.1744186046511628,HOLD
0.15818436,0.17251499,0,0.11817777777777778,HOLD
0.41420987,0.3773354,0,0.06776666666666667,HOLD
0.04939377,0.085482515,0,0.07765714285714286,APPROVE
0.19327457,0.20058715,0,0.036644354326476766,HOLD
0.5585307,0.49279204,0,0.0712,HOLD
0.29751712,0.2839812,0,0.2268695652173913,HOLD
0.35157648,0.32722867,0,0.3436190476190476,HOLD
0.5680917,0.5004409,0,0.2799047619047619,HOLD
0.17618324,0.18691409,0,0.13572,HOLD
0.2744918,0.26556093,0,0.1377,HOLD
0.50432944,0.44943106,0,0.138725,HOLD
0.769019,0.66118276,0,0.29793333333333333,REJECT
0.30216336,0.28769818,0,0.3104,HOLD
0.36900026,0.3411677,0,0.09281666666666667,HOLD
0.19393423,0.20111488,0,0.2656296296296296,HOLD
0.2003187,0.20622244,0,0.20011666666666666,HOLD
0.27361372,0.26485848,0,0.39328488372093023,HOLD
0.167941,0.1803203,0,0.10252727272727273,HOLD
0.18319382,0.19252254,0,0.362375,HOLD
0.29557618,0.28242844,0,0.17585,HOLD
0.21519873,0.21812648,0,0.16742,HOLD
0.31633183,0.29903296,0,0.13236,HOLD
0.48108557,0.43083596,0,0.2240967741935484,HOLD
0.17797217,0.18834522,0,0.08473333333333333,HOLD
0.1585781,0.17282997,0,0.10323333333333333,HOLD
0.50443393,0.44951463,0,0.16865,HOLD
0.24373092,0.24095222,0,0.07865,HOLD
0.14138123,0.15907249,0,0.08604444444444445,HOLD
0.050207186,0.08613325,0,0.2470952380952381,APPROVE
0.451008,0.4067739,0,0.12055555555555555,HOLD
0.48504463,0.4340032,0,0.0516375,HOLD
0.15085176,0.1666489,0,0.1486125,HOLD
0.1140627,0.13721766,0,0.16562962962962963,APPROVE
0.18138543,0.19107583,1,0.31076470588235294,HOLD
0.3340777,0.31322965,0,0.21742857142857142,HOLD
0.23203667,0.23159683,0,0.156275,HOLD
0.27535254,0.26624954,0,0.15,HOLD
0.1300143,0.14997894,0,0.122325,APPROVE
0.071893856,0.10348258,0,0.18577333333333335,APPROVE
0.8042498,0.6893674,0,0.138675,REJECT
0.45657426,0.4112269,0,0.4454,REJECT
0.13029598,0.15020427,0,0.11696666666666666,HOLD
0.2065438,0.21120253,0,0.30395833333333333,HOLD
0.18830064,0.196608,0,0.11868,HOLD
0.28562608,0.27446836,0,0.1819,HOLD
0.12918216,0.14931323,0,0.14917142857142857,APPROVE
0.33782357,0.31622636,1,0.20283333333333334,HOLD
0.83449507,0.71356356,1,0.17453333333333335,REJECT
0.26820755,0.26053354,0,0.1007,HOLD
0.12017165,0.14210482,0,0.25634,APPROVE
0.413922,0.37710512,0,0.2458,HOLD
0.2559873,0.25075734,0,0.15033333333333335,HOLD
0.11166156,0.13529675,0,0.22926666666666667,APPROVE
0.5931717,0.5205049,1,0.2914,HOLD
0.7013585,0.60705435,0,0.31628,HOLD
0.48250923,0.4319749,0,0.06666666666666667,HOLD
0.50101155,0.44677675,0,0.117725,HOLD
0.7520335,0.64759433,0,0.2295,HOLD
0.7875517,0.6760089,0,0.2343,REJECT
0.47558564,0.426436,0,0.12515,HOLD
0.05719435,0.09172298,0,0.1950111111111111,APPROVE
0.11371692,0.13694103,0,0.16954285714285713,APPROVE
0.38302732,0.35238934,0,0.393,HOLD
0.097639374,0.124079,0,0.4190344827586207,REJECT
0.53232735,0.47182938,0,0.23653333333333335,HOLD
0.20795667,0.21233283,0,0.10926666666666666,HOLD
0.7466288,0.6432706,0,0.22693333333333332,HOLD
0.8068206,0.691424,0,0.30056666666666665,REJECT
0.7508213,0.64662457,0,0.19055,HOLD
0.13394089,0.1531202,0,0.20807142857142857,HOLD
0.15012409,0.16606677,0,0.28936,HOLD
0.7968697,0.6834633,0,0.22046666666666667,REJECT
0.7982996,0.6846072,0,0.1932,REJECT
0.6578728,0.57226574,1,0.34234615384615386,HOLD
0.16645066,0.17912802,0,0.47906666666666664,REJECT
0.7309604,0.6307359,0,0.164,HOLD
0.17774124,0.1881605,0,0.49473333333333336,REJECT
0.060856078,0.09465236,0,0.1467,APPROVE
0.2665108,0.25917616,0,0.03915151515151515,HOLD
0.5904914,0.5183607,0,0.2041777777777778,HOLD
0.15406334,0.16921817,0,0.2541333333333333,HOLD
0.4649833,0.41795415,0,0.125,HOLD
0.24878417,0.24499483,0,0.30885,HOLD
0.3308189,0.3106226,0,0.14684444444444444,HOLD
0.20642206,0.21110514,0,0.06428571428571428,HOLD
0.069278985,0.10139069,0,0.12,APPROVE
0.51052827,0.4543901,0,0.13262,HOLD
0.36589524,0.3386837,0,0.22995,HOLD
0.1974035,0.2038903,0,0.14195,HOLD
0.18012217,0.19006522,0,0.27675,HOLD
0.2692725,0.2613855,0,0.18,HOLD
0.558029,0.4923907,0,0.08963076923076924,HOLD
0.1693061,0.18141237,0,0.35855555555555557,HOLD
0.16502726,0.1779893,0,0.247,HOLD
0.1716919,0.18332101,1,0.15384615384615385,HOLD
0.48116314,0.430898,0,0.10908,HOLD
0.44111556,0.39885995,0,0.2685,HOLD
0.51225555,0.45577192,0,0.298875,HOLD
0.25677118,0.25138444,0,0.15285555555555555,HOLD
0.18733011,0.19583158,0,0.13333333333333333,HOLD
0.7332779,0.6325899,0,0.12412,HOLD
0.7411427,0.6388817,0,0.06490666666666667,HOLD
0.65919375,0.57332253,1,0.09004444444444444,HOLD
0.46317986,0.4165114,0,0.213,HOLD
0.1737044,0.18493101,0,0.14576190476190476,HOLD
0.42799753,0.3883655,0,0.075,HOLD
0.5945414,0.52160066,0,0.22613333333333333,HOLD
0.1907608,0.19857614,0,0.0605952380952381,HOLD
0.5241741,0.46530676,0,0.209,HOLD
0.28065556,0.27049196,0,0.144675,HOLD
0.063993506,0.09716231,0,0.17064,APPROVE
0.34080407,0.31861076,0,0.09058666666666666,HOLD
0.8460995,0.7228471,0,0.2542,REJECT
0.272793,0.2642019,0,0.2981333333333333,HOLD
0.34797135,0.32434458,1,0.224,HOLD
0.45885414,0.4130508,0,0.05408888888888889,HOLD
0.13052323,0.15038608,0,0.12083333333333333,HOLD
0.6328739,0.55226666,1,0.1540754716981132,HOLD
0.23841746,0.23670146,0,0.25244,HOLD
0.29725116,0.28376845,0,0.17422,HOLD
0.054268476,0.08938228,0,0.08688,APPROVE
0.3833094,0.352615,0,0.06,HOLD
0.762408,0.6558939,0,0.17002857142857142,REJECT
0.32260185,0.304049,0,0.11976,HOLD
0.47323152,0.4245527,0,0.1763,HOLD
0.13683866,0.15543842,0,0.20557777777777778,HOLD
0.17697152,0.18754472,0,0.23956,HOLD
0.6004471,0.5263252,0,0.21395,HOLD
0.32534766,0.30624563,0,0.20364,HOLD
0.6616856,0.575316,0,0.16333333333333333,HOLD
0.19441557,0.20149995,0,0.058628571428571426,HOLD
0.058985457,0.09315587,0,0.03542857142857143,APPROVE
0.6431408,0.5604802,1,0.1362,HOLD
0.4218716,0.38346478,0,0.3305625,HOLD
0.88367116,0.7529045,1,0.3479285714285714,REJECT
0.6159904,0.5387599,0,0.1818,HOLD
0.13053766,0.15039763,0,0.08475,HOLD
0.859144,0.7332827,0,0.127,REJECT
0.738619,0.63686275,0,0.22616,HOLD
0.3211964,0.30292463,0,0.11766666666666667,HOLD
0.13326779,0.15258172,0,0.17938,HOLD
0.7767975,0.6674055,0,0.19657777777777777,REJECT
0.20170377,0.20733051,0,0.1756,HOLD
0.5178327,0.46023366,0,0.16688571428571428,HOLD
0.5344894,0.47355902,0,0.17173809523809525,HOLD
0.66746956,0.5799432,0,0.17435555555555557,HOLD
0.32525373,0.30617046,0,0.15182222222222222,HOLD
0.031095026,0.070843525,0,0.11256521739130435,APPROVE
0.26791328,0.26029813,0,0.29684,HOLD
0.16743807,0.17991795,0,0.30636,HOLD
0.19912946,0.20527107,0,0.18709302325581395,HOLD
0.268,0.2603675,0,0.14942528735632185,HOLD
0.09615119,0.12288845,1,0.146925,APPROVE
0.41418114,0.37731242,0,0.16214285714285714,HOLD
0.3871144,0.355659,0,0.4072,REJECT
0.44748217,0.40395322,0,0.13032,HOLD
0.37899962,0.3491672,0,0.22354260089686098,HOLD
0.25317907,0.24851075,0,0.21860294117647058,HOLD
0.23856775,0.2368217,0,0.19253658536585366,HOLD
0.15238966,0.16787922,0,0.18947368421052632,HOLD
0.44416428,0.4012989,0,0.03333333333333333,HOLD
0.59251624,0.51998055,0,0.2536,HOLD
0.25434646,0.24944466,0,0.20989285714285713,HOLD
0.10748102,0.13195232,0,0.1875,APPROVE
0.2963935,0.2830823,0,0.15788,HOLD
0.06603727,0.098797314,0,0.14302857142857142,APPROVE
0.0941414,0.12128062,0,0.1434,APPROVE
0.401633,0.3672739,1,0.05,HOLD
0.47707066,0.42762402,1,0.156,HOLD
0.17146868,0.18314244,0,0.20004444444444444,HOLD
0.6700498,0.58200735,0,0.2799,HOLD
0.09839998,0.124687485,0,0.15094285714285716,APPROVE
0.30752176,0.29198492,0,0.20442105263157895,HOLD
0.6032209,0.52854425,0,0.21711538461538463,HOLD
0.2038748,0.20906733,0,0.20362,HOLD
0.39618975,0.3629193,0,0.23446666666666666,HOLD
0.27729452,0.2678031,0,0.18897142857142857,HOLD
0.52612287,0.46686578,0,0.12885714285714286,HOLD
0.19055533,0.19841176,0,0.12896,HOLD
0.21332037,0.2166238,0,0.1538,HOLD
0.30642718,0.29110923,0,0.1675,HOLD
0.7074337,0.6119145,0,0.13443478260869565,HOLD
0.41271472,0.37613928,0,0.22815384615384615,HOLD
0.1514484,0.16712621,0,0.08979069767441861,HOLD
0.4437446,0.4009632,0,0.11973333333333333,HOLD
0.25458005,0.24963154,1,0.1778,HOLD
0.15195075,0.1675281,0,0.07605882352941176,HOLD
0.52709657,0.46764475,0,0.15879310344827585,HOLD
0.35364315,0.328882,0,0.12388,HOLD
0.30615938,0.29089502,0,0.1,HOLD
0.3022755,0.2877879,0,0.24294285714285715,HOLD
0.12853481,0.14879534,0,0.133025,APPROVE
0.292688,0.2801179,0,0.15,HOLD
0.2398776,0.23786958,0,0.36666666666666664,HOLD
0.35329244,0.32860145,0,0.22421818181818182,HOLD
0.41385067,0.37704802,0,0.13645714285714286,HOLD
0.68308634,0.5924366,0,0.0643,HOLD
0.77444965,0.6655272,1,0.2985,REJECT
0.3047726,0.28978556,0,0.325525,HOLD
0.812422,0.6959051,1,0.05877142857142857,REJECT
0.6433674,0.56066144,0,0.21664444444444445,HOLD
0.699104,0.6052507,0,0.2510769230769231,HOLD
0.045454968,0.08233147,0,0.168975,APPROVE
0.45153713,0.4071972,0,0.15995714285714285,HOLD
0.30305696,0.28841308,0,0.15,HOLD
0.7291342,0.6292749,0,0.2405142857142857,HOLD
0.19371128,0.20093651,0,0.12296,HOLD
0.06993192,0.101913035,0,0.3480666666666667,APPROVE
0.52849936,0.468767,0,0.3545,HOLD
0.3398542,0.31785086,0,0.1716,HOLD
0.6541322,0.5692733,0,0.2376,HOLD
0.36126065,0.33497602,0,0.14375,HOLD
0.13616666,0.15490082,0,0.155275,HOLD
0.8163635,0.69905835,0,0.23664,REJECT
0.15824023,0.17255968,0,0.1,HOLD
0.43886307,0.39705795,0,0.1091090909090909,HOLD
0.3351327,0.31407365,0,0.2034,HOLD
0.37715575,0.3476921,0,0.17716666666666667,HOLD
0.24767028,0.24410371,0,0.0858807826285119,HOLD
0.31628338,0.29899418,0,0.25453333333333333,HOLD
0.17669526,0.1873237,0,0.37583333333333335,HOLD
0.09423178,0.12135292,0,0.04255,APPROVE
0.22396736,0.22514138,0,0.20983333333333334,HOLD
0.29303274,0.2803937,0,0.10212,HOLD
0.6043134,0.52941823,0,0.2278,HOLD
0.17557739,0.1864294,0,0.1113421052631579,HOLD
0.48828447,0.43659508,0,0.18593333333333334,HOLD
0.16877323,0.18098608,0,0.05,HOLD
0.06314288,0.09648181,0,0.1111875,APPROVE
0.4148677,0.37786165,0,0.1395142857142857,HOLD
0.553892,0.4890811,0,0.16,HOLD
0.10040119,0.12628844,0,0.21235714285714286,APPROVE
0.39433733,0.36143735,0,0.20043333333333332,HOLD
0.13398974,0.15315929,0,0.15422,HOLD
0.1705601,0.18241557,0,0.06696,HOLD
0.6417584,0.5593742,0,0.21783333333333332,HOLD
0.39359662,0.3608448,0,0.21016,HOLD
0.6131439,0.5364827,1,0.2796,HOLD
0.05245825,0.0879341,0,0.14797142857142856,APPROVE
0.2498329,0.24583381,0,0.06168333333333333,HOLD
0.09648619,0.12315645,0,0.2125,APPROVE
0.25362203,0.24886511,0,0.09090909090909091,HOLD
0.5134725,0.4567455,0,0.223275,HOLD
0.45565006,0.41048753,0,0.16908571428571428,HOLD
0.45786542,0.41225982,0,0.1852,HOLD
0.23002382,0.22998655,0,0.05385714285714286,HOLD
0.12724434,0.14776297,0,0.1422,APPROVE
0.15027177,0.16618492,0,0.10148333333333333,HOLD
0.4917988,0.4394065,0,0.2872,HOLD
0.6394535,0.5575303,0,0.26265217391304346,HOLD
0.5923569,0.51985306,0,0.07416,HOLD
0.2318995,0.2314871,0,0.1629,HOLD
0.4589453,0.41312373,0,0.28346666666666664,HOLD
0.50746655,0.45194075,0,0.2530952380952381,HOLD
0.49923626,0.4453565,0,0.1375,HOLD
0.5242996,0.4654072,0,0.3243666666666667,HOLD
0.12380186,0.14500898,0,0.3907777777777778,APPROVE
0.18426618,0.19338043,0,0.058333333333333334,HOLD
0.27366212,0.2648972,0,0.127625,HOLD
0.03415268,0.07328964,0,0.1448,APPROVE
0.30927527,0.2933877,0,0.15,HOLD
0.031806316,0.071412556,0,0.08107692307692307,APPROVE
0.32524285,0.30616176,0,0.1286031746031746,HOLD
0.31062132,0.29446456,0,0.10294,HOLD
0.39851764,0.36478162,0,0.22756,HOLD
0.3247377,0.30575764,0,0.344,HOLD
0.6702575,0.5821735,0,0.142,HOLD
0.33964628,0.31768453,0,0.2842941176470588,HOLD
0.17945267,0.18952963,0,0.142,HOLD
0.22407414,0.2252268,0,0.17088461538461538,HOLD
0.47286755,0.42426154,1,0.2172,HOLD
0.42241672,0.38390088,0,0.1899,HOLD
0.46509707,0.41804516,0,0.2427090909090909,HOLD
0.19505486,0.20201138,0,0.09687878787878788,HOLD
0.56425714,0.49737322,0,0.3671333333333333,HOLD
0.1425866,0.16003677,0,0.1388888888888889,HOLD
0.4208829,0.38267383,0,0.14956,HOLD
0.3940376,0.3611976,0,0.07,HOLD
0.21428561,0.21739598,0,0.1035,HOLD
0.3220346,0.3035952,0,0.17424561403508773,HOLD
0.26468676,0.25771692,0,0.15771428571428572,HOLD
0.24384847,0.24104626,0,0.1160625,HOLD
0.036713995,0.0753387,0,0.3462,APPROVE
0.036753077,0.07536996,0,0.22956,APPROVE
0.59430677,0.52141297,0,0.22717777777777778,HOLD
0.37516588,0.3461002,0,0.14246,HOLD
0.43827015,0.39658362,0,0.19264,HOLD
0.78858227,0.67683333,0,0.0904,REJECT
0.18417718,0.19330923,0,0.04395555555555555,HOLD
0.15165652,0.16729271,1,0.18916666666666668,HOLD
0.04971294,0.085737854,0,0.4524,REJECT
0.59353226,0.5207934,0,0.08894545454545455,HOLD
0.15704802,0.1716059,0,0.09929166666666667,HOLD
0.24352053,0.24078391,0,0.07243333333333334,HOLD
0.21401896,0.21718265,0,0.17807142857142857,HOLD
0.2614789,0.25515062,0,0.14886666666666667,HOLD
0.11731996,0.13982347,0,0.16673333333333334,APPROVE
0.49403694,0.44119704,1,0.1342888888888889,HOLD
0.3218698,0.30346334,0,0.11454545454545455,HOLD
0.2866322,0.27527326,0,0.11697142857142857,HOLD
0.6708275,0.58262956,1,0.11876666666666667,HOLD
0.18809274,0.19644168,0,0.13657142857142857,HOLD
0.1826245,0.1920671,0,0.18405555555555556,HOLD
0.50103617,0.44679642,0,0.1914722222222222,HOLD
0.1823686,0.19186237,1,0.1544888888888889,HOLD
0.34414858,0.32128635,1,0.2374,HOLD
0.25049892,0.24636663,0,0.1,HOLD
0.24150331,0.23917015,0,0.10028333333333334,HOLD
0.019142292,0.061281335,0,0.11094,APPROVE
0.28833917,0.27663884,1,0.205,HOLD
0.3996725,0.3657055,1,0.2158846153846154,HOLD
0.016627403,0.059269425,0,0.09684,APPROVE
0.7833409,0.6726402,0,0.11158139534883721,REJECT
0.4227615,0.3841767,0,0.30838461538461537,HOLD
0.38083056,0.35063195,0,0.16774,HOLD
0.1681476,0.18048556,0,0.13722222222222222,HOLD
0.5283053,0.46861172,1,0.116925,HOLD
0.18554759,0.19440557,0,0.16265,HOLD
0.24672928,0.24335092,0,0.19172972972972974,HOLD
0.18059233,0.19044136,0,0.1215625,HOLD
0.67880523,0.5890117,0,0.161,HOLD
0.5883765,0.51666874,0,0.1797,HOLD
0.6682087,0.5805345,0,0.2564074074074074,HOLD
0.43246534,0.39193976,0,0.08,HOLD
0.46669793,0.41932583,0,0.08843636363636363,HOLD
0.031356186,0.07105245,0,0.15254,APPROVE
0.8244916,0.7055608,0,0.09286764705882353,REJECT
0.528844,0.4690427,1,0.19451428571428572,HOLD
0.19162226,0.1992653,0,0.17117021276595745,HOLD
0.2304504,0.23032781,0,0.1,HOLD
0.31556198,0.2984171,0,0.16304347826086957,HOLD
0.67876863,0.58898246,1,0.27136,HOLD
0.3992347,0.36535525,0,0.20531428571428573,HOLD
0.13593662,0.15471679,0,0.2998571428571429,HOLD
0.5085028,0.45276973,0,0.2679,HOLD
0.39266545,0.36009985,0,0.22292,HOLD
0.7188769,0.6210691,0,0.122325,HOLD
0.16002102,0.1739843,0,0.09166666666666666,HOLD
0.13916956,0.15730314,0,0.114125,HOLD
0.47153625,0.4231965,0,0.13205,HOLD
0.8181498,0.7004874,1,0.1853,REJECT
0.27654582,0.26720417,0,0.12478125,HOLD
0.4883743,0.43666694,0,0.16566666666666666,HOLD
0.50605106,0.45080835,1,0.2521538461538462,HOLD
0.2155763,0.21842854,0,0.14578,HOLD
0.33402884,0.31319058,0,0.189275,HOLD
0.5256772,0.46650925,0,0.2758,HOLD
0.18116668,0.19090083,0,0.218,HOLD
0.412208,0.37573388,0,0.07431428571428571,HOLD
0.12198818,0.14355804,0,0.13605,APPROVE
0.20651065,0.21117601,0,0.1039,HOLD
0.33180267,0.31140962,0,0.06666666666666667,HOLD
0.64610696,0.5628531,0,0.2558,HOLD
0.025737317,0.066557355,0,0.0528625,APPROVE
0.6010822,0.5268333,0,0.39286666666666664,HOLD
0.35846785,0.33274177,0,0.21447826086956523,HOLD
0.09851149,0.1247767,0,0.316,APPROVE
0.09944792,0.12552583,0,0.14335,APPROVE
0.33569875,0.3145265,0,0.2846666666666667,HOLD
0.23580219,0.23460925,0,0.11612,HOLD
0.010147434,0.05408545,0,0.22030666666666668,APPROVE
0.5026118,0.44805694,0,0.220675,HOLD
0.28526974,0.2741833,1,0.2522285714285714,HOLD
0.4908425,0.4386415,0,0.16468,HOLD
0.2521732,0.24770604,0,0.34186666666666665,HOLD
0.05235686,0.08785299,0,0.07142857142857142,APPROVE
0.5458746,0.48266718,1,0.11068571428571429,HOLD
0.46081403,0.41461873,0,0.16412,HOLD
0.7409142,0.63869894,0,0.1332,HOLD
0.63855416,0.55681086,0,0.12,HOLD
0.41839996,0.38068748,0,0.10552727272727273,HOLD
0.12493434,0.14591497,0,0.18712,APPROVE
0.22932531,0.22942774,0,0.1454,HOLD
0.04851571,0.084780075,0,0.29395714285714286,APPROVE
0.80442595,0.6895083,1,0.20675,REJECT
0.27741966,0.26790324,1,0.2,HOLD
0.066474214,0.09914687,0,0.099125,APPROVE
0.050089013,0.086038716,0,0.2646,APPROVE
0.74209183,0.639641,0,0.2744782608695652,HOLD
0.37180394,0.34341064,0,0.11901754385964912,HOLD
0.23842148,0.23670468,0,0.3581,HOLD
0.26834166,0.26064083,0,0.09391428571428571,HOLD
0.522137,0.46367708,1,0.26213333333333333,HOLD
0.17659163,0.1872408,0,0.2439,HOLD
0.11459048,0.13763988,0,0.2607,APPROVE
0.12433173,0.14543287,0,0.14213333333333333,APPROVE
0.6390251,0.5571876,0,0.2052,HOLD
0.5108273,0.45462933,0,0.0567037037037037,HOLD
0.3010626,0.28681758,0,0.15768,HOLD
0.053581495,0.0888327,0,0.11428571428571428,APPROVE
0.22152773,0.22318967,0,0.08738,HOLD
0.41445044,0.37752783,0,0.19323333333333334,HOLD
0.20011556,0.20605995,0,0.09197916666666667,HOLD
0.05313832,0.088478155,0,0.075,APPROVE
0.4047491,0.36976677,0,0.1546,HOLD
0.7767977,0.6674057,0,0.17622222222222222,REJECT
0.18283007,0.19223155,0,0.226,HOLD
0.2565939,0.25124264,0,0.2284732824427481,HOLD
0.36025572,0.33417207,0,0.06262068965517241,HOLD
0.10414262,0.1292816,0,0.10491044776119403,APPROVE
0.66446644,0.5775407,0,0.1408222222222222,HOLD
0.16628091,0.17899223,0,0.168825,HOLD
0.5557996,0.49060717,1,0.0476,HOLD
0.17272878,0.18415052,0,0.48992,REJECT
0.28066483,0.27049938,0,0.3238666666666667,HOLD
0.10475452,0.12977111,0,0.4027,REJECT
0.646118,0.5628619,0,0.23304,HOLD
0.23875129,0.23696853,0,0.170875,HOLD
0.79822886,0.68455064,0,0.24586666666666668,REJECT
0.37267,0.3441035,0,0.29684,HOLD
0.19591129,0.20269652,0,0.30483333333333335,HOLD
0.12175365,0.14337042,0,0.3428333333333333,APPROVE
0.3998777,0.36586964,0,0.22843333333333332,HOLD
0.08594695,0.11472506,0,0.20119771863117872,APPROVE
0.14705047,0.16360787,0,0.04839,HOLD
0.36871085,0.34093618,0,0.1137,HOLD
0.4948978,0.44188574,0,0.1631,HOLD
0.21298832,0.21635814,0,0.13886,HOLD
0.118716225,0.14094047,0,0.22265384615384615,APPROVE
0.49562526,0.4424677,0,0.16665714285714286,HOLD
0.5313318,0.47103292,0,0.3509,HOLD
0.39323276,0.3605537,0,0.20116666666666666,HOLD
0.47271204,0.42413712,0,0.2733,HOLD
0.6355466,0.55440485,0,0.41855,REJECT
0.5050733,0.45002615,0,0.06361764705882353,HOLD
0.067107625,0.0996536,0,0.1516,APPROVE
0.34533942,0.32223904,0,0.2405844155844156,HOLD
0.1909939,0.19876261,0,0.06617460317460318,HOLD
0.09414769,0.121285655,0,0.11416279069767442,APPROVE
0.39801633,0.36438057,0,0.049435897435897436,HOLD
0.71032387,0.61422664,0,0.1738,HOLD
0.5441182,0.4812621,0,0.27136,HOLD
0.2582036,0.25253037,0,0.08737777777777778,HOLD
0.44447243,0.40154544,0,0.2385,HOLD
0.357888,0.3322779,0,0.16708571428571428,HOLD
0.5676062,0.5000525,0,0.21322222222222223,HOLD
0.7376177,0.63606167,0,0.1718,HOLD
0.3532853,0.32859576,1,0.06616363636363637,HOLD
0.09220843,0.11973425,0,0.3348333333333333,APPROVE
0.26110697,0.25485307,0,0.28224,HOLD
0.4912548,0.43897134,0,0.08251666666666667,HOLD
0.2688863,0.26107654,0,0.16517142857142858,HOLD
0.7715664,0.66322064,1,0.11118461538461538,REJECT
0.16042036,0.17430378,0,0.04285714285714286,HOLD
0.10888144,0.13307264,0,0.25708,APPROVE
0.12097288,0.1427458,0,0.3149666666666667,APPROVE
0.2673605,0.2598559,0,0.24947368421052632,HOLD
0.119301505,0.1414087,0,0.3712666666666667,APPROVE
0.28523743,0.27415743,0,0.1958888888888889,HOLD
0.34508246,0.32203346,0,0.15598214285714285,HOLD
0.2226798,0.22411133,0,0.10994230769230769,HOLD
0.6866569,0.59529305,1,0.21963333333333335,HOLD
0.7654727,0.6583457,0,0.24553333333333333,REJECT
0.76647377,0.65914655,0,0.1178,REJECT
0.6321399,0.5516795,0,0.13485263157894736,HOLD
0.027372634,0.06786561,0,0.18842857142857142,APPROVE
0.052411363,0.08789659,0,0.2352,APPROVE
0.097555675,0.124012046,0,0.08571428571428572,APPROVE
0.076620355,0.10726378,0,0.1697,APPROVE
0.10006767,0.12602162,0,0.07948888888888889,APPROVE
0.8454387,0.72231853,0,0.2026,REJECT
0.44010043,0.39804783,1,0.21748571428571428,HOLD
0.43168795,0.39131784,0,0.19055,HOLD
0.033892225,0.07308128,0,0.11582159624413145,APPROVE
0.44478124,0.4017925,0,0.125,HOLD
0.23354033,0.23279975,0,0.15576470588235294,HOLD
0.13082683,0.15062895,0,0.18446666666666667,HOLD
0.835564,0.71441877,0,0.32426666666666665,REJECT
0.43907833,0.39723015,0,0.15044,HOLD
0.78508765,0.67403764,0,0.07682352941176471,REJECT
0.14829686,0.16460499,0,0.2863529411764706,HOLD
0.42918497,0.3893155,0,0.1375,HOLD
0.19164288,0.1992818,0,0.13333333333333333,HOLD
0.37484565,0.34584403,0,0.146025,HOLD
0.22389743,0.22508544,0,0.22604,HOLD
0.5360627,0.47481766,0,0.2893,HOLD
0.4936286,0.44087037,0,0.12542857142857142,HOLD
0.13381083,0.15301616,0,0.16666666666666666,HOLD
0.20156726,0.2072213,0,0.13076923076923078,HOLD
0.13123846,0.15095827,1,0.17647058823529413,HOLD
0.5481324,0.48447344,0,0.02695,HOLD
0.44000375,0.3979705,0,0.1857,HOLD
0.37841368,0.34869844,0,0.20944,HOLD
0.7168332,0.61943406,0,0.16634375,HOLD
0.024848036,0.06584593,0,0.08486666666666667,APPROVE
0.33308417,0.31243482,0,0.377,HOLD
0.40055716,0.36641324,0,0.19116,HOLD
0.46988052,0.4218719,0,0.1448125,HOLD
0.5515401,0.48719954,1,0.10982857142857143,HOLD
0.33383083,0.31303215,0,0.17818333333333333,HOLD
0.058088508,0.0924383,0,0.388975,APPROVE
0.32829696,0.30860507,0,0.06235897435897436,HOLD
0.3414576,0.31913358,0,0.221675,HOLD
0.20339872,0.20868647,0,0.1068888888888889,HOLD
0.5750106,0.505976,0,0.16382222222222223,HOLD
0.14732842,0.16383024,0,0.11319354838709678,HOLD
0.43167287,0.3913058,0,0.16508695652173913,HOLD
0.1603697,0.17426325,0,0.13685,HOLD
0.60258806,0.52803797,0,0.242,HOLD
0.18088251,0.1906735,0,0.1059625,HOLD
0.15024486,0.16616338,0,0.05638666666666667,HOLD
0.53457433,0.47362697,0,0.1133,HOLD
0.03310374,0.072450496,0,0.08125,APPROVE
0.035938695,0.07471845,0,0.07645,APPROVE
0.10849369,0.13276245,0,0.0924,APPROVE
0.4352538,0.39417052,0,0.1068,HOLD
0.35140058,0.32708797,0,0.0667,HOLD
0.6499317,0.5659129,1,0.15095348837209302,HOLD
0.21812868,0.22047044,0,0.19796,HOLD
0.008445044,0.052723534,0,0.0966,APPROVE
0.25301367,0.24837843,0,0.22491666666666665,HOLD
0.4652603,0.41817573,0,0.22574285714285713,HOLD
0.3652321,0.33815318,0,0.101175,HOLD
0.5753428,0.50624174,0,0.6440833333333333,REJECT
0.5559831,0.490754,0,0.1792,HOLD
0.69514716,0.60208523,0,0.15195555555555557,HOLD
0.09997996,0.12595147,0,0.4112777777777778,REJECT
0.3362147,0.31493926,0,0.0874625,HOLD
0.6125177,0.5359817,1,0.11054545454545454,HOLD
0.42680633,0.38741255,0,0.17716,HOLD
0.3004878,0.28635773,0,0.180475,HOLD
0.10087765,0.12666962,0,0.16033333333333333,APPROVE
0.47791147,0.4282967,0,0.1,HOLD
0.21117495,0.21490745,0,0.1376,HOLD
0.24720925,0.2437349,0,0.1871142857142857,HOLD
0.77014124,0.6620805,0,0.26885185185185184,REJECT
0.21733278,0.21983372,0,0.1708,HOLD
0.498276,0.4445883,0,0.13207407407407407,HOLD
0.27551392,0.26637864,1,0.24159259259259258,HOLD
0.21166627,0.21530052,0,0.14089655172413793,HOLD
0.8765465,0.7472047,0,0.2722,REJECT
0.45830414,0.4126108,0,0.13872727272727273,HOLD
0.46724364,0.4197624,1,0.2623076923076923,HOLD
0.22704217,0.22760123,0,0.49473333333333336,REJECT
0.39336628,0.36066052,0,0.23236,HOLD
0.5179946,0.46036315,0,0.2614736842105263,HOLD
0.340235,0.3181555,0,0.183475,HOLD
0.12614003,0.14687952,0,0.1082,APPROVE
0.37657213,0.3472252,0,0.15,HOLD
0.047905922,0.08429224,0,0.05154639175257732,APPROVE
0.11006114,0.13401641,0,0.12,APPROVE
0.49607205,0.44282514,0,0.17632142857142857,HOLD
0.20964731,0.21368535,0,0.27718,HOLD
0.7649218,0.657905,0,0.12946875,REJECT
0.17124732,0.18296535,0,0.153,HOLD
0.6198575,0.54185355,0,0.12688333333333332,HOLD
0.3866775,0.3553095,0,0.227578125,HOLD
0.68616235,0.5948974,0,0.22273333333333334,HOLD
0.44175696,0.39937305,0,0.1793076923076923,HOLD
0.33898214,0.31715322,0,0.1396,HOLD
0.092123665,0.119666435,1,0.03556111111111111,APPROVE
0.654484,0.5695547,0,0.06998,HOLD
0.09362267,0.120865636,0,0.05,APPROVE
0.38892585,0.35710818,0,0.1375888888888889,HOLD
0.48376253,0.43297753,0,0.1111111111111111,HOLD
0.22207458,0.22362716,0,0.17754444444444445,HOLD
0.108476765,0.1327489,0,0.11966666666666667,APPROVE
0.69115704,0.59889317,0,0.20385714285714285,HOLD
0.23415373,0.23329048,0,0.07556666666666667,HOLD
0.05409101,0.089240305,0,0.10372666666666666,APPROVE
0.22181325,0.22341809,0,0.1108,HOLD
0.5992379,0.5253579,0,0.158225,HOLD
0.10955359,0.13361037,0,0.19165,APPROVE
0.20133539,0.2070358,0,0.17315,HOLD
0.13209936,0.15164699,0,0.1100125,HOLD
0.2977513,0.28416854,0,0.1203,HOLD
0.2620614,0.2556166,0,0.39982142857142855,HOLD
0.0802592,0.11017486,0,0.2113,APPROVE
0.35638437,0.33107498,0,0.11652,HOLD
0.47085366,0.42265043,0,0.13235,HOLD
0.7754892,0.6663589,0,0.13185714285714287,REJECT
0.16490136,0.17788859,0,0.0725,HOLD
0.34105054,0.31880793,0,0.133375,HOLD
0.08624226,0.114961304,0,0.27066666666666667,APPROVE
0.23874865,0.23696642,0,0.082175,HOLD
0.119649835,0.14168736,0,0.2597333333333333,APPROVE
0.5571358,0.49167615,0,0.19016666666666668,HOLD
0.1572128,0.17173773,0,0.03076923076923077,HOLD
0.627347,0.5478451,0,0.0908,HOLD
0.3279891,0.3083588,0,0.14005263157894737,HOLD
0.16536915,0.17826281,0,0.16286363636363638,HOLD
0.31425852,0.2973743,0,0.31864,HOLD
0.10369251,0.12892151,0,0.14423076923076922,APPROVE
0.19403884,0.20119856,0,0.12857142857142856,HOLD
0.07661879,0.10726253,0,0.1732,APPROVE
0.045607723,0.082453676,0,0.13330666666666666,APPROVE
0.13734213,0.1558412,0,0.03021333333333333,HOLD
0.35267377,0.32810652,0,0.22023333333333334,HOLD
0.8541629,0.7292978,0,0.3556,REJECT
0.36904424,0.34120288,0,0.11966666666666667,HOLD
0.4562821,0.4109932,0,0.26655,HOLD
0.14453958,0.16159916,0,0.16935,HOLD
0.3094993,0.29356694,0,0.07885714285714286,HOLD
0.34208515,0.31963563,1,0.28844444444444445,HOLD
0.47493705,0.42591715,0,0.2017142857142857,HOLD
0.11773247,0.14015347,0,0.1251578947368421,APPROVE
0.8599744,0.73394704,1,0.11292,REJECT
0.23314844,0.23248625,0,0.270175,HOLD
0.58548826,0.51435816,0,0.1659,HOLD
0.4392071,0.39733317,1,0.10753333333333333,HOLD
0.24328537,0.24059579,1,0.29684,HOLD
0.42362887,0.3848706,0,0.3087142857142857,HOLD
0.59408927,0.521239,0,0.1993,HOLD
0.42679006,0.38739955,0,0.12441428571428571,HOLD
0.30353364,0.28879443,0,0.04054054054054054,HOLD
0.2028532,0.20825006,0,0.3517142857142857,HOLD
0.33935377,0.31745052,0,0.13128571428571428,HOLD
0.11276303,0.13617793,0,0.10797777777777778,APPROVE
0.077518374,0.107982196,0,0.15273333333333333,APPROVE
0.31132948,0.2950311,0,0.16186666666666666,HOLD
0.51436394,0.45745865,0,0.2846666666666667,HOLD
0.118282884,0.1405938,0,0.134,APPROVE
0.1317803,0.15139173,0,0.57786,REJECT
0.47950226,0.4295693,0,0.27723333333333333,HOLD
0.15454465,0.16960321,0,0.2059,HOLD
0.21638517,0.21907564,0,0.15033333333333335,HOLD
0.0055136047,0.050378386,0,0.05633333333333333,APPROVE
0.5674517,0.49992886,0,0.19733333333333333,HOLD
0.1949529,0.20192982,0,0.0754,HOLD
0.4264587,0.38713443,0,0.23833333333333334,HOLD
0.087724425,0.11614705,0,0.55616,REJECT
0.16371848,0.17694227,0,0.3828,HOLD
0.6935647,0.6008193,0,0.1811,HOLD
0.15940335,0.17349018,0,0.3093157894736842,HOLD
0.043211382,0.08053661,0,0.24093333333333333,APPROVE
0.5956763,0.52250856,0,0.1757027027027027,HOLD
0.31833816,0.30063802,0,0.08354285714285714,HOLD
0.6092806,0.533392,0,0.08,HOLD
0.68035716,0.59025323,0,0.1892,HOLD
0.54143184,0.47911298,0,0.22133333333333333,HOLD
0.28856936,0.27682298,0,0.22465714285714286,HOLD
0.09829643,0.12460465,0,0.12344444444444444,APPROVE
0.33487576,0.3138681,0,0.1580379746835443,HOLD
0.054444775,0.08952332,0,0.62325,REJECT
0.08698261,0.115553595,0,0.21397916666666666,APPROVE
0.4890334,0.43719423,0,0.40975,REJECT
0.67373204,0.5849532,0,0.2542,HOLD
0.80013627,0.6860765,1,0.1046,REJECT
0.014228752,0.0573505,0,0.045733333333333334,APPROVE
0.61226827,0.53578216,1,0.18528571428571428,HOLD
0.45677355,0.41138634,0,0.15531969309462915,HOLD
0.0657845,0.098595105,0,0.23806666666666668,APPROVE
0.18423286,0.19335379,0,0.20255,HOLD
0.17446293,0.18553783,0,0.1462,HOLD
0.06551139,0.09837661,0,0.22885,APPROVE
0.28492472,0.27390727,0,0.2094,HOLD
0.09107957,0.118831165,0,0.15,APPROVE
0.027205793,0.06773213,0,0.3285625,APPROVE
0.23354541,0.23280382,0,0.11545,HOLD
0.17457838,0.1856302,0,0.027566666666666666,HOLD
0.4378486,0.39624637,0,0.08,HOLD
0.113851935,0.13704905,0,0.09083333333333334,APPROVE
0.40113458,0.36687517,0,0.4301333333333333,REJECT
0.2694638,0.26153854,0,0.0773,HOLD
0.29509825,0.2820461,0,0.1688181818181818,HOLD
0.7021309,0.6076723,0,0.17896,HOLD
0.34069306,0.31852195,0,0.1928235294117647,HOLD
0.45650807,0.41117394,0,0.25738297872340427,HOLD
0.21469927,0.2177269,0,0.3344,HOLD
0.076019004,0.106782705,0,0.15732727272727273,APPROVE
0.6376772,0.5561093,0,0.0706774193548387,HOLD
0.3591029,0.3332498,1,0.1,HOLD
0.24703398,0.24359468,0,0.246025,HOLD
0.51089424,0.4546829,0,0.2497,HOLD
0.70506096,0.6100163,0,0.19323333333333334,HOLD
0.23584011,0.23463959,0,0.23534615384615384,HOLD
0.4554828,0.41035375,0,0.26302857142857144,HOLD
0.18316954,0.19250312,0,0.11872222222222223,HOLD
0.34740677,0.32389292,0,0.27076666666666666,HOLD
0.3161139,0.2988586,0,0.07022222222222223,HOLD
0.5752973,0.5062054,0,0.20336,HOLD
0.24894217,0.24512123,0,0.15173333333333333,HOLD
0.4225409,0.3840002,1,0.1691111111111111,HOLD
0.21208666,0.21563682,0,0.18314814814814814,HOLD
0.17876324,0.18897809,0,0.23744,HOLD
0.6020143,0.527579,0,0.3404,HOLD
0.32522583,0.30614817,0,0.21343478260869564,HOLD
0.123903446,0.14509025,0,0.06,APPROVE
0.1740018,0.18516894,0,0.0902,HOLD
0.25330356,0.24861033,1,0.12043333333333334,HOLD
0.36669746,0.33932546,0,0.12725,HOLD
0.6129516,0.5363288,0,0.21085,HOLD
0.39659613,0.3632444,1,0.158975,HOLD
0.48368996,0.43291947,0,0.21163333333333334,HOLD
0.5969996,0.5235672,0,0.17314285714285715,HOLD
0.23517115,0.23410441,0,0.05,HOLD
0.33138317,0.31107402,0,0.15,HOLD
0.30645823,0.2911341,0,0.4025,REJECT
0.1317109,0.15133622,0,0.1218,HOLD
0.39567906,0.36251074,0,0.0786,HOLD
0.17322882,0.18455054,0,0.10714285714285714,HOLD
0.2985863,0.28483656,0,0.17456666666666668,HOLD
0.06371559,0.09693997,0,0.10714285714285714,APPROVE
0.6354535,0.55433035,1,0.08118,HOLD
0.082595736,0.11204409,0,0.15,APPROVE
0.3877421,0.35616118,0,0.09282857142857143,HOLD
0.1701157,0.18206005,0,0.168,HOLD
0.2621575,0.2556935,0,0.175,HOLD
0.3598848,0.33387533,0,0.1813809523809524,HOLD
0.49181062,0.439416,0,0.1775,HOLD
0.2576712,0.25210446,0,0.18265217391304348,HOLD
0.4307303,0.39055175,1,0.19094,HOLD
0.33759674,0.3160449,0,0.28744,HOLD
0.3061959,0.29092422,0,0.215,HOLD
0.024113003,0.0652579,0,0.4438857142857143,REJECT
0.065981746,0.09875289,0,0.2065625,APPROVE
0.2441292,0.24127086,0,0.2173,HOLD
0.11504361,0.13800238,0,0.14833333333333334,APPROVE
0.29228613,0.2797964,0,0.08,HOLD
0.6452416,0.56216085,0,0.16973529411764707,HOLD
0.7321046,0.6316512,1,0.2145,HOLD
0.5969083,0.5234942,0,0.099375,HOLD
0.100831084,0.12663236,0,0.19209375,APPROVE
0.42575273,0.38656968,0,0.1337936507936508,HOLD
0.4101569,0.37409303,0,0.17746666666666666,HOLD
0.578194,0.50852275,0,0.20283333333333334,HOLD
0.0144077595,0.05749371,0,0.1026625,APPROVE
0.28459486,0.2736434,0,0.07788235294117647,HOLD
0.20689209,0.21148117,0,0.3382222222222222,HOLD
0.2559336,0.2507144,0,0.24810714285714286,HOLD
0.42804506,0.38840353,0,0.21445,HOLD
0.28182113,0.2714244,0,0.3062,HOLD
0.3149627,0.29793763,0,0.16922222222222222,HOLD
0.48363775,0.4328777,0,0.08134782608695652,HOLD
0.36133784,0.33503777,0,0.0592,HOLD
0.5637897,0.49699926,0,0.12104166666666667,HOLD
0.077089176,0.10763884,0,0.3584,APPROVE
0.28001207,0.26997715,0,0.11092,HOLD
0.1891642,0.19729885,0,0.11337333333333334,HOLD
0.4110163,0.37478054,1,0.3884,HOLD
0.16127732,0.17498936,0,0.28136,HOLD
0.16002779,0.17398973,0,0.09655555555555556,HOLD
0.36556232,0.33841735,0,0.2935,HOLD
0.06995279,0.10192973,0,0.08333333333333333,APPROVE
0.48358536,0.4328358,1,0.03265,HOLD
0.44727936,0.40379098,0,0.3986190476190476,HOLD
0.36023554,0.33415592,0,0.0961,HOLD
0.4070154,0.37157983,0,0.1624,HOLD
0.3693607,0.34145606,0,0.06666666666666667,HOLD
0.06897182,0.10114496,0,0.075,APPROVE
0.34349543,0.32076383,0,0.13233333333333333,HOLD
0.46139655,0.41508472,0,0.2065,HOLD
0.05465216,0.08968923,0,0.09625,APPROVE
0.09051786,0.11838179,0,0.3404,APPROVE
0.11035917,0.13425483,0,0.04375,APPROVE
0.5082767,0.45258886,0,0.05455555555555556,HOLD
0.7669197,0.6595033,0,0.2210909090909091,REJECT
0.45381448,0.40901908,0,0.3626333333333333,HOLD
0.5636303,0.4968717,0,0.06903333333333334,HOLD
0.25874335,0.25296217,0,0.2727,HOLD
0.11684683,0.13944496,0,0.11235555555555556,APPROVE
0.330332,0.31023312,0,0.1630888888888889,HOLD
0.5329212,0.47230446,0,0.1715,HOLD
0.6299917,0.5499609,0,0.23915,HOLD
0.56415623,0.4972925,1,0.1328,HOLD
0.6325833,0.5520342,0,0.10566666666666667,HOLD
0.1871997,0.19572724,0,0.19472,HOLD
0.095912896,0.12269782,0,0.12,APPROVE
0.76814157,0.6604808,0,0.27865384615384614,REJECT
0.44344488,0.4007234,0,0.13434782608695653,HOLD
0.2935254,0.28078783,0,0.09992,HOLD
0.12610628,0.14685252,0,0.12984,APPROVE
0.096493006,0.123161905,0,0.16971052631578948,APPROVE
0.28383252,0.27303353,0,0.23392,HOLD
0.13868804,0.15691793,0,0.07885,HOLD
0.7368019,0.63540906,0,0.22865,HOLD
0.09989278,0.12588172,0,0.2639,APPROVE
0.7255708,0.6264242,0,0.20133333333333334,HOLD
0.26272625,0.2561485,0,0.19862222222222223,HOLD
0.116939366,0.13951899,0,0.10161904761904762,APPROVE
0.2497238,0.24574654,0,0.34192,HOLD
0.35411775,0.3292617,0,0.21328,HOLD
0.62046933,0.542343,1,0.1381,HOLD
0.3260541,0.30681077,0,0.33960714285714283,HOLD
0.2673991,0.25988677,0,0.2552285714285714,HOLD
0.31427237,0.2973854,0,0.30644444444444446,HOLD
0.23280767,0.23221363,0,0.098975,HOLD
0.6633706,0.57666403,0,0.16035,HOLD
0.030635873,0.0704762,0,0.2959189189189189,APPROVE
0.43717426,0.3957069,0,0.21,HOLD
0.15479298,0.16980188,0,0.05263157894736842,HOLD
0.349797,0.3258051,0,0.1,HOLD
0.11077338,0.1345862,0,0.13368,APPROVE
0.44922763,0.4053496,0,0.18402,HOLD
0.7831706,0.672504,1,0.18693548387096776,REJECT
0.35093087,0.3267122,0,0.07928571428571428,HOLD
0.3677828,0.34019375,0,0.08766666666666667,HOLD
0.079034835,0.109195374,0,0.26331666666666664,APPROVE
0.2729353,0.26431575,0,0.31203333333333333,HOLD
0.553688,0.4889179,0,0.24672727272727274,HOLD
0.21229114,0.2158004,0,0.1335,HOLD
0.53127044,0.47098386,0,0.2730666666666667,HOLD
0.35891622,0.33310047,0,0.08353333333333333,HOLD
0.5950803,0.5220318,0,0.1926808510638298,HOLD
0.20055914,0.2064148,0,0.22846,HOLD
0.3816753,0.35130775,0,0.0518,HOLD
0.6574289,0.5719107,1,0.18432,HOLD
0.5987185,0.52494234,0,0.13742857142857143,HOLD
0.6281781,0.54851,1,0.448,REJECT
0.36451414,0.3375788,0,0.16236,HOLD
0.38593125,0.3547125,1,0.11904444444444444,HOLD
0.5340596,0.47321516,0,0.13438181818181819,HOLD
0.11854555,0.14080393,0,0.1779,APPROVE
0.5626405,0.4960799,0,0.40773333333333334,REJECT
0.23545136,0.23432858,0,0.017444444444444443,HOLD
0.81554455,0.6984032,1,0.3069,REJECT
0.49640974,0.4430953,0,0.1742,HOLD
0.76102155,0.6547848,0,0.16628125,REJECT
0.13745354,0.15593033,0,0.2047,HOLD
0.30588743,0.29067746,0,0.3258666666666667,HOLD
0.5760094,0.5067751,0,0.1384,HOLD
0.395169,0.3621027,0,0.05651515151515152,HOLD
0.05574655,0.09056474,0,0.04592,APPROVE
0.5114905,0.4551599,0,0.1225,HOLD
0.021609616,0.06325519,0,0.24337142857142857,APPROVE
0.04458533,0.081635766,0,0.047336,APPROVE
0.6818358,0.59143615,0,0.15755555555555556,HOLD
0.79362404,0.6808668,1,0.17686363636363636,REJECT
0.6688489,0.58104664,1,0.28136,HOLD
0.0036616393,0.048896812,0,0.24083720930232558,APPROVE
0.29191595,0.27950028,0,0.15105,HOLD
0.32838562,0.308676,0,0.2997666666666667,HOLD
0.14467499,0.16170749,0,0.29385,HOLD
0.6299658,0.54994017,0,0.1,HOLD
0.24083233,0.23863335,0,0.129,HOLD
0.45631132,0.41101655,0,0.06709375,HOLD
0.74568385,0.6425146,1,0.20316666666666666,HOLD
0.5024731,0.44794598,0,0.2508,HOLD
0.7672359,0.65975624,1,0.08691428571428571,REJECT
0.5940635,0.52121836,0,0.04822,HOLD
0.27094892,0.26272663,0,0.35785,HOLD
0.43929654,0.39740473,0,0.28,HOLD
0.45270637,0.40813258,0,0.2319047619047619,HOLD
0.23762499,0.23606749,0,0.16442857142857142,HOLD
0.1991672,0.20530125,0,0.2971666666666667,HOLD
0.7300209,0.62998426,0,0.06635714285714285,HOLD
0.1427403,0.16015974,0,0.16424444444444444,HOLD
0.6969275,0.60350955,0,0.13155555555555556,HOLD
0.13723864,0.15575841,0,0.06335,HOLD
0.29405734,0.28121337,1,0.17745,HOLD
0.21915045,0.22128786,0,0.216225,HOLD
0.43128586,0.3909962,0,0.22725,HOLD
0.54961807,0.48566195,0,0.1111,HOLD
0.5043184,0.44942224,0,0.125,HOLD
0.19625582,0.20297214,0,0.10737037037037037,HOLD
0.30506283,0.29001775,0,0.2787857142857143,HOLD
0.4667526,0.41936958,1,0.13166666666666665,HOLD
0.44087738,0.3986694,0,0.3605,HOLD
0.18633,0.1950315,0,0.2476,HOLD
0.19162898,0.19927068,0,0.1074109589041096,HOLD
0.3473365,0.32383668,0,0.1531,HOLD
0.52285343,0.46425024,1,0.1937111111111111,HOLD
0.3298549,0.3098514,0,0.12853333333333333,HOLD
0.66296494,0.5763395,0,0.13493333333333332,HOLD
0.017572207,0.060025267,0,0.30873333333333336,APPROVE
0.42272896,0.38415065,0,0.14368,HOLD
0.4547515,0.4097687,0,0.1906,HOLD
0.22017302,0.2221059,0,0.19323333333333334,HOLD
0.055264704,0.090179265,0,0.38555555555555554,APPROVE
0.5367755,0.47538793,0,0.22504,HOLD
0.33832657,0.31662875,0,0.19176666666666667,HOLD
0.19389777,0.2010857,0,0.4706666666666667,REJECT
0.33138934,0.31107897,0,0.15094285714285716,HOLD
0.49146986,0.4391434,0,0.15,HOLD
0.2378676,0.23626156,0,0.14555,HOLD
0.40874213,0.3729612,0,0.1909,HOLD
0.08579949,0.1146071,0,0.42173333333333335,REJECT
0.7366765,0.63530874,1,0.14655555555555555,HOLD
0.5382135,0.4765383,1,0.530875,REJECT
0.09637887,0.123070605,0,0.3633454545454545,APPROVE
0.34292218,0.32030523,0,0.08658823529411765,HOLD
0.11056832,0.13442215,0,0.112775,APPROVE
0.28045663,0.2703328,0,0.199375,HOLD
0.39145353,0.35913032,0,0.18839705882352942,HOLD
0.038815856,0.07702018,0,0.10022,APPROVE
0.74077713,0.63858926,0,0.2409,HOLD
0.34765795,0.32409385,0,0.32196153846153847,HOLD
0.71879905,0.6210068,0,0.09360526315789473,HOLD
0.23548524,0.23435569,0,0.2778333333333333,HOLD
0.24285589,0.24025221,0,0.23863953488372094,HOLD
0.46683475,0.4194353,0,0.14827272727272728,HOLD
0.063922055,0.097105145,0,0.06264444444444445,APPROVE
0.37730172,0.34780887,0,0.1222,HOLD
0.29648444,0.28315505,0,0.11528,HOLD
0.18867274,0.19690569,0,0.12184,HOLD
0.6178847,0.5402753,0,0.07391428571428571,HOLD
0.21834162,0.2206408,0,0.19366666666666665,HOLD
0.23792996,0.23631145,0,0.16176470588235295,HOLD
0.4937373,0.44095734,0,0.15808,HOLD
0.9183253,0.7806278,0,0.24588,REJECT
0.20925045,0.21336785,0,0.1,HOLD
0.10310467,0.12845123,0,0.1931090909090909,APPROVE
0.18605974,0.1948153,0,0.15383333333333332,HOLD
0.31575236,0.29856938,0,0.17596,HOLD
0.089173876,0.1173066,0,0.12,APPROVE
0.40405694,0.36921304,0,0.10103333333333334,HOLD
0.14543062,0.162312,0,0.30444444444444446,HOLD
0.20930292,0.21340983,0,0.12464615384615385,HOLD
0.20875436,0.21297099,0,0.086625,HOLD
0.5686067,0.5008529,0,0.10595,HOLD
0.73335665,0.6326529,0,0.14144444444444446,HOLD
0.2669213,0.25950456,1,0.256025,HOLD
0.5501705,0.4861039,0,0.1171875,HOLD
0.060068678,0.094022445,0,0.109,APPROVE
0.6832348,0.5925554,0,0.12923529411764706,HOLD
0.14257416,0.16002682,0,0.28136,HOLD
0.62077177,0.54258496,0,0.16914285714285715,HOLD
0.51149696,0.45516506,0,0.14831818181818182,HOLD
0.07302112,0.1043844,0,0.17524,APPROVE
0.024390453,0.06547987,0,0.15873333333333334,APPROVE
0.34853986,0.3247994,0,0.0535,HOLD
0.12910654,0.14925273,0,0.06,APPROVE
0.5115672,0.45522124,0,0.10833333333333334,HOLD
0.23107636,0.23082858,0,0.14186666666666667,HOLD
0.30779502,0.29220352,0,0.1217,HOLD
0.114028975,0.13719067,0,0.082525,APPROVE
0.3949238,0.36190653,0,0.1985,HOLD
0.114441015,0.13752031,0,0.23796666666666666,APPROVE
0.43805954,0.3964151,0,0.15,HOLD
0.13343789,0.1527178,0,0.09728,HOLD
0.678031,0.5883924,0,0.2772,HOLD
0.72573686,0.626557,0,0.31228813559322033,HOLD
0.391846,0.3594443,0,0.19944444444444445,HOLD
0.51476294,0.45777786,0,0.276,HOLD
0.024023276,0.06518612,0,0.1865,APPROVE
0.28935802,0.27745393,0,0.12863157894736843,HOLD
0.2433973,0.24068533,0,0.22684444444444443,HOLD
0.3762191,0.34694278,0,0.11567567567567567,HOLD
0.30674616,0.29136443,0,0.16485714285714287,HOLD
0.6828814,0.59227264,0,0.23902714932126698,HOLD
0.38014266,0.35008162,0,0.10241,HOLD
0.29755133,0.28400856,0,0.2223939393939394,HOLD
0.5769355,0.50751597,0,0.107825,HOLD
0.010609279,0.054454923,0,0.39511111111111114,APPROVE
0.13383548,0.15303588,0,0.1388888888888889,HOLD
0.40376097,0.36897627,0,0.44453333333333334,REJECT
0.10753576,0.1319961,0,0.3516111111111111,APPROVE
0.38140106,0.35108835,0,0.12586666666666665,HOLD
0.67436546,0.5854599,0,0.1514909090909091,HOLD
0.6962619,0.60297704,0,0.16136,HOLD
0.49470502,0.4417315,0,0.2021,HOLD
0.7898405,0.67783993,1,0.19414285714285714,REJECT
0.5546025,0.4896495,0,0.3476,HOLD
0.124806166,0.14581242,0,0.19314285714285714,APPROVE
0.13467789,0.1537098,0,0.31608,HOLD
0.76488787,0.6578778,0,0.22756,REJECT
0.19336143,0.20065664,1,0.03308,HOLD
0.34865287,0.32488978,0,0.09246666666666667,HOLD
0.2833444,0.272643,0,0.31076470588235294,HOLD
0.2980144,0.28437904,0,0.08009090909090909,HOLD
0.039429463,0.07751107,0,0.13214117647058823,APPROVE
0.3881452,0.35648367,0,0.1111111111111111,HOLD
0.21465102,0.2176883,0,0.21966666666666668,HOLD
0.23261957,0.23206314,0,0.2187,HOLD
0.112934485,0.13631508,0,0.348,APPROVE
0.42804104,0.38840032,0,0.22770833333333335,HOLD
0.35320008,0.32852757,0,0.16269565217391305,HOLD
0.7090907,0.6132401,0,0.2224,HOLD
0.17537875,0.18627049,0,0.05,HOLD
0.43388394,0.39307463,0,0.06666666666666667,HOLD
0.7974606,0.683936,0,0.27544444444444444,REJECT
0.37943652,0.34951672,0,0.173075,HOLD
0.48854688,0.436805,0,0.1963090909090909,HOLD
0.6483119,0.56461704,0,0.20907407407407408,HOLD
0.25037104,0.24626432,0,0.12782,HOLD
0.16133404,0.17503472,0,0.05,HOLD
0.6500681,0.56602204,0,0.12246666666666667,HOLD
0.217981,0.22035229,0,0.25577777777777777,HOLD
0.41159794,0.37524584,0,0.12895744680851065,HOLD
0.19395001,0.2011275,0,0.09955,HOLD
0.5942465,0.52136475,0,0.1332,HOLD
0.48095343,0.43073022,0,0.13333333333333333,HOLD
0.21250173,0.21596888,0,0.13508,HOLD
0.5306836,0.47051436,0,0.11408571428571429,HOLD
0.16268787,0.1761178,0,0.27435714285714285,HOLD
0.6848418,0.59384096,0,0.30133333333333334,HOLD
0.50766796,0.45210186,0,0.109975,HOLD
0.29098782,0.27875775,0,0.2425,HOLD
0.08140513,0.11109161,0,0.07733333333333334,APPROVE
0.3098288,0.29383054,0,0.075,HOLD
0.5141349,0.4572754,0,0.15664285714285714,HOLD
0.48406678,0.43322092,0,0.24857142857142858,HOLD
0.3312435,0.3109623,0,0.17487179487179488,HOLD
0.5839906,0.51316,0,0.1212,HOLD
0.23029354,0.23020233,0,0.2043,HOLD
0.3520848,0.32763532,0,0.158,HOLD
0.54293877,0.48031852,1,0.20766666666666667,HOLD
0.28117663,0.2709088,0,0.1263142857142857,HOLD
0.14116825,0.1589021,0,0.35356,HOLD
0.27887467,0.26906723,0,0.277225,HOLD
0.4675884,0.42003822,0,0.11524137931034482,HOLD
0.22850287,0.2287698,0,0.32768,HOLD
0.42751563,0.38797998,0,0.13407407407407407,HOLD
0.14208126,0.1596325,0,0.04285714285714286,HOLD
0.7226556,0.624092,0,0.11233333333333333,HOLD
0.08643147,0.115112685,0,0.2307,APPROVE
0.09162982,0.11927136,0,0.115525,APPROVE
0.17747559,0.18794796,1,0.3098181818181818,HOLD
0.8120344,0.6955951,0,0.18432432432432433,REJECT
0.39603016,0.36279163,0,0.06666666666666667,HOLD
0.39003843,0.35799825,0,0.11132,HOLD
0.3338044,0.31301102,0,0.1428,HOLD
0.1070339,0.13159461,0,0.115275,APPROVE
0.20328064,0.20859201,0,0.3423333333333333,HOLD
0.47167772,0.42330968,0,0.2266,HOLD
0.1668718,0.17946494,0,0.08862222222222223,HOLD
0.22865753,0.22889352,0,0.19456,HOLD
0.22796667,0.22834082,0,0.129275,HOLD
0.14755806,0.16401395,0,0.27085714285714285,HOLD
0.34088582,0.31867614,0,0.1294782608695652,HOLD
0.03505296,0.074009866,0,0.29585,APPROVE
0.6441345,0.5612751,0,0.21157142857142858,HOLD
0.36958012,0.3416316,0,0.15,HOLD
0.23430353,0.23341031,0,0.26944,HOLD
0.2425727,0.24002565,0,0.075,HOLD
0.4203301,0.3822316,0,0.1,HOLD
0.82707417,0.7076269,0,0.175275,REJECT
0.2949153,0.28189972,0,0.37446153846153846,HOLD
0.23927712,0.23738919,0,0.0574,HOLD
0.18288818,0.19227804,0,0.1320375,HOLD
0.33361018,0.31285563,0,0.22516666666666665,HOLD
0.4766273,0.42726934,0,0.21943589743589745,HOLD
0.13097994,0.15075144,0,0.20503333333333335,HOLD
0.17801765,0.18838161,0,0.4456,REJECT
0.08144982,0.111127354,0,0.0751,APPROVE
0.06467081,0.09770415,0,0.2423,APPROVE
0.14874768,0.16496564,0,0.15,HOLD
0.2559033,0.25069013,0,0.1511,HOLD
0.3859878,0.35475773,1,0.12527142857142856,HOLD
0.141188,0.15891789,1,0.16196666666666668,HOLD
0.2671512,0.25968847,0,0.2853333333333333,HOLD
0.5613729,0.4950658,0,0.1184,HOLD
0.21181212,0.21541719,0,0.07991428571428572,HOLD
0.24851644,0.24478064,0,0.14131666666666667,HOLD
0.60068303,0.526514,0,0.151075,HOLD
0.43513247,0.3940735,0,0.12384,HOLD
0.3770685,0.34762228,0,0.1532,HOLD
0.11481794,0.13782185,0,0.1141,APPROVE
0.56581205,0.49861714,0,0.22008333333333333,HOLD
0.76358014,0.6568316,0,0.05,REJECT
0.7035927,0.6088417,0,0.20413333333333333,HOLD
0.6701404,0.5820798,0,0.28926666666666667,HOLD
0.13291259,0.15229757,0,0.146025,HOLD
0.2556173,0.25046134,0,0.13976470588235293,HOLD
0.075562485,0.106417485,0,0.20295,APPROVE
0.2793909,0.26948023,0,0.15515,HOLD
0.6577113,0.5721366,0,0.31626666666666664,HOLD
0.078488134,0.10875801,0,0.21428571428571427,APPROVE
0.10763613,0.1320764,0,0.125,APPROVE
0.7323932,0.6318821,0,0.2273,HOLD
0.11655547,0.13921186,0,0.09185,APPROVE
0.571546,0.50320435,0,0.1397,HOLD
0.64801997,0.5643835,0,0.23195454545454544,HOLD
0.08668542,0.11531583,0,0.3255,APPROVE
0.78540635,0.6742926,0,0.06230232558139535,REJECT
0.49106166,0.43881682,0,0.14402222222222222,HOLD
0.20892686,0.21310897,1,0.14716666666666667,HOLD
0.23818432,0.23651494,0,0.38036,HOLD
0.5267512,0.46736848,0,0.13333333333333333,HOLD
0.23231447,0.23181906,0,0.27578125,HOLD
0.063402355,0.09668938,0,0.07922857142857143,APPROVE
0.28517893,0.27411065,0,0.2570769230769231,HOLD
0.117531754,0.1399929,0,0.296,APPROVE
0.24307062,0.24042399,0,0.13581428571428572,HOLD
0.08859766,0.11684563,0,0.2438125,APPROVE
0.18524489,0.1941634,0,0.15986666666666666,HOLD
0.18467538,0.1937078,0,0.05807142857142857,HOLD
0.04884415,0.08504283,0,0.11105714285714285,APPROVE
0.20279717,0.20820524,0,0.2913,HOLD
0.848076,0.7244283,0,0.14676666666666666,REJECT
0.33730596,0.31581226,0,0.06961904761904762,HOLD
0.42932066,0.38942403,0,0.17067441860465116,HOLD
0.15519601,0.1701243,0,0.15185714285714286,HOLD
0.551675,0.48730752,0,0.39825,HOLD
0.33610126,0.3148485,0,0.07805,HOLD
0.24203448,0.23959507,0,0.2533684210526316,HOLD
0.45414516,0.40928364,0,0.29585,HOLD
0.4260876,0.38683757,0,0.12591666666666668,HOLD
0.2927719,0.280185,0,0.262625,HOLD
0.36786228,0.34025732,0,0.05714285714285714,HOLD
0.39953113,0.3655924,0,0.175,HOLD
0.24002007,0.23798354,0,0.07894444444444444,HOLD
0.7735675,0.6648215,0,0.24345,REJECT
0.097081535,0.12363274,0,0.15486666666666668,APPROVE
0.646683,0.5633139,0,0.13815,HOLD
0.53259474,0.47204328,1,0.2232,HOLD
0.060319584,0.094223164,0,0.21536363636363637,APPROVE
0.20115526,0.2068917,0,0.15244,HOLD
0.6792818,0.58939296,0,0.24994444444444444,HOLD
0.10437694,0.12946905,0,0.1953777777777778,APPROVE
0.13127014,0.1509836,0,0.15835,HOLD
0.32031438,0.302219,0,0.134775,HOLD
0.10958234,0.13363338,0,0.2519565217391304,APPROVE
0.32427073,0.30538407,0,0.146925,HOLD
0.32581457,0.30661917,0,0.1472857142857143,HOLD
0.24996978,0.24594332,0,0.1385,HOLD
0.6471551,0.5636916,1,0.30666666666666664,HOLD
0.45647827,0.4111501,0,0.11186666666666667,HOLD
0.115053475,0.13801028,0,0.4565,REJECT
0.14856505,0.16481954,0,0.5035,REJECT
0.12193876,0.14351851,0,0.15986666666666666,APPROVE
0.03415259,0.07328957,0,0.152525,APPROVE
0.66299415,0.57636285,0,0.09316666666666666,HOLD
0.40036792,0.36626184,0,0.18961111111111112,HOLD
0.1732643,0.18457893,0,0.22257142857142856,HOLD
0.16379039,0.1769998,0,0.1575,HOLD
0.056846563,0.09144475,0,0.12395555555555555,APPROVE
0.55712026,0.4916637,0,0.08737777777777778,HOLD
0.5220123,0.46357733,1,0.1125,HOLD
0.4005471,0.36640516,0,0.12703333333333333,HOLD
0.27775177,0.26816893,0,0.3805,HOLD
0.04089047,0.07867988,0,0.10204081632653061,APPROVE
0.3892445,0.3573631,0,0.10753333333333333,HOLD
0.29436764,0.28146163,0,0.17022727272727273,HOLD
0.061283134,0.09499401,0,0.2218,APPROVE
0.23932289,0.2374258,0,0.4034857142857143,REJECT
0.270585,0.2624355,0,0.27044444444444443,HOLD
0.3115826,0.29523358,0,0.15446666666666667,HOLD
0.34459695,0.32164505,0,0.11723333333333333,HOLD
0.36770722,0.34013328,0,0.084,HOLD
0.12593342,0.14671424,0,0.11410588235294118,APPROVE
0.5469016,0.48348877,0,0.215,HOLD
0.44890553,0.4050919,0,0.1568142857142857,HOLD
0.615123,0.5380659,0,0.2673333333333333,HOLD
0.31344813,0.296726,0,0.15268,HOLD
0.45098665,0.40675682,0,0.16952,HOLD
0.6038726,0.5290656,0,0.14522857142857143,HOLD
0.6395043,0.557571,0,0.16306666666666667,HOLD
0.14255139,0.16000861,0,0.10421428571428572,HOLD
0.6032717,0.5285849,0,0.21785,HOLD
0.1261783,0.14691013,0,0.26628,APPROVE
0.24974474,0.24576329,0,0.2912,HOLD
0.69549155,0.6023608,0,0.1736,HOLD
0.16419537,0.17732379,0,0.09860869565217391,HOLD
0.60707796,0.5316299,1,0.17453333333333335,HOLD
0.32319367,0.30452242,0,0.10153125,HOLD
0.51287585,0.4562682,1,0.36225,HOLD
0.30969775,0.2937257,0,0.13216,HOLD
0.008472752,0.052745704,0,0.3028,APPROVE
0.47520533,0.42613176,1,0.31548,HOLD
0.1541376,0.16927758,0,0.28425,HOLD
0.7572953,0.6518038,0,0.1432089552238806,REJECT
0.23012668,0.23006883,0,0.17013333333333333,HOLD
0.43687525,0.3954677,0,0.10031428571428572,HOLD
0.8447841,0.7217948,1,0.10095,REJECT
0.40137395,0.36706665,0,0.20803333333333332,HOLD
0.12483562,0.145836,0,0.13879310344827586,APPROVE
0.3009945,0.2867631,0,0.17515,HOLD
0.5124431,0.455922,0,0.2650666666666667,HOLD
0.44174284,0.39936176,0,0.20424,HOLD
0.3571693,0.33170295,0,0.16273076923076923,HOLD
0.18753618,0.19599643,0,0.17386,HOLD
0.115000784,0.13796812,0,0.3214,APPROVE
0.14042264,0.15830562,0,0.21821621621621623,HOLD
0.253883,0.2490739,0,0.17491549295774647,HOLD
0.6757424,0.58656144,0,0.24172,HOLD
0.668157,0.5804931,0,0.23148,HOLD
0.26770952,0.2601351,0,0.11636,HOLD
0.2504496,0.24632718,0,0.16666666666666666,HOLD
0.49667463,0.4433072,0,0.06666666666666667,HOLD
0.13223302,0.15175392,0,0.16734285714285715,HOLD
0.10695374,0.1315305,0,0.11136666666666667,APPROVE
0.06908847,0.10123827,0,0.42163333333333336,REJECT
0.02996304,0.06993794,0,0.17442857142857143,APPROVE
0.38492456,0.35390714,1,0.094,HOLD
0.21924604,0.22136433,0,0.11284,HOLD
0.046021435,0.082784645,0,0.0695,APPROVE
0.054601457,0.08964867,0,0.05,APPROVE
0.27431238,0.2654174,0,0.1642,HOLD
0.5344464,0.47352463,0,0.12,HOLD
0.6630162,0.5763805,0,0.18223333333333333,HOLD
0.49030977,0.43821532,0,0.23796666666666666,HOLD
0.29153264,0.2791936,0,0.09986666666666667,HOLD
0.24640234,0.24308936,0,0.19912,HOLD
0.17914134,0.18928057,1,0.1029,HOLD
0.41554257,0.37840155,0,0.4096,REJECT
0.53533494,0.47423545,0,0.1125,HOLD
0.6536328,0.56887376,0,0.27675,HOLD
0.10964182,0.13368095,0,0.27194117647058824,APPROVE
0.19372258,0.20094556,0,0.22504,HOLD
0.62927234,0.5493854,0,0.2371,HOLD
0.30255026,0.2880077,0,0.09072,HOLD
0.83134025,0.7110397,0,0.08036666666666667,REJECT
0.5703723,0.5022654,0,0.09382,HOLD
0.049268514,0.08538231,0,0.07,APPROVE
0.04028104,0.07819233,0,0.2812222222222222,APPROVE
0.7013574,0.60705346,0,0.15368,HOLD
0.3754204,0.34630382,0,0.12128888888888889,HOLD
0.069309205,0.10141487,0,0.15572222222222223,APPROVE
0.5902089,0.51813465,0,0.26404,HOLD
0.1268897,0.14747927,0,0.21493333333333334,APPROVE
0.62367845,0.5449103,0,0.12444,HOLD
0.57116354,0.5028984,0,0.48196428571428573,REJECT
0.34314358,0.32048237,0,0.2916763005780347,HOLD
0.3073011,0.2918084,0,0.29701612903225805,HOLD
0.6217806,0.543392,0,0.11886666666666666,HOLD
0.59945476,0.52553135,0,0.129,HOLD
0.16992156,0.18190475,0,0.09275,HOLD
0.57525784,0.5061738,0,0.3476,HOLD
0.0459483,0.08272614,0,0.2683,APPROVE
0.43949234,0.39756137,0,0.1375,HOLD
0.26434252,0.25744152,0,0.4415,REJECT
0.40977284,0.37378576,0,0.09090909090909091,HOLD
0.05536221,0.090257265,0,0.26382716049382715,APPROVE
0.3652014,0.33812863,0,0.05172,HOLD
0.3008162,0.28662047,0,0.2763076923076923,HOLD
0.42650095,0.38716826,0,0.19967567567567568,HOLD
0.025186533,0.06611673,0,0.01910875,APPROVE
0.9502989,0.80620664,0,0.07475,REJECT
0.30715796,0.29169387,0,0.24086486486486486,HOLD
0.5105321,0.45439315,0,0.17491666666666666,HOLD
0.30139345,0.28708225,0,0.11386792452830188,HOLD
0.6786951,0.5889236,0,0.3422,HOLD
0.20731787,0.2118218,0,0.32422222222222224,HOLD
0.2716462,0.26328447,1,0.13445,HOLD
0.33053157,0.31039274,0,0.2914857142857143,HOLD
0.2415519,0.23920901,0,0.2128,HOLD
0.16665064,0.179288,0,0.08863333333333333,HOLD
0.3243122,0.30541727,0,0.13783636363636365,HOLD
0.18027239,0.1901854,0,0.33071875,HOLD
0.50121725,0.4469413,0,0.09286,HOLD
0.38895813,0.35713398,0,0.08095,HOLD
0.28802413,0.2763868,0,0.2553,HOLD
0.22114797,0.22288586,0,0.18988888888888888,HOLD
0.44216236,0.3996974,0,0.18082352941176472,HOLD
0.58337873,0.5126705,0,0.043193227301959056,HOLD
0.507378,0.45186988,0,0.1065,HOLD
0.28824604,0.27656433,0,0.09735384615384615,HOLD
0.26468533,0.25771576,0,0.09,HOLD
0.25931162,0.2534168,0,0.18598,HOLD
0.23900647,0.23717268,0,0.15942,HOLD
0.2047585,0.20977429,0,0.2771,HOLD
0.03740437,0.075890996,0,0.11652380952380953,APPROVE
0.34891936,0.32510298,0,0.192,HOLD
0.25578058,0.25059196,0,0.15,HOLD
0.22499105,0.22596033,0,0.166,HOLD
0.44088644,0.39867663,0,0.06452,HOLD
0.28180435,0.27141097,0,0.19748275862068965,HOLD
0.3395531,0.31760997,0,0.10544,HOLD
0.59526306,0.522178,0,0.28792,HOLD
0.23375045,0.23296785,0,0.0507375,HOLD
0.31546563,0.29834,0,0.15979032258064516,HOLD
0.39168438,0.359315,0,0.06082666666666667,HOLD
0.53700036,0.4755678,1,0.25483333333333336,HOLD
0.04341868,0.08070245,0,0.1179125,APPROVE
0.26823702,0.26055712,0,0.205,HOLD
0.20749196,0.21196106,0,0.14094444444444446,HOLD
0.58259815,0.51204604,0,0.1340888888888889,HOLD
0.40935266,0.37344962,0,0.15515,HOLD
0.6849287,0.5939105,0,0.23156666666666667,HOLD
0.17484625,0.1858445,0,0.17326666666666668,HOLD
0.25256827,0.24802211,0,0.153625,HOLD
0.25870758,0.25293356,0,0.28765,HOLD
0.15510607,0.17005235,0,0.051977777777777776,HOLD
0.15654562,0.17120399,0,0.15,HOLD
0.5224012,0.46388847,1,0.24172,HOLD
0.3701321,0.34207317,0,0.25472727272727275,HOLD
0.47358093,0.42483222,0,0.18206,HOLD
0.21088035,0.21467178,0,0.11097142857142857,HOLD
0.34648147,0.32315266,0,0.30122727272727273,HOLD
0.3257995,0.3066071,0,0.09336666666666667,HOLD
0.6951048,0.6020514,1,0.21284,HOLD
0.41413853,0.37727833,0,0.2894375,HOLD
0.47961596,0.42966026,0,0.349,HOLD
0.22259107,0.22404034,0,0.19632,HOLD
0.32938412,0.3094748,0,0.13,HOLD
0.7268802,0.6274717,0,0.0777,HOLD
0.21532395,0.21822666,0,0.075,HOLD
0.30959052,0.29363993,0,0.15583333333333332,HOLD
0.3306407,0.31048006,0,0.11495,HOLD
0.24917193,0.24530503,0,0.13032,HOLD
0.3963222,0.36302525,0,0.3075,HOLD
0.5889519,0.51712906,1,0.18275,HOLD
0.7793964,0.6694847,0,0.21288,REJECT
0.13233554,0.15183593,0,0.1656,HOLD
0.09228999,0.1197995,0,0.13636363636363635,APPROVE
0.4598699,0.41386342,0,0.56115,REJECT
0.016255561,0.05897195,0,0.3406705882352941,APPROVE
0.36208647,0.33563668,0,0.23193333333333332,HOLD
0.43446103,0.39353633,0,0.20665,HOLD
0.0956764,0.12250862,0,0.060866666666666666,APPROVE
0.1980682,0.20442206,0,0.158375,HOLD
0.34695607,0.32353234,0,0.1111111111111111,HOLD
0.05750055,0.09196794,0,0.1499125,APPROVE
0.3562233,0.33094612,0,0.18405128205128204,HOLD
0.0382519,0.07656902,0,0.09171794871794872,APPROVE
0.3295693,0.30962294,0,0.17268,HOLD
0.27941105,0.26949635,0,0.38853333333333334,HOLD
0.24663031,0.24327174,0,0.084425,HOLD
0.017864795,0.06025934,0,0.14477647058823528,APPROVE
0.60119814,0.52692604,0,0.12876315789473683,HOLD
0.7541207,0.6492641,0,0.20708,HOLD
0.17068595,0.18251625,1,0.14,HOLD
0.43753964,0.3959992,0,0.07824324324324325,HOLD
0.23970793,0.23773384,0,0.20522857142857143,HOLD
0.13680305,0.15540993,0,0.2125,HOLD
0.6397335,0.55775434,0,0.27689285714285716,HOLD
0.24339934,0.24068697,0,0.17713333333333334,HOLD
0.6457969,0.562605,0,0.25966666666666666,HOLD
0.41374603,0.37696433,0,0.11346808510638298,HOLD
0.44636428,0.40305892,0,0.2454,HOLD
0.23698199,0.23555309,0,0.26984,HOLD
0.7094142,0.61349887,1,0.3782,HOLD
0.5090124,0.45317742,0,0.09915,HOLD
0.6500073,0.5659734,0,0.1317188962180175,HOLD
0.30164278,0.28728172,0,0.17434285714285713,HOLD
0.3213852,0.30307567,0,0.10386666666666666,HOLD
0.43522507,0.39414755,0,0.3694,HOLD
0.5696512,0.5016885,0,0.126,HOLD
0.4254916,0.38636076,0,0.25752,HOLD
0.19194524,0.19952369,0,0.14945,HOLD
0.32534784,0.30624577,0,0.14228888888888888,HOLD
0.188249,0.1965667,0,0.14462222222222224,HOLD
0.25963396,0.25367466,0,0.17393333333333333,HOLD
0.06965429,0.10169094,0,0.10428723404255319,APPROVE
0.14671308,0.16333796,0,0.25965454545454547,HOLD
0.63924277,0.5573617,0,0.32183333333333336,HOLD
0.086491,0.11516031,0,0.09295555555555556,APPROVE
0.16360988,0.1768554,0,0.13513513513513514,HOLD
0.15754761,0.17200558,0,0.36804,HOLD
0.068456806,0.100732945,0,0.05521739130434783,APPROVE
0.6517892,0.5673989,0,0.16745,HOLD
0.22376792,0.22498183,1,0.1328,HOLD
0.34820008,0.32452756,0,0.19028,HOLD
0.34766948,0.3241031,0,0.262225,HOLD
0.032568824,0.07202256,0,0.2560428571428571,APPROVE
0.33797312,0.316346,0,0.13,HOLD
0.4327006,0.392128,0,0.11339381930684465,HOLD
0.37917352,0.34930632,0,0.18,HOLD
0.38082674,0.35062888,0,0.11654285714285714,HOLD
0.56415206,0.49728915,1,0.13553846153846155,HOLD
0.2658,0.2586075,0,0.14,HOLD
0.43676963,0.3953832,0,0.17096,HOLD
0.51215184,0.45568895,0,0.1787857142857143,HOLD
0.23046958,0.23034316,0,0.4634666666666667,REJECT
0.2509314,0.24671263,0,0.21954285714285715,HOLD
0.3122141,0.2957388,0,0.11502857142857142,HOLD
0.3138379,0.2970378,0,0.19572,HOLD
0.54961175,0.4856569,0,0.2505636363636364,HOLD
0.44847432,0.40474695,0,0.23344,HOLD
0.1965238,0.20318653,0,0.241,HOLD
0.57245386,0.5039306,0,0.13970588235294118,HOLD
0.13457501,0.1536275,0,0.28544444444444445,HOLD
0.20518504,0.21011552,0,0.0902,HOLD
0.2553799,0.2502714,0,0.12231666666666667,HOLD
0.32075644,0.30257264,0,0.23192,HOLD
0.06809759,0.100445576,0,0.05375714285714286,APPROVE
0.14315392,0.16049063,0,0.18218333333333334,HOLD
0.23322654,0.23254873,0,0.3504,HOLD
0.3084368,0.29271695,0,0.16782,HOLD
0.33987626,0.3178685,0,0.127275,HOLD
0.5428395,0.48023912,0,0.1466,HOLD
0.07201331,0.10357815,0,0.3192,APPROVE
0.1754212,0.18630445,0,0.16053333333333333,HOLD
0.29692817,0.28351003,0,0.26916,HOLD
0.5124008,0.45588815,0,0.394,HOLD
0.4701146,0.42205918,0,0.28830434782608694,HOLD
0.6617742,0.5753869,0,0.16733333333333333,HOLD
0.3053612,0.29025647,0,0.16202857142857144,HOLD
0.4266979,0.38732582,0,0.12533333333333332,HOLD
0.4216569,0.38329303,0,0.19094285714285714,HOLD
0.4281659,0.3885002,0,0.39276923076923076,HOLD
0.4438506,0.40104797,0,0.2337,HOLD
0.8451025,0.72204953,1,0.09322666666666667,REJECT
0.4984032,0.44469005,0,0.04112857142857143,HOLD
0.107683934,0.13211465,0,0.07985,APPROVE
0.49723116,0.4437524,0,0.14942857142857144,HOLD
0.11077328,0.13458613,0,0.4355,REJECT
0.6007386,0.5265584,0,0.075,HOLD
0.2341341,0.23327477,0,0.1778,HOLD
0.19843689,0.204717,0,0.2015185185185185,HOLD
0.36505458,0.33801115,0,0.2515428571428571,HOLD
0.341273,0.3189859,0,0.15344,HOLD
0.77448887,0.66555864,1,0.209,REJECT
0.20680717,0.21141322,0,0.12123636363636364,HOLD
0.378742,0.3489611,0,0.20807142857142857,HOLD
0.7296571,0.6296932,0,0.2488857142857143,HOLD
0.57599276,0.5067617,1,0.3046153846153846,HOLD
0.34432837,0.3214302,0,0.12412,HOLD
0.27439764,0.2654856,0,0.4814,REJECT
0.17856978,0.18882331,1,0.22466666666666665,HOLD
0.58457446,0.5136271,0,0.12491428571428571,HOLD
0.61866295,0.5408979,0,0.256,HOLD
0.39994743,0.36592543,0,0.13688,HOLD
0.1246838,0.14571454,0,0.13584285714285715,APPROVE
0.24087764,0.2386696,0,0.25048,HOLD
0.14458303,0.16163392,0,0.08424242424242424,HOLD
0.30466002,0.28969553,0,0.07674285714285714,HOLD
0.5095075,0.45357347,0,0.16566943318535676,HOLD
0.22039017,0.22227962,0,0.3880909090909091,HOLD
0.3359598,0.31473532,0,0.43838095238095237,REJECT
0.28849003,0.27675954,0,0.1746,HOLD
0.67745745,0.5879335,1,0.08472,HOLD
0.320531,0.3023923,0,0.28536666666666666,HOLD
0.17575924,0.18657489,0,0.14285714285714285,HOLD
0.02047368,0.062346444,0,0.1097,APPROVE
0.24873495,0.24495545,0,0.19265,HOLD
0.71497816,0.6179501,0,0.2026,HOLD
0.37147138,0.3431446,0,0.0792,HOLD
0.33901563,0.31718,0,0.2049,HOLD
0.05098226,0.08675331,0,0.1134516129032258,APPROVE
0.311774,0.2953867,0,0.1305,HOLD
0.049714316,0.08573895,0,0.0619,APPROVE
0.21215625,0.21569249,0,0.14475714285714286,HOLD
0.2908527,0.27864966,0,0.2951,HOLD
0.7541051,0.6492516,1,0.2154,HOLD
0.24047807,0.23834994,0,0.15142857142857144,HOLD
0.85699743,0.7315655,1,0.0555,REJECT
0.02934111,0.06944039,0,0.04536,APPROVE
0.13435689,0.153453,0,0.1749,HOLD
0.022172652,0.06370562,0,0.53688,REJECT
0.33329916,0.3126068,0,0.20755,HOLD
0.35605928,0.33081493,0,0.10482608695652174,HOLD
0.10208976,0.12763931,0,0.16564,APPROVE
0.030195877,0.0701242,0,0.14,APPROVE
0.45238432,0.40787494,0,0.05934,HOLD
0.11286161,0.13625678,0,0.12631111111111112,APPROVE
0.537709,0.4761347,0,0.26033333333333336,HOLD
0.6379866,0.5563568,0,0.24255555555555555,HOLD
0.32847688,0.308749,0,0.11488,HOLD
0.20412384,0.20926656,0,0.30956666666666666,HOLD
0.32923403,0.30935472,0,0.0798,HOLD
0.17128748,0.18299748,0,0.16133333333333333,HOLD
0.38823465,0.35655522,0,0.14782,HOLD
0.24826099,0.24457629,1,0.28492,HOLD
0.2819437,0.27152246,0,0.12601666666666667,HOLD
0.2613983,0.25508612,0,0.20845,HOLD
0.64601344,0.5627783,0,0.11796,HOLD
0.08458176,0.11363291,0,0.1266,APPROVE
0.09871454,0.124939136,0,0.19792592592592592,APPROVE
0.61114043,0.53487986,0,0.2454,HOLD
0.32635367,0.30705044,0,0.11828888888888889,HOLD
0.28382322,0.27302608,0,0.0973448275862069,HOLD
0.85090244,0.72668946,0,0.19305,REJECT
0.15374151,0.1689607,0,0.2032,HOLD
0.340698,0.3185259,0,0.13364516129032258,HOLD
0.77555346,0.6664103,0,0.09966153846153847,REJECT
0.043431867,0.080713,0,0.09375,APPROVE
0.16223298,0.17575388,0,0.2071,HOLD
0.37517238,0.3461054,0,0.16433333333333333,HOLD
0.15654753,0.17120552,0,0.426962962962963,REJECT
0.36441386,0.33749858,0,0.19366666666666665,HOLD
0.14832674,0.1646289,0,0.05161428571428572,HOLD
0.346916,0.32350028,0,0.29725,HOLD
0.5478059,0.48421222,0,0.11706521739130435,HOLD
0.12151042,0.14317584,0,0.185625,APPROVE
0.1804542,0.19033085,0,0.21132,HOLD
0.7013059,0.6070123,0,0.16577142857142857,HOLD
0.1465286,0.16319038,0,0.176775,HOLD
0.34685242,0.32344943,0,0.24326315789473685,HOLD
0.09525881,0.12217455,0,0.333775,APPROVE
0.13840583,0.15669216,0,0.19534883720930232,HOLD
0.36019015,0.33411962,0,0.10154,HOLD
0.22144514,0.22312361,0,0.06666666666666667,HOLD
0.6991621,0.6052972,0,0.33752941176470586,HOLD
0.8488701,0.7250636,0,0.17165,REJECT
0.5068418,0.45144093,0,0.08136666666666667,HOLD
0.69723755,0.60375756,1,0.29188888888888886,HOLD
0.44113356,0.39887434,0,0.061085714285714285,HOLD
0.43831277,0.3966177,0,0.11428571428571428,HOLD
0.23020728,0.23013331,1,0.32596296296296295,HOLD
0.36621115,0.33893642,0,0.10931428571428571,HOLD
0.6277428,0.5481618,1,0.05818,HOLD
0.7191007,0.6212481,1,0.06992,HOLD
0.099511094,0.12557638,0,0.1437142857142857,APPROVE
0.29657274,0.2832257,0,0.0767,HOLD
0.3960354,0.36279583,0,0.3592962962962963,HOLD
0.49369282,0.44092175,0,0.03571428571428571,HOLD
0.24400407,0.24117075,0,0.19241666666666668,HOLD
0.6240453,0.5452038,0,0.2306,HOLD
0.16247566,0.17594802,0,0.39641666666666664,HOLD
0.7785089,0.66877466,0,0.1975,REJECT
0.520991,0.46276033,0,0.245325,HOLD
0.3366703,0.31530374,0,0.08056923076923077,HOLD
0.26910996,0.26125547,0,0.114425,HOLD
0.17108822,0.18283807,0,0.16864,HOLD
0.064332955,0.097433865,0,0.181,APPROVE
0.16484919,0.17784685,0,0.23912,HOLD
0.27904508,0.26920357,0,0.26682,HOLD
0.46175933,0.41537496,1,0.10902,HOLD
0.036994494,0.075563096,0,0.27914035087719297,APPROVE
0.19758636,0.20403658,0,0.1995909090909091,HOLD
0.60343176,0.5287129,0,0.24626666666666666,HOLD
0.124519624,0.1455832,0,0.1275,APPROVE
0.5300099,0.46997544,0,0.23323333333333332,HOLD
0.3829167,0.35230085,0,0.19049230769230768,HOLD
0.68985224,0.5978493,0,0.165775,HOLD
0.276592,0.2672411,0,0.05278461538461538,HOLD
0.46608692,0.41883704,0,0.21316666666666667,HOLD
0.1322101,0.15173557,0,0.12566666666666668,HOLD
0.107926466,0.13230866,0,0.132875,APPROVE
0.47146606,0.42314035,1,0.2399,HOLD
0.085744314,0.11456295,0,0.182225,APPROVE
0.17474115,0.18576041,0,0.08571428571428572,HOLD
0.45129293,0.40700185,0,0.1349375,HOLD
0.5585877,0.49283764,0,0.10782,HOLD
0.03102249,0.07078549,0,0.0787,APPROVE
0.20074311,0.20656198,0,0.12978125,HOLD
0.5065516,0.4512088,0,0.15853333333333333,HOLD
0.64507675,0.56202894,0,0.1797,HOLD
0.2629016,0.2562888,0,0.089,HOLD
0.0207353,0.06255574,0,0.09961111111111111,APPROVE
0.19894397,0.20512266,0,0.10372,HOLD
0.04575041,0.08256783,0,0.04583333333333333,APPROVE
0.5609485,0.4947263,0,0.11509708737864077,HOLD
0.16147886,0.17515059,0,0.039233333333333335,HOLD
0.26319605,0.25652435,0,0.3255,HOLD
0.3811997,0.35092723,0,0.14166666666666666,HOLD
0.8603006,0.734208,0,0.2339,REJECT
0.20110036,0.20684779,0,0.05,HOLD
0.14417279,0.16130573,0,0.39820833333333333,HOLD
0.41217157,0.37570477,0,0.04933333333333333,HOLD
0.19988444,0.20587505,0,0.3087142857142857,HOLD
0.58711356,0.5156584,0,0.23232,HOLD
0.22306475,0.2244193,0,0.16525,HOLD
0.053521615,0.08878479,0,0.12652,APPROVE
0.11071134,0.13453656,0,0.19109375,APPROVE
0.16175057,0.17536795,0,0.3445,HOLD
0.5667534,0.49937022,0,0.4638,REJECT
0.22759968,0.22804724,0,0.16405,HOLD
0.47891626,0.4291005,0,0.17683333333333334,HOLD
0.18327396,0.19258666,0,0.18955555555555556,HOLD
0.3887723,0.35698533,0,0.12582555711790022,HOLD
0.77508223,0.6660333,1,0.1,REJECT
0.15437102,0.16946432,0,0.07463333333333333,HOLD
0.14588773,0.16267768,0,0.27040909090909093,HOLD
0.44473925,0.4017589,0,0.1017125,HOLD
0.3058515,0.2906487,0,0.18082608695652175,HOLD
0.38783064,0.35623202,0,0.2073,HOLD
0.25863862,0.2528784,0,0.1048,HOLD
0.86415476,0.73729134,1,0.23564,REJECT
0.20604597,0.21080427,0,0.2837,HOLD
0.116492786,0.13916172,0,0.2485945945945946,APPROVE
0.22996303,0.22993793,0,0.1944,HOLD
0.8001882,0.68611807,0,0.14666,REJECT
0.16034906,0.17424674,0,0.218,HOLD
0.18489335,0.19388218,0,0.13239285714285715,HOLD
0.40900296,0.37316987,0,0.11852727272727273,HOLD
0.37058794,0.34243786,0,0.17965,HOLD
0.101876125,0.12746839,0,0.22262222222222222,APPROVE
0.3324027,0.31188965,0,0.2914,HOLD
0.15576224,0.17057729,0,0.24353571428571427,HOLD
0.7826321,0.67207325,0,0.22506666666666666,REJECT
0.3007407,0.28656006,0,0.07533333333333334,HOLD
0.247183,0.24371389,0,0.19117857142857142,HOLD
0.25166276,0.2472977,0,0.05858536585365854,HOLD
0.32807726,0.3084293,0,0.03991111111111111,HOLD
0.091801554,0.11940875,0,0.2624468085106383,APPROVE
0.3601952,0.33412364,0,0.06,HOLD
0.045967266,0.08274131,0,0.22935384615384616,APPROVE
0.28643653,0.2751167,0,0.22505714285714284,HOLD
0.36493534,0.33791578,0,0.13032,HOLD
0.14030772,0.15821368,0,0.3,HOLD
0.60654193,0.53120106,0,0.13064,HOLD
0.2795922,0.26964125,0,0.161125,HOLD
0.34625256,0.32296956,0,0.092,HOLD
0.21549277,0.2183617,0,0.075,HOLD
0.08855472,0.11681128,0,0.1683888888888889,APPROVE
0.37117794,0.34290984,0,0.1398,HOLD
0.7588738,0.6530666,1,0.59625,REJECT
0.6640571,0.57721317,1,0.10755555555555556,HOLD
0.09966883,0.12570256,0,0.28244,APPROVE
0.53537166,0.47426483,0,0.142,HOLD
0.7458619,0.64265704,1,0.43516,REJECT
0.30192184,0.28750497,0,0.1203125,HOLD
0.09536481,0.122259356,0,0.08748333333333333,APPROVE
0.8081518,0.69248897,0,0.06095,REJECT
0.20528631,0.21019654,0,0.27344,HOLD
0.53791565,0.4763,0,0.275875,HOLD
0.092680424,0.120111845,0,0.17756,APPROVE
0.4328482,0.39224604,0,0.2199,HOLD
0.77036446,0.6622591,0,0.0422,REJECT
0.41097206,0.37474513,0,0.17725,HOLD
0.33005655,0.31001273,0,0.09243333333333334,HOLD
0.68209326,0.59164214,0,0.4155,REJECT
0.3907737,0.35858646,0,0.1,HOLD
0.31814954,0.30048713,0,0.21544827586206897,HOLD
0.10734197,0.13184106,0,0.2846470588235294,APPROVE
0.26664928,0.2592869,0,0.24258333333333335,HOLD
0.33717158,0.31570476,0,0.09728,HOLD
0.58784914,0.51624686,0,0.11302666666666666,HOLD
0.29005843,0.27801424,0,0.2424375,HOLD
0.045145612,0.08208399,0,0.0638076923076923,APPROVE
0.2509855,0.2467559,0,0.2991904761904762,HOLD
0.046713565,0.08333836,0,0.2149,APPROVE
0.16222799,0.17574988,0,0.13215714285714286,HOLD
0.26551318,0.25837806,0,0.14246875,HOLD
0.7029826,0.6083536,0,0.13042857142857142,HOLD
0.4616419,0.41528103,0,0.07358333333333333,HOLD
0.37413025,0.3452717,0,0.2526,HOLD
0.34085602,0.3186523,0,0.0846,HOLD
0.48236483,0.43185937,0,0.10913793103448276,HOLD
0.46950582,0.42157215,0,0.16924,HOLD
0.050607897,0.08645382,0,0.23731818181818182,APPROVE
0.027209416,0.06773503,0,0.17308333333333334,APPROVE
0.18333472,0.19263527,0,0.1357142857142857,HOLD
0.038979128,0.0771508,0,0.17527777777777778,APPROVE
0.18493272,0.19391367,0,0.30232,HOLD
0.5895206,0.517584,0,0.22092857142857142,HOLD
0.085058995,0.11401469,0,0.053475,APPROVE
0.46333182,0.41663295,0,0.167075,HOLD
0.59065926,0.51849496,0,0.1088,HOLD
0.7595382,0.65359807,0,0.127325,REJECT
0.23150721,0.23117326,0,0.24951428571428572,HOLD
0.52378094,0.46499225,0,0.12652,HOLD
0.23368387,0.23291458,0,0.18403125,HOLD
0.39151627,0.3591805,0,0.10808888888888889,HOLD
0.49328232,0.44059336,0,0.1336,HOLD
0.75172114,0.64734447,0,0.20024631920730002,HOLD
0.5471137,0.48365846,0,0.1696,HOLD
0.021218223,0.06294208,0,0.23062222222222223,APPROVE
0.19434959,0.20144716,0,0.16185365853658537,HOLD
0.11036715,0.13426122,0,0.11557777777777778,APPROVE
0.13713437,0.155675,0,0.1804,HOLD
0.573573,0.50482595,0,0.1748,HOLD
0.11883843,0.14103824,0,0.24190697674418604,APPROVE
0.7271606,0.627696,0,0.168,HOLD
0.429194,0.3893227,0,0.1689,HOLD
0.7917916,0.6794008,0,0.30365,REJECT
0.50325865,0.44857442,0,0.21526666666666666,HOLD
0.4869195,0.4355031,0,0.20552,HOLD
0.352861,0.32825628,0,0.1265217391304348,HOLD
0.5092813,0.4533925,0,0.13973333333333332,HOLD
0.35587996,0.33067146,0,0.08293333333333333,HOLD
0.5350968,0.47404495,0,0.16328571428571428,HOLD
0.69195235,0.5995294,0,0.29356,HOLD
0.1725316,0.18399277,0,0.05468888888888889,HOLD
0.7191147,0.62125933,0,0.16361764705882353,HOLD
0.44058564,0.398436,0,0.170475,HOLD
0.21166804,0.21530193,0,0.1926857142857143,HOLD
0.10650264,0.1311696,0,0.0813875,APPROVE
0.43281087,0.3922162,0,0.12916,HOLD
0.24781965,0.2442232,0,0.18776666666666667,HOLD
0.5825944,0.51204306,0,0.34724,HOLD
0.07463359,0.10567438,0,0.1493,APPROVE
0.10014386,0.12608258,0,0.1306,APPROVE
0.40212804,0.36766994,0,0.21207692307692308,HOLD
0.071938224,0.103518076,0,0.11218333333333333,APPROVE
0.61694807,0.539526,0,0.17185,HOLD
0.44955856,0.40561435,0,0.07211428571428571,HOLD
0.07425451,0.10537111,0,0.166375,APPROVE
0.5726999,0.50412744,0,0.233,HOLD
0.14204004,0.15959953,0,0.07631428571428571,HOLD
0.39661416,0.36325884,0,0.34824,HOLD
0.5953578,0.52225375,0,0.20525925925925925,HOLD
0.6980567,0.6044129,0,0.13114,HOLD
0.54827315,0.484586,0,0.08574285714285715,HOLD
0.24941693,0.24550104,0,0.2700666666666667,HOLD
0.6232414,0.5445607,0,0.2561428571428571,HOLD
0.16793063,0.180312,0,0.13491666666666666,HOLD
0.069217704,0.101341665,0,0.13494117647058823,APPROVE
0.029572729,0.06962568,0,0.29598,APPROVE
0.7878653,0.67625976,0,0.11138333333333333,REJECT
0.2993071,0.28541318,0,0.0982,HOLD
0.13468534,0.15371576,0,0.07581666666666667,HOLD
0.47429493,0.42540345,1,0.21111666666666667,HOLD
0.5694823,0.5015534,0,0.1282875,HOLD
0.24809994,0.24444744,0,0.18664,HOLD
0.3756267,0.34646887,0,0.1469125,HOLD
0.16891092,0.18109623,0,0.811,REJECT
0.2068314,0.2114326,0,0.25412,HOLD
0.43919727,0.3973253,0,0.13136,HOLD
0.7013058,0.60701215,0,0.1685,HOLD
0.55272484,0.48814738,0,0.2894285714285714,HOLD
0.10212477,0.12766731,0,0.058525,APPROVE
0.25202623,0.24758847,0,0.1262909090909091,HOLD
0.5217766,0.4633888,0,0.12383076923076923,HOLD
0.60861653,0.53286076,0,0.10966,HOLD
0.07378719,0.104997255,0,0.38289655172413795,APPROVE
0.06437171,0.09746487,0,0.24641666666666667,APPROVE
0.45068756,0.40651754,0,0.18976666666666667,HOLD
0.78016394,0.67009866,0,0.29019047619047617,REJECT
0.33595252,0.3147295,0,0.06521739130434782,HOLD
0.23304474,0.2324033,0,0.08404285714285714,HOLD
0.14688443,0.16347504,0,0.15295238095238095,HOLD
0.13729878,0.15580651,0,0.07907142857142857,HOLD
0.595389,0.5222787,0,0.19313333333333332,HOLD
0.24889879,0.24508652,0,0.15384615384615385,HOLD
0.08075541,0.11057184,0,0.11636666666666666,APPROVE
0.77341163,0.6646968,0,0.173675,REJECT
0.21744682,0.21992494,1,0.2967666666666667,HOLD
0.22327529,0.22458772,0,0.19196363636363636,HOLD
0.04995176,0.08592891,0,0.10966,APPROVE
0.21005721,0.21401326,0,0.237,HOLD
0.63296914,0.55234283,0,0.0625,HOLD
0.24410994,0.24125545,0,0.09375,HOLD
0.49592528,0.44270772,0,0.11443421052631579,HOLD
0.21008661,0.21403678,1,0.15504347826086956,HOLD
0.17118275,0.18291369,0,0.2842692307692308,HOLD
0.6593066,0.5734128,0,0.19607272727272726,HOLD
0.36176836,0.3353822,0,0.22183333333333333,HOLD
0.36215502,0.3356915,0,0.16516239580668385,HOLD
0.2027016,0.20812877,0,0.3022222222222222,HOLD
0.17803665,0.18839681,0,0.49455,REJECT
0.48602518,0.43478763,0,0.13486005089058525,HOLD
0.13012652,0.15006872,1,0.14444444444444443,HOLD
0.90715104,0.77168834,0,0.2664,REJECT
0.29742387,0.2839066,0,0.12856521739130436,HOLD
0.77699566,0.66756403,0,0.167,REJECT
0.12973408,0.14975476,0,0.216325,APPROVE
0.09947816,0.12555003,0,0.1158,APPROVE
0.22893992,0.22911943,0,0.27657894736842104,HOLD
0.24469185,0.24172097,0,0.19886666666666666,HOLD
0.18528585,0.19419618,0,0.23742857142857143,HOLD
0.09802819,0.12439006,0,0.2117857142857143,APPROVE
0.3705538,0.34241053,0,0.35923076923076924,HOLD
0.439255,0.3973715,0,0.15594285714285713,HOLD
0.058344215,0.09264287,0,0.2750666666666667,APPROVE
0.5432306,0.48055196,0,0.18571875,HOLD
0.28269047,0.27211988,1,0.0933,HOLD
0.59136033,0.5190558,0,0.2573913043478261,HOLD
0.3438201,0.32102358,0,0.1525,HOLD
0.017612152,0.060057223,0,0.23536363636363636,APPROVE
0.29114515,0.2788836,0,0.31916666666666665,HOLD
0.025573572,0.06642636,0,0.28768333333333335,APPROVE
0.3239727,0.30514565,0,0.08232,HOLD
0.2512404,0.24695982,0,0.2744594594594595,HOLD
0.49967548,0.4457079,0,0.05,HOLD
0.27311233,0.26445737,0,0.21225,HOLD
0.35682094,0.33142424,0,0.17,HOLD
0.23420776,0.2333337,0,0.27675,HOLD
0.41026315,0.37417802,0,0.044444444444444446,HOLD
0.34234232,0.31984136,0,0.15,HOLD
0.11368953,0.13691911,0,0.12614285714285714,APPROVE
0.45173994,0.40735945,0,0.16376923076923078,HOLD
0.37723842,0.34775823,0,0.13023076923076923,HOLD
0.3867481,0.355366,0,0.2956,HOLD
0.6009933,0.5267622,0,0.2684864864864865,HOLD
0.12696481,0.14753935,0,0.39758,APPROVE
0.64682126,0.5634245,0,0.2656,HOLD
0.35748035,0.33195177,0,0.0968,HOLD
0.09595883,0.12273457,0,0.11785714285714285,APPROVE
0.24303266,0.24039362,0,0.15,HOLD
0.031313296,0.07101814,0,0.277975,APPROVE
0.24003196,0.23799306,0,0.11257954545454546,HOLD
0.6258558,0.5466522,1,0.18517142857142857,HOLD
0.09224793,0.119765855,0,0.1942,APPROVE
0.64958733,0.5656374,0,0.2046904761904762,HOLD
0.14469436,0.16172299,0,0.13152,HOLD
0.3663783,0.33907014,0,0.16985185185185186,HOLD
0.18302603,0.19238831,0,0.1,HOLD
0.11762465,0.14006722,0,0.25327777777777777,APPROVE
0.41297185,0.37634498,0,0.1447,HOLD
0.64742297,0.5639059,1,0.28375,HOLD
0.6788891,0.5890788,0,0.13748,HOLD
0.49333587,0.4406362,1,0.1704736842105263,HOLD
0.33695635,0.31553257,0,0.282075,HOLD
0.17472173,0.18574488,0,0.2063125,HOLD
0.29655957,0.28321517,0,0.09034210526315789,HOLD
0.37399235,0.34516138,0,0.35820833333333335,HOLD
0.25757122,0.25202447,0,0.12462962962962963,HOLD
0.12475721,0.14577326,0,0.09782608695652174,APPROVE
0.13020587,0.1501322,0,0.19486666666666666,HOLD
0.5713589,0.5030547,0,0.14483333333333334,HOLD
0.3496813,0.32571253,0,0.212,HOLD
0.18979707,0.19780515,0,0.5585135135135135,REJECT
0.111298196,0.13500606,0,0.07765333333333334,APPROVE
0.54318744,0.48051745,1,0.15833333333333333,HOLD
0.49572155,0.44254473,0,0.2633666666666667,HOLD
0.34201044,0.31957585,0,0.2043,HOLD
0.2990309,0.28519222,0,0.191875,HOLD
0.31210205,0.29564914,0,0.10482978723404256,HOLD
0.64656055,0.563216,0,0.12,HOLD
0.17023665,0.18215682,0,0.22857777777777777,HOLD
0.18429165,0.19340082,0,0.30582608695652175,HOLD
0.17997192,0.18994503,0,0.59196,REJECT
0.6488473,0.56504536,0,0.242,HOLD
0.7236135,0.6248583,0,0.1431,HOLD
0.2916603,0.27929574,0,0.3884,HOLD
0.47359508,0.42484355,0,0.12825,HOLD
0.34492117,0.32190442,0,0.1145,HOLD
0.36071047,0.33453587,0,0.2867,HOLD
0.7229831,0.624354,1,0.16841666666666666,HOLD
0.21132682,0.21502896,0,0.15188524590163935,HOLD
0.25664708,0.25128517,0,0.07206666666666667,HOLD
0.0028143318,0.048218966,0,0.29174285714285714,APPROVE
0.5082621,0.45257717,0,0.09265,HOLD
0.4834189,0.43270263,0,0.19179166666666667,HOLD
0.67868817,0.5889181,1,0.15437777777777778,HOLD
0.37430516,0.34541163,0,0.08343333333333333,HOLD
0.16085716,0.17465322,0,0.14,HOLD
0.6605273,0.57438934,0,0.12474285714285714,HOLD
0.29575115,0.28256842,1,0.10055,HOLD
0.26015374,0.2540905,0,0.10152,HOLD
0.1763834,0.18707421,0,0.1,HOLD
0.22270313,0.22412999,0,0.10533333333333333,HOLD
0.64441496,0.5614995,0,0.27692,HOLD
0.52895075,0.4691281,0,0.2485925925925926,HOLD
0.44004315,0.39800203,1,0.10625,HOLD
0.64160824,0.5592541,0,0.12954,HOLD
0.41391465,0.37709922,0,0.18644,HOLD
0.19499129,0.20196052,0,0.075,HOLD
0.41896293,0.38113785,1,0.112925,HOLD
0.5111676,0.45490158,0,0.08203333333333333,HOLD
0.48729807,0.43580595,0,0.23970833333333333,HOLD
0.31258076,0.2960321,0,0.29715,HOLD
0.24322645,0.24054866,0,0.14314035087719298,HOLD
0.2812767,0.27098885,0,0.1976875,HOLD
0.09833953,0.12463913,0,0.3087714285714286,APPROVE
0.39160675,0.3592529,0,0.12674,HOLD
0.21128777,0.21499771,0,0.0935,HOLD
0.56876343,0.5009783,0,0.36743333333333333,HOLD
0.33284116,0.31224042,0,0.15,HOLD
0.25641525,0.2510997,0,0.1808,HOLD
0.5868009,0.5154082,0,0.24376,HOLD
0.53615624,0.4748925,0,0.13714285714285715,HOLD
0.49237543,0.43986785,0,0.19478,HOLD
0.76182646,0.6554287,0,0.26148571428571427,REJECT
0.71913433,0.621275,0,0.28,HOLD
0.15302329,0.16838613,0,0.26529411764705885,HOLD
0.1655244,0.178387,0,0.1302,HOLD
0.14389184,0.16108097,0,0.13062,HOLD
0.61148065,0.5351521,0,0.14732,HOLD
0.19857061,0.20482399,0,0.10484285714285714,HOLD
0.36985865,0.34185442,0,0.1768913043478261,HOLD
0.41501606,0.37798035,0,0.08272916666666667,HOLD
0.38172272,0.35134566,0,0.12916666666666668,HOLD
0.18790865,0.19629441,0,0.25694285714285714,HOLD
0.07903767,0.10919764,0,0.08352083333333334,APPROVE
0.32556108,0.30641636,0,0.13705555555555557,HOLD
0.22984432,0.22984295,0,0.26213333333333333,HOLD
0.52401125,0.4651765,0,0.14634545454545456,HOLD
0.7248868,0.62587696,0,0.115225,HOLD
0.42922664,0.3893488,1,0.09210526315789473,HOLD
0.022045614,0.06360399,0,0.10383333333333333,APPROVE
0.3886511,0.35688838,0,0.14495555555555556,HOLD
0.28024957,0.27016714,0,0.15863333333333332,HOLD
0.4695058,0.42157212,0,0.12885,HOLD
0.12232055,0.14382394,0,0.1,APPROVE
0.7249653,0.6259397,0,0.16185714285714287,HOLD
0.09751341,0.123978235,0,0.3386756756756757,APPROVE
0.3709792,0.34275085,0,0.16666666666666666,HOLD
0.60638976,0.53107935,0,0.0638421052631579,HOLD
0.17258272,0.18403366,0,0.17872340425531916,HOLD
0.1392455,0.15736389,0,0.12517777777777778,HOLD
0.30019093,0.28612024,0,0.15947272727272727,HOLD
0.5189477,0.46112567,0,0.28045,HOLD
0.18008193,0.19003303,0,0.19928,HOLD
0.71961546,0.6216599,1,0.17148275862068965,HOLD
0.6703679,0.58226186,0,0.0694125,HOLD
0.121743806,0.14336254,0,0.22526666666666667,APPROVE
0.6653213,0.57822454,0,0.11808571428571428,HOLD
0.20782827,0.2122301,0,0.22976,HOLD
0.3278548,0.30825135,0,0.12810526315789475,HOLD
0.45179647,0.40740466,0,0.18,HOLD
0.093300425,0.120607845,0,0.12346666666666667,APPROVE
0.37984267,0.34984162,0,0.11802857142857143,HOLD
0.4190917,0.38124084,0,0.242,HOLD
0.6786145,0.58885914,1,0.2911666666666667,HOLD
0.87294084,0.7443202,0,0.256,REJECT
0.10328947,0.12859908,0,0.043086206896551724,APPROVE
0.28630358,0.27501038,0,0.1533157894736842,HOLD
0.16376849,0.17698228,0,0.1264,HOLD
0.23244739,0.2319254,0,0.0287,HOLD
0.6649222,0.5779053,1,0.19636666666666666,HOLD
0.037835058,0.07623555,0,0.10714285714285714,APPROVE
0.27804023,0.2683997,0,0.3014857142857143,HOLD
0.5646058,0.4976521,0,0.36225,HOLD
0.6199264,0.5419087,0,0.26053846153846155,HOLD
0.18597306,0.19474594,0,0.1358888888888889,HOLD
0.033438385,0.07271821,1,0.07064285714285715,APPROVE
0.55404776,0.48920572,1,0.19216,HOLD
0.36726794,0.33978185,0,0.32054285714285713,HOLD
0.24481605,0.24182034,1,0.1498,HOLD
0.23612179,0.23486492,0,0.1667142857142857,HOLD
0.59925663,0.52537286,0,0.175125,HOLD
0.22959737,0.22964539,0,0.07472727272727273,HOLD
0.18494472,0.19392326,0,0.44366666666666665,REJECT
0.27122846,0.26295027,0,0.3343333333333333,HOLD
0.75518113,0.65011245,0,0.11973333333333333,REJECT
0.4123775,0.3758695,0,0.12095238095238095,HOLD
0.14896183,0.16513696,0,0.22896296296296295,HOLD
0.25731128,0.25181654,0,0.2131111111111111,HOLD
0.28280023,0.27220768,0,0.2753478260869565,HOLD
0.094092555,0.12124155,0,0.158875,APPROVE
0.36548987,0.3383594,0,0.0908,HOLD
0.079566315,0.10962055,0,0.1111875,APPROVE
0.18426369,0.19337845,0,0.1457142857142857,HOLD
0.01714062,0.059679996,0,0.1437142857142857,APPROVE
0.06492639,0.097908616,0,0.13592452830188678,APPROVE
0.2793895,0.2694791,0,0.122,HOLD
0.33498475,0.3139553,0,0.136625,HOLD
0.6626698,0.5761033,0,0.21430434782608695,HOLD
0.34598705,0.32275712,0,0.11886666666666666,HOLD
0.28869915,0.27692682,0,0.2382,HOLD
0.5831009,0.51244825,0,0.31527777777777777,HOLD
0.034817558,0.073821545,0,0.21666666666666667,APPROVE
0.25807846,0.25243026,0,0.0856,HOLD
0.51583594,0.45863625,0,0.12257142857142857,HOLD
0.571395,0.5030835,0,0.17816,HOLD
0.5563485,0.4910463,0,0.11524242424242424,HOLD
0.1221083,0.14365414,0,0.052033333333333334,APPROVE
0.028640527,0.068879925,0,0.12743589743589745,APPROVE
0.45055,0.40640748,0,0.12178571428571429,HOLD
0.16309388,0.1764426,0,0.06666666666666667,HOLD
0.242171,0.2397043,0,0.2653,HOLD
0.34978333,0.32579416,0,0.3288,HOLD
0.2468491,0.24344678,0,0.10105714285714286,HOLD
0.10168733,0.12731735,0,0.25864,APPROVE
0.193563,0.2008179,0,0.3476666666666667,HOLD
0.58174133,0.5113606,1,0.1925,HOLD
0.57702214,0.5075852,1,0.4436,REJECT
0.55367327,0.48890612,1,0.161,HOLD
0.37631157,0.34701675,0,0.17794545454545455,HOLD
0.15158887,0.1672386,0,0.044,HOLD
0.79926497,0.6853795,1,0.17969230769230768,REJECT
0.15728046,0.17179187,0,0.11613333333333334,HOLD
0.8638941,0.73708284,0,0.19782142857142856,REJECT
0.28930107,0.27740836,0,0.13623333333333335,HOLD
0.34585613,0.3226524,0,0.39578125,HOLD
0.18971641,0.19774063,0,0.5772,REJECT
0.30691135,0.29149657,1,0.06649090909090909,HOLD
0.91690993,0.7794955,0,0.2368,REJECT
0.18182263,0.19142559,0,0.098,HOLD
0.18125759,0.19097356,0,0.0389,HOLD
0.24252683,0.23998895,0,0.16152777777777777,HOLD
0.079187006,0.1093171,0,0.336,APPROVE
0.52489376,0.4658825,0,0.0774,HOLD
0.42133966,0.38303924,0,0.474,REJECT
0.1792194,0.189343,0,0.3492,HOLD
0.6675574,0.58001345,0,0.23406666666666667,HOLD
0.4236043,0.38485095,0,0.09285,HOLD
0.028511053,0.06877635,0,0.09083333333333334,APPROVE
0.2110485,0.21480629,0,0.17043333333333333,HOLD
0.19551627,0.20238051,0,0.068,HOLD
0.03919005,0.07731954,0,0.07188888888888889,APPROVE
0.597244,0.52376276,0,0.099475,HOLD
0.7818282,0.6714301,0,0.1159,REJECT
0.41369432,0.37692297,0,0.18666666666666668,HOLD
0.39700532,0.36357176,0,0.02857142857142857,HOLD
0.7369645,0.6355392,0,0.19955555555555557,HOLD
0.22387508,0.22506756,1,0.17075555555555555,HOLD
0.35053617,0.32639644,0,0.26415,HOLD
0.3151937,0.29812247,0,0.2185111111111111,HOLD
0.7695496,0.6616072,0,0.22531428571428572,REJECT
0.16958141,0.18163262,0,0.20834615384615385,HOLD
0.14349625,0.16076449,0,0.15714285714285714,HOLD
0.08927064,0.11738401,0,0.09938666666666666,APPROVE
0.71553475,0.6183953,0,0.33634285714285717,HOLD
0.4654773,0.41834933,1,0.03668,HOLD
0.3429892,0.32035887,0,0.18643410852713177,HOLD
0.5315554,0.47121182,0,0.15695121951219512,HOLD
0.09150863,0.1191744,0,0.387675,APPROVE
0.0067200633,0.051343553,0,0.8184333333333333,REJECT
0.4669017,0.41948885,0,0.1665,HOLD
0.0919078,0.119493745,0,0.10448571428571428,APPROVE
0.28436413,0.2734588,0,0.1,HOLD
0.38786644,0.35626066,0,0.23423333333333332,HOLD
0.49600494,0.44277143,0,0.15,HOLD
0.1537328,0.16895375,0,0.10294285714285714,HOLD
0.54696214,0.4835372,0,0.14826666666666666,HOLD
0.30213013,0.2876716,0,0.17529268292682926,HOLD
0.29829758,0.28460556,0,0.13881751824817518,HOLD
0.20395283,0.20912977,0,0.1518,HOLD
0.11580975,0.1386153,0,0.19293333333333335,APPROVE
0.54289657,0.48028475,0,0.2376086956521739,HOLD
0.29635692,0.28305304,0,0.209,HOLD
0.08294412,0.1123228,0,0.1217,APPROVE
0.011699961,0.055327468,0,0.04285714285714286,APPROVE
0.4053221,0.3702252,0,0.44881818181818184,REJECT
0.10509339,0.13004221,0,0.15665384615384614,APPROVE
0.43785754,0.39625353,1,0.25626666666666664,HOLD
0.7864429,0.67512184,0,0.1408222222222222,REJECT
0.28276628,0.27218053,0,0.08807142857142858,HOLD
0.2504638,0.24633855,0,0.2589,HOLD
0.008315012,0.05261951,0,0.20767307692307693,APPROVE
0.12864229,0.14888133,0,0.19694285714285714,APPROVE
0.7489232,0.6451061,0,0.31982,HOLD
0.14736958,0.16386315,0,0.369375,HOLD
0.07170986,0.10333539,0,0.1436,APPROVE
0.095974505,0.1227471,0,0.28997368421052633,APPROVE
0.5234981,0.464766,0,0.20746666666666666,HOLD
0.41280806,0.37621394,0,0.13544,HOLD
0.29755184,0.28400898,0,0.15257142857142858,HOLD
0.1971316,0.20367278,0,0.24794444444444444,HOLD
0.015033603,0.057994384,0,0.12046,APPROVE
0.43583384,0.39463457,0,0.19166666666666668,HOLD
0.6703221,0.5822252,0,0.12628571428571428,HOLD
0.120398976,0.14228667,0,0.12376,APPROVE
0.40438053,0.3694719,0,0.19113333333333332,HOLD
0.042046357,0.07960459,0,0.16,APPROVE
0.1031232,0.12846605,0,0.09284444444444444,APPROVE
0.46616715,0.4189012,0,0.24773333333333333,HOLD
0.1279262,0.14830846,0,0.07806666666666667,APPROVE
0.15279895,0.16820666,0,0.15008888888888888,HOLD
0.53299,0.47235948,0,0.072,HOLD
0.12384676,0.14504491,0,0.21321875,APPROVE
0.64875245,0.5649695,0,0.13128571428571428,HOLD
0.47441244,0.42549744,0,0.16394444444444445,HOLD
0.19412225,0.20126529,0,0.26908,HOLD
0.2886063,0.27685252,0,0.32042857142857145,HOLD
0.49950856,0.44557434,0,0.26082608695652176,HOLD
0.30512547,0.29006788,0,0.21864444444444445,HOLD
0.047590073,0.08403956,1,0.0416,APPROVE
0.27901003,0.26917553,0,0.336,HOLD
0.6940905,0.6012399,0,0.2278,HOLD
0.10706485,0.13161938,0,0.1072,APPROVE
0.17111287,0.18285778,0,0.1630888888888889,HOLD
0.7847794,0.67379105,0,0.07527777777777778,REJECT
0.5585994,0.49284703,1,0.12705714285714287,HOLD
0.23929799,0.23740588,0,0.15615625,HOLD
0.22780854,0.22821432,0,0.3088235294117647,HOLD
0.11040723,0.13429329,0,0.06016666666666667,APPROVE
0.2059734,0.21074621,0,0.170025,HOLD
0.3500194,0.32598302,0,0.125,HOLD
0.09736427,0.12385892,0,0.1302,APPROVE
0.29394847,0.2811263,0,0.15341935483870967,HOLD
0.5529032,0.48829004,0,0.10311111111111111,HOLD
0.16177303,0.1753859,0,0.05965217391304348,HOLD
0.42150924,0.3831749,0,0.12225,HOLD
0.55606097,0.49081627,0,0.3288,HOLD
0.08876545,0.11697986,0,0.47396153846153843,REJECT
0.72044307,0.62232196,0,0.19723333333333334,HOLD
0.37178615,0.34339643,0,0.1942,HOLD
0.739691,0.63772035,0,0.32976,HOLD
0.15127751,0.1669895,0,0.12,HOLD
0.18425114,0.1933684,0,0.10762962962962963,HOLD
0.16242228,0.17590532,0,0.30873333333333336,HOLD
0.8043193,0.68942297,0,0.28004545454545454,REJECT
0.5301652,0.47009966,0,0.2730666666666667,HOLD
0.35386926,0.3290629,0,0.181125,HOLD
0.12850642,0.14877263,0,0.13136666666666666,APPROVE
0.21077125,0.21458448,0,0.22105263157894736,HOLD
0.42442384,0.38550657,0,0.3741,HOLD
0.28002155,0.26998475,0,0.29941666666666666,HOLD
0.48182067,0.43142402,0,0.21965714285714286,HOLD
0.3068533,0.29145014,0,0.11868085106382979,HOLD
0.48503992,0.43399942,0,0.26471428571428574,HOLD
0.2711181,0.262862,0,0.17015555555555556,HOLD
0.68633825,0.5950381,1,0.15376,HOLD
0.0282875,0.0685975,0,0.04285714285714286,APPROVE
0.059572738,0.09362569,0,0.35706666666666664,APPROVE
0.47854626,0.42880452,1,0.22640625,HOLD
0.68827534,0.5965878,0,0.19977142857142857,HOLD
0.059228912,0.09335063,0,0.07348571428571428,APPROVE
0.84202486,0.71958745,0,0.11532857142857143,REJECT
0.28773674,0.2761569,0,0.13394444444444445,HOLD
0.8787762,0.7489885,1,0.2097,REJECT
0.7490203,0.64518374,0,0.1394074074074074,HOLD
0.10225666,0.12777282,0,0.1086,APPROVE
0.48022848,0.43015027,1,0.448,REJECT
0.2246416,0.22568078,0,0.037546875,HOLD
0.057101812,0.09164895,0,0.03573333333333333,APPROVE
0.5954302,0.5223117,0,0.23872,HOLD
0.29199624,0.2795645,0,0.1398,HOLD
0.63449585,0.5535642,0,0.14285714285714285,HOLD
0.41051963,0.3743832,0,0.09523809523809523,HOLD
0.3444856,0.32155597,0,0.15811111111111112,HOLD
0.47401038,0.4251758,0,0.17744444444444443,HOLD
0.7456754,0.64250785,0,0.16308,HOLD
0.7598308,0.65383214,1,0.21818518518518518,REJECT
0.45893478,0.41311532,1,0.28,HOLD
0.41280186,0.376209,0,0.17497142857142858,HOLD
0.23481971,0.23382325,0,0.13835897435897435,HOLD
0.28111687,0.270861,1,0.26985714285714285,HOLD
0.654394,0.5694827,0,0.16954285714285713,HOLD
0.6241257,0.5452681,0,0.17022857142857142,HOLD
0.3821087,0.35165444,0,0.47486666666666666,REJECT
0.36680806,0.33941394,0,0.29684,HOLD
0.27548888,0.2663586,0,0.26428,HOLD
0.21527012,0.21818359,0,0.08571428571428572,HOLD
0.24627511,0.24298759,0,0.15,HOLD
0.19698782,0.20355774,0,0.34015,HOLD
0.8874969,0.75596505,1,0.28362857142857145,REJECT
0.13873257,0.15695354,0,0.2590857142857143,HOLD
0.13819797,0.15652588,0,0.08166666666666667,HOLD
0.73859465,0.63684326,0,0.2786666666666667,HOLD
0.6457854,0.56259584,0,0.21709375,HOLD
0.40985176,0.37384892,0,0.10421052631578948,HOLD
0.43403435,0.39319497,0,0.18796666666666667,HOLD
0.50939536,0.4534838,0,0.122125,HOLD
0.24583076,0.2426321,0,0.32535294117647057,HOLD
0.6036621,0.5288972,0,0.12,HOLD
0.2841443,0.27328295,0,0.24,HOLD
0.11462693,0.13766904,1,0.06703333333333333,APPROVE
0.5323832,0.47187406,0,0.09289795918367347,HOLD
0.587163,0.5156979,1,0.15515,HOLD
0.9405541,0.7984108,1,0.18205263157894735,REJECT
0.13635436,0.15505098,0,0.07653333333333333,HOLD
0.32632568,0.30702806,0,0.11654166666666667,HOLD
0.22877932,0.22899094,0,0.27416666666666667,HOLD
0.35319254,0.32852152,0,0.21832,HOLD
0.055994615,0.09076319,0,0.12436,APPROVE
0.5477526,0.4841696,0,0.16478181818181817,HOLD
0.93290955,0.79229516,1,0.1984857142857143,REJECT
0.19236048,0.19985588,0,0.3167,HOLD
0.27104115,0.26280043,0,0.16215,HOLD
0.7022004,0.6077279,0,0.1947,HOLD
0.2561726,0.25090557,0,0.19932,HOLD
0.751475,0.64714754,1,0.1295,HOLD
0.40931606,0.37342036,0,0.14856,HOLD
0.44346204,0.40073714,0,0.18717857142857142,HOLD
0.23497981,0.23395135,1,0.15105405405405406,HOLD
0.3788735,0.3490663,1,0.21548,HOLD
0.1931457,0.20048405,0,0.08375555555555556,HOLD
0.7064474,0.61112547,0,0.10261,HOLD
0.17296283,0.18433775,0,0.3763,HOLD
0.037016563,0.07558075,0,0.17545714285714287,APPROVE
0.013348232,0.056646086,0,0.20077142857142857,APPROVE
0.14934346,0.16544226,0,0.24194117647058824,HOLD
0.055982318,0.090753354,0,0.172875,APPROVE
0.26560652,0.2584527,0,0.19857142857142857,HOLD
0.66715205,0.57968915,0,0.20524,HOLD
0.7975833,0.68403417,0,0.17526315789473684,REJECT
0.8475504,0.72400784,0,0.338,REJECT
0.65039694,0.5662851,1,0.18697142857142857,HOLD
0.2339926,0.23316158,0,0.15,HOLD
0.17177507,0.18338755,1,0.1410875,HOLD
0.77472746,0.6657495,0,0.3307,REJECT
0.24557759,0.24242957,0,0.048233333333333336,HOLD
0.045982774,0.082753725,0,0.39462,APPROVE
0.07758926,0.10803891,0,0.120975,APPROVE
0.20694736,0.21152538,0,0.36152,HOLD
0.6655596,0.5784152,0,0.5142,REJECT
0.052709367,0.088135,0,0.1193235294117647,APPROVE
0.14950308,0.16556996,0,0.1,HOLD
0.038838286,0.07703813,0,0.12857142857142856,APPROVE
0.29033116,0.27823243,0,0.14998,HOLD
0.18875818,0.19697404,0,0.12,HOLD
0.526099,0.4668467,0,0.1678,HOLD
0.11312501,0.1364675,0,0.26755555555555555,APPROVE
0.11510923,0.13805488,0,0.08621739130434783,APPROVE
0.48008886,0.43003857,0,0.05003076923076923,HOLD
0.22369748,0.22492547,0,0.18083333333333335,HOLD
0.45178226,0.4073933,0,0.14304,HOLD
0.22734489,0.2278434,0,0.25145,HOLD
0.15925905,0.17337473,0,0.09796363636363636,HOLD
0.06743895,0.09991866,0,0.22908,APPROVE
0.5757964,0.5066047,0,0.09017777777777777,HOLD
0.3765417,0.34720087,0,0.248,HOLD
0.4792786,0.42939037,0,0.21234285714285714,HOLD
0.07316314,0.10449801,0,0.15,APPROVE
0.5318079,0.47141382,0,0.14264102564102565,HOLD
0.8675473,0.7400054,1,0.29247826086956524,REJECT
0.27642182,0.26710495,0,0.09196,HOLD
0.38056064,0.350416,0,0.11,HOLD
0.288691,0.27692032,0,0.14285714285714285,HOLD
0.1284798,0.14875133,0,0.13371111111111111,APPROVE
0.6698772,0.58186924,0,0.22236,HOLD
0.61602885,0.53879064,1,0.1260769230769231,HOLD
0.0466359,0.08327622,0,0.14953333333333332,APPROVE
0.23968054,0.23771192,1,0.21445,HOLD
0.3779405,0.3483199,0,0.1923111111111111,HOLD
0.42641455,0.38709915,0,0.17534328358208956,HOLD
0.17049806,0.18236594,0,0.21654545454545454,HOLD
0.21455002,0.21760751,0,0.0976,HOLD
0.4915236,0.43918636,0,0.26575,HOLD
0.10257838,0.1280302,0,0.06772222222222223,APPROVE
0.34336984,0.32066336,0,0.1261,HOLD
0.23156017,0.23121563,0,0.16583333333333333,HOLD
0.4770138,0.42757854,0,0.15952,HOLD
0.46759695,0.42004505,0,0.2682888888888889,HOLD
0.1445304,0.16159181,0,0.22002777777777777,HOLD
0.7802237,0.6701465,1,0.1484375,REJECT
0.14033063,0.158232,0,0.14968,HOLD
0.2570423,0.25160134,0,0.11048148148148149,HOLD
0.22036643,0.22226064,0,0.1325111111111111,HOLD
0.2835737,0.27282646,0,0.1732962962962963,HOLD
0.68939996,0.5974875,1,0.28136,HOLD
0.40610468,0.37085125,0,0.32931818181818184,HOLD
0.26796526,0.2603397,0,0.13076,HOLD
0.61882997,0.54103154,0,0.2894,HOLD
0.31817263,0.3005056,0,0.05556,HOLD
0.31593165,0.29871282,0,0.18473333333333333,HOLD
0.21794425,0.22032289,0,0.1477,HOLD
0.38158524,0.3512357,0,0.10714285714285714,HOLD
0.27966177,0.26969692,0,0.22662420382165605,HOLD
0.4807288,0.43055055,0,0.121975,HOLD
0.77531,0.66621554,0,0.18,REJECT
0.3068757,0.29146805,0,0.125,HOLD
0.61025316,0.5341701,0,0.2944,HOLD
0.7269256,0.62750804,0,0.13458620689655174,HOLD
0.2168492,0.21944685,0,0.28855,HOLD
0.6236249,0.54486746,0,0.3658,HOLD
0.26389298,0.2570819,0,0.1381,HOLD
0.23486039,0.2338558,0,0.1779,HOLD
0.71028936,0.61419904,0,0.11454285714285714,HOLD
0.28642428,0.27510694,0,0.18366666666666667,HOLD
0.5695598,0.5016154,0,0.0912,HOLD
0.23723927,0.23575892,0,0.10395555555555555,HOLD
0.30704272,0.2916017,0,0.2320909090909091,HOLD
0.11798209,0.14035317,0,0.11494444444444445,APPROVE
0.7164717,0.61914486,0,0.07642857142857143,HOLD
0.4961096,0.44285518,0,0.3549,HOLD
0.8111908,0.6949202,1,0.2248,REJECT
0.44188264,0.3994736,0,0.3674,HOLD
0.16688494,0.17947544,0,0.14505,HOLD
0.35635132,0.33104855,0,0.15,HOLD
0.25126192,0.24697703,0,0.1149,HOLD
0.18740198,0.19588907,0,0.2578,HOLD
0.27024353,0.26216233,0,0.15636666666666665,HOLD
0.19863175,0.20487289,0,0.041666666666666664,HOLD
0.14878267,0.16499363,0,0.2063,HOLD
0.19344959,0.20072716,0,0.2588,HOLD
0.3452489,0.32216662,0,0.3499,HOLD
0.14209296,0.15964186,0,0.17602,HOLD
0.63753355,0.5559944,1,0.1852,HOLD
0.18436313,0.19345799,0,0.25766666666666665,HOLD
0.25840944,0.25269505,0,0.07864615384615385,HOLD
0.06955592,0.10161224,0,0.125,APPROVE
0.8091864,0.69331664,1,0.19682857142857144,REJECT
0.32080913,0.3026148,0,0.22908,HOLD
0.379567,0.3496211,0,0.4382,REJECT
0.20467412,0.2097068,0,0.10384444444444445,HOLD
0.48181987,0.4314234,0,0.1717142857142857,HOLD
0.24702269,0.24358565,0,0.12624,HOLD
0.21246143,0.21593663,0,0.17626666666666665,HOLD
0.27427262,0.2653856,0,0.05,HOLD
0.37608874,0.34683847,0,0.1942,HOLD
0.23099828,0.23076612,0,0.13705555555555557,HOLD
0.49248332,0.43995416,0,0.2991333333333333,HOLD
0.028539266,0.068798915,0,0.3919393939393939,APPROVE
0.33323568,0.31255603,0,0.055542857142857144,HOLD
0.40678,0.3713915,0,0.16645714285714286,HOLD
0.32885137,0.3090486,0,0.11076923076923077,HOLD
0.14288098,0.16027227,0,0.2624,HOLD
0.62878835,0.54899824,0,0.15304,HOLD
0.28617185,0.274905,0,0.37156,HOLD
0.8981143,0.764459,0,0.3288888888888889,REJECT
0.3469078,0.32349372,0,0.3771875,HOLD
0.14364234,0.16088137,0,0.1059,HOLD
0.08001309,0.10997797,0,0.12525714285714284,APPROVE
0.3837694,0.352983,0,0.16236,HOLD
0.14304785,0.16040578,0,0.07,HOLD
0.16896199,0.18113708,0,0.3333,HOLD
0.5571188,0.4916625,0,0.40547058823529414,REJECT
0.38487422,0.35386688,0,0.03,HOLD
0.27091372,0.26269847,0,0.19366666666666665,HOLD
0.706674,0.6113067,1,0.026673684210526315,HOLD
0.17738636,0.18787658,0,0.19236363636363638,HOLD
0.4754104,0.42629582,0,0.3126857142857143,HOLD
0.6059611,0.5307364,0,0.1266857142857143,HOLD
0.20213607,0.20767635,0,0.11748,HOLD
0.0916101,0.11925558,0,0.2546451612903226,APPROVE
0.09911155,0.12525673,0,0.14211428571428572,APPROVE
0.5413142,0.47901884,0,0.1574074074074074,HOLD
0.08252052,0.11198392,0,0.10555,APPROVE
0.11758323,0.14003408,0,0.05,APPROVE
0.45552492,0.41038743,0,0.05625,HOLD
0.36855167,0.34080884,0,0.1796,HOLD
0.51964206,0.46168113,0,0.1988095238095238,HOLD
0.63487256,0.55386555,0,0.2896,HOLD
0.021288544,0.06299833,0,0.3505333333333333,APPROVE
0.8279069,0.7082931,0,0.16914285714285715,REJECT
0.41298747,0.37635747,0,0.2576222222222222,HOLD
0.10525436,0.13017099,0,0.0839375,APPROVE
0.4847865,0.4337967,0,0.215575,HOLD
0.22592588,0.22670819,0,0.152125,HOLD
0.58176994,0.5113835,0,0.3636,HOLD
0.058605537,0.09285193,0,0.2914,APPROVE
0.1562799,0.17099142,0,0.1129,HOLD
0.24386464,0.2410592,0,0.21442,HOLD
0.21608713,0.2188372,0,0.22276666666666667,HOLD
0.40576842,0.37058222,0,0.09035714285714286,HOLD
0.30319998,0.2885275,0,0.19356,HOLD
0.30107105,0.28682435,0,0.0974,HOLD
0.36883464,0.34103522,0,0.146925,HOLD
0.565882,0.4986731,0,0.34145,HOLD
0.79459226,0.68164134,0,0.1332375,REJECT
0.2768073,0.26741335,0,0.19721538461538463,HOLD
0.102169104,0.12770277,0,0.10714285714285714,APPROVE
0.08712593,0.115668245,0,0.34012,APPROVE
0.45627218,0.41098523,0,0.16523333333333334,HOLD
0.86806923,0.7404229,1,0.1838,REJECT
0.22576793,0.22658183,0,0.10496,HOLD
0.08291349,0.11229829,0,0.17662857142857144,APPROVE
0.37206095,0.34361625,0,0.2556333333333333,HOLD
0.38391018,0.35309565,0,0.15515,HOLD
0.053516347,0.088780575,0,0.154,APPROVE
0.62584484,0.5466434,1,0.1999142857142857,HOLD
0.14441977,0.16150331,0,0.3772549019607843,HOLD
0.045029495,0.0819911,0,0.10191428571428572,APPROVE
0.3924223,0.35990533,0,0.17497142857142858,HOLD
0.45278695,0.40819705,0,0.14732,HOLD
0.53890157,0.47708875,0,0.20151724137931035,HOLD
0.42653406,0.38719475,0,0.159975,HOLD
0.22528501,0.2261955,0,0.11282352941176471,HOLD
0.16127597,0.17498827,0,0.20710344827586208,HOLD
0.11935945,0.14145505,0,0.2234,APPROVE
0.8679135,0.74029833,0,0.15786666666666666,REJECT
0.30334908,0.28864676,0,0.1452142857142857,HOLD
0.22905155,0.22920872,0,0.2132,HOLD
0.13238947,0.15187907,0,0.18035384615384614,HOLD
0.4036239,0.36886662,0,0.07764285714285714,HOLD
0.20928048,0.21339187,0,0.09166666666666666,HOLD
0.35867757,0.33290955,0,0.2381111111111111,HOLD
0.14588779,0.16267774,0,0.2324,HOLD
0.21254705,0.21600513,0,0.08291428571428572,HOLD
0.10896125,0.1331365,0,0.32824,APPROVE
0.7846133,0.6736582,0,0.3352,REJECT
0.06793041,0.10031182,0,0.16112,APPROVE
0.6249494,0.54592705,0,0.19511111111111112,HOLD
0.2550651,0.25001958,0,0.4707777777777778,REJECT
0.61605066,0.53880805,0,0.448,REJECT
0.12844904,0.14872673,0,0.11358823529411764,APPROVE
0.3275941,0.30804276,1,0.03333333333333333,HOLD
0.39609635,0.3628446,0,0.18,HOLD
0.6955191,0.6023828,1,0.1795,HOLD
0.4244404,0.38551983,0,0.1193,HOLD
0.2016329,0.20727381,0,0.26579411764705885,HOLD
0.65210515,0.5676516,0,0.12029411764705883,HOLD
0.17940782,0.18949375,0,0.1052,HOLD
0.35011673,0.3260609,0,0.19988,HOLD
0.44803843,0.40439823,0,0.7156,REJECT
0.7657497,0.6585673,0,0.19128125,REJECT
0.58601207,0.5147772,0,0.0814,HOLD
0.23833098,0.23663227,0,0.34873333333333334,HOLD
0.10288402,0.12827471,0,0.08787096774193548,APPROVE
0.5167091,0.45933476,0,0.1820625,HOLD
0.78869414,0.67692286,0,0.2199,REJECT
0.22504726,0.2260053,0,0.30415,HOLD
0.23299012,0.23235959,1,0.09636666666666667,HOLD
0.18885979,0.19705532,0,0.24463333333333334,HOLD
0.07358647,0.10483668,0,0.32666666666666666,APPROVE
0.3879893,0.35635895,0,0.15256666666666666,HOLD
0.13663763,0.1552776,0,0.145,HOLD
0.44127488,0.3989874,0,0.10536666666666666,HOLD
0.3288913,0.30908054,0,0.20526315789473684,HOLD
0.21173862,0.21535839,0,0.1064,HOLD
0.15602165,0.17078482,0,0.110325,HOLD
0.25196275,0.24753769,0,0.1137,HOLD
0.27851292,0.26877785,0,0.14723333333333333,HOLD
0.4415329,0.39919382,1,0.23208571428571428,HOLD
0.4802882,0.43019807,0,0.16188,HOLD
0.04033297,0.078233875,0,0.07963934426229508,APPROVE
0.8986181,0.764862,0,0.320475,REJECT
0.3745069,0.345573,0,0.16296153846153846,HOLD
0.27688476,0.2674753,0,0.2846,HOLD
0.17416643,0.18530063,0,0.13636,HOLD
0.40430602,0.3694123,0,0.4738,REJECT
0.5012447,0.44696328,0,0.1859090909090909,HOLD
0.34949493,0.32556343,0,0.18816666666666668,HOLD
0.3828129,0.3522178,0,0.2298,HOLD
0.20784649,0.21224469,0,0.30175,HOLD
0.35011473,0.32605928,0,0.29688,HOLD
0.6406602,0.5584957,0,0.27136,HOLD
0.39546946,0.36234307,0,0.424,REJECT
0.4147843,0.37779495,0,0.126725,HOLD
0.5850275,0.51398957,0,0.0892,HOLD
0.33508787,0.3140378,0,0.10256410256410256,HOLD
0.11382995,0.13703145,0,0.058333333333333334,APPROVE
0.3425779,0.32002982,0,0.09,HOLD
0.37506622,0.34602046,0,0.110375,HOLD
0.521925,0.46350747,0,0.17894,HOLD
0.055493176,0.09036204,0,0.15,APPROVE
0.4622496,0.4157672,0,0.09506666666666666,HOLD
0.4921638,0.43969855,0,0.2236,HOLD
0.28006014,0.27001563,0,0.1,HOLD
0.15557241,0.17042543,0,0.2022,HOLD
0.08800485,0.116371386,0,0.1111111111111111,APPROVE
0.26013646,0.25407666,0,0.07857142857142857,HOLD
0.5330025,0.4723695,0,0.19605,HOLD
0.18704848,0.19560628,0,0.12,HOLD
0.72465307,0.62569,0,0.15323684210526317,HOLD
0.27449077,0.26556012,0,0.11168,HOLD
0.23122607,0.23094834,0,0.1125,HOLD
0.7163743,0.61906695,1,0.08033333333333334,HOLD
0.013631096,0.05687238,0,0.34541428571428573,APPROVE
0.2942422,0.28136125,0,0.22846666666666668,HOLD
0.87528026,0.74619174,1,0.34735,REJECT
0.075640604,0.10647998,0,0.18571428571428572,APPROVE
0.41758928,0.38003892,1,0.12136363636363637,HOLD
0.7105265,0.61438876,1,0.181925,HOLD
0.13000573,0.14997208,0,0.1578,APPROVE
0.2969576,0.2835336,0,0.16674285714285714,HOLD
0.16259658,0.17604476,0,0.21504,HOLD
0.17131987,0.1830234,0,0.06666666666666667,HOLD
0.6692207,0.58134407,1,0.15,HOLD
0.1588922,0.17308125,0,0.263,HOLD
0.08963613,0.117676415,0,0.11388571428571428,APPROVE
0.48469844,0.43372625,0,0.07717142857142857,HOLD
0.29313836,0.28047818,0,0.23445,HOLD
0.30425417,0.28937083,0,0.2207,HOLD
0.300555,0.2864115,0,0.27708,HOLD
0.3299097,0.30989528,0,0.079675,HOLD
0.13857313,0.15682599,0,0.22354285714285715,HOLD
0.20261128,0.20805652,0,0.12924,HOLD
0.2133993,0.21668693,0,0.15168421052631578,HOLD
0.46610215,0.41884923,0,0.19028571428571428,HOLD
0.33245906,0.31193474,1,0.18894285714285713,HOLD
0.56579775,0.4986057,0,0.241275,HOLD
0.59688884,0.5234786,0,0.19902857142857142,HOLD
0.015622508,0.058465507,0,0.07183333333333333,APPROVE
0.8473703,0.7238638,1,0.21430434782608695,REJECT
0.27827975,0.2685913,0,0.29495652173913045,HOLD
0.1457684,0.16258222,0,0.08571428571428572,HOLD
0.32507354,0.30602634,0,0.16977142857142857,HOLD
0.18651924,0.19518287,0,0.05566666666666667,HOLD
0.18417884,0.19331057,0,0.12395,HOLD
0.20081465,0.20661922,0,0.075,HOLD
0.57776046,0.5081759,0,0.37085,HOLD
0.51639545,0.45908386,0,0.21984,HOLD
0.32396585,0.30514017,1,0.15232,HOLD
0.47748303,0.42795393,0,0.36994736842105264,HOLD
0.34832036,0.3246238,0,0.24128888888888889,HOLD
0.06905074,0.10120809,0,0.15608333333333332,APPROVE
0.20282692,0.20822902,0,0.18061016949152542,HOLD
0.45496756,0.40994155,0,0.1590909090909091,HOLD
0.26918897,0.26131868,0,0.1,HOLD
0.7813524,0.6710495,0,0.14025714285714286,REJECT
0.4603403,0.41423973,0,0.3077142857142857,HOLD
0.0167321,0.05935318,0,0.2732909090909091,APPROVE
0.22189468,0.22348323,0,0.3149,HOLD
0.17577833,0.18659015,0,0.10963157894736843,HOLD
0.36733225,0.3398333,0,0.07473333333333333,HOLD
0.5540004,0.4891678,0,0.2768,HOLD
0.6883707,0.5966641,0,0.19244,HOLD
0.13118483,0.15091535,0,0.0755,HOLD
0.51234037,0.45583978,0,0.23916,HOLD
0.15536977,0.17026332,0,0.095095,HOLD
0.6537913,0.5690006,0,0.18415,HOLD
0.28959653,0.27764472,0,0.07604444444444444,HOLD
0.8214035,0.7030903,1,0.18739495798319328,REJECT
0.47243527,0.4239157,0,0.3945,HOLD
0.04378112,0.08099239,0,0.06126,APPROVE
0.52657586,0.46722817,0,0.19086666666666666,HOLD
0.518172,0.46050513,0,0.1262,HOLD
0.14310332,0.16045015,0,0.22685,HOLD
0.19297957,0.20035115,0,0.5133,REJECT
0.3372121,0.31573716,0,0.1973076923076923,HOLD
0.032039914,0.07159943,0,0.1276,APPROVE
0.45340645,0.40869266,0,0.16654545454545455,HOLD
0.2031011,0.20844837,0,0.07788888888888888,HOLD
0.6349985,0.55396634,1,0.116925,HOLD
0.29662547,0.2832679,0,0.13503333333333334,HOLD
0.09115304,0.118889935,0,0.13373333333333334,APPROVE
0.4210671,0.38282117,0,0.13652,HOLD
0.7355665,0.63442075,0,0.24808196721311476,HOLD
0.30027652,0.28618872,0,0.13614,HOLD
0.06906171,0.101216875,0,0.058333333333333334,APPROVE
0.20604889,0.21080661,0,0.113,HOLD
0.6527604,0.56817585,1,0.2321,HOLD
0.12445796,0.14553386,0,0.18838095238095237,APPROVE
0.7143869,0.61747706,0,0.08096666666666667,HOLD
0.59404814,0.5212061,1,0.11095,HOLD
0.15115337,0.16689019,0,0.13143333333333335,HOLD
0.09459072,0.12164008,0,0.17807142857142857,APPROVE
0.056871228,0.09146448,0,0.3018571428571429,APPROVE
0.06670051,0.099327914,0,0.075,APPROVE
0.23341562,0.23269999,0,0.14285714285714285,HOLD
0.8092948,0.69340336,1,0.10660714285714286,REJECT
0.061395947,0.09508426,0,0.1696,APPROVE
0.5802475,0.5101656,0,0.20505714285714285,HOLD
0.2970174,0.2835814,1,0.10802666666666666,HOLD
0.4587294,0.412951,0,0.1596,HOLD
0.8652699,0.73818344,1,0.2368,REJECT
0.3899035,0.35789028,0,0.3788,HOLD
0.07711314,0.107658006,0,0.12765,APPROVE
0.3605345,0.33439508,0,0.09176666666666666,HOLD
0.37159616,0.34324443,0,0.128,HOLD
0.8318904,0.71147984,0,0.14036,REJECT
0.84776956,0.7241832,1,0.35748,REJECT
0.06667599,0.09930829,0,0.0464,APPROVE
0.59403855,0.5211984,1,0.1637,HOLD
0.22892034,0.22910376,0,0.336,HOLD
0.10260095,0.12804826,0,0.2070857142857143,APPROVE
0.42363402,0.3848747,0,0.25675,HOLD
0.25167885,0.24731058,0,0.24824242424242424,HOLD
0.5101536,0.45409036,0,0.09684,HOLD
0.55088246,0.48667347,0,0.10816,HOLD
0.6709937,0.5827625,0,0.2783076923076923,HOLD
0.47200814,0.423574,0,0.1268857142857143,HOLD
0.13924825,0.1573661,0,0.08465837531486146,HOLD
0.16461612,0.17766039,0,0.13233333333333333,HOLD
0.41486973,0.3778633,0,0.168175,HOLD
0.46073726,0.4145573,1,0.0961,HOLD
0.07054911,0.10240679,0,0.17064,APPROVE
0.551158,0.4868939,0,0.2649,HOLD
0.20578322,0.21059407,0,0.2821,HOLD
0.3103621,0.2942572,0,0.0968,HOLD
0.48211977,0.4316633,0,0.09332,HOLD
0.3209858,0.30275613,0,0.1,HOLD
0.37201628,0.3435805,0,0.13657142857142857,HOLD
0.22858623,0.22883648,0,0.05939285714285714,HOLD
0.82751155,0.70797676,0,0.11877777777777777,REJECT
0.48166215,0.4312972,0,0.1537,HOLD
0.13063489,0.15047541,1,0.3015,HOLD
0.2598994,0.25388703,0,0.1435,HOLD
0.14126544,0.15897985,0,0.1125,HOLD
0.3676532,0.34009004,0,0.2645,HOLD
0.36233264,0.3358336,0,0.05856666666666667,HOLD
0.15369862,0.16892639,0,0.03884,HOLD
0.1316015,0.1512487,0,0.2268835616438356,HOLD
0.5521007,0.48764807,0,0.208,HOLD
0.5826459,0.51208425,0,0.2730666666666667,HOLD
0.18953532,0.19759575,0,0.1,HOLD
0.73438317,0.63347405,1,0.09145333333333333,HOLD
0.34658575,0.3232361,0,0.17448333333333332,HOLD
0.069942646,0.10192162,0,0.3888311688311688,APPROVE
0.3553586,0.33025438,0,0.3293714285714286,HOLD
0.20115215,0.20688921,0,0.025,HOLD
0.6783284,0.58863026,0,0.1625,HOLD
0.44302315,0.400386,1,0.18426666666666666,HOLD
0.42746624,0.3879405,0,0.158,HOLD
0.43683904,0.39543873,0,0.15124137931034481,HOLD
0.186968,0.19554189,0,0.2,HOLD
0.10144931,0.12712695,0,0.0875,APPROVE
0.01695087,0.059528198,0,0.10165714285714286,APPROVE
0.3905724,0.3584254,1,0.2228,HOLD
0.3285917,0.30884087,0,0.05760714285714286,HOLD
0.08954868,0.11760644,0,0.09158181818181818,APPROVE
0.10505803,0.13001391,0,0.2965,APPROVE
0.8733357,0.7446361,0,0.26435,REJECT
0.20920789,0.2133338,0,0.249,HOLD
0.0438063,0.08101254,1,0.2727,APPROVE
0.2926451,0.28008357,0,0.16176470588235295,HOLD
0.31126818,0.29498205,0,0.3491,HOLD
0.1806392,0.19047886,0,0.048433333333333335,HOLD
0.13808696,0.15643707,0,0.14308333333333334,HOLD
0.70888084,0.6130722,0,0.1482,HOLD
0.5149448,0.45792332,0,0.08072972972972974,HOLD
0.10863356,0.13287434,0,0.14093,APPROVE
0.17670567,0.18733203,0,0.07325,HOLD
0.19554906,0.20240673,1,0.16327272727272726,HOLD
0.41576308,0.37857795,0,0.17336666666666667,HOLD
0.84774894,0.7241667,1,0.1491111111111111,REJECT
0.16524646,0.17816466,0,0.23192222222222222,HOLD
0.40804702,0.3724051,0,0.06705,HOLD
0.059967685,0.09394165,0,0.5727,REJECT
0.23731108,0.23581636,1,0.123425,HOLD
0.16178751,0.1753975,0,0.17704545454545453,HOLD
0.18930471,0.19741125,1,0.3242,HOLD
0.11708199,0.13963309,0,0.1451111111111111,APPROVE
0.27835745,0.26865345,0,0.13483076923076923,HOLD
0.06698248,0.09955349,0,0.10217142857142857,APPROVE
0.21795,0.2203275,0,0.0788,HOLD
0.31473655,0.29775673,1,0.2528,HOLD
0.07160339,0.10325021,0,0.16865333333333332,APPROVE
0.055962488,0.09073749,0,0.13,APPROVE
0.57080805,0.50261396,0,0.068125,HOLD
0.40912217,0.37326524,0,0.26642,HOLD
0.32730973,0.30781528,0,0.21202,HOLD
0.483021,0.43238428,0,0.6279230769230769,REJECT
0.2510933,0.24684213,0,0.2852,HOLD
0.4178489,0.38024664,0,0.1985,HOLD
0.05717374,0.09170649,0,0.14426,APPROVE
0.4315282,0.39119005,0,0.09665217391304348,HOLD
0.57740515,0.50789165,0,0.23405714285714285,HOLD
0.48177946,0.43139106,0,0.06341666666666666,HOLD
0.5006624,0.4464974,0,0.247625,HOLD
0.028442243,0.068721294,0,0.10508,APPROVE
0.097701296,0.12412854,0,0.05714285714285714,APPROVE
0.4793143,0.42941892,0,0.1788,HOLD
0.07627141,0.10698462,0,0.13893333333333333,APPROVE
0.21957399,0.22162668,0,0.2496,HOLD
0.23476619,0.23378044,0,0.37075,HOLD
0.48633197,0.43503308,0,0.21832,HOLD
0.27857786,0.2688298,0,0.1876842105263158,HOLD
0.054026894,0.089189015,0,0.29856470588235295,APPROVE
0.094614714,0.12165927,0,0.10461956521739131,APPROVE
0.4466159,0.40326023,0,0.09662857142857142,HOLD
0.7240999,0.6252474,0,0.1415,HOLD
0.32567957,0.30651116,1,0.18664444444444445,HOLD
0.35435566,0.32945204,0,0.16466153846153847,HOLD
0.5026169,0.448061,0,0.32416666666666666,HOLD
0.12452122,0.14558446,0,0.348725,APPROVE
0.37491682,0.34590095,0,0.22088235294117647,HOLD
0.7564138,0.6510986,1,0.24211428571428573,REJECT
0.5632564,0.4965726,0,0.123,HOLD
0.48319817,0.43252602,0,0.23616,HOLD
0.24671349,0.24333829,0,0.13051666666666667,HOLD
0.20503683,0.20999695,0,0.25,HOLD
0.374339,0.34543872,0,0.31354716981132075,HOLD
0.3282573,0.30857334,0,0.10552,HOLD
0.6912042,0.5989309,0,0.1824,HOLD
0.5378865,0.4762767,0,0.3791,HOLD
0.5315364,0.47119662,0,0.080225,HOLD
0.70590925,0.61069494,0,0.2633333333333333,HOLD
0.5458717,0.48266482,0,0.18157142857142858,HOLD
0.13659161,0.15524079,0,0.1397,HOLD
0.11445131,0.13752854,0,0.1416875,APPROVE
0.45444915,0.40952682,0,0.15,HOLD
0.5552023,0.49012935,0,0.17995,HOLD
0.41097388,0.3747466,0,0.14566666666666667,HOLD
0.32127103,0.30298433,0,0.1462,HOLD
0.7558345,0.6506351,0,0.14285714285714285,REJECT
0.18045641,0.19033262,0,0.06,HOLD
0.14440018,0.16148764,0,0.175775,HOLD
0.27294773,0.26432568,0,0.0564,HOLD
0.38862142,0.35686463,0,0.23813333333333334,HOLD
0.2708473,0.26264533,0,0.1783,HOLD
0.09444337,0.121522196,0,0.24304,APPROVE
0.40874147,0.3729607,0,0.2765625,HOLD
0.20402288,0.2091858,0,0.155625,HOLD
0.3306431,0.31048197,0,0.21435714285714286,HOLD
0.34360176,0.3208489,0,0.2383809523809524,HOLD
0.5683264,0.50062865,0,0.11327118644067796,HOLD
0.4705565,0.4224127,0,0.2476,HOLD
0.23813139,0.2364726,0,0.21657142857142858,HOLD
0.610308,0.53421396,0,0.12703333333333333,HOLD
0.37293878,0.3443185,0,0.235,HOLD
0.27669096,0.26732028,0,0.04672727272727273,HOLD
0.5294571,0.46953318,0,0.1978,HOLD
0.5012007,0.44692802,0,0.20984,HOLD
0.24207728,0.23962931,0,0.1485,HOLD
0.14749764,0.16396561,0,0.11256666666666666,HOLD
0.6532559,0.5685722,0,0.2924,HOLD
0.17464274,0.18568169,0,0.18995555555555554,HOLD
0.4939307,0.44111204,0,0.2253,HOLD
0.6054323,0.5303134,1,0.15476190476190477,HOLD
0.32827213,0.3085852,0,0.21952,HOLD
0.43835,0.39664748,0,0.5789333333333333,REJECT
0.57046145,0.5023367,0,0.15,HOLD
0.023461685,0.06473685,0,0.05656,APPROVE
0.35605812,0.330814,0,0.3211428571428571,HOLD
0.16050647,0.17437267,0,0.07826666666666666,HOLD
0.3053567,0.29025286,0,0.34388,HOLD
0.11967312,0.14170599,0,0.136975,APPROVE
0.51284105,0.45624033,0,0.1954,HOLD
0.59293365,0.52031446,0,0.119225,HOLD
0.423389,0.3846787,0,0.18394285714285713,HOLD
0.074386775,0.10547692,0,0.14951666666666666,APPROVE
0.29368478,0.28091532,0,0.05814545454545455,HOLD
0.07340562,0.104692005,0,0.12904,APPROVE
0.076616675,0.107260846,0,0.4350833333333333,REJECT
0.29347903,0.28075072,0,0.12847368421052632,HOLD
0.21364751,0.2168855,0,0.17186486486486485,HOLD
0.5780018,0.50836897,0,0.3014210526315789,HOLD
0.21507262,0.21802558,0,0.2637894736842105,HOLD
0.25803193,0.25239304,0,0.20063333333333333,HOLD
0.3947893,0.36179894,0,0.21047058823529413,HOLD
0.1977298,0.20415133,0,0.2174,HOLD
0.18915768,0.19729364,0,0.11735483870967742,HOLD
0.8446106,0.72165596,1,0.13436,REJECT
0.35855302,0.33280993,0,0.1114,HOLD
0.18351537,0.1927798,0,0.09425,HOLD
0.22590303,0.22668992,0,0.06872,HOLD
0.5489962,0.48516446,0,0.21275,HOLD
0.6623682,0.57586205,0,0.1324,HOLD
0.33731058,0.31581596,0,0.23292307692307693,HOLD
0.5037358,0.44895613,0,0.1804074074074074,HOLD
0.03169703,0.07132512,0,0.24152631578947367,APPROVE
0.6274133,0.5478982,0,0.07925,HOLD
0.116295956,0.13900426,0,0.201025,APPROVE
0.7311053,0.6308518,1,0.17802631578947367,HOLD
0.51947004,0.46154353,0,0.20526666666666665,HOLD
0.20179522,0.20740367,0,0.2739714285714286,HOLD
0.20018613,0.2061164,0,0.1,HOLD
0.71836686,0.620661,0,0.17488,HOLD
0.18550114,0.1943684,0,0.14285714285714285,HOLD
0.30633318,0.29103404,0,0.10325,HOLD
0.16590834,0.17869416,0,0.2210625,HOLD
0.33737555,0.31586793,0,0.1368909090909091,HOLD
0.42707235,0.38762537,0,0.09465,HOLD
0.098605305,0.12485174,0,0.16533333333333333,APPROVE
0.40774706,0.37216514,0,0.17142857142857143,HOLD
0.37423548,0.34535587,0,0.2797590361445783,HOLD
0.1390572,0.15721326,0,0.1794,HOLD
0.11201106,0.13557634,0,0.05,APPROVE
0.15740344,0.17189024,0,0.2648,HOLD
0.15442719,0.16950925,0,0.077575,HOLD
0.18898802,0.1971579,0,0.1111111111111111,HOLD
0.3575304,0.3319918,1,0.154025,HOLD
0.31340268,0.29668963,0,0.1824,HOLD
0.08227288,0.11178581,0,0.27905,APPROVE
0.2575537,0.25201046,0,0.8147692307692308,REJECT
0.27477366,0.26578644,0,0.3661333333333333,HOLD
0.25969228,0.25372133,0,0.14623728813559322,HOLD
0.18153994,0.19119944,0,0.1347,HOLD
0.13085899,0.15065469,0,0.1229375,HOLD
0.74558395,0.6424347,0,0.2915,HOLD
0.47864565,0.42888403,0,0.27724,HOLD
0.26390854,0.25709432,0,0.11975,HOLD
0.28556225,0.2744173,0,0.05,HOLD
0.32028356,0.30219436,0,0.125,HOLD
0.0706262,0.10246846,0,0.22975384615384614,APPROVE
0.50893587,0.45311618,0,0.226375,HOLD
0.15007368,0.16602644,0,0.10846,HOLD
0.13370104,0.15292832,0,0.11809333333333333,HOLD
0.122056976,0.14361307,0,0.27143333333333336,APPROVE
0.8181874,0.7005175,0,0.12154285714285715,REJECT
0.40568498,0.37051547,0,0.10909090909090909,HOLD
0.13517022,0.15410367,0,0.093775,HOLD
0.095143765,0.12208251,0,0.2694,APPROVE
0.20219411,0.20772278,0,0.10482692307692308,HOLD
0.529805,0.4698115,1,0.1966,HOLD
0.2445604,0.24161582,0,0.15745714285714285,HOLD
0.105458565,0.13033435,0,0.09525714285714286,APPROVE
0.60103005,0.5267916,0,0.1027,HOLD
0.14334226,0.1606413,0,0.19024444444444444,HOLD
0.025537927,0.06639784,0,0.13126666666666667,APPROVE
0.29656857,0.28322235,0,0.39325,HOLD
0.3073637,0.29185846,0,0.15478,HOLD
0.26208997,0.25563946,0,0.20024,HOLD
0.23040943,0.23029503,0,0.06764,HOLD
0.29862165,0.2848648,0,0.10522033898305085,HOLD
0.27287832,0.26427016,0,0.04783333333333333,HOLD
0.2683621,0.2606572,0,0.2449111111111111,HOLD
0.5002494,0.446167,0,0.18033333333333335,HOLD
0.13792804,0.15630993,0,0.1700375,HOLD
0.14854255,0.16480154,0,0.1002,HOLD
0.19674122,0.20336047,0,0.08,HOLD
0.2929723,0.28034535,0,0.168,HOLD
0.7362173,0.6349414,0,0.14213333333333333,HOLD
0.32571557,0.30653995,0,0.1099056603773585,HOLD
0.093155146,0.12049162,0,0.09243333333333334,APPROVE
0.19286585,0.20026018,0,0.12985714285714287,HOLD
0.29071394,0.27853864,0,0.2104,HOLD
0.36909384,0.34124255,0,0.3296857142857143,HOLD
0.850549,0.7264067,0,0.158,REJECT
0.27522764,0.2661496,0,0.3989333333333333,HOLD
0.46486244,0.41785744,0,0.1228888888888889,HOLD
0.055371642,0.09026482,0,0.04755555555555555,APPROVE
0.42754355,0.38800234,0,0.05022,HOLD
0.21506384,0.21801856,0,0.18845,HOLD
0.32021222,0.30213726,0,0.17501666666666665,HOLD
0.17624067,0.18696003,0,0.26726666666666665,HOLD
0.2877336,0.2761544,0,0.2017142857142857,HOLD
0.8193952,0.70148367,0,0.39516666666666667,REJECT
0.7322634,0.63177824,1,0.11855882352941176,HOLD
0.058333106,0.092633985,0,0.089,APPROVE
0.4446182,0.40166205,0,0.025,HOLD
0.050728664,0.08655044,0,0.187,APPROVE
0.44079077,0.3986001,0,0.10873333333333333,HOLD
0.5654769,0.498349,0,0.18668,HOLD
0.24040993,0.23829544,0,0.2193,HOLD
0.5349013,0.47388855,0,0.17316666666666666,HOLD
0.4449028,0.40188974,0,0.515,REJECT
0.20004934,0.20600696,0,0.3524,HOLD
0.037513588,0.07597837,0,0.4109,REJECT
0.39473626,0.3617565,0,0.18348571428571428,HOLD
0.58966666,0.51770085,0,0.119675,HOLD
0.5397839,0.47779462,0,0.2228,HOLD
0.4083472,0.37264526,0,0.29356,HOLD
0.26257187,0.256025,0,0.4366,REJECT
0.51245314,0.45593,0,0.23011428571428572,HOLD
0.38763523,0.35607567,0,0.203125,HOLD
0.7434568,0.64073294,0,0.15746666666666667,HOLD
0.6046161,0.5296604,0,0.23772,HOLD
0.13771567,0.15614003,0,0.1388,HOLD
0.8170249,0.69958746,0,0.14353333333333335,REJECT
0.33627692,0.31498903,0,0.17008,HOLD
0.24072288,0.23854579,0,0.2275,HOLD
0.053524707,0.088787265,0,0.29114545454545454,APPROVE
0.3637496,0.33696717,0,0.25406666666666666,HOLD
0.85497475,0.7299473,1,0.14202857142857142,REJECT
0.22835086,0.22864819,0,0.11826582278481013,HOLD
0.2215574,0.2232134,0,0.1407142857142857,HOLD
0.68348384,0.5927546,0,0.143875,HOLD
0.06595413,0.0987308,0,0.1462,APPROVE
0.20164113,0.2072804,0,0.22985,HOLD
0.20127933,0.20699096,0,0.1172,HOLD
0.4443641,0.40145877,0,0.3138285714285714,HOLD
0.11290927,0.13629492,0,0.07957981855801369,APPROVE
0.06669631,0.09932455,0,0.10373333333333333,APPROVE
0.21023016,0.21415162,0,0.07472093023255814,HOLD
0.5802023,0.5101294,0,0.12547142857142857,HOLD
0.6885468,0.596805,0,0.181125,HOLD
0.2232713,0.22458453,0,0.2551111111111111,HOLD
0.3772811,0.3477924,0,0.16030555555555556,HOLD
0.17783567,0.18823603,0,0.1804,HOLD
0.33722842,0.31575024,0,0.24710869565217392,HOLD
0.3720337,0.34359443,0,0.24123809523809525,HOLD
0.32327706,0.30458915,0,0.1653,HOLD
0.08506005,0.11401554,0,0.19709302325581396,APPROVE
0.22062446,0.22246706,0,0.20433333333333334,HOLD
0.21641555,0.21909994,0,0.11166666666666666,HOLD
0.30424583,0.28936416,0,0.27898,HOLD
0.33424357,0.31336236,0,0.07142857142857142,HOLD
0.22043124,0.22231248,0,0.3343,HOLD
0.06674426,0.09936291,0,0.43935555555555555,REJECT
0.19638945,0.20307906,0,0.18656,HOLD
0.61415344,0.5372903,0,0.17433333333333334,HOLD
0.84786147,0.7242567,1,0.08904444444444444,REJECT
0.259655,0.2536915,0,0.20826666666666666,HOLD
0.80181336,0.6874182,0,0.3325666666666667,REJECT
0.55573094,0.49055225,0,0.20014285714285715,HOLD
0.5142331,0.45735398,0,0.2039,HOLD
0.046336897,0.08303702,0,0.06666666666666667,APPROVE
0.15858124,0.17283249,0,0.16786,HOLD
0.26361343,0.25685826,0,0.13202,HOLD
0.359123,0.3332659,0,0.07176666666666667,HOLD
0.41736126,0.3798565,0,0.13477142857142857,HOLD
0.37894568,0.34912404,0,0.18046666666666666,HOLD
0.39714777,0.36368573,0,0.183475,HOLD
0.49703407,0.44359475,0,0.19392857142857142,HOLD
0.11889099,0.14108029,0,0.1778,APPROVE
0.10976293,0.13377784,0,0.1524375,APPROVE
0.3994229,0.3655058,0,0.07653061224489796,HOLD
0.07999326,0.10996211,0,0.15272727272727274,APPROVE
0.20059772,0.20644566,0,0.1425,HOLD
0.35374767,0.32896563,0,0.16442857142857142,HOLD
0.62965125,0.5496885,0,0.1692,HOLD
0.37963268,0.34967363,0,0.17375,HOLD
0.33827007,0.31658354,0,0.12091428571428571,HOLD
0.38119605,0.35092434,0,0.08,HOLD
0.19931734,0.20542136,0,0.5141764705882353,REJECT
0.3818547,0.35145128,0,0.13242666666666666,HOLD
0.30516106,0.29009634,0,0.07176,HOLD
0.7108273,0.6146294,0,0.25257894736842107,HOLD
0.30458394,0.28963464,0,0.14925,HOLD
0.14205989,0.15961541,0,0.29525641025641025,HOLD
0.17840919,0.18869485,0,0.09954285714285714,HOLD
0.5532366,0.48855677,0,0.125,HOLD
0.10150525,0.1271717,0,0.12846428571428573,APPROVE
0.43573663,0.3945568,0,0.14363333333333334,HOLD
0.33484575,0.31384408,0,0.08712,HOLD
0.11451261,0.13757758,0,0.1942,APPROVE
0.24200964,0.2395752,0,0.0537,HOLD
0.23833306,0.23663394,0,0.17392727272727274,HOLD
0.42075485,0.38257137,0,0.23553333333333334,HOLD
0.13354862,0.15280639,0,0.16003571428571428,HOLD
0.25426254,0.24937752,0,0.22,HOLD
0.28708473,0.27563527,0,0.6825,REJECT
0.8475011,0.7239684,0,0.2023191489361702,REJECT
0.400977,0.36674908,0,0.05714285714285714,HOLD
0.14711732,0.16366135,0,0.26894666666666667,HOLD
0.26890498,0.2610915,1,0.10633333333333334,HOLD
0.4841071,0.43325317,0,0.08322857142857143,HOLD
0.3500377,0.32599765,0,0.09,HOLD
0.6760545,0.5868111,1,0.08571428571428572,HOLD
0.0709837,0.102754466,0,0.0787375,APPROVE
0.44855747,0.40481347,0,0.12532727272727273,HOLD
0.3527977,0.32820565,1,0.21452,HOLD
0.012964417,0.056339033,0,0.28903125,APPROVE
0.39553508,0.36239555,0,0.184125,HOLD
0.06240054,0.09588794,0,0.06048571428571429,APPROVE
0.45959696,0.41364506,0,0.1792,HOLD
0.45602262,0.4107856,0,0.2030625,HOLD
0.18087882,0.19067055,0,0.1306,HOLD
0.1330469,0.15240501,0,0.2921764705882353,HOLD
0.45308673,0.4084369,0,0.16215,HOLD
0.5708343,0.50263494,0,0.2775,HOLD
0.36847198,0.3407451,0,0.2636,HOLD
0.48823217,0.43655324,0,0.05370769230769231,HOLD
0.19192529,0.19950773,0,0.2254642857142857,HOLD
0.13967484,0.15770736,0,0.075225,HOLD
0.605109,0.53005475,0,0.18275,HOLD
0.55233186,0.487833,0,0.23306666666666667,HOLD
0.497607,0.44405308,0,0.08336111111111111,HOLD
0.66230696,0.5758131,0,0.38295,HOLD
0.58174044,0.5113599,0,0.09736,HOLD
0.50028956,0.44619915,0,0.0366,HOLD
0.10685727,0.1314533,0,0.14674545454545454,APPROVE
0.17698894,0.18755865,0,0.12565714285714286,HOLD
0.51255274,0.4560097,0,0.1465,HOLD
0.34100604,0.31877232,0,0.173225,HOLD
0.29318967,0.28051925,0,0.19368,HOLD
0.61844176,0.54072094,0,0.50012,REJECT
0.29543185,0.282313,1,0.23556,HOLD
0.5645123,0.49757734,0,0.19623076923076924,HOLD
0.789002,0.67716914,0,0.07228888888888889,REJECT
0.3007074,0.28653342,0,0.06666666666666667,HOLD
0.09260444,0.12005106,0,0.2338,APPROVE
0.7719944,0.6635631,0,0.2898,REJECT
0.13616765,0.15490161,0,0.08951538461538462,HOLD
0.07643071,0.10711207,0,0.11372857142857143,APPROVE
0.6924856,0.599956,1,0.07977777777777778,HOLD
0.39217722,0.35970926,0,0.13333333333333333,HOLD
0.39883,0.36503148,0,0.18583333333333332,HOLD
0.32655793,0.30721384,0,0.15886666666666666,HOLD
0.19066045,0.19849585,0,0.21276470588235294,HOLD
0.5931106,0.520456,0,0.2496,HOLD
0.40428624,0.36939648,0,0.28763636363636363,HOLD
0.37003666,0.34199682,0,0.1977,HOLD
0.41870344,0.38093024,0,0.19243333333333335,HOLD
0.3173179,0.29982182,1,0.1578,HOLD
0.14283772,0.16023767,0,0.1375,HOLD
0.48247364,0.4319464,0,0.15,HOLD
0.1653879,0.1782778,0,0.14303125,HOLD
0.21837755,0.22066952,1,0.1059375,HOLD
0.19424792,0.20136583,0,0.20884,HOLD
0.28185743,0.27145344,0,0.2058222222222222,HOLD
0.097079866,0.123631395,0,0.11363636363636363,APPROVE
0.20829155,0.21260072,0,0.2681777777777778,HOLD
0.4560546,0.4108112,0,0.1590909090909091,HOLD
0.6576064,0.57205266,0,0.15721212121212122,HOLD
0.15342735,0.16870937,0,0.06428571428571428,HOLD
0.29413965,0.28127924,0,0.1297846153846154,HOLD
0.29962724,0.2856693,0,0.1671,HOLD
0.10942772,0.13350967,0,0.2870731707317073,APPROVE
0.17939624,0.18948449,1,0.18255,HOLD
0.14746553,0.16393992,0,0.07763076923076923,HOLD
0.2640846,0.2572352,0,0.2487,HOLD
0.73808724,0.6364373,0,0.19055,HOLD
0.6429024,0.56028944,0,0.19366666666666665,HOLD
0.2787099,0.2689354,0,0.10521739130434783,HOLD
0.5633355,0.49663588,0,0.19289473684210526,HOLD
0.426543,0.3872019,0,0.05625,HOLD
0.35330486,0.32861137,0,0.12663333333333332,HOLD
0.19937457,0.20546715,0,0.2771,HOLD
0.043302562,0.08060955,0,0.059325,APPROVE
0.07015007,0.10208756,0,0.12562962962962962,APPROVE
0.7872989,0.67580664,0,0.1696,REJECT
0.20930041,0.21340783,0,0.1335625,HOLD
0.23207703,0.23162912,0,0.09811111111111111,HOLD
0.6883736,0.59666646,0,0.19068333333333334,HOLD
0.1796617,0.18969686,0,0.3847333333333333,HOLD
0.74902815,0.64519006,0,0.2196,HOLD
0.6900521,0.5980092,0,0.20943333333333333,HOLD
0.20842604,0.21270832,0,0.2171,HOLD
0.7396988,0.6377266,1,0.2986666666666667,HOLD
0.48880947,0.43701506,0,0.23013636363636364,HOLD
0.7205691,0.6224228,1,0.00022388461538461538,HOLD
0.3209784,0.30275023,1,0.08202643171806168,HOLD
0.41705212,0.3796092,0,0.32725714285714286,HOLD
0.5536253,0.48886773,0,0.176,HOLD
0.03871447,0.076939076,0,0.32325714285714285,APPROVE
0.080146275,0.110084526,0,0.33686666666666665,APPROVE
0.272379,0.26387072,0,0.089175,HOLD
0.33131972,0.31102327,0,0.16725714285714285,HOLD
0.44579405,0.40260273,0,0.05714285714285714,HOLD
0.7206942,0.6225229,0,0.15237142857142857,HOLD
0.20420262,0.20932959,0,0.28845,HOLD
0.20196757,0.20754154,0,0.30142857142857143,HOLD
0.4649159,0.4179002,0,0.19493333333333332,HOLD
0.124519534,0.14558312,0,0.3254666666666667,APPROVE
0.75803065,0.652392,0,0.12286153846153847,REJECT
0.065892994,0.0986819,0,0.20675,APPROVE
0.086376384,0.11506861,0,0.44,REJECT
0.45274016,0.4081596,0,0.1466,HOLD
0.21964227,0.22168131,0,0.075,HOLD
0.44555697,0.40241307,0,0.22145,HOLD
0.14820047,0.16452786,0,0.2503,HOLD
0.50782335,0.45222616,0,0.2863,HOLD
0.35154736,0.3272054,0,0.44655,REJECT
0.6197616,0.54177684,0,0.1282888888888889,HOLD
0.4720574,0.42361343,0,0.141875,HOLD
0.16577472,0.17858727,0,0.13197674418604652,HOLD
0.4218212,0.38342446,0,0.16956756756756758,HOLD
0.4292143,0.38933894,0,0.2316,HOLD
0.0765088,0.10717454,0,0.125,APPROVE
0.67246747,0.5839415,0,0.11262962962962964,HOLD
0.62964654,0.54968476,0,0.12073333333333333,HOLD
0.036748227,0.07536608,0,0.40768,REJECT
0.22459675,0.2256449,0,0.1481875,HOLD
0.19865791,0.20489383,0,0.12292993630573248,HOLD
0.33679417,0.31540284,0,0.13435714285714287,HOLD
0.19211178,0.19965692,0,0.10586111111111111,HOLD
0.33083722,0.31063727,0,0.10963636363636364,HOLD
0.7613535,0.65505034,0,0.14754545454545454,REJECT
0.41926944,0.38138306,0,0.1,HOLD
0.26412076,0.2572641,0,0.12164,HOLD
0.2087952,0.21300365,0,0.1638301886792453,HOLD
0.28324595,0.27256426,0,0.291375,HOLD
0.49023506,0.43815553,0,0.05714285714285714,HOLD
0.36103022,0.33479166,0,0.20206666666666667,HOLD
0.90711856,0.77166235,1,0.173675,REJECT
0.28557286,0.27442577,0,0.21476666666666666,HOLD
0.6218733,0.5434662,1,0.1053,HOLD
0.4923226,0.43982556,0,0.10503333333333334,HOLD
0.15023644,0.16615665,0,0.21132,HOLD
0.47401986,0.4251834,0,0.7456944444444444,REJECT
0.24713366,0.24367441,0,0.20617142857142856,HOLD
0.2773976,0.2678856,0,0.10845,HOLD
0.734614,0.63365877,0,0.12946666666666667,HOLD
0.12843558,0.14871596,0,0.14444444444444443,APPROVE
0.64470404,0.56173074,0,0.20823762376237623,HOLD
0.17864951,0.1888871,0,0.2456,HOLD
0.39489174,0.3618809,0,0.12089090909090909,HOLD
0.2545708,0.24962415,0,0.47545,REJECT
0.4294122,0.38949725,0,0.058333333333333334,HOLD
0.338589,0.3168387,0,0.2066,HOLD
0.122246474,0.14376467,0,0.3526,APPROVE
0.5996332,0.5256741,1,0.15007060152499294,HOLD
0.27166098,0.26329628,0,0.02,HOLD
0.06139103,0.09508032,0,0.3216875,APPROVE
0.1470024,0.16356942,0,0.36054545454545456,HOLD
0.29793468,0.28431526,0,0.21,HOLD
0.27840406,0.26869074,0,0.2991714285714286,HOLD
0.12718676,0.14771691,0,0.12,APPROVE
0.3713214,0.3430246,0,0.147075,HOLD
0.5981189,0.52446264,0,0.075,HOLD
0.5896315,0.5176727,0,0.19576666666666667,HOLD
0.2667761,0.2593884,0,0.14875757575757576,HOLD
0.29285076,0.2802481,0,0.17654545454545453,HOLD
0.10472758,0.12974957,0,0.14678,APPROVE
0.44160205,0.39924914,0,0.341,HOLD
0.3475567,0.32401288,0,0.08571428571428572,HOLD
0.5189473,0.46112534,0,0.13333333333333333,HOLD
0.26252753,0.25598952,0,0.227,HOLD
0.78707004,0.67562354,0,0.20648571428571427,REJECT
0.43990347,0.39789027,0,0.18803333333333333,HOLD
0.17731172,0.18781687,0,0.2028,HOLD
0.2851817,0.27411285,0,0.23692,HOLD
0.35464618,0.32968444,0,0.22775,HOLD
0.13849758,0.15676555,0,0.24092964824120602,HOLD
0.027338665,0.06783843,0,0.05806,APPROVE
0.10900975,0.1331753,0,0.4444444444444444,REJECT
0.14342296,0.16070586,0,0.2647857142857143,HOLD
0.41975227,0.3817693,0,0.1527777777777778,HOLD
0.5904723,0.51834536,0,0.3273214285714286,HOLD
0.74464875,0.64168656,0,0.06,HOLD
0.55047464,0.4863472,0,0.3528,HOLD
0.3214077,0.30309367,1,0.15,HOLD
0.31021068,0.29413605,0,0.31933333333333336,HOLD
0.51042527,0.4543077,0,0.29262962962962963,HOLD
0.19960967,0.20565523,0,0.08838571428571429,HOLD
0.17031439,0.182219,0,0.2341315789473684,HOLD
0.5942676,0.5213816,0,0.29365,HOLD
0.80410737,0.68925345,1,0.16839762611275966,REJECT
0.17028305,0.18219393,1,0.1804,HOLD
0.43553075,0.3943921,0,0.08928571428571429,HOLD
0.18623148,0.19495268,0,0.16135,HOLD
0.22489168,0.22588083,0,0.08705,HOLD
0.44752866,0.40399042,0,0.12892727272727272,HOLD
0.5108925,0.45468152,0,0.21816,HOLD
0.16033809,0.17423797,0,0.066,HOLD
0.68930286,0.59740984,0,0.08918666666666666,HOLD
0.7350858,0.6340362,0,0.134,HOLD
0.75098723,0.6467573,0,0.28125714285714287,HOLD
0.06730585,0.09981218,0,0.1234,APPROVE
0.3187846,0.30099517,0,0.125,HOLD
0.14990115,0.16588841,0,0.06,HOLD
0.21971478,0.2217393,0,0.2715,HOLD
0.6780389,0.58839864,0,0.1924,HOLD
0.03952111,0.07758439,0,0.10074,APPROVE
0.5027364,0.4481566,0,0.08602222222222222,HOLD
0.17894848,0.18912627,0,0.15082857142857142,HOLD
0.24088964,0.2386792,1,0.0625,HOLD
0.22712722,0.22766927,0,0.1864,HOLD
0.33730385,0.31581056,0,0.07742,HOLD
0.36965194,0.34168905,0,0.37822222222222224,HOLD
0.13121584,0.15094016,0,0.42004,REJECT
0.29484224,0.2818413,0,0.15515,HOLD
0.27866316,0.26889804,0,0.32976,HOLD
0.043922085,0.081105165,0,0.21466666666666667,APPROVE
0.37343433,0.34471497,0,0.1853,HOLD
0.17332561,0.18462798,0,0.10545652173913043,HOLD
0.14441292,0.16149783,0,0.23364,HOLD
0.65978813,0.57379806,0,0.22103333333333333,HOLD
0.3238036,0.30501038,0,0.19318181818181818,HOLD
0.2083378,0.21263774,0,0.09090909090909091,HOLD
0.23178443,0.23139504,0,0.1806909090909091,HOLD
0.40857464,0.3728272,0,0.10027142857142857,HOLD
0.1676443,0.18008293,0,0.09713333333333334,HOLD
0.8656601,0.7384956,1,0.20925,REJECT
0.041852206,0.079449266,0,0.59815,REJECT
0.22820699,0.22853309,0,0.3323125,HOLD
0.40459487,0.3696434,0,0.26355,HOLD
0.6060125,0.5307776,0,0.1549,HOLD
0.88705784,0.7556138,1,0.14565,REJECT
0.12136631,0.14306054,0,0.1688,APPROVE
0.23656155,0.23521674,0,0.14366666666666666,HOLD
0.6720095,0.5835751,0,0.2690909090909091,HOLD
0.11399908,0.13716677,0,0.10768571428571429,APPROVE
0.33113784,0.31087777,0,0.09801818181818182,HOLD
0.5551346,0.49007517,0,0.17134,HOLD
0.3984806,0.36475196,0,0.13742857142857143,HOLD
0.44453385,0.40159458,0,0.4634666666666667,REJECT
0.6075178,0.53198177,0,0.26757142857142857,HOLD
0.10102523,0.12678768,0,0.24766,APPROVE
0.050102286,0.086049326,0,0.17433333333333334,APPROVE
0.14687628,0.16346851,0,0.1561,HOLD
0.5800706,0.510024,0,0.05482,HOLD
0.059398368,0.0934862,0,0.0625,APPROVE
0.39742988,0.3639114,0,0.1,HOLD
0.16957337,0.18162619,1,0.09166666666666666,HOLD
0.22383556,0.22503594,0,0.27529166666666666,HOLD
0.45687187,0.411465,0,0.1331,HOLD
0.25548688,0.250357,0,0.29356,HOLD
0.24983227,0.24583331,0,0.150425,HOLD
0.36327675,0.3365889,0,0.4051,REJECT
0.47108337,0.4228342,0,0.1448,HOLD
0.38370645,0.35293266,0,0.11071428571428571,HOLD
0.5502191,0.48614278,0,0.10544285714285714,HOLD
0.30249035,0.28795978,0,0.2302,HOLD
0.5507587,0.48657447,0,0.07733333333333334,HOLD
0.10035362,0.12625039,0,0.11421666666666666,APPROVE
0.37015033,0.34208775,0,0.2855333333333333,HOLD
0.7817841,0.6713948,0,0.24231818181818182,REJECT
0.562029,0.4955907,0,0.18937037037037038,HOLD
0.18686207,0.19545715,0,0.3753,HOLD
0.23432872,0.23343046,0,0.16688571428571428,HOLD
0.35491058,0.32989597,0,0.151,HOLD
0.33277068,0.31218404,0,0.1195,HOLD
0.13493967,0.15391923,0,0.1207,HOLD
0.48189238,0.4314814,0,0.10236363636363636,HOLD
0.5865223,0.51518536,0,0.1625909090909091,HOLD
0.11330619,0.13661245,0,0.16123333333333334,APPROVE
0.34430113,0.3214084,0,0.10714285714285714,HOLD
0.0252253,0.06614774,0,0.14687777777777777,APPROVE
0.3398646,0.31785917,0,0.0686,HOLD
0.31485158,0.29784876,0,0.2898,HOLD
0.7380256,0.636388,1,0.1724,HOLD
0.18305282,0.19240975,0,0.12361702127659574,HOLD
0.2179804,0.22035182,0,0.2306521739130435,HOLD
0.15679766,0.17140563,0,0.1702,HOLD
0.28129062,0.271,0,0.19784444444444443,HOLD
0.3801616,0.3500968,0,0.15194285714285713,HOLD
0.47356173,0.42481688,0,0.14751020408163265,HOLD
0.6847752,0.59378767,0,0.1722,HOLD
0.2704926,0.2623616,0,0.07109230769230769,HOLD
0.15469646,0.16972467,0,0.16205714285714284,HOLD
0.5796631,0.50969803,0,0.1449,HOLD
0.04739905,0.08388674,0,0.16501,APPROVE
0.0701658,0.10210014,0,0.26471428571428574,APPROVE
0.18299237,0.19236138,0,0.075,HOLD
0.67103815,0.58279806,0,0.2616222222222222,HOLD
0.5878599,0.5162555,0,0.06322,HOLD
0.46062523,0.4144677,0,0.3581,HOLD
0.26599887,0.2587666,0,0.15389473684210525,HOLD
0.36743334,0.33991417,1,0.24666666666666667,HOLD
0.24674687,0.24336499,0,0.25325,HOLD
0.21951726,0.2215813,0,0.2942666666666667,HOLD
0.1979361,0.20431638,0,0.1995625,HOLD
0.37870947,0.34893507,0,0.08333333333333333,HOLD
0.5399499,0.47792742,0,0.0994,HOLD
0.45097095,0.40674424,0,0.2572333333333333,HOLD
0.1298572,0.14985326,0,0.33992,APPROVE
0.2521953,0.24772373,0,0.24134453781512605,HOLD
0.16719104,0.17972033,0,0.12131428571428571,HOLD
0.33168727,0.31131732,0,0.1169,HOLD
0.2879993,0.27636695,0,0.32229032258064516,HOLD
0.10146843,0.12714224,0,0.24284444444444445,APPROVE
0.42881277,0.3890177,0,0.1491230769230769,HOLD
0.41769892,0.38012663,0,0.21295,HOLD
0.19281289,0.2002178,0,0.174225,HOLD
0.22204167,0.22360082,0,0.2634666666666667,HOLD
0.30150038,0.28716782,0,0.265625,HOLD
0.13111559,0.15085997,0,0.029545454545454545,HOLD
0.11441667,0.13750082,0,0.1427,APPROVE
0.22860661,0.22885278,0,0.30078125,HOLD
0.28351122,0.27277648,0,0.14062,HOLD
0.71609783,0.6188458,0,0.26465217391304346,HOLD
0.7055448,0.6104034,0,0.19475555555555554,HOLD
0.059936583,0.09391677,0,0.2939428571428571,APPROVE
0.27311912,0.2644628,0,0.17096,HOLD
0.30142957,0.28711116,0,0.15212307692307692,HOLD
0.74011844,0.6380623,0,0.10531666666666667,HOLD
0.25389954,0.24908713,0,0.10185106382978723,HOLD
0.66754276,0.5800017,0,0.12614285714285714,HOLD
0.6237923,0.5450014,0,0.2562,HOLD
0.1505296,0.16639116,0,0.2385,HOLD
0.12096805,0.14274193,0,0.19018,APPROVE
0.41836908,0.38066277,0,0.26862857142857144,HOLD
0.44890276,0.4050897,0,0.19572,HOLD
0.15528212,0.1701932,0,0.227875,HOLD
0.40178436,0.36739498,0,0.24306666666666665,HOLD
0.27851292,0.26877785,0,0.189775,HOLD
0.15116465,0.16689922,1,0.2145,HOLD
0.20397182,0.20914495,0,0.224275,HOLD
0.30929035,0.29339978,0,0.146825,HOLD
0.061408754,0.09509451,0,0.0992,APPROVE
0.19997907,0.20595075,0,0.12566666666666668,HOLD
0.22564943,0.22648704,0,0.28315384615384614,HOLD
0.6417365,0.55935675,0,0.5873,REJECT
0.53146666,0.47114083,1,0.3546875,HOLD
0.20695688,0.211533,0,0.0927,HOLD
0.27139348,0.2630823,0,0.10697777777777778,HOLD
0.2969217,0.28350487,0,0.07028,HOLD
0.8243935,0.70548236,0,0.30788,REJECT
0.265929,0.2587107,0,0.22554285714285716,HOLD
0.3414708,0.31914413,0,0.39905109489051094,HOLD
0.15872791,0.17294982,0,0.22866666666666666,HOLD
0.18538658,0.19427676,0,0.24013333333333334,HOLD
0.24878794,0.24499784,0,0.122325,HOLD
0.42721292,0.38773784,0,0.05555555555555555,HOLD
0.2781977,0.26852566,0,0.1461111111111111,HOLD
0.36868542,0.34091583,0,0.2898,HOLD
0.36787596,0.34026825,0,0.25895,HOLD
0.50284433,0.44824296,0,0.122325,HOLD
0.25880203,0.2530091,0,0.1293,HOLD
0.18585616,0.19465242,0,0.11693333333333333,HOLD
0.61104155,0.53480077,0,0.19666666666666666,HOLD
0.5063775,0.4510695,0,0.20205,HOLD
0.24965923,0.24569488,0,0.22928333333333334,HOLD
0.2124305,0.2159119,0,0.2399777777777778,HOLD
0.71611816,0.61886203,0,0.17382,HOLD
0.5183507,0.46064806,0,0.2920333333333333,HOLD
0.19437033,0.20146376,0,0.16708571428571428,HOLD
0.5096474,0.45368543,1,0.443,REJECT
0.24971083,0.24573615,0,0.2112857142857143,HOLD
0.12957352,0.14962631,0,0.21428571428571427,APPROVE
0.2417617,0.23937686,0,0.14089285714285715,HOLD
0.5855848,0.5144354,0,0.3082666666666667,HOLD
0.49863675,0.4448769,0,0.20474074074074075,HOLD
0.14091602,0.15870032,0,0.1607,HOLD
0.29224405,0.27976274,0,0.3281,HOLD
0.8092044,0.69333106,1,0.06666666666666667,REJECT
0.21894816,0.22112602,0,0.057257142857142854,HOLD
0.18326296,0.19257785,0,0.35088,HOLD
0.32377675,0.3049889,0,0.13306666666666667,HOLD
0.46462163,0.4176648,0,0.15614285714285714,HOLD
0.034255553,0.07337194,0,0.17242857142857143,APPROVE
0.25839272,0.25268167,0,0.24357894736842106,HOLD
0.33048615,0.3103564,0,0.0896235294117647,HOLD
0.070375085,0.10226757,0,0.07458571428571428,APPROVE
0.34282374,0.3202265,0,0.1044,HOLD
0.45196992,0.40754342,0,0.18992857142857142,HOLD
0.41777354,0.38018632,0,0.08585,HOLD
0.3227766,0.30418876,0,0.24664285714285714,HOLD
0.34549,0.3223595,0,0.2514,HOLD
0.17784505,0.18824352,0,0.12806315789473685,HOLD
0.21241437,0.21589899,0,0.14582,HOLD
0.6566073,0.57125336,1,0.32,HOLD
0.09459599,0.121644296,0,0.12073333333333333,APPROVE
0.43622172,0.39494488,0,0.2664,HOLD
0.17467229,0.18570532,0,0.1839,HOLD
0.51248384,0.45595455,0,0.11665,HOLD
0.4175441,0.38000277,0,0.1745,HOLD
0.42048693,0.38235703,1,0.294,HOLD
0.30829886,0.2926066,0,0.1302,HOLD
0.62715155,0.5476888,0,0.10422857142857143,HOLD
0.35518432,0.33011496,0,0.29075,HOLD
0.4518725,0.4074655,0,0.13091111111111112,HOLD
0.009992076,0.05396116,0,0.16373983739837397,APPROVE
0.4112812,0.37499246,1,0.13185416666666666,HOLD
0.11163818,0.13527805,0,0.14247058823529413,APPROVE
0.5546745,0.4897071,0,0.1101375,HOLD
0.46598956,0.41875914,1,0.324675,HOLD
0.40081266,0.36661762,0,0.11853333333333334,HOLD
0.20017439,0.206107,0,0.14161333333333334,HOLD
0.28178683,0.27139696,0,0.1355,HOLD
0.074232236,0.10535329,0,0.04133333333333333,APPROVE
0.253597,0.24884509,0,0.21308888888888888,HOLD
0.20078832,0.20659815,0,0.12142857142857143,HOLD
0.10829652,0.13260472,0,0.1809148936170213,APPROVE
0.47229654,0.42380473,0,0.24168,HOLD
0.81798565,0.70035607,1,0.13493333333333332,REJECT
0.29946586,0.2855402,0,0.3266060606060606,HOLD
0.809073,0.6932259,1,0.316,REJECT
0.5937908,0.5210002,0,0.21666666666666667,HOLD
0.16773242,0.18015343,0,0.31216666666666665,HOLD
0.53588516,0.47467563,0,0.045,HOLD
0.35524794,0.33016586,0,0.25568,HOLD
0.37047514,0.34234762,0,0.10416,HOLD
0.18998517,0.19795562,0,0.17784,HOLD
0.20631345,0.21101825,0,0.15075,HOLD
0.31027213,0.2941852,0,0.07857142857142857,HOLD
0.12879762,0.14900559,0,0.35996666666666666,APPROVE
0.25051373,0.24637848,0,0.18405263157894736,HOLD
0.2798093,0.26981494,0,0.09529230769230769,HOLD
0.21332899,0.21663068,0,0.23205,HOLD
0.284778,0.2737899,0,0.13757,HOLD
0.25807127,0.2524245,0,0.1,HOLD
0.17021544,0.18213984,0,0.11316666666666667,HOLD
0.7217108,0.6233362,0,0.34058333333333335,HOLD
0.6891833,0.5973142,0,0.18605714285714287,HOLD
0.5496386,0.4856784,0,0.23902222222222222,HOLD
0.78099275,0.6707617,0,0.15,REJECT
0.20736188,0.21185699,0,0.14813333333333334,HOLD
0.38366392,0.35289863,0,0.13371111111111111,HOLD
0.33951372,0.31757846,0,0.08084,HOLD
0.6730609,0.5844163,1,0.1078,HOLD
0.47327003,0.42458352,1,0.11635555555555556,HOLD
0.34847298,0.3247459,0,0.09713333333333334,HOLD
0.5124923,0.45596135,0,0.463972602739726,REJECT
0.42875066,0.38896802,1,0.07815555555555556,HOLD
0.22505745,0.22601345,0,0.13052380952380951,HOLD
0.7791751,0.6693076,0,0.25634,REJECT
0.77053756,0.66239756,0,0.22696666666666668,REJECT
0.12271358,0.14413837,0,0.12472,APPROVE
0.4157609,0.37857622,0,0.14555555555555555,HOLD
0.14993747,0.16591747,0,0.067975,HOLD
0.38940293,0.35748982,0,0.13333333333333333,HOLD
0.3097621,0.29377717,0,0.2454,HOLD
0.5089719,0.45314503,0,0.15384615384615385,HOLD
0.4798652,0.42985964,0,0.296975,HOLD
0.7694526,0.6615296,0,0.07475384615384616,REJECT
0.08441706,0.113501154,0,0.2512142857142857,APPROVE
0.31189957,0.29548717,0,0.14444444444444443,HOLD
0.55103135,0.48679256,0,0.3505333333333333,HOLD
0.3367263,0.31534854,0,0.16957777777777777,HOLD
0.30651793,0.29118183,0,0.1007,HOLD
0.70210457,0.6076512,1,0.12626,HOLD
0.65247476,0.5679473,0,0.3074,HOLD
0.16179419,0.17540284,0,0.24298,HOLD
0.32681972,0.30742326,0,0.07692307692307693,HOLD
0.25022176,0.2461449,0,0.09041538461538462,HOLD
0.4561042,0.41085085,0,0.1,HOLD
0.49951863,0.4455824,0,0.12,HOLD
0.17256857,0.18402235,0,0.18424444444444443,HOLD
0.3890244,0.35718703,0,0.2415,HOLD
0.40233874,0.3678385,0,0.09552727272727272,HOLD
0.031574566,0.071227156,0,0.2538,APPROVE
0.32667872,0.30731046,0,0.21564705882352941,HOLD
0.49323457,0.44055516,0,0.12726666666666667,HOLD
0.31613654,0.29887673,0,0.4086,REJECT
0.32001293,0.30197784,0,0.1334,HOLD
0.16112284,0.17486577,0,0.1224,HOLD
0.054608162,0.089654036,0,0.40114285714285713,REJECT
0.55790144,0.49228865,0,0.21417142857142857,HOLD
0.4032372,0.36855724,0,0.09292592592592593,HOLD
0.42915905,0.38929474,0,0.13364,HOLD
0.32217687,0.303709,0,0.249575,HOLD
0.6817225,0.59134555,0,0.2364857142857143,HOLD
0.2558781,0.25067,0,0.2997,HOLD
0.42539802,0.3862859,0,0.19268,HOLD
0.4519902,0.40755963,0,0.17585,HOLD
0.65160406,0.5672508,0,0.22584,HOLD
0.47141334,0.42309818,0,0.1556,HOLD
0.21915399,0.22129068,0,0.1736,HOLD
0.26285756,0.25625354,0,0.264925,HOLD
0.17221609,0.18374036,0,0.2824,HOLD
0.23373102,0.23295231,0,0.21845,HOLD
0.51459855,0.45764634,0,0.3885,HOLD
0.5467744,0.483387,0,0.24165,HOLD
0.2658747,0.25866726,0,0.18186666666666668,HOLD
0.031216212,0.07094047,0,0.1722,APPROVE
0.31200603,0.2955723,0,0.22053333333333333,HOLD
0.4295705,0.38962388,0,0.14746666666666666,HOLD
0.24556637,0.24242058,0,0.146025,HOLD
0.22331756,0.22462155,0,0.18764,HOLD
0.7888072,0.6770133,0,0.08766666666666667,REJECT
0.5085311,0.45279238,1,0.2590222222222222,HOLD
0.6781922,0.5885213,0,0.15614285714285714,HOLD
0.20935857,0.21345435,0,0.0801111111111111,HOLD
0.108753376,0.1329702,0,0.30746875,APPROVE
0.19647174,0.20314488,0,0.22876470588235295,HOLD
0.4620507,0.41560805,0,0.1618181818181818,HOLD
0.22660773,0.22725368,0,0.3305,HOLD
0.52236044,0.46385586,0,0.13685714285714284,HOLD
0.3132363,0.29655653,0,0.07847826086956522,HOLD
0.7727665,0.6641807,1,0.18433333333333332,REJECT
0.6463299,0.56303144,0,0.19456,HOLD
0.015059389,0.05801501,0,0.08504651162790698,APPROVE
0.0174503,0.05992774,0,0.1787,APPROVE
0.67262113,0.5840644,0,0.18,HOLD
0.4152677,0.37818167,0,0.12353191489361702,HOLD
0.28641358,0.27509835,0,0.18004444444444445,HOLD
0.68906,0.59721553,1,0.21858823529411764,HOLD
0.27532345,0.26622626,0,0.16146153846153846,HOLD
0.5674945,0.4999631,0,0.27136,HOLD
0.81609714,0.69884527,1,0.04804761904761905,REJECT
0.40992376,0.3739065,0,0.26,HOLD
0.5592498,0.49336734,0,0.18453333333333333,HOLD
0.15873313,0.172954,0,0.065,HOLD
0.3297555,0.3097719,0,0.2253777777777778,HOLD
0.05069893,0.08652664,0,0.23126666666666668,APPROVE
0.48970526,0.4377317,1,0.15594285714285713,HOLD
0.25753644,0.25199667,0,0.4618333333333333,REJECT
0.15860286,0.17284979,0,0.13163636363636363,HOLD
0.36759126,0.3400405,0,0.075,HOLD
0.658765,0.57297957,0,0.1532,HOLD
0.20686877,0.21146251,0,0.1374,HOLD
0.32926676,0.3093809,0,0.16010526315789475,HOLD
0.79488903,0.68187875,1,0.20411428571428572,REJECT
0.6014092,0.5270949,0,0.22613333333333333,HOLD
0.5305599,0.4704154,0,0.2605625,HOLD
0.4874099,0.4358954,0,0.13853846153846153,HOLD
0.2549435,0.24992229,0,0.23933333333333334,HOLD
0.71379,0.6169995,0,0.15402857142857143,HOLD
0.15964888,0.1736866,0,0.13333333333333333,HOLD
0.37639552,0.34708393,0,0.23688571428571428,HOLD
0.2089604,0.21313581,0,0.17016666666666666,HOLD
0.24372117,0.24094443,0,0.1124,HOLD
0.39166465,0.3592992,0,0.0462,HOLD
0.10905965,0.13321522,0,0.04861111111111111,APPROVE
0.7058727,0.6106657,0,0.13901449275362318,HOLD
0.63712674,0.55566895,0,0.1674,HOLD
0.43173528,0.39135572,0,0.15,HOLD
0.22839141,0.22868063,0,0.12504255319148935,HOLD
0.2964035,0.2830903,0,0.1855217391304348,HOLD
0.23271896,0.23214266,0,0.23176,HOLD
0.16502465,0.17798722,0,0.42877777777777776,REJECT
0.47516835,0.42610216,0,0.18386111111111111,HOLD
0.4973413,0.44384053,0,0.333,HOLD
0.50325954,0.44857514,0,0.21853333333333333,HOLD
0.43370485,0.39293137,0,0.2919333333333333,HOLD
0.51258373,0.45603448,1,0.18306666666666666,HOLD
0.12985364,0.1498504,0,0.128,APPROVE
0.20448901,0.2095587,0,0.17412195121951218,HOLD
0.42592818,0.38671005,0,0.14696666666666666,HOLD
0.74112207,0.6388652,0,0.22953333333333334,HOLD
0.44227645,0.39978865,0,0.20693333333333333,HOLD
0.49563268,0.44247365,0,0.14468,HOLD
0.07581542,0.106619835,0,0.10832,APPROVE
0.57377845,0.5049903,0,0.18094117647058824,HOLD
0.36119533,0.33492374,0,0.0651,HOLD
0.4533921,0.40868115,1,0.36793478260869567,HOLD
0.6077225,0.53214556,0,0.18396666666666667,HOLD
0.42461973,0.38566327,0,0.14166666666666666,HOLD
0.47434634,0.42544457,0,0.14436,HOLD
0.52337986,0.46467137,0,0.2098,HOLD
0.20563753,0.21047752,0,0.3309,HOLD
0.36664292,0.33928183,0,0.249875,HOLD
0.55536145,0.49025667,0,0.13397619047619047,HOLD
0.10405994,0.12921545,0,0.25,APPROVE
0.31212905,0.29567075,1,0.13760714285714284,HOLD
0.07649724,0.1071653,0,0.08575,APPROVE
0.21124978,0.21496733,0,0.21995454545454546,HOLD
0.34120706,0.31893313,0,0.15625,HOLD
0.91673607,0.77935636,0,0.13542222222222222,REJECT
0.35752228,0.33198532,0,0.0958,HOLD
0.21847405,0.22074673,0,0.13892857142857143,HOLD
0.20543523,0.21031567,0,0.2627,HOLD
0.57917017,0.5093037,0,0.07066666666666667,HOLD
0.1694834,0.18155421,0,0.12962962962962962,HOLD
0.5970595,0.5236151,0,0.08571428571428572,HOLD
0.25703505,0.25159553,0,0.10547058823529412,HOLD
0.46947938,0.421551,0,0.1952894736842105,HOLD
0.11972735,0.14174938,0,0.47391428571428573,REJECT
0.6880384,0.59639823,0,0.128,HOLD
0.7926321,0.6800732,1,0.048133333333333334,REJECT
0.78577316,0.67458606,1,0.39466666666666667,REJECT
0.27973023,0.2697517,0,0.29124,HOLD
0.121376984,0.14306909,0,0.0496,APPROVE
0.18906896,0.19722266,0,0.09876,HOLD
0.22669539,0.2273238,0,0.06337894736842105,HOLD
0.37956664,0.34962082,0,0.18881818181818183,HOLD
0.19954193,0.20560104,0,0.3648,HOLD
0.09279771,0.12020568,0,0.15,APPROVE
0.24244198,0.23992108,0,0.2454,HOLD
0.6334202,0.55270374,1,0.12385416666666667,HOLD
0.26376066,0.25697604,0,0.21544,HOLD
0.87056214,0.7424172,0,0.1184,REJECT
0.16175063,0.175368,0,0.23953333333333332,HOLD
0.03628461,0.07499519,0,0.10251428571428571,APPROVE
0.0518818,0.08747294,0,0.32426666666666665,APPROVE
0.2313433,0.23104213,0,0.352,HOLD
0.37044576,0.3423241,0,0.3406666666666667,HOLD
0.20544668,0.21032484,0,0.10466666666666667,HOLD
0.110153675,0.13409044,0,0.17064285714285715,APPROVE
0.07443578,0.10551613,0,0.1609,APPROVE
0.36309674,0.33644488,0,0.16985,HOLD
0.75060004,0.64644754,0,0.14106,HOLD
0.4975488,0.44400653,0,0.13896666666666666,HOLD
0.5478801,0.4842716,0,0.15564,HOLD
0.56897485,0.50114745,1,0.22713333333333333,HOLD
0.19642302,0.20310591,0,0.2996,HOLD
0.44876328,0.40497813,0,0.2659,HOLD
0.7417598,0.6393753,1,0.29654166666666665,HOLD
0.10176453,0.12737912,0,0.19864,APPROVE
0.11239824,0.13588609,0,0.125,APPROVE
0.82330716,0.70461327,0,0.09935555555555556,REJECT
0.096268676,0.12298245,0,0.24508888888888888,APPROVE
0.09759762,0.1240456,0,0.4666666666666667,REJECT
0.17034416,0.18224283,0,0.15094285714285716,HOLD
0.46708086,0.4196322,0,0.08986153846153846,HOLD
0.5742761,0.50538844,0,0.25,HOLD
0.39583996,0.36263946,1,0.12946666666666667,HOLD
0.49171588,0.4393402,1,0.10342222222222222,HOLD
0.62332094,0.54462427,0,0.17826315789473685,HOLD
0.4904725,0.4383455,0,0.12473333333333333,HOLD
0.6753888,0.58627856,0,0.27672,HOLD
0.02478454,0.06579513,0,0.1527777777777778,APPROVE
0.29527178,0.28218493,0,0.21393939393939393,HOLD
0.27915072,0.2692881,0,0.18963157894736843,HOLD
0.14694294,0.16352186,0,0.13043478260869565,HOLD
0.26056126,0.2544165,0,0.3022666666666667,HOLD
0.24420981,0.24133535,0,0.13704,HOLD
0.57702786,0.5075898,0,0.20191666666666666,HOLD
0.2684985,0.2607663,1,0.09622,HOLD
0.5151551,0.45809156,0,0.3552222222222222,HOLD
0.2647191,0.2577428,0,0.16948,HOLD
0.2953896,0.28227916,0,0.14231764705882352,HOLD
0.2521513,0.24768855,0,0.0432,HOLD
0.39507943,0.36203104,0,0.25875,HOLD
0.10646154,0.13113673,0,0.2428813559322034,APPROVE
0.79319125,0.68052053,0,0.27788,REJECT
0.69721013,0.6037356,0,0.13595833333333332,HOLD
0.67905354,0.5892104,0,0.13846,HOLD
0.17937288,0.18946579,0,0.075,HOLD
0.533534,0.47279468,0,0.3966,HOLD
0.28690773,0.27549368,0,0.20536666666666667,HOLD
0.19384544,0.20104384,0,0.0957,HOLD
0.28436053,0.27345592,0,0.06964705882352941,HOLD
0.7098685,0.61386234,0,0.09671111111111111,HOLD
0.7227657,0.6241801,1,0.06837647058823529,HOLD
0.29400373,0.2811705,0,0.10158333333333333,HOLD
0.71074766,0.6145657,0,0.16607142857142856,HOLD
0.025505165,0.066371635,0,0.11092,APPROVE
0.69585913,0.6026548,0,0.22607692307692306,HOLD
0.87966365,0.74969846,0,0.0646,REJECT
0.18282425,0.1922269,0,0.22166,HOLD
0.7213511,0.6230484,1,0.07132857142857142,HOLD
0.32493663,0.3059168,0,0.21537142857142857,HOLD
0.7189455,0.6211239,0,0.09324,HOLD
0.2565293,0.25119093,0,0.08598333333333333,HOLD
0.12356447,0.14481907,0,0.0745,APPROVE
0.5240808,0.46523213,0,0.0798,HOLD
0.13475052,0.15376791,0,0.25136,HOLD
0.63573796,0.5545579,0,0.20552,HOLD
0.26276806,0.25618196,0,0.12566666666666668,HOLD
0.16992232,0.18190534,0,0.14336,HOLD
0.47829798,0.42860588,0,0.12,HOLD
0.2447174,0.24174142,0,0.1786231884057971,HOLD
0.80229187,0.687801,0,0.096,REJECT
0.3010794,0.28683102,0,0.2019142857142857,HOLD
0.18896782,0.19714175,0,0.0804,HOLD
0.10131271,0.12701766,0,0.53028,REJECT
0.12878372,0.14899448,0,0.21922222222222223,APPROVE
0.51382774,0.4570297,0,0.14856,HOLD
0.6853474,0.59424543,0,0.09018,HOLD
0.47536567,0.42626002,1,0.21444,HOLD
0.24666534,0.24329977,0,0.19164705882352942,HOLD
0.7154031,0.61829,0,0.22833333333333333,HOLD
0.24540642,0.24229263,0,0.3996,HOLD
0.13462777,0.15366971,0,0.20023684210526316,HOLD
0.37471846,0.34574226,0,0.12411666666666667,HOLD
0.43466875,0.3937025,0,0.06305882352941176,HOLD
0.5850189,0.51398265,1,0.3541351351351351,HOLD
0.36346337,0.3367382,0,0.1266857142857143,HOLD
0.1952832,0.20219405,0,0.1007,HOLD
0.52259535,0.46404377,1,0.24867857142857142,HOLD
0.7701473,0.6620854,0,0.1356,REJECT
0.1780157,0.18838005,0,0.1850153846153846,HOLD
0.41094747,0.37472546,0,0.26763333333333333,HOLD
0.048509184,0.084774844,0,0.1,APPROVE
0.108453,0.13272989,0,0.1525,APPROVE
0.07467567,0.10570804,0,0.1013030303030303,APPROVE
0.32148612,0.30315638,0,0.11368571428571428,HOLD
0.09171905,0.11934275,0,0.10714285714285714,APPROVE
0.2584548,0.25273135,0,0.13262,HOLD
0.1694641,0.18153878,0,0.13825714285714286,HOLD
0.17580292,0.18660982,0,0.075,HOLD
0.20429987,0.20940739,0,0.09692307692307692,HOLD
0.1856918,0.19452094,0,0.15003333333333332,HOLD
0.5978789,0.52427065,0,0.12268888888888889,HOLD
0.25409743,0.24924543,0,0.13198484848484848,HOLD
0.2652597,0.25817528,0,0.14,HOLD
0.18795855,0.19633433,0,0.2883252427184466,HOLD
0.48855355,0.43681034,1,0.18016666666666667,HOLD
0.32052806,0.30238995,0,0.1414,HOLD
0.5395946,0.47764316,0,0.09944,HOLD
0.20679492,0.21140343,0,0.1335,HOLD
0.20517734,0.21010937,0,0.13993333333333333,HOLD
0.6149532,0.53793013,0,0.1241,HOLD
0.6898557,0.5978521,0,0.17665217391304347,HOLD
0.27324563,0.264564,0,0.1125,HOLD
0.64014053,0.55807996,0,0.30582608695652175,HOLD
0.2258542,0.22665085,0,0.24463333333333334,HOLD
0.17723012,0.18775159,0,0.19097142857142857,HOLD
0.095742516,0.12256152,0,0.09146666666666667,APPROVE
0.28883377,0.27703452,0,0.1779,HOLD
0.30917427,0.29330692,0,0.12213333333333333,HOLD
0.32168755,0.30331755,0,0.24225714285714287,HOLD
0.33502322,0.31398606,0,0.2686,HOLD
0.029353118,0.06945,0,0.43916,REJECT
0.109695785,0.13372412,0,0.09728,APPROVE
0.6347566,0.5537728,0,0.256,HOLD
0.12312863,0.1444704,0,0.08333333333333333,APPROVE
0.08141649,0.111100696,0,0.34486666666666665,APPROVE
0.57243615,0.50391644,0,0.2091219512195122,HOLD
0.05613856,0.090878345,0,0.12358,APPROVE
0.46284345,0.41624224,0,0.2444,HOLD
0.1491997,0.16532725,0,0.11284375,HOLD
0.16015613,0.1740924,0,0.21503636363636364,HOLD
0.23205212,0.23160918,0,0.1630888888888889,HOLD
0.14241034,0.15989576,0,0.1443,HOLD
0.47363526,0.4248757,0,0.20514285714285715,HOLD
0.5578526,0.4922496,0,0.08,HOLD
0.24704981,0.24360734,0,0.14285714285714285,HOLD
0.39625216,0.36296922,0,0.08481818181818182,HOLD
0.15681008,0.17141555,0,0.14458333333333334,HOLD
0.33491066,0.31389603,0,0.1983,HOLD
0.14195928,0.15953492,0,0.3226,HOLD
0.10944609,0.13352437,0,0.17882222222222222,APPROVE
0.07575567,0.10657204,0,0.06134883720930233,APPROVE
0.51146615,0.4551404,0,0.1496,HOLD
0.5511138,0.48685852,0,0.26210714285714287,HOLD
0.409377,0.3734691,0,0.1442,HOLD
0.1788568,0.18905294,0,0.12775853737113402,HOLD
0.75453126,0.6495925,0,0.19894285714285714,HOLD
0.26710054,0.25964794,0,0.05228,HOLD
0.21820933,0.22053495,0,0.2309,HOLD
0.5784746,0.5087472,0,0.048054545454545454,HOLD
0.5700337,0.50199455,0,0.1522,HOLD
0.35934636,0.3334446,1,0.15833333333333333,HOLD
0.056854747,0.091451295,0,0.26698,APPROVE
0.08337125,0.1126645,0,0.08868333333333334,APPROVE
0.17490873,0.18589447,0,0.11113333333333333,HOLD
0.28739354,0.27588233,0,0.3042,HOLD
0.32779115,0.30820042,0,0.20063333333333333,HOLD
0.55998814,0.493958,0,0.13636363636363635,HOLD
0.21482545,0.21782786,0,0.1,HOLD
0.51548696,0.45835707,1,0.2063076923076923,HOLD
0.1894971,0.19756517,0,0.12056666666666667,HOLD
0.17379852,0.1850063,0,0.09603636363636364,HOLD
0.2609045,0.2546911,0,0.37631818181818183,HOLD
0.6239988,0.5451666,1,0.19373333333333334,HOLD
0.52540535,0.4662918,0,0.179575,HOLD
0.27933744,0.26943746,0,0.06818181818181818,HOLD
0.20459744,0.20964545,0,0.28505714285714284,HOLD
0.13648699,0.15515709,0,0.07752,HOLD
0.35064545,0.32648385,0,0.1922,HOLD
0.18190362,0.19149038,0,0.066175,HOLD
0.43653297,0.39519387,0,0.13675555555555555,HOLD
0.48333713,0.4326372,0,0.24288,HOLD
0.06394645,0.09712466,0,0.12492,APPROVE
0.6123924,0.53588146,0,0.2223125,HOLD
0.20498256,0.20995355,0,0.18056666666666665,HOLD
0.09840143,0.12468865,0,0.15417777777777777,APPROVE
0.20890231,0.21308935,0,0.40654545454545454,REJECT
0.383054,0.35241067,0,0.14045714285714286,HOLD
0.38953912,0.35759878,0,0.18756666666666666,HOLD
0.6565379,0.57119787,0,0.29224,HOLD
0.47853065,0.428792,0,0.15172857142857143,HOLD
0.5644476,0.49752557,0,0.25417142857142855,HOLD
0.17381369,0.18501844,0,0.142375,HOLD
0.3686964,0.34092462,0,0.20728,HOLD
0.6813815,0.59107274,0,0.21796666666666667,HOLD
0.3272686,0.30778238,0,0.3195,HOLD
0.2546676,0.24970157,0,0.17912,HOLD
0.38907835,0.3572302,0,0.2126,HOLD
0.4244991,0.38556677,1,0.04170149253731343,HOLD
0.2976247,0.28406727,0,0.23508,HOLD
0.33281907,0.31222275,0,0.1111111111111111,HOLD
0.40756562,0.37202,0,0.06666666666666667,HOLD
0.556422,0.49110508,0,0.171325,HOLD
0.55877835,0.49299017,0,0.05348888888888889,HOLD
0.22120085,0.22292818,0,0.1072,HOLD
0.37490785,0.34589377,0,0.30045714285714287,HOLD
0.082229726,0.11175128,0,0.08219230769230769,APPROVE
0.1594801,0.17355157,0,0.08775,HOLD
0.60940707,0.5334932,0,0.1942,HOLD
0.16637841,0.17907022,0,0.14213549337260678,HOLD
0.44267744,0.40010944,0,0.1523,HOLD
0.41386777,0.37706172,0,0.16845454545454547,HOLD
0.56735647,0.49985266,0,0.2018,HOLD
0.25800917,0.25237483,0,0.24823333333333333,HOLD
0.27417195,0.26530507,0,0.15,HOLD
0.4440494,0.401207,0,0.24094285714285715,HOLD
0.84047914,0.7183508,0,0.18976666666666667,REJECT
0.5067797,0.45139122,0,0.1,HOLD
0.78036535,0.67025983,0,0.125325,REJECT
0.28829026,0.2765997,0,0.13433333333333333,HOLD
0.7653111,0.6582164,0,0.147,REJECT
0.192108,0.1996539,0,0.14813888888888888,HOLD
0.13301872,0.15238246,0,0.08723076923076924,HOLD
0.038138468,0.07647827,0,0.24358823529411763,APPROVE
0.19624974,0.20296729,0,0.10889473684210527,HOLD
0.15975296,0.17376986,0,0.32508,HOLD
0.065801844,0.09860898,0,0.0976,APPROVE
0.14795682,0.16433296,0,0.3243,HOLD
0.426441,0.3871203,0,0.1350263157894737,HOLD
0.30758473,0.29203528,1,0.14286666666666667,HOLD
0.37799007,0.34835956,0,0.09608571428571429,HOLD
0.3358694,0.31466302,0,0.20944,HOLD
0.6084825,0.5327535,0,0.12857142857142856,HOLD
0.057069834,0.09162337,0,0.1288,APPROVE
0.5052109,0.45013618,0,0.319,HOLD
0.66857755,0.58082956,0,0.06,HOLD
0.628209,0.54853475,0,0.16877777777777778,HOLD
0.06378192,0.09699304,0,0.15,APPROVE
0.58670837,0.51533425,0,0.28936666666666666,HOLD
0.27741894,0.26790264,0,0.07551111111111111,HOLD
0.4759376,0.42671758,0,0.11674285714285715,HOLD
0.696297,0.6030051,0,0.24094444444444443,HOLD
0.76406175,0.6572169,1,0.11696666666666666,REJECT
0.3219394,0.303519,0,0.075,HOLD
0.3097125,0.2937375,0,0.09956,HOLD
0.136094,0.1548427,0,0.15116,HOLD
0.17247789,0.1839498,0,0.14620833333333333,HOLD
0.33371127,0.3129365,0,0.09375,HOLD
0.4344151,0.39349958,0,0.20212,HOLD
0.34568852,0.32251832,1,0.146925,HOLD
0.19476092,0.20177622,0,0.18,HOLD
0.1295015,0.1495687,0,0.13548,APPROVE
0.27867064,0.268904,0,0.07372413793103448,HOLD
0.46233347,0.41583428,0,0.0800625,HOLD
0.06458683,0.09763697,0,0.3171333333333333,APPROVE
0.106697336,0.13132536,0,0.4083333333333333,REJECT
0.19337536,0.20066778,0,0.23446666666666666,HOLD
0.16198486,0.17555538,0,0.2585,HOLD
0.43062794,0.39046985,0,0.3599,HOLD
0.39589792,0.36268583,0,0.12133333333333333,HOLD
0.63241017,0.5518957,0,0.21774545454545455,HOLD
0.14903204,0.16519313,0,0.12364705882352942,HOLD
0.08758512,0.1160356,0,0.18088,APPROVE
0.038511913,0.07677703,0,0.25,APPROVE
0.19040382,0.19829054,0,0.21953333333333333,HOLD
0.35771894,0.33214265,0,0.08194285714285714,HOLD
0.6589808,0.5731522,0,0.06485,HOLD
0.3781008,0.34844816,0,0.23336,HOLD
0.103079654,0.12843122,0,0.07244444444444445,APPROVE
0.54737663,0.4838688,0,0.1842,HOLD
0.6812021,0.5909292,0,0.16213333333333332,HOLD
0.5651028,0.49804974,0,0.12282857142857143,HOLD
0.1443606,0.16145597,0,0.18925714285714285,HOLD
0.15349068,0.16876003,0,0.08964,HOLD
0.061566226,0.095220484,0,0.1789,APPROVE
0.06628962,0.098999195,0,0.16566153846153847,APPROVE
0.40111387,0.3668586,0,0.18208,HOLD
0.744309,0.64141476,0,0.29455,HOLD
0.21734591,0.21984422,1,0.2886666666666667,HOLD
0.10611824,0.13086209,0,0.178375,APPROVE
0.5862708,0.5149842,1,0.40186666666666665,REJECT
0.49411428,0.4412589,0,0.1442142857142857,HOLD
0.24012427,0.23806691,0,0.1111111111111111,HOLD
0.6505281,0.56639,0,0.14058,HOLD
0.5444848,0.48155534,0,0.14247272727272728,HOLD
0.048373517,0.08466632,0,0.25653333333333334,APPROVE
0.28886497,0.27705947,0,0.09166666666666666,HOLD
0.4211218,0.38286495,0,0.0851,HOLD
0.5186576,0.4608936,0,0.23796666666666666,HOLD
0.532395,0.4718835,0,0.284,HOLD
0.035318807,0.07422254,0,0.1317,APPROVE
0.046605896,0.083252214,0,0.15236363636363637,APPROVE
0.64295316,0.56033003,0,0.243625,HOLD
0.7033098,0.60861534,0,0.21009090909090908,HOLD
0.20081724,0.20662129,0,0.15372,HOLD
0.16770658,0.18013276,0,0.07828070175438596,HOLD
0.16871059,0.18093596,0,0.08736363636363637,HOLD
0.4241615,0.3852967,0,0.18917857142857142,HOLD
0.30008602,0.2860363,0,0.26803333333333335,HOLD
0.4708754,0.42266783,0,0.2403,HOLD
0.111102425,0.13484943,0,0.11529100529100529,APPROVE
0.3634926,0.3367616,0,0.16384,HOLD
0.60891026,0.5330958,0,0.11585,HOLD
0.53147465,0.4711472,0,0.21594,HOLD
0.49495593,0.44193223,0,0.075,HOLD
0.09036235,0.11825738,0,0.22097777777777777,APPROVE
0.70526594,0.61018026,0,0.15813333333333332,HOLD
0.24987161,0.24586478,0,0.12037931034482759,HOLD
0.24061893,0.23846264,0,0.22573684210526315,HOLD
0.23608428,0.23483492,0,0.16006,HOLD
0.82844764,0.70872563,1,0.2368,REJECT
0.51940304,0.46148992,0,0.1288,HOLD
0.31909657,0.30124474,0,0.14604054054054055,HOLD
0.5056126,0.45045757,0,0.10872,HOLD
0.004914534,0.049899127,0,0.1117,APPROVE
0.34491497,0.32189947,0,0.29175,HOLD
0.5015588,0.4472145,0,0.25388,HOLD
0.24694785,0.24352577,0,0.15424,HOLD
0.02993762,0.0699176,0,0.0875,APPROVE
0.14349738,0.1607654,0,0.18082857142857142,HOLD
0.7259445,0.6267232,0,0.10783333333333334,HOLD
0.22598542,0.22675583,0,0.12642307692307692,HOLD
0.15864284,0.17288177,0,0.1483,HOLD
0.34629378,0.32300252,0,0.1844,HOLD
0.005664386,0.05049901,0,0.34446666666666664,APPROVE
0.25921708,0.25334117,1,0.2342,HOLD
0.38916114,0.3572964,0,0.0622,HOLD
0.0839945,0.113163106,0,0.11332352941176471,APPROVE
0.21949314,0.221562,0,0.07919047619047619,HOLD
0.8458776,0.7226696,0,0.32725714285714286,REJECT
0.66319317,0.57652205,0,0.16907407407407407,HOLD
0.80021936,0.68614304,0,0.2588157894736842,REJECT
0.36878508,0.34099555,0,0.2598666666666667,HOLD
0.17283255,0.18423353,0,0.30323333333333335,HOLD
0.18880007,0.19700755,0,0.2327,HOLD
0.6083951,0.5326836,0,0.13965714285714287,HOLD
0.63254637,0.55200464,0,0.0724,HOLD
0.47045574,0.42233208,0,0.15385,HOLD
0.23981893,0.23782264,0,0.17202857142857142,HOLD
0.8057286,0.69055045,1,0.2113142857142857,REJECT
0.4270494,0.387607,0,0.1055,HOLD
0.7736119,0.66485703,0,0.14765,REJECT
0.49421677,0.44134092,0,0.1317,HOLD
0.9003004,0.7662078,0,0.24288,REJECT
0.11732965,0.13983122,0,0.0719,APPROVE
0.45620772,0.41093367,0,0.1955,HOLD
0.48240256,0.43188953,0,0.20424,HOLD
0.070629284,0.10247093,1,0.14814117647058825,APPROVE
0.09620347,0.12293028,0,0.10591666666666667,APPROVE
0.44374534,0.40096378,0,0.27413333333333334,HOLD
0.39702013,0.3635836,0,0.26335555555555556,HOLD
0.54028445,0.47819507,0,0.08566666666666667,HOLD
0.38333762,0.3526376,0,0.19561818181818183,HOLD
0.03060758,0.07045356,0,0.07142553191489362,APPROVE
0.5602774,0.4941894,0,0.3307,HOLD
0.38455036,0.35360777,0,0.33326666666666666,HOLD
0.76920676,0.66133296,0,0.23076666666666668,REJECT
0.12139224,0.14308129,0,0.09988,APPROVE
0.17579573,0.18660408,0,0.32203333333333334,HOLD
0.23221873,0.23174247,0,0.256025,HOLD
0.5328834,0.4722742,1,0.09866666666666667,HOLD
0.21998027,0.22195171,0,0.05276666666666667,HOLD
0.27083427,0.2626349,0,0.3298285714285714,HOLD
0.3222441,0.3037628,1,0.3612,HOLD
0.42474335,0.38576218,0,0.075,HOLD
0.45338288,0.4086738,0,0.15,HOLD
0.34491184,0.32189697,0,0.1708,HOLD
0.38029003,0.35019952,0,0.08522727272727272,HOLD
0.39452597,0.36158827,0,0.12925,HOLD
0.74791694,0.64430106,1,0.08171111111111111,HOLD
0.11489889,0.13788661,0,0.09495555555555556,APPROVE
0.5291651,0.46929955,1,0.5037,REJECT
0.2394201,0.23750357,0,0.18824,HOLD
0.09225365,0.119770415,0,0.04727142857142857,APPROVE
0.7621026,0.6556496,1,0.18916666666666668,REJECT
0.40722853,0.37175032,0,0.09821428571428571,HOLD
0.42348176,0.3847529,1,0.17516666666666666,HOLD
0.55384564,0.489044,1,0.262325,HOLD
0.17689966,0.18748721,0,0.18372,HOLD
0.36223248,0.33575347,0,0.08863333333333333,HOLD
0.27586088,0.2666562,0,0.10482608695652174,HOLD
0.79249,0.67995954,0,0.1816,REJECT
0.6383578,0.5566538,0,0.16022857142857144,HOLD
0.21312238,0.2164654,0,0.2058888888888889,HOLD
0.11384936,0.13704698,0,0.2635,APPROVE
0.49704456,0.44360316,0,0.1413,HOLD
0.5923526,0.51984966,0,0.10006,HOLD
0.27707562,0.26762798,0,0.09090909090909091,HOLD
0.10981149,0.13381669,0,0.33,APPROVE
0.57449454,0.5055632,0,0.193875,HOLD
0.26397914,0.2571508,0,0.178475,HOLD
0.07172827,0.10335011,0,0.3226,APPROVE
0.5563708,0.49106413,0,0.10137142857142857,HOLD
0.12725809,0.14777397,0,0.11869333333333333,APPROVE
0.08069779,0.110525735,0,0.22314583333333332,APPROVE
0.5897734,0.51778626,0,0.2004,HOLD
0.30208677,0.2876369,0,0.18878571428571428,HOLD
0.49311906,0.44046274,0,0.11837142857142857,HOLD
0.044857852,0.081853785,0,0.09643030303030303,APPROVE
0.29178557,0.27939597,0,0.08065,HOLD
0.41945288,0.3815298,0,0.20768,HOLD
0.06995498,0.10193148,0,0.36023333333333335,APPROVE
0.06477959,0.09779117,0,0.08362962962962962,APPROVE
0.41168818,0.37531805,0,0.15544186046511627,HOLD
0.67805415,0.58841085,0,0.21196521739130436,HOLD
0.15252864,0.16799042,0,0.10169333333333333,HOLD
0.123301186,0.14460844,0,0.11693333333333333,APPROVE
0.74335843,0.64065427,0,0.122325,HOLD
0.4076407,0.37208006,0,0.15768,HOLD
0.35094982,0.32672736,0,0.1792,HOLD
0.17569578,0.18652411,0,0.0738,HOLD
0.03914885,0.07728658,0,0.125,APPROVE
0.14207,0.15962349,0,0.105,HOLD
0.3358646,0.31465918,0,0.25553333333333333,HOLD
0.38261217,0.35205722,0,0.11538461538461539,HOLD
0.3716092,0.34325486,0,0.07258064516129033,HOLD
0.375149,0.3460867,0,0.2193,HOLD
0.23021396,0.23013866,0,0.3522,HOLD
0.18483877,0.1938385,0,0.09237142857142858,HOLD
0.682382,0.5918731,0,0.1748,HOLD
0.3255374,0.30639744,0,0.21727848101265823,HOLD
0.11815409,0.14049077,0,0.245,APPROVE
0.66380405,0.57701075,0,0.1398,HOLD
0.24457419,0.24162684,0,0.15984,HOLD
0.6000376,0.5259976,0,0.32426666666666665,HOLD
0.18134853,0.19104631,0,0.224225,HOLD
0.33728483,0.31579536,0,0.0725,HOLD
0.54461443,0.48165905,0,0.122325,HOLD
0.5442365,0.48135668,0,0.18333333333333332,HOLD
0.7384377,0.6367177,0,0.1544,HOLD
0.20030192,0.20620902,0,0.6181176470588235,REJECT
0.75835073,0.6526481,1,0.23815555555555556,REJECT
0.60178614,0.52739644,1,0.22165714285714286,HOLD
0.22900237,0.22916938,0,0.20628,HOLD
0.3164842,0.29915488,0,0.11556756756756757,HOLD
0.115377516,0.13826951,0,0.09,APPROVE
0.57082105,0.5026244,0,0.39755555555555555,HOLD
0.38520557,0.35413194,0,0.11388,HOLD
0.13467416,0.15370682,0,0.232,HOLD
0.11152341,0.13518623,0,0.20959183673469386,APPROVE
0.11725127,0.13976851,0,0.29895555555555553,APPROVE
0.11621943,0.13894305,0,0.18712,APPROVE
0.0952071,0.12213319,0,0.159775,APPROVE
0.11726711,0.13978118,0,0.3392857142857143,APPROVE
0.3692676,0.34138158,0,0.07203333333333334,HOLD
0.08862023,0.11686369,0,0.1685,APPROVE
0.20224558,0.20776395,0,0.1996,HOLD
0.059591997,0.093641095,0,0.125,APPROVE
0.2125402,0.21599965,0,0.22831707317073172,HOLD
0.1459844,0.16275501,0,0.31732,HOLD
0.43383187,0.393033,0,0.25858333333333333,HOLD
0.61808515,0.5404357,0,0.05384,HOLD
0.19992034,0.20590377,0,0.39443333333333336,HOLD
0.7165647,0.6192193,0,0.1398,HOLD
0.5720053,0.50357175,1,0.11,HOLD
0.3374713,0.31594455,0,0.24995,HOLD
0.21190225,0.21548928,0,0.26092,HOLD
0.3287737,0.30898646,0,0.19323333333333334,HOLD
0.1053624,0.13025741,0,0.07748571428571428,APPROVE
0.25510988,0.2500554,0,0.09091304347826087,HOLD
0.099097244,0.12524529,0,0.09166666666666666,APPROVE
0.4518063,0.40741253,0,0.15777777777777777,HOLD
0.20295395,0.20833065,0,0.22142857142857142,HOLD
0.77761865,0.66806245,0,0.20715,REJECT
0.10496992,0.12994343,0,0.17684444444444444,APPROVE
0.67691416,0.58749884,0,0.21816,HOLD
0.41454154,0.37760073,0,0.3284871794871795,HOLD
0.36170733,0.33533335,0,0.2918,HOLD
0.39465994,0.36169544,0,0.14230555555555555,HOLD
0.28776568,0.27618006,0,0.18910526315789475,HOLD
0.1862465,0.19496469,0,0.13742857142857143,HOLD
0.32054305,0.30240193,0,0.19797142857142858,HOLD
0.45717037,0.4117038,0,0.12208695652173913,HOLD
0.5004481,0.446326,0,0.1692,HOLD
0.22382325,0.22502609,0,0.15,HOLD
0.40642765,0.3711096,0,0.1882,HOLD
0.2714406,0.26311997,0,0.27724,HOLD
0.62300414,0.54437083,0,0.11136666666666667,HOLD
0.4257144,0.386539,0,0.210825,HOLD
0.41104567,0.37480402,0,0.225425,HOLD
0.76681507,0.6594196,0,0.20297142857142858,REJECT
0.13856149,0.15681669,0,0.12,HOLD
0.7070023,0.61156934,0,0.140925,HOLD
0.51504916,0.45800683,0,0.08,HOLD
0.6192163,0.5413406,0,0.1942,HOLD
0.12560175,0.1464489,0,0.12942222222222222,APPROVE
0.4050205,0.3699839,0,0.22217777777777778,HOLD
0.29833803,0.28463793,0,0.06875,HOLD
0.26949945,0.26156706,0,0.26808,HOLD
0.21325582,0.21657215,0,0.053288888888888886,HOLD
0.1671753,0.17970772,0,0.07921666666666667,HOLD
0.53560966,0.47445524,0,0.18325,HOLD
0.5143123,0.45741737,0,0.18845,HOLD
0.07920862,0.1093344,0,0.11986666666666666,APPROVE
0.2542607,0.24937604,0,0.04285714285714286,HOLD
0.4919189,0.4395026,0,0.099475,HOLD
0.1263295,0.1470311,0,0.08913157894736842,APPROVE
0.6624257,0.57590806,0,0.2186,HOLD
0.57702637,0.5075886,0,0.13155555555555556,HOLD
0.4919581,0.43953398,1,0.0985686274509804,HOLD
0.2764532,0.26713005,0,0.058114285714285716,HOLD
0.15404285,0.16920178,0,0.20733333333333334,HOLD
0.09128094,0.11899225,0,0.19358333333333333,APPROVE
0.20213127,0.2076725,0,0.04095555555555556,HOLD
0.5884415,0.5167207,0,0.1336,HOLD
0.15204632,0.16760455,0,0.1612,HOLD
0.3666451,0.3392836,0,0.17112857142857144,HOLD
0.13790432,0.15629095,0,0.09322666666666667,HOLD
0.26018193,0.25411305,0,0.3325625,HOLD
0.15774858,0.17216636,0,0.14625,HOLD
0.059592918,0.09364184,0,0.15164615384615385,APPROVE
0.2888108,0.27701613,0,0.20885714285714285,HOLD
0.42666936,0.387303,0,0.2432,HOLD
0.22843614,0.2287164,0,0.2698,HOLD
0.3475407,0.32400006,0,0.11203529411764705,HOLD
0.64598715,0.56275725,0,0.19525,HOLD
0.6078267,0.5322289,1,0.1709268292682927,HOLD
0.65144414,0.5671228,0,0.100225,HOLD
0.027056534,0.06761273,0,0.04285714285714286,APPROVE
0.018473644,0.060746416,0,0.11514,APPROVE
0.052532636,0.087993614,0,0.11904761904761904,APPROVE
0.22877288,0.2289858,0,0.09021428571428572,HOLD
0.47301197,0.42437708,0,0.24496296296296297,HOLD
0.7207401,0.6225596,0,0.1,HOLD
0.39875132,0.36496854,0,0.28685,HOLD
0.13704379,0.15560253,0,0.3853,HOLD
0.5048909,0.44988024,1,0.18502,HOLD
0.3661712,0.33890447,0,0.3227857142857143,HOLD
0.487628,0.4360699,0,0.0861,HOLD
0.29467037,0.2817038,0,0.2512,HOLD
0.6481185,0.5644623,0,0.19576666666666667,HOLD
0.80801034,0.6923758,0,0.22137931034482758,REJECT
0.5000317,0.44599286,0,0.0881,HOLD
0.27184042,0.26343983,0,0.3445,HOLD
0.45899272,0.41316167,0,0.2644,HOLD
0.8099213,0.6939046,0,0.09,REJECT
0.30146542,0.28713983,0,0.141175,HOLD
0.61214226,0.53568137,0,0.17906666666666668,HOLD
0.20060435,0.20645097,0,0.09518461538461538,HOLD
0.1029225,0.1283055,0,0.13231428571428572,APPROVE
0.4077085,0.3721343,0,0.2265,HOLD
0.12859225,0.14884129,0,0.20785,APPROVE
0.46562713,0.4184692,0,0.16095,HOLD
0.29755032,0.28400776,0,0.122625,HOLD
0.1252468,0.14616492,0,0.121875,APPROVE
0.3488931,0.32508197,0,0.18296666666666667,HOLD
0.20076182,0.20657696,0,0.20164285714285715,HOLD
0.42797613,0.3883484,0,0.13641666666666666,HOLD
0.16159137,0.17524059,0,0.1804,HOLD
0.17221057,0.18373595,0,0.03994285714285714,HOLD
0.6478809,0.5642723,0,0.10763636363636364,HOLD
0.094919406,0.121903025,0,0.2802,APPROVE
0.40608746,0.37083745,0,0.112,HOLD
0.29588783,0.28267777,0,0.07888461538461539,HOLD
0.566904,0.4994907,0,0.33195,HOLD
0.29261032,0.28005576,0,0.211,HOLD
0.5236278,0.46486974,0,0.1854888888888889,HOLD
0.15142861,0.16711038,0,0.41855,REJECT
0.21678737,0.21939738,0,0.08,HOLD
0.38580593,0.35461223,0,0.03514,HOLD
0.6132829,0.53659385,1,0.2625,HOLD
0.04566631,0.082500555,0,0.38766666666666666,APPROVE
0.14678746,0.16339746,0,0.06628571428571428,HOLD
0.74300975,0.6403753,0,0.09382352941176471,HOLD
0.85752684,0.731989,1,0.1973529411764706,REJECT
0.54546046,0.48233587,0,0.144225,HOLD
0.07939079,0.109480135,0,0.03304,APPROVE
0.3911823,0.35891333,0,0.3184090909090909,HOLD
0.44839934,0.40468696,1,0.29312,HOLD
0.23938225,0.2374733,0,0.27304,HOLD
0.47704992,0.42760742,0,0.26276923076923075,HOLD
0.5482481,0.48456597,0,0.1,HOLD
0.6112868,0.534997,0,0.13333333333333333,HOLD
0.56889784,0.5010858,0,0.24014285714285713,HOLD
0.42606682,0.38682094,0,0.42,REJECT
0.65574455,0.5705632,0,0.19265,HOLD
0.68941015,0.5974957,1,0.18831818181818183,HOLD
0.53050774,0.4703737,0,0.1988936170212766,HOLD
0.27133176,0.2630329,0,0.23221666666666665,HOLD
0.36002117,0.33398443,0,0.16295,HOLD
0.08560833,0.11445417,0,0.1892,APPROVE
0.2410755,0.2388279,0,0.1716,HOLD
0.41075203,0.37456912,0,0.12005714285714286,HOLD
0.15261695,0.16806105,0,0.23284444444444444,HOLD
0.47544754,0.42632553,0,0.17913333333333334,HOLD
0.5554643,0.49033895,0,0.28985,HOLD
0.16027398,0.17418668,0,0.13441666666666666,HOLD
0.2818941,0.27148277,0,0.22895348837209303,HOLD
0.19153798,0.19919787,0,0.25806,HOLD
0.7228523,0.62424934,0,0.10265454545454546,HOLD
0.34536126,0.3222565,0,0.14285714285714285,HOLD
0.07718047,0.107711874,0,0.04945,APPROVE
0.15510562,0.17005199,0,0.1527777777777778,HOLD
0.11067543,0.13450783,0,0.14833333333333334,APPROVE
0.7764227,0.6671057,0,0.11512,REJECT
0.113695346,0.13692378,0,0.19133333333333333,APPROVE
0.1849892,0.19395885,0,0.11574285714285715,HOLD
0.114576705,0.13762885,0,0.28135,APPROVE
0.71849287,0.6207618,0,0.2017,HOLD
0.0708804,0.102671824,0,0.09085,APPROVE
0.5542259,0.48934823,0,0.2734285714285714,HOLD
0.60366654,0.5289008,1,0.27304,HOLD
0.6998426,0.6058416,0,0.0981,HOLD
0.2063995,0.2110871,0,0.60764,REJECT
0.24578014,0.2425916,0,0.07735,HOLD
0.31781837,0.3002222,1,0.05,HOLD
0.15636727,0.1710613,0,0.033575,HOLD
0.13125776,0.1509737,0,0.1769111111111111,HOLD
0.13652314,0.15518601,0,0.212825,HOLD
0.42780057,0.38820794,0,0.21552,HOLD
0.25363106,0.24887234,0,0.20488571428571428,HOLD
0.17094672,0.18272486,0,0.1,HOLD
0.40415645,0.36929265,0,0.46586666666666665,REJECT
0.54051137,0.4783766,0,0.1733,HOLD
0.66143036,0.5751118,1,0.062085714285714286,HOLD
0.4397607,0.39777607,0,0.13745714285714286,HOLD
0.29149047,0.27915987,0,0.3805,HOLD
0.4366688,0.39530253,0,0.2911666666666667,HOLD
0.5012136,0.4469384,0,0.16178947368421054,HOLD
0.23892541,0.23710783,0,0.249,HOLD
0.2979699,0.28434342,0,0.22725714285714285,HOLD
0.21696173,0.21953687,0,0.192075,HOLD
0.18783537,0.19623579,0,0.05245,HOLD
0.357674,0.3321067,0,0.091875,HOLD
0.13625251,0.1549695,0,0.09304632112551886,HOLD
0.5755303,0.50639176,1,0.2675777777777778,HOLD
0.49879134,0.44500056,0,0.18497777777777777,HOLD
0.55369717,0.48892522,0,0.0585,HOLD
0.36846924,0.3407429,1,0.37376923076923074,HOLD
0.67187643,0.5834687,0,0.321725,HOLD
0.2156701,0.21850356,0,0.18064,HOLD
0.24634509,0.24304356,0,0.15126,HOLD
0.21746518,0.21993963,0,0.2732,HOLD
0.52871436,0.46893898,0,0.2872,HOLD
0.07464811,0.10568599,0,0.16374,APPROVE
0.051213372,0.086938195,0,0.11561666666666667,APPROVE
0.25552633,0.25038856,0,0.12,HOLD
0.52863795,0.46887785,0,0.4839,REJECT
0.20183127,0.20743251,0,0.22825,HOLD
0.47035936,0.42225498,0,0.12126666666666666,HOLD
0.16557226,0.1784253,0,0.17116,HOLD
0.21097493,0.21474744,0,0.11946666666666667,HOLD
0.3396888,0.31771854,0,0.1797058823529412,HOLD
0.16701518,0.17957963,0,0.20943333333333333,HOLD
0.52568954,0.46651912,0,0.2676756756756757,HOLD
0.45179042,0.40739983,0,0.31864,HOLD
0.0803399,0.110239424,0,0.21264285714285713,APPROVE
0.19416624,0.20130049,0,0.17684,HOLD
0.26220554,0.25573194,0,0.15,HOLD
0.2207409,0.22256021,1,0.10932,HOLD
0.24694319,0.24352205,0,0.0858,HOLD
0.2696514,0.26168862,0,0.15,HOLD
0.19103809,0.19879796,0,0.1186,HOLD
0.34569177,0.3225209,0,0.098925,HOLD
0.5247347,0.46575522,0,0.16094285714285714,HOLD
0.45713568,0.41167605,0,0.1589,HOLD
0.27748302,0.2679539,1,0.13894,HOLD
0.84569484,0.7225234,0,0.17022857142857142,REJECT
0.17789501,0.1882835,0,0.112,HOLD
0.2899115,0.2778967,0,0.19464,HOLD
0.45206988,0.4076234,0,0.2866666666666667,HOLD
0.3328947,0.31228328,0,0.23508,HOLD
0.82459885,0.70564663,0,0.223,REJECT
0.67706054,0.58761597,0,0.1069764705882353,HOLD
0.18293561,0.19231598,0,0.18493333333333334,HOLD
0.21061406,0.21445873,0,0.30533333333333335,HOLD
0.44111463,0.3988592,0,0.1962,HOLD
0.7156614,0.61849666,0,0.159975,HOLD
0.7390787,0.6372305,0,0.2364642857142857,HOLD
0.4796684,0.42970222,0,0.07793333333333333,HOLD
0.09471521,0.12173966,0,0.3540333333333333,APPROVE
0.07137669,0.10306885,0,0.16213333333333332,APPROVE
0.6155812,0.53843254,0,0.3418,HOLD
0.7302509,0.63016826,0,0.224,HOLD
0.2431868,0.24051693,0,0.1135,HOLD
0.5569499,0.49152744,0,0.22975,HOLD
0.67972296,0.5897459,0,0.19096774193548388,HOLD
0.17233913,0.1838388,0,0.1468,HOLD
0.045863844,0.08265858,0,0.22215,APPROVE
0.07898244,0.10915346,0,0.0701842105263158,APPROVE
0.4266979,0.38732582,0,0.045771428571428574,HOLD
0.14767118,0.16410443,0,0.3118666666666667,HOLD
0.24240682,0.23989294,0,0.32824,HOLD
0.4525831,0.40803397,0,0.17886666666666667,HOLD
0.29215348,0.2796903,0,0.06295,HOLD
0.3045277,0.28958967,0,0.30795,HOLD
0.13331437,0.15261899,0,0.19713333333333333,HOLD
0.31231555,0.29581994,0,0.250027027027027,HOLD
0.73678565,0.63539606,1,0.2774642857142857,HOLD
0.33893192,0.31711304,0,0.041237113402061855,HOLD
0.2649898,0.25795934,0,0.06248,HOLD
0.44021165,0.39813682,0,0.1836,HOLD
0.08087475,0.110667296,0,0.16424444444444444,APPROVE
0.35862833,0.33287016,1,0.12684285714285715,HOLD
0.18837476,0.1966673,0,0.17656,HOLD
0.06787574,0.100268096,0,0.184875,APPROVE
0.50922984,0.45335138,1,0.448,REJECT
0.123695716,0.14492407,0,0.12474285714285714,APPROVE
0.412327,0.3758291,0,0.23364,HOLD
0.17404027,0.18519971,1,0.14522222222222222,HOLD
0.36130327,0.3350101,0,0.1961,HOLD
0.4163981,0.379086,0,0.20945454545454545,HOLD
0.52670527,0.4673317,0,0.171825,HOLD
0.14340413,0.1606908,0,0.27056,HOLD
0.7962436,0.6829624,0,0.1804074074074074,REJECT
0.24968782,0.24571775,0,0.1711153846153846,HOLD
0.11011554,0.13405994,0,0.19413333333333332,APPROVE
0.32107547,0.30282786,0,0.1896,HOLD
0.6737206,0.584944,1,0.23426666666666668,HOLD
0.46962363,0.42166638,0,0.168175,HOLD
0.054024443,0.089187056,0,0.16756666666666667,APPROVE
0.17336492,0.18465944,0,0.06875,HOLD
0.2819885,0.2715583,0,0.1441,HOLD
0.6196139,0.54165864,0,0.10833333333333334,HOLD
0.2820896,0.27163917,0,0.1499111111111111,HOLD
0.38864958,0.35688716,0,0.10783018867924528,HOLD
0.45694694,0.41152504,0,0.12226666666666666,HOLD
0.1890477,0.19720565,0,0.0967741935483871,HOLD
0.20242405,0.20790674,0,0.1136,HOLD
0.6472525,0.5637695,1,0.2866,HOLD
0.7122313,0.6157526,0,0.14391428571428572,HOLD
0.3797702,0.34978366,0,0.1446086956521739,HOLD
0.7543102,0.6494157,1,0.29574285714285714,HOLD
0.4401648,0.39809933,0,0.14711764705882352,HOLD
0.6150941,0.53804284,0,0.1,HOLD
0.33110958,0.31085515,0,0.1529,HOLD
0.6453147,0.56221926,0,0.19766666666666666,HOLD
0.33620134,0.31492856,0,0.31782608695652176,HOLD
0.43830517,0.39661163,0,0.27620689655172415,HOLD
0.13590899,0.15469469,0,0.14856,HOLD
0.037459485,0.07593509,0,0.052333333333333336,APPROVE
0.30685034,0.2914478,0,0.2461875,HOLD
0.1108052,0.13461165,1,0.13402857142857144,APPROVE
0.18657885,0.19523057,0,0.09866666666666667,HOLD
0.1806114,0.19045661,0,0.041666666666666664,HOLD
0.36381117,0.33701643,0,0.12531666666666666,HOLD
0.49451295,0.44157785,0,0.12797142857142857,HOLD
0.46927994,0.42139146,0,0.08863636363636364,HOLD
0.051722217,0.08734528,0,0.32905,APPROVE
0.59969944,0.5257271,0,0.23125,HOLD
0.39744478,0.3639233,0,0.20984,HOLD
0.24876024,0.24497569,0,0.20304,HOLD
0.063156255,0.09649251,0,0.061525,APPROVE
0.3153557,0.29825205,0,0.20716,HOLD
0.14251582,0.15998015,0,0.196625,HOLD
0.54103756,0.47879755,0,0.06666666666666667,HOLD
0.66737384,0.5798666,0,0.22124,HOLD
0.74847347,0.6447463,0,0.23168,HOLD
0.18709503,0.19564351,0,0.1253875,HOLD
0.7182181,0.620542,0,0.25872,HOLD
0.2631103,0.25645575,0,0.04009,HOLD
0.48787144,0.43626463,0,0.13335,HOLD
0.58477306,0.513786,0,0.10516666666666667,HOLD
0.060169592,0.09410318,0,0.148,APPROVE
0.37984687,0.349845,0,0.09437777777777778,HOLD
0.2513474,0.24704541,0,0.1543857142857143,HOLD
0.44471714,0.4017412,0,0.14285714285714285,HOLD
0.13442802,0.15350991,0,0.12,HOLD
0.20164214,0.2072812,0,0.125,HOLD
0.07101811,0.10278199,0,0.16708571428571428,APPROVE
0.5471996,0.4837272,0,0.12584,HOLD
0.2189909,0.22116022,0,0.17022,HOLD
0.32692662,0.3075088,0,0.06666666666666667,HOLD
0.008145347,0.05248378,0,0.1020888888888889,APPROVE
0.258149,0.2524867,0,0.12097368421052632,HOLD
0.17736726,0.1878613,0,0.26158333333333333,HOLD
0.019986767,0.061956912,0,0.3074186046511628,APPROVE
0.26405504,0.25721154,0,0.08476363636363636,HOLD
0.21868749,0.22091748,0,0.1804,HOLD
0.54946005,0.48553553,0,0.1919,HOLD
0.38087884,0.35067058,0,0.28688,HOLD
0.3120107,0.29557607,0,0.284175,HOLD
0.19518404,0.20211472,0,0.14824444444444446,HOLD
0.39852485,0.36478737,0,0.18373076923076923,HOLD
0.110566504,0.1344207,0,0.0375,APPROVE
0.7176673,0.62010133,0,0.119,HOLD
0.76455986,0.6576154,0,0.1891,REJECT
0.8036137,0.6888585,1,0.231275,REJECT
0.43031618,0.39022043,0,0.18043333333333333,HOLD
0.23183249,0.23143348,0,0.3498287671232877,HOLD
0.3667519,0.33936903,0,0.23293333333333333,HOLD
0.26081207,0.25461715,0,0.08911111111111111,HOLD
0.77186143,0.6634567,0,0.75284,REJECT
0.10028119,0.12619245,0,0.1,APPROVE
0.21303016,0.21639162,0,0.14444444444444443,HOLD
0.16417816,0.17731002,0,0.17108571428571429,HOLD
0.24045074,0.23832808,0,0.1729,HOLD
0.57854235,0.5088014,0,0.09339285714285714,HOLD
0.15802775,0.1723897,0,0.34172,HOLD
0.12461131,0.14565654,0,0.14444444444444443,APPROVE
0.47398323,0.4251541,0,0.08314285714285714,HOLD
0.2714319,0.26311302,0,0.17683333333333334,HOLD
0.71221834,0.6157422,0,0.2263,HOLD
0.16585372,0.17865047,0,0.09366666666666666,HOLD
0.23446031,0.23353574,0,0.12335,HOLD
0.65477717,0.5697893,0,0.20269565217391305,HOLD
0.30867496,0.29290748,0,0.3382,HOLD
0.11550925,0.1383749,0,0.16615,APPROVE
0.3511668,0.32690096,0,0.1093,HOLD
0.27644256,0.26712155,0,0.12384782608695652,HOLD
0.33713555,0.31567594,0,0.050875,HOLD
0.59524554,0.522164,0,0.2894,HOLD
0.19735591,0.20385222,0,0.18285185185185185,HOLD
0.24580592,0.24261223,0,0.23796666666666666,HOLD
0.18879752,0.19700551,0,0.4486,REJECT
0.15314887,0.1684866,0,0.20691666666666667,HOLD
0.43849382,0.39676255,0,0.06854285714285714,HOLD
0.37610048,0.3468479,0,0.07696,HOLD
0.7124807,0.61595213,0,0.2422857142857143,HOLD
0.69415444,0.60129106,0,0.151225,HOLD
0.64933723,0.5654373,0,0.25112,HOLD
0.13093239,0.15071341,0,0.14308,HOLD
0.13176352,0.1513783,0,0.44366666666666665,REJECT
0.5283731,0.468666,1,0.08547826086956521,HOLD
0.21769178,0.22012092,0,0.2214,HOLD
0.09410601,0.121252306,0,0.2496,APPROVE
0.32032397,0.30222666,0,0.22817142857142858,HOLD
0.33175272,0.31136966,0,0.19765,HOLD
0.11999489,0.1419634,0,0.08,APPROVE
0.21172987,0.21535139,0,0.41628571428571426,REJECT
0.26702178,0.25958493,0,0.0898,HOLD
0.22114933,0.22288695,0,0.15386666666666668,HOLD
0.47104394,0.42280266,0,0.09497333333333334,HOLD
0.6060824,0.5308334,0,0.1631,HOLD
0.36822653,0.34054872,0,0.2666,HOLD
0.29694027,0.28351972,0,0.16155,HOLD
0.4515497,0.40720725,0,0.04668181818181818,HOLD
0.49881476,0.4450193,0,0.11681666666666667,HOLD
0.03671461,0.07533919,0,0.1988,APPROVE
0.85258657,0.72803676,1,0.17935714285714285,REJECT
0.19490398,0.20189068,0,0.31545945945945947,HOLD
0.3413914,0.31908062,0,0.09578666666666667,HOLD
0.1404925,0.1583615,0,0.14444444444444443,HOLD
0.73285073,0.6322481,0,0.1788392857142857,HOLD
0.6201538,0.5420906,0,0.1959,HOLD
0.5080637,0.45241845,0,0.15502631578947368,HOLD
0.42488343,0.38587424,1,0.30765,HOLD
0.27746466,0.26793924,0,0.12034,HOLD
0.5499006,0.48588797,0,0.075,HOLD
0.19932002,0.2054235,0,0.1444,HOLD
0.8466006,0.723248,0,0.192,REJECT
0.3950002,0.36196765,0,0.11805263157894737,HOLD
0.13704258,0.15560156,0,0.14245714285714287,HOLD
0.1956495,0.2024871,1,0.11088333333333333,HOLD
0.33270553,0.3121319,0,0.16666666666666666,HOLD
0.47299886,0.4243666,0,0.09323333333333333,HOLD
0.12234187,0.143841,0,0.15,APPROVE
0.045310628,0.082216,0,0.1576375,APPROVE
0.447658,0.4040939,0,0.03888,HOLD
0.20768665,0.21211681,0,0.11,HOLD
0.52308923,0.4644389,0,0.1388235294117647,HOLD
0.26508087,0.2580322,0,0.4082,REJECT
0.47218478,0.42371532,0,0.211875,HOLD
0.2180282,0.22039005,0,0.3552,HOLD
0.8392085,0.71733433,1,0.10004444444444445,REJECT
0.7344386,0.6335184,0,0.16,HOLD
0.32907483,0.30922735,0,0.2742222222222222,HOLD
0.19864962,0.20488718,0,0.30382,HOLD
0.1650329,0.1779938,0,0.0319,HOLD
0.23645633,0.23513256,0,0.313,HOLD
0.017437942,0.059917856,0,0.13157894736842105,APPROVE
0.80925405,0.69337076,0,0.1456,REJECT
0.03303349,0.07239429,0,0.12,APPROVE
0.8164556,0.699132,1,0.23933333333333334,REJECT
0.2525143,0.24797894,0,0.14842,HOLD
0.22068329,0.22251412,0,0.3145,HOLD
0.12925777,0.14937371,0,0.28975,APPROVE
0.72825944,0.6285751,0,0.2432,HOLD
0.35503182,0.32999295,0,0.23073333333333335,HOLD
0.8141201,0.6972636,0,0.1398,REJECT
0.82825214,0.7085692,1,0.19196,REJECT
0.041961346,0.07953658,0,0.20884,APPROVE
0.3169624,0.29953742,0,0.24722857142857144,HOLD
0.57724124,0.5077605,0,0.1788,HOLD
0.55638427,0.49107492,0,0.197775,HOLD
0.410911,0.37469628,0,0.15332,HOLD
0.4672933,0.41980213,0,0.235475,HOLD
0.13078155,0.15059273,0,0.247875,HOLD
0.21800035,0.22036777,0,0.3556,HOLD
0.6684075,0.58069354,0,0.18666666666666668,HOLD
0.1663632,0.17905805,0,0.15725531914893617,HOLD
0.3545794,0.329631,0,0.0862,HOLD
0.064862035,0.097857125,0,0.05056,APPROVE
0.20888717,0.21307723,0,0.39625,HOLD
0.64165187,0.55928904,1,0.1188375,HOLD
0.18157318,0.19122604,0,0.22434375,HOLD
0.059175037,0.09330753,0,0.2954,APPROVE
0.22657447,0.22722706,0,0.15294285714285713,HOLD
0.33585295,0.31464985,0,0.13894,HOLD
0.30842692,0.29270902,0,0.2931,HOLD
0.3868329,0.35543382,0,0.3987272727272727,HOLD
0.31054345,0.29440227,0,0.05914285714285714,HOLD
0.22823797,0.22855787,0,0.14375,HOLD
0.70898706,0.61315715,0,0.14761016949152542,HOLD
0.4175969,0.38004503,0,0.04753333333333333,HOLD
0.31496885,0.29794258,0,0.16198333333333334,HOLD
0.1411311,0.15887238,0,0.23857142857142857,HOLD
0.41373533,0.37695575,0,0.15866666666666668,HOLD
0.7402539,0.63817066,0,0.05742,HOLD
0.014466536,0.05754073,0,0.15,APPROVE
0.3613529,0.3350498,0,0.12793333333333334,HOLD
0.18812163,0.19646479,0,0.1796,HOLD
0.31848326,0.3007541,0,0.0546875,HOLD
0.36351404,0.33677873,0,0.1,HOLD
0.31010643,0.29405263,0,0.1671,HOLD
0.3694104,0.3414958,0,0.21764285714285714,HOLD
0.51141536,0.4550998,0,0.15976,HOLD
0.83843815,0.7167181,0,0.11523684210526315,REJECT
0.3539647,0.32913923,0,0.13316666666666666,HOLD
0.3202408,0.30216014,0,0.08898333333333333,HOLD
0.4750793,0.42603093,0,0.13564,HOLD
0.1404831,0.15835397,0,0.13625714285714285,HOLD
0.2238643,0.22505893,0,0.097575,HOLD
0.66569006,0.5785196,0,0.25388372093023254,HOLD
0.5302913,0.47020054,0,0.08929787234042554,HOLD
0.24750577,0.24397211,0,0.13333333333333333,HOLD
0.5247798,0.46579134,0,0.10835,HOLD
0.03204905,0.07160674,0,0.11254,APPROVE
0.53974664,0.47776482,0,0.125,HOLD
0.54504704,0.48200512,0,0.1792,HOLD
0.48152852,0.4311903,0,0.11973333333333333,HOLD
0.7447626,0.64177763,0,0.17262,HOLD
0.28077036,0.27058378,0,0.2543714285714286,HOLD
0.3541492,0.32928684,0,0.14068,HOLD
0.39706576,0.3636201,0,0.14006666666666667,HOLD
0.5714888,0.50315857,0,0.08896363636363637,HOLD
0.039748386,0.07776621,0,0.14852857142857143,APPROVE
0.5889274,0.51710945,1,0.1184,HOLD
0.32165706,0.30329314,0,0.15871428571428572,HOLD
0.2766227,0.26726568,0,0.15583673469387754,HOLD
0.21815477,0.2204913,1,0.18263333333333334,HOLD
0.1714114,0.1830966,0,0.04785,HOLD
0.60214525,0.52768373,0,0.45996,REJECT
0.705928,0.61070997,0,0.20715151515151514,HOLD
0.019039983,0.061199486,0,0.27762,APPROVE
0.35712776,0.3316697,0,0.2405357142857143,HOLD
0.6478048,0.56421137,0,0.2480857142857143,HOLD
0.15567146,0.17050466,0,0.10753333333333333,HOLD
0.08479539,0.11380381,0,0.12411428571428572,APPROVE
0.030390928,0.07028025,0,0.46875,REJECT
0.19646779,0.20314172,0,0.14705882352941177,HOLD
0.22032842,0.22223023,0,0.08126666666666667,HOLD
0.28326946,0.27258307,0,0.22946,HOLD
0.33606634,0.31482056,0,0.1803,HOLD
0.30124313,0.286962,0,0.21385714285714286,HOLD
0.23418793,0.23331784,0,0.11465833333333333,HOLD
0.47006947,0.42202306,0,0.1506,HOLD
0.2722916,0.26380077,0,0.1,HOLD
0.28080252,0.27060953,0,0.17225714285714286,HOLD
0.3880458,0.35640413,0,0.1722,HOLD
0.030203609,0.070130385,0,0.2848222222222222,APPROVE
0.52412605,0.46526834,1,0.1449,HOLD
0.4361896,0.39491916,0,0.12,HOLD
0.4308854,0.3906758,0,0.1961,HOLD
0.195398,0.2022859,0,0.10332,HOLD
0.3185369,0.30079702,1,0.1,HOLD
0.30898258,0.29315355,0,0.2091923076923077,HOLD
0.103469625,0.1287432,0,0.19417073170731708,APPROVE
0.6600142,0.5739789,0,0.15515,HOLD
0.11248269,0.13595365,0,0.09111428571428572,APPROVE
0.09963504,0.12567553,0,0.0704,APPROVE
0.071353264,0.10305011,0,0.26297777777777775,APPROVE
0.103650816,0.12888815,0,0.06666666666666667,APPROVE
0.18587509,0.19466756,0,0.11025,HOLD
0.48934036,0.4374398,0,0.2309142857142857,HOLD
0.2822063,0.27173254,0,0.140025,HOLD
0.41973075,0.3817521,0,0.1,HOLD
0.688573,0.59682596,0,0.18546666666666667,HOLD
0.13515928,0.15409492,0,0.05877,HOLD
0.22015037,0.22208779,0,0.3076315789473684,HOLD
0.01988405,0.06187474,0,0.3130727272727273,APPROVE
0.39264235,0.36008137,0,0.23312,HOLD
0.4833359,0.43263623,0,0.06026666666666667,HOLD
0.6484766,0.5647488,0,0.12111111111111111,HOLD
0.1753916,0.18628077,0,0.1513142857142857,HOLD
0.4930238,0.44038653,0,0.165775,HOLD
0.14410684,0.16125296,0,0.17995,HOLD
0.48700312,0.43557,0,0.13268333333333332,HOLD
0.012587224,0.05603728,0,0.30378,APPROVE
0.049338017,0.085437916,0,0.21936666666666665,APPROVE
0.14554016,0.16239962,0,0.1573404255319149,HOLD
0.1932213,0.20054454,0,0.1315,HOLD
0.63493425,0.5539149,0,0.057140625,HOLD
0.38289407,0.35228276,0,0.20003333333333334,HOLD
0.7413855,0.63907593,0,0.16125,HOLD
0.49376407,0.44097877,0,0.13878378378378378,HOLD
0.29386052,0.28105593,0,0.10869565217391304,HOLD
0.26563668,0.25847685,0,0.10424444444444445,HOLD
0.33974662,0.3177648,0,0.3305,HOLD
0.56554455,0.49840313,0,0.32408,HOLD
0.3235485,0.3048063,0,0.18251111111111112,HOLD
0.49171743,0.43934143,0,0.22753333333333334,HOLD
0.28815594,0.27649227,0,0.06306666666666666,HOLD
0.097595856,0.12404419,1,0.13724,APPROVE
0.7400095,0.6379751,0,0.19825,HOLD
0.16555507,0.17841156,0,0.2233,HOLD
0.1059729,0.13074581,0,0.176725,APPROVE
0.24591854,0.24270232,0,0.21656,HOLD
0.30091605,0.28670034,1,0.1769,HOLD
0.024188183,0.06531805,0,0.11335,APPROVE
0.221246,0.2229643,0,0.06536,HOLD
0.5519502,0.48752767,0,0.08415714285714286,HOLD
0.043161973,0.08049708,0,0.22451162790697674,APPROVE
0.12607735,0.14682938,0,0.13146666666666668,APPROVE
0.18817052,0.1965039,0,0.1587,HOLD
0.2082838,0.21259452,0,0.13713333333333333,HOLD
0.42716613,0.3877004,0,0.23052,HOLD
0.17855516,0.18881162,0,0.10178,HOLD
0.379468,0.3495419,0,0.075,HOLD
0.48520312,0.43412998,0,0.16624324324324324,HOLD
0.60851943,0.5327831,0,0.1,HOLD
0.42345473,0.3847313,0,0.1942,HOLD
0.7041755,0.6093079,1,0.10527083333333333,HOLD
0.44278824,0.4001981,0,0.1037344398340249,HOLD
0.25479898,0.24980667,0,0.06,HOLD
0.09259627,0.12004452,0,0.4566923076923077,REJECT
0.6181504,0.5404879,0,0.169825,HOLD
0.36517477,0.33810732,0,0.23953333333333332,HOLD
0.3238414,0.3050406,0,0.11927777777777777,HOLD
0.58361846,0.5128623,0,0.32875,HOLD
0.1726565,0.1840927,0,0.2133157894736842,HOLD
0.2162903,0.21899973,0,0.27475,HOLD
0.59502774,0.52198976,1,0.08777777777777777,HOLD
0.43218073,0.39171207,0,0.2362,HOLD
0.35043946,0.32631907,0,0.16348,HOLD
0.05089857,0.08668636,0,0.108,APPROVE
0.51711637,0.4596606,0,0.6458461538461538,REJECT
0.50691634,0.45150056,0,0.1388888888888889,HOLD
0.15778391,0.17219462,0,0.1345,HOLD
0.38828462,0.3565952,0,0.11015094339622641,HOLD
0.4590462,0.41320446,0,0.09691111111111111,HOLD
0.7300487,0.6300065,0,0.11051666666666667,HOLD
0.56341606,0.49670035,0,0.06478461538461538,HOLD
0.18955436,0.19761099,1,0.1832,HOLD
0.025348736,0.06624649,0,0.3446153846153846,APPROVE
0.4060824,0.3708334,0,0.14316,HOLD
0.3886147,0.35685927,0,0.20097142857142858,HOLD
0.3835838,0.35283455,0,0.3158666666666667,HOLD
0.2242616,0.22537677,0,0.24186666666666667,HOLD
0.45712686,0.411669,0,0.22475757575757577,HOLD
0.37385595,0.34505224,0,0.13448,HOLD
0.87471044,0.7457359,0,0.16717857142857143,REJECT
0.8386754,0.71690786,1,0.1125,REJECT
0.37286246,0.34425747,0,0.15675,HOLD
0.76978356,0.66179436,1,0.20129411764705882,REJECT
0.49895447,0.44513106,0,0.14344444444444446,HOLD
0.4477951,0.40420356,0,0.08293333333333333,HOLD
0.42307281,0.38442576,0,0.11335,HOLD
0.36455357,0.33761036,1,0.2438,HOLD
0.25519603,0.25012434,0,0.29632,HOLD
0.14159103,0.15924032,0,0.2664,HOLD
0.2016318,0.20727293,0,0.28847058823529415,HOLD
0.51382595,0.45702827,1,0.1873,HOLD
0.39594942,0.36272705,0,0.3616111111111111,HOLD
0.09318977,0.12051932,0,0.37833333333333335,APPROVE
0.32360816,0.30485404,0,0.10384,HOLD
0.7342825,0.6333935,0,0.154775,HOLD
0.07712588,0.1076682,0,0.32073529411764706,APPROVE
0.7781469,0.66848505,0,0.20088,REJECT
0.2534269,0.24870902,0,0.20885714285714285,HOLD
0.4394359,0.39751622,0,0.41095,REJECT
0.3793573,0.34945333,0,0.06976666666666667,HOLD
0.42449617,0.38556445,0,0.15480555555555556,HOLD
0.51892805,0.46110994,0,0.08985,HOLD
0.7068646,0.6114592,0,0.22713333333333333,HOLD
0.68150234,0.5911694,0,0.23246666666666665,HOLD
0.7633483,0.65664613,0,0.24761111111111112,REJECT
0.16407648,0.17722867,0,0.05,HOLD
0.12608822,0.14683807,0,0.10645,APPROVE
0.3848742,0.35386685,0,0.17506,HOLD
0.23543677,0.2343169,0,0.1332,HOLD
0.17537308,0.18626596,0,0.14814814814814814,HOLD
0.44533136,0.4022326,0,0.08571428571428572,HOLD
0.08929861,0.11740639,0,0.1466,APPROVE
0.47066882,0.42250255,0,0.23428888888888888,HOLD
0.6046262,0.5296685,0,0.106,HOLD
0.25508645,0.25003666,0,0.15278,HOLD
0.35250637,0.3279726,0,0.20043333333333332,HOLD
0.45801085,0.41237617,0,0.1672972972972973,HOLD
0.22795314,0.22833,0,0.165,HOLD
0.51316214,0.4564972,0,0.3706,HOLD
0.14376797,0.16098186,0,0.1527777777777778,HOLD
0.25436574,0.24946009,1,0.0966,HOLD
0.1940644,0.201219,0,0.18277142857142858,HOLD
0.59680545,0.5234119,0,0.16828,HOLD
0.42047223,0.3823453,0,0.22025,HOLD
0.6410972,0.5588453,0,0.24617857142857144,HOLD
0.47574264,0.4265616,0,0.45686666666666664,REJECT
0.32741874,0.3079025,0,0.03,HOLD
0.48215777,0.4316937,0,0.3142857142857143,HOLD
0.45475012,0.4097676,0,0.2776,HOLD
0.23972021,0.23774366,0,0.4544666666666667,REJECT
0.14589268,0.16268164,0,0.11984615384615385,HOLD
0.013921847,0.05710498,0,0.0891,APPROVE
0.14722699,0.16374908,0,0.29285,HOLD
0.48510668,0.43405282,0,0.16427272727272726,HOLD
0.098605834,0.12485217,0,0.12429411764705882,APPROVE
0.34918424,0.32531488,0,0.31856666666666666,HOLD
0.7395491,0.6376068,0,0.10158,HOLD
0.25533247,0.25023347,0,0.10246666666666666,HOLD
0.63370824,0.5529341,0,0.31076,HOLD
0.49600774,0.4427737,0,0.22546666666666668,HOLD
0.13844892,0.15672663,0,0.3586,HOLD
0.3499858,0.32595614,0,0.26236,HOLD
0.116871685,0.13946484,0,0.061158333333333335,APPROVE
0.27284575,0.2642441,0,0.33036666666666664,HOLD
0.43478423,0.3937949,0,0.10817777777777778,HOLD
0.15235184,0.16784897,0,0.14706666666666668,HOLD
0.14052548,0.15838787,0,0.1766,HOLD
0.6339322,0.5531133,0,0.18675,HOLD
0.7863623,0.67505735,0,0.27576,REJECT
0.22343081,0.22471215,0,0.13746875,HOLD
0.48000398,0.42997068,0,0.20581818181818182,HOLD
0.6415267,0.5591889,0,0.12128571428571429,HOLD
0.22005141,0.22200862,0,0.13124444444444444,HOLD
0.4886731,0.43690598,0,0.08556,HOLD
0.68741053,0.59589595,1,0.1823,HOLD
0.13973373,0.15775448,0,0.051185714285714286,HOLD
0.11023098,0.13415228,0,0.17716666666666667,APPROVE
0.3022436,0.28776237,0,0.09845,HOLD
0.3507304,0.3265518,0,0.28592,HOLD
0.47275275,0.4241697,0,0.2026,HOLD
0.07273553,0.10415593,0,0.06896551724137931,APPROVE
0.56506824,0.49802208,0,0.36793333333333333,HOLD
0.49977502,0.44578752,1,0.40016666666666667,REJECT
0.095114276,0.12205892,1,0.25054545454545457,APPROVE
0.35789707,0.33228517,1,0.20807142857142857,HOLD
0.13540365,0.15429041,0,0.25906666666666667,HOLD
0.85641736,0.7311014,0,0.20255,REJECT
0.15750337,0.17197019,0,0.31216666666666665,HOLD
0.63013417,0.5500749,0,0.1833,HOLD
0.056099627,0.0908472,0,0.12203508771929825,APPROVE
0.25114632,0.24688454,0,0.16624,HOLD
0.320435,0.30231547,0,0.25088,HOLD
0.27398384,0.26515457,0,0.1435,HOLD
0.101573676,0.12722644,0,0.13536,APPROVE
0.06634752,0.099045515,0,0.41512,REJECT
0.09545679,0.12233294,0,0.4333,REJECT
0.33963576,0.3176761,1,0.39503333333333335,HOLD
0.2883053,0.27661175,0,0.09934693877551021,HOLD
0.64101803,0.558782,0,0.18613333333333335,HOLD
0.09907324,0.12522608,0,0.022466666666666666,APPROVE
0.43599445,0.39476305,0,0.11790625,HOLD
0.4100415,0.3740007,0,0.20896153846153845,HOLD
0.22952394,0.22958665,0,0.1111111111111111,HOLD
0.60523987,0.5301594,0,0.16332,HOLD
0.8394959,0.7175642,1,0.16831428571428572,REJECT
0.05329271,0.08860167,0,0.18381666666666666,APPROVE
0.51577604,0.45858833,0,0.12226666666666666,HOLD
0.58215386,0.5116906,1,0.3172,HOLD
0.31651416,0.29917884,0,0.1409,HOLD
0.7296688,0.62970257,0,0.2593041541082427,HOLD
0.54713416,0.48367482,1,0.20885714285714285,HOLD
0.24359457,0.24084315,0,0.32069230769230767,HOLD
0.26867184,0.26090497,0,0.08346666666666666,HOLD
0.33804443,0.31640303,0,0.14302857142857142,HOLD
0.549487,0.48555708,0,0.16224242424242424,HOLD
0.64185,0.5594475,0,0.10053571428571428,HOLD
0.44054335,0.39840218,0,0.231275,HOLD
0.34247485,0.31994736,0,0.12464615384615385,HOLD
0.35514238,0.3300814,0,0.29035,HOLD
0.7454084,0.6422943,0,0.1522,HOLD
0.3587863,0.33299655,0,0.31106666666666666,HOLD
0.25254008,0.24799956,0,0.11454285714285714,HOLD
0.34072036,0.3185438,0,0.2166,HOLD
0.23361911,0.23286279,0,0.17644,HOLD
0.63950217,0.55756927,0,0.178275,HOLD
0.28561136,0.2744566,0,0.12545714285714285,HOLD
0.46686053,0.41945592,0,0.21381818181818182,HOLD
0.3807045,0.3505311,0,0.11932432432432433,HOLD
0.44211766,0.39966163,0,0.32608,HOLD
0.12795901,0.14833471,0,0.05325,APPROVE
0.6498254,0.56582785,0,0.103,HOLD
0.15977289,0.1737858,0,0.166425,HOLD
0.19467202,0.20170511,1,0.1298421052631579,HOLD
0.38491797,0.35390186,0,0.06697674418604652,HOLD
0.20033583,0.20623615,0,0.0916,HOLD
0.26594672,0.25872487,0,0.1633,HOLD
0.47538766,0.42627764,0,0.2501842105263158,HOLD
0.4803607,0.43025604,0,0.13263333333333333,HOLD
0.17847583,0.18874815,0,0.10462,HOLD
0.22792566,0.22830802,0,0.05941176470588235,HOLD
0.4472778,0.40378976,0,0.228125,HOLD
0.23521382,0.23413855,0,0.07362,HOLD
0.37432486,0.3454274,0,0.05454545454545454,HOLD
0.23156714,0.23122121,0,0.19851428571428573,HOLD
0.20099534,0.20676376,0,0.0766,HOLD
0.6730624,0.58441746,0,0.1779,HOLD
0.15377665,0.16898881,1,0.30508,HOLD
0.1505231,0.16638598,0,0.24756666666666666,HOLD
0.39320436,0.36053097,0,0.13586,HOLD
0.3646674,0.3377014,0,0.12626,HOLD
0.020147301,0.06208534,0,0.15864285714285714,APPROVE
0.71609825,0.6188461,0,0.20255,HOLD
0.21391635,0.21710058,0,0.24110714285714285,HOLD
0.4017281,0.36734998,0,0.19682978723404254,HOLD
0.082100965,0.11164827,0,0.03076923076923077,APPROVE
0.24223468,0.23975523,0,0.375,HOLD
0.3704091,0.34229478,0,0.08993,HOLD
0.7567915,0.6514007,0,0.23656,REJECT
0.5217672,0.46338126,0,0.1345576923076923,HOLD
0.4330631,0.39241797,0,0.13189655172413794,HOLD
0.10506315,0.13001801,0,0.125,APPROVE
0.9288515,0.78904873,0,0.2966666666666667,REJECT
0.37444422,0.34552288,0,0.1706969696969697,HOLD
0.56990194,0.5018891,0,0.35614285714285715,HOLD
0.1532632,0.16857806,0,0.36906666666666665,HOLD
0.38991275,0.3578977,0,0.22252173913043477,HOLD
0.15514998,0.17008749,0,0.19625,HOLD
0.17822881,0.18855055,0,0.15217391304347827,HOLD
0.5299159,0.46990025,0,0.06438,HOLD
0.29265523,0.28009167,0,0.7280714285714286,REJECT
0.69803303,0.60439396,0,0.27672,HOLD
0.49238086,0.43987218,0,0.109,HOLD
0.31811842,0.30046225,0,0.2074,HOLD
0.21859165,0.22084081,0,0.09066,HOLD
0.76130855,0.6550144,0,0.17525925925925925,REJECT
0.26372632,0.25694856,0,0.07208,HOLD
0.3530174,0.32838142,0,0.08225714285714286,HOLD
0.23751613,0.2359804,0,0.29959375,HOLD
0.2832527,0.27256966,0,0.14285714285714285,HOLD
0.064451195,0.09752846,0,0.0771,APPROVE
0.21266857,0.21610235,0,0.1,HOLD
0.93779266,0.79620165,1,0.222,REJECT
0.509219,0.45334268,0,0.36384,HOLD
0.58343065,0.51271206,0,0.17894736842105263,HOLD
0.044118635,0.08126241,0,0.22,APPROVE
0.2833157,0.27262005,0,0.1722,HOLD
0.35276583,0.32818016,0,0.07189285714285715,HOLD
0.44945556,0.40553194,0,0.11179591836734694,HOLD
0.24076805,0.23858193,0,0.10952777777777778,HOLD
0.6766867,0.5873169,1,0.23392,HOLD
0.59543824,0.5223181,0,0.2814090909090909,HOLD
0.35655648,0.33121267,0,0.03012987012987013,HOLD
0.59525144,0.5221687,0,0.20637209302325582,HOLD
0.24331331,0.24061814,0,0.053654545454545455,HOLD
0.73243046,0.6319119,0,0.15066666666666667,HOLD
0.10671575,0.1313401,0,0.2258,APPROVE
0.4678531,0.42024997,0,0.25996,HOLD
0.1230236,0.14438638,0,0.10875714285714286,APPROVE
0.39172032,0.35934377,0,0.15775,HOLD
0.24259043,0.24003984,0,0.2128,HOLD
0.091943465,0.11952228,0,0.14,APPROVE
0.024678262,0.06571011,0,0.11990909090909091,APPROVE
0.7353946,0.6342832,0,0.28296666666666664,HOLD
0.3534502,0.32872766,1,0.11840625,HOLD
0.43293932,0.39231896,0,0.049742857142857144,HOLD
0.51615644,0.45889264,0,0.467,REJECT
0.4893733,0.43746614,0,0.05893333333333333,HOLD
0.28050354,0.27037033,0,0.114,HOLD
0.7129354,0.61631584,0,0.25975,HOLD
0.3960348,0.36279535,0,0.141725,HOLD
0.7410135,0.6387783,1,0.22126470588235295,HOLD
0.15133592,0.16703624,0,0.06134285714285714,HOLD
0.14178622,0.15939647,0,0.28585,HOLD
0.251579,0.24723068,0,0.15676567656765678,HOLD
0.51701087,0.4595762,1,0.0851,HOLD
0.05955718,0.093613245,0,0.162275,APPROVE
0.3038115,0.2890167,0,0.1814,HOLD
0.6457368,0.562557,0,0.16036666666666666,HOLD
0.2346641,0.23369877,0,0.3388125,HOLD
0.24468687,0.241717,0,0.19779166666666667,HOLD
0.32972413,0.3097468,0,0.1991,HOLD
0.35289493,0.32828343,0,0.16113953488372093,HOLD
0.55116147,0.48689666,0,0.2521333333333333,HOLD
0.58398354,0.5131544,0,0.18651428571428572,HOLD
0.8098726,0.69386566,0,0.30926086956521737,REJECT
0.18388563,0.193076,0,0.075,HOLD
0.26912582,0.26126817,0,0.11754,HOLD
0.69056016,0.5984157,0,0.075,HOLD
0.26813632,0.26047656,0,0.212,HOLD
0.09817965,0.12451122,0,0.21506666666666666,APPROVE
0.18364115,0.1928804,0,0.21062857142857142,HOLD
0.59966856,0.5257024,0,0.11411111111111111,HOLD
0.6280041,0.5483708,0,0.25333333333333335,HOLD
0.3921145,0.35965908,0,0.1435,HOLD
0.8580369,0.732397,1,0.31344,REJECT
0.027328053,0.067829944,0,0.1298,APPROVE
0.7376122,0.63605726,1,0.10746,HOLD
0.6867099,0.5953354,0,0.1582,HOLD
0.42244932,0.38392696,0,0.09230666666666666,HOLD
0.56514686,0.498085,0,0.26862857142857144,HOLD
0.36968702,0.34171712,0,0.15142857142857144,HOLD
0.3475198,0.3239833,0,0.26816666666666666,HOLD
0.39761102,0.36405632,0,0.20206666666666667,HOLD
0.1304825,0.15035349,0,0.1434,HOLD
0.35807657,0.33242875,0,0.28234375,HOLD
0.40822455,0.37254715,0,0.2682,HOLD
0.2128056,0.21621197,0,0.12085714285714286,HOLD
0.18065977,0.19049531,0,0.0414,HOLD
0.009940294,0.053919736,0,0.15652,APPROVE
0.12636156,0.14705674,0,0.2314,APPROVE
0.706573,0.61122596,0,0.1778,HOLD
0.6736163,0.58486056,0,0.16721052631578948,HOLD
0.52122647,0.46294868,0,0.18951612903225806,HOLD
0.17027408,0.18218675,0,0.19625641025641025,HOLD
0.2587942,0.25300285,0,0.2926,HOLD
0.8117999,0.69540745,1,0.2796666666666667,REJECT
0.5205568,0.46241295,1,0.13897142857142858,HOLD
0.7638295,0.6570312,0,0.15515,REJECT
0.5109666,0.45474076,0,0.19253333333333333,HOLD
0.58705133,0.5156086,0,0.1766,HOLD
0.28142062,0.271104,0,0.07642857142857143,HOLD
0.15423451,0.16935511,0,0.10253333333333334,HOLD
0.099745475,0.12576388,0,0.50024,REJECT
0.5492612,0.48537648,1,0.08572340425531914,HOLD
0.44911847,0.40526226,0,0.28556,HOLD
0.24935077,0.24544811,0,0.1896,HOLD
0.398597,0.3648451,0,0.12897619047619047,HOLD
0.3478312,0.32423246,0,0.2427027027027027,HOLD
0.17061798,0.18246187,0,0.3191333333333333,HOLD
0.09671121,0.12333647,0,0.12384,APPROVE
0.3065812,0.29123247,0,0.19236666666666666,HOLD
0.18476251,0.1937775,0,0.15403333333333333,HOLD
0.16952439,0.181587,0,0.19811666666666666,HOLD
0.20935442,0.21345103,0,0.04,HOLD
0.18877703,0.19698912,0,0.20112,HOLD
0.115748875,0.1385666,0,0.16525,APPROVE
0.30355042,0.28880784,0,0.3848888888888889,HOLD
0.28863925,0.2768789,0,0.22058823529411764,HOLD
0.6678747,0.5802673,0,0.24035294117647057,HOLD
0.30034283,0.28624177,0,0.1679,HOLD
0.2030554,0.20841181,0,0.07182857142857142,HOLD
0.2827218,0.27214494,0,0.06760416666666667,HOLD
0.73230386,0.6318106,0,0.27441666666666664,HOLD
0.15627882,0.17099054,0,0.22933333333333333,HOLD
0.26441932,0.25750294,0,0.10646363636363636,HOLD
0.42830393,0.38861063,0,0.11382352941176471,HOLD
0.375282,0.34619308,0,0.09554761904761905,HOLD
0.2232204,0.22454381,0,0.2688333333333333,HOLD
0.2694451,0.26152357,0,0.26159375,HOLD
0.47968727,0.4297173,0,0.120975,HOLD
0.3376293,0.3160709,0,0.18453333333333333,HOLD
0.25327137,0.24858458,0,0.16223529411764706,HOLD
0.8275171,0.7079812,0,0.0904,REJECT
0.0892088,0.11733454,0,0.16326666666666667,APPROVE
0.7351401,0.6340796,1,0.21185,HOLD
0.27549636,0.2663646,0,0.09488461538461539,HOLD
0.29038307,0.27827397,0,0.23446666666666666,HOLD
0.013077941,0.056429856,0,0.22676666666666667,APPROVE
0.59380364,0.52101046,0,0.10791428571428571,HOLD
0.35750964,0.33197522,0,0.2550322580645161,HOLD
0.70232475,0.6078273,1,0.15732727272727273,HOLD
0.1459667,0.16274086,0,0.12,HOLD
0.4255555,0.3864119,0,0.0857,HOLD
0.39879188,0.365001,1,0.26524,HOLD
0.3536281,0.32886997,0,0.11898,HOLD
0.8963636,0.7630584,0,0.24957142857142858,REJECT
0.55553365,0.4903944,0,0.234125,HOLD
0.41410533,0.37725174,0,0.1125,HOLD
0.12715167,0.14768884,0,0.10153846153846154,APPROVE
0.30736953,0.2918631,0,0.1444,HOLD
0.38962722,0.35766926,0,0.10976,HOLD
0.3567079,0.33133382,0,0.2258,HOLD
0.12295247,0.14432947,0,0.15324615384615384,APPROVE
0.23153798,0.23119788,0,0.31184,HOLD
0.3234786,0.30475038,0,0.12416,HOLD
0.44412324,0.4012661,0,0.14453333333333335,HOLD
0.10571191,0.13053702,0,0.225,APPROVE
0.83480346,0.7138103,0,0.15218181818181817,REJECT
0.09511842,0.12206224,0,0.3182857142857143,APPROVE
0.47878477,0.4289953,1,0.285125,HOLD
0.07675772,0.10737368,0,0.16997619047619048,APPROVE
0.23460501,0.2336515,0,0.14233333333333334,HOLD
0.26867357,0.26090637,0,0.15,HOLD
0.1584596,0.17273517,0,0.1732,HOLD
0.40674955,0.37136713,1,0.4386,REJECT
0.39804882,0.36440656,0,0.16125714285714285,HOLD
0.41220552,0.37573192,0,0.241475,HOLD
0.0848906,0.113879986,0,0.11386666666666667,APPROVE
0.54338324,0.4806741,0,0.11666666666666667,HOLD
0.14493138,0.16191259,0,0.05,HOLD
0.7305285,0.6303903,1,0.137,HOLD
0.0761421,0.10688118,0,0.08616,APPROVE
0.29758805,0.28403795,0,0.10453571428571429,HOLD
0.43486765,0.39386162,0,0.32205555555555554,HOLD
0.26214278,0.25568172,0,0.10344827586206896,HOLD
0.45351583,0.40878016,0,0.12882222222222223,HOLD
0.38049757,0.35036555,0,0.25453333333333333,HOLD
0.29712424,0.28366688,0,0.28905,HOLD
0.6315511,0.5512084,0,0.1,HOLD
0.1278293,0.14823094,0,0.07302,APPROVE
0.6377117,0.5561369,0,0.30665454545454546,HOLD
0.38900515,0.35717162,0,0.2216,HOLD
0.5364835,0.4751543,0,0.1,HOLD
0.44493043,0.40191185,0,0.3993,HOLD
0.75978637,0.6537966,0,0.10211111111111111,REJECT
0.59117585,0.5189082,0,0.2573913043478261,HOLD
0.3842908,0.35340014,0,0.25875,HOLD
0.28911576,0.2772601,0,0.11973333333333333,HOLD
0.23525617,0.23417242,0,0.11042,HOLD
0.20657,0.2112235,0,0.14285714285714285,HOLD
0.58847874,0.5167505,0,0.09256944444444444,HOLD
0.30506894,0.29002264,0,0.1459642857142857,HOLD
0.17146653,0.18314071,1,0.07393333333333334,HOLD
0.4500928,0.40604174,0,0.27576,HOLD
0.09493382,0.12191456,0,0.262,APPROVE
0.04000464,0.07797121,0,0.320379746835443,APPROVE
0.3859177,0.35470164,0,0.1875,HOLD
0.20686771,0.21146166,0,0.18606666666666666,HOLD
0.83687663,0.7154688,0,0.18576666666666666,REJECT
0.31292015,0.29630363,0,0.27136,HOLD
0.25365177,0.24888891,0,0.1881578947368421,HOLD
0.17399924,0.18516688,0,0.0863,HOLD
0.05750682,0.091972955,0,0.3222826086956522,APPROVE
0.42893478,0.38911533,0,0.21096,HOLD
0.120635726,0.14247608,0,0.10154545454545455,APPROVE
0.5693727,0.50146574,0,0.151575,HOLD
0.6563194,0.57102305,0,0.10037142857142857,HOLD
0.37845746,0.34873345,0,0.35982758620689653,HOLD
0.37010193,0.34204903,0,0.131275,HOLD
0.5222855,0.4637959,0,0.09868571428571428,HOLD
0.062409487,0.09589509,0,0.13348,APPROVE
0.14506553,0.16201992,0,0.4237,REJECT
0.508739,0.4529587,0,0.1958888888888889,HOLD
0.27210778,0.26365373,0,0.03918,HOLD
0.56154627,0.4952045,0,0.3623125,HOLD
0.12570275,0.1465297,0,0.14772727272727273,APPROVE
0.112598255,0.1360461,0,0.15,APPROVE
0.037657388,0.07609341,0,0.105,APPROVE
0.18183735,0.19143738,0,0.20586666666666667,HOLD
0.07409201,0.10524111,0,0.11538461538461539,APPROVE
0.13489676,0.1538849,0,0.2637,HOLD
0.43239176,0.3918809,0,0.1323939393939394,HOLD
0.31551886,0.29838258,0,0.18558333333333332,HOLD
0.08189679,0.11148494,0,0.30175,APPROVE
0.25005728,0.24601331,0,0.296975,HOLD
0.2845923,0.27364135,0,0.2887058823529412,HOLD
0.34712458,0.32366717,0,0.092075,HOLD
0.6387746,0.55698717,1,0.168875,HOLD
0.14884335,0.16504218,0,0.05602083333333333,HOLD
0.25474325,0.24976209,0,0.1810483870967742,HOLD
0.31961375,0.3016585,0,0.29442857142857143,HOLD
0.4886686,0.43690237,0,0.32855,HOLD
0.17388535,0.18507577,1,0.11762857142857143,HOLD
0.33514428,0.31408292,0,0.20710526315789474,HOLD
0.27266786,0.26410177,0,0.21755172413793103,HOLD
0.15772176,0.1721449,0,0.2528148148148148,HOLD
0.82299334,0.7043622,0,0.15148571428571428,REJECT
0.3075191,0.2919828,0,0.14314,HOLD
0.18602118,0.19478443,0,0.5381,REJECT
0.4237193,0.38494292,0,0.14444285714285715,HOLD
0.2816324,0.2712734,0,0.4051,REJECT
0.40336424,0.3686589,0,0.05207407407407407,HOLD
0.54934967,0.48544723,0,0.135375,HOLD
0.4204431,0.38232195,0,0.0860625,HOLD
0.19877367,0.20498642,0,0.05,HOLD
0.3094777,0.29354966,0,0.1258,HOLD
0.29465517,0.28169164,0,0.062206896551724136,HOLD
0.041555546,0.07921194,0,0.18756666666666666,APPROVE
0.24614769,0.24288565,0,0.3804,HOLD
0.5678626,0.5002576,0,0.19436,HOLD
0.7525591,0.64801484,0,0.592,REJECT
0.60551816,0.5303821,0,0.2625,HOLD
0.57805955,0.50841516,0,0.094375,HOLD
0.64699626,0.56356454,0,0.19014,HOLD
0.19875298,0.20496988,0,0.06,HOLD
0.41804868,0.38040644,0,0.21063333333333334,HOLD
0.321106,0.30285227,0,0.2191,HOLD
0.19666015,0.2032956,0,0.3711785714285714,HOLD
0.60624516,0.53096366,0,0.374,HOLD
0.69475794,0.60177386,0,0.2625882352941176,HOLD
0.30900678,0.29317293,1,0.526,REJECT
0.21929176,0.2214009,0,0.21853333333333333,HOLD
0.06843049,0.10071189,0,0.1825,APPROVE
0.21683685,0.21943697,0,0.17048888888888888,HOLD
0.5150394,0.457999,0,0.24905555555555556,HOLD
0.42967832,0.38971016,0,0.3467222222222222,HOLD
0.18055406,0.19041075,0,0.14114285714285715,HOLD
0.43572494,0.39454746,0,0.11033846153846154,HOLD
0.32396168,0.30513683,0,0.1375,HOLD
0.21649206,0.21916114,0,0.1375,HOLD
0.08754965,0.11600722,0,0.1558,APPROVE
0.4869724,0.4355454,0,0.09908333333333333,HOLD
0.3023085,0.2878143,0,0.08023333333333334,HOLD
0.68156785,0.5912218,1,0.25893333333333335,HOLD
0.66993874,0.58191854,0,0.2179,HOLD
0.020281198,0.06219246,0,0.28166265060240964,APPROVE
0.4332405,0.3925599,0,0.12842,HOLD
0.52839476,0.4686833,0,0.075,HOLD
0.40582296,0.37062585,0,0.11438,HOLD
0.489254,0.4373707,0,0.11105,HOLD
0.39630416,0.36301082,0,0.1307075636110143,HOLD
0.24423043,0.24135184,0,0.1875,HOLD
0.4702819,0.42219302,0,0.19342857142857142,HOLD
0.15218079,0.16771212,0,0.2638,HOLD
0.7709908,0.66276014,0,0.18225,REJECT
0.50522786,0.45014977,0,0.34294444444444444,HOLD
0.047468547,0.08394234,0,0.10602,APPROVE
0.2338301,0.23303157,0,0.34268,HOLD
0.343723,0.3209459,0,0.24088,HOLD
0.24782798,0.24422987,0,0.1574074074074074,HOLD
0.39377508,0.36098754,0,0.10786666666666667,HOLD
0.65904206,0.5732012,0,0.1453111111111111,HOLD
0.29729208,0.28380117,0,0.08947540983606557,HOLD
0.3760454,0.3468038,0,0.21365,HOLD
0.4566509,0.41128823,0,0.16666666666666666,HOLD
0.42930087,0.3894082,0,0.317,HOLD
0.12353291,0.14479382,0,0.37833333333333335,APPROVE
0.50774544,0.45216385,0,0.2235909090909091,HOLD
0.26474914,0.2577668,0,0.0701,HOLD
0.5731352,0.5044757,0,0.07196153846153847,HOLD
0.24574172,0.24256088,0,0.036325,HOLD
0.3106289,0.2944706,0,0.3051333333333333,HOLD
0.8846835,0.7537143,0,0.22546666666666668,REJECT
0.37940586,0.3494922,0,0.26415555555555553,HOLD
0.5480837,0.4844345,0,0.09304705882352941,HOLD
0.33779174,0.31620088,0,0.11791428571428571,HOLD
0.77918845,0.6693183,0,0.1629142857142857,REJECT
0.25832194,0.25262505,0,0.1793,HOLD
0.16056967,0.17442323,0,0.09889090909090908,HOLD
0.508291,0.4526003,0,0.20342857142857143,HOLD
0.25165895,0.24729465,0,0.09494,HOLD
0.34333855,0.32063833,0,0.059314285714285715,HOLD
0.44319594,0.40052426,0,0.140625,HOLD
0.4208183,0.38262212,0,0.0625,HOLD
0.22125782,0.22297375,0,0.066225,HOLD
0.5763811,0.5070724,0,0.039538461538461536,HOLD
0.43267608,0.39210835,0,0.076575,HOLD
0.061126374,0.0948686,0,0.20907692307692308,APPROVE
0.42555016,0.3864076,0,0.08076666666666667,HOLD
0.6604815,0.57435274,1,0.2986666666666667,HOLD
0.30586636,0.2906606,0,0.06666666666666667,HOLD
0.62656665,0.5472208,1,0.075,HOLD
0.35044485,0.3263234,0,0.3593,HOLD
0.41041562,0.3743,0,0.2196,HOLD
0.33531108,0.31421638,0,0.31516666666666665,HOLD
0.17400977,0.18517531,0,0.31745,HOLD
0.4745923,0.42564133,0,0.20157142857142857,HOLD
0.12789255,0.14828154,0,0.2218,APPROVE
0.18876705,0.19698113,0,0.18117241379310345,HOLD
0.24385346,0.24105026,0,0.22743333333333332,HOLD
0.6346341,0.5536748,0,0.06756521739130435,HOLD
0.44342548,0.40070787,0,0.25966666666666666,HOLD
0.37363458,0.34487516,0,0.09407692307692307,HOLD
0.5348015,0.47380868,0,0.22515555555555555,HOLD
0.025994835,0.06676337,0,0.1,APPROVE
0.67196906,0.58354276,0,0.23072,HOLD
0.8242964,0.70540464,1,0.16914285714285715,REJECT
0.2541192,0.24926284,0,0.31176470588235294,HOLD
0.82870585,0.7089322,0,0.1463095238095238,REJECT
0.63126576,0.55098015,0,0.38285,HOLD
0.35717836,0.3317102,0,0.07145652173913043,HOLD
0.06866032,0.100895755,0,0.308,APPROVE
0.65311766,0.56846166,0,0.19764,HOLD
0.42960358,0.38965034,0,0.05508108108108108,HOLD
0.15012138,0.16606459,0,0.1091875,HOLD
0.5214679,0.46314183,0,0.13043478260869565,HOLD
0.22124386,0.22296257,0,0.2771,HOLD
0.46187913,0.4154708,0,0.3106333333333333,HOLD
0.29125747,0.2789735,0,0.0625,HOLD
0.38666463,0.3552992,1,0.14068,HOLD
0.47140375,0.4230905,0,0.08433333333333333,HOLD
0.41072115,0.3745444,0,0.24195,HOLD
0.14383505,0.16103554,0,0.28,HOLD
0.5324528,0.47192976,0,0.1503095238095238,HOLD
0.07127535,0.10298779,0,0.2,APPROVE
0.19682701,0.2034291,0,0.24494285714285716,HOLD
0.030730024,0.07055152,0,0.06010526315789474,APPROVE
0.034946293,0.073924534,0,0.38135,APPROVE
0.133663,0.1528979,0,0.12004,HOLD
0.06908802,0.101237915,0,0.05421666666666667,APPROVE
0.23939681,0.23748495,0,0.3250625,HOLD
0.42767006,0.38810354,1,0.2393142857142857,HOLD
0.5210392,0.46279883,0,0.18484,HOLD
0.3037638,0.28897855,0,0.0816,HOLD
0.49072888,0.4385506,0,0.10645,HOLD
0.27753684,0.26799697,0,0.24477142857142858,HOLD
0.41482243,0.37782544,0,0.1961142857142857,HOLD
0.53074163,0.4705608,0,0.3264285714285714,HOLD
0.01827537,0.060587797,0,0.14687777777777777,APPROVE
0.065750584,0.09856797,0,0.07284,APPROVE
0.5364544,0.475131,0,0.3907,HOLD
0.053775147,0.08898762,0,0.11198461538461539,APPROVE
0.6015595,0.5272152,1,0.23533333333333334,HOLD
0.21971042,0.22173584,0,0.12588181818181818,HOLD
0.45020902,0.40613472,0,0.20785714285714285,HOLD
0.13812192,0.15646502,0,0.16663333333333333,HOLD
0.3600925,0.33404148,0,0.400225,REJECT
0.34016678,0.31810093,0,0.45615275813295614,REJECT
0.40379846,0.36900628,0,0.46013333333333334,REJECT
0.20238751,0.2078775,0,0.09243333333333334,HOLD
0.81232965,0.69583124,0,0.14577777777777778,REJECT
0.5307606,0.47057596,0,0.11041428571428571,HOLD
0.08548314,0.11435402,0,0.17343333333333333,APPROVE
0.71824974,0.6205673,1,0.07519354838709677,HOLD
0.055656523,0.09049272,0,0.17142857142857143,APPROVE
0.27170318,0.26333004,0,0.1359,HOLD
0.043611657,0.08085682,0,0.2707428571428571,APPROVE
0.5682264,0.50054866,0,0.3283,HOLD
0.6456845,0.56251514,0,0.21043333333333333,HOLD
0.11150983,0.13517536,0,0.0862,APPROVE
0.80517364,0.69010645,0,0.20885714285714285,REJECT
0.26617345,0.25890628,0,0.0731,HOLD
0.4529496,0.4083272,0,0.16491176470588234,HOLD
0.13776988,0.15618339,0,0.1456,HOLD
0.2132299,0.21655141,0,0.14117142857142856,HOLD
0.2903315,0.27823272,0,0.12215094339622641,HOLD
0.37562346,0.34646627,0,0.18655555555555556,HOLD
0.19874226,0.2049613,0,0.45313043478260867,REJECT
0.06628485,0.09899538,0,0.2192,APPROVE
0.06577944,0.09859105,0,0.227825,APPROVE
0.11891665,0.14110082,0,0.35785,APPROVE
0.82147783,0.7031498,0,0.24689473684210525,REJECT
0.06017624,0.09410849,0,0.10526315789473684,APPROVE
0.19523686,0.20215698,0,0.14166666666666666,HOLD
0.1670592,0.17961486,0,0.1514888888888889,HOLD
0.4884182,0.43670204,1,0.38068,HOLD
0.41201237,0.3755774,0,0.13064,HOLD
0.15596373,0.17073849,0,0.03462222222222222,HOLD
0.04412266,0.08126563,0,0.15113333333333334,APPROVE
0.3115922,0.29524127,0,0.1665,HOLD
0.70691735,0.6115014,0,0.1459,HOLD
0.13139617,0.15108444,0,0.269,HOLD
0.35365078,0.32888812,0,0.14784,HOLD
0.26779604,0.26020434,0,0.25653333333333334,HOLD
0.19439226,0.2014813,0,0.10343333333333334,HOLD
0.38159344,0.35124224,0,0.2738,HOLD
0.4625166,0.4159808,0,0.3216,HOLD
0.7289496,0.6291272,0,0.1591142857142857,HOLD
0.25311306,0.24845794,0,0.10077941176470588,HOLD
0.074251674,0.105368845,0,0.05,APPROVE
0.09938709,0.12547716,0,0.23331428571428572,APPROVE
0.46970806,0.42173395,0,0.1924,HOLD
0.68089485,0.5906834,0,0.2700666666666667,HOLD
0.54822886,0.4845506,0,0.175725,HOLD
0.66433716,0.5774373,1,0.2824,HOLD
0.2295754,0.2296278,0,0.14938666666666667,HOLD
0.7097496,0.6137672,0,0.13896666666666666,HOLD
0.19892569,0.20510805,0,0.15026,HOLD
0.23103833,0.23079816,0,0.13882222222222224,HOLD
0.17732202,0.1878251,0,0.2044814814814815,HOLD
0.28134087,0.2710402,0,0.16832727272727271,HOLD
0.1212295,0.1429511,0,0.04080898876404494,APPROVE
0.043419756,0.08070331,0,0.1449125,APPROVE
0.2120663,0.21562053,0,0.22346666666666667,HOLD
0.21932133,0.22142455,0,0.35612,HOLD
0.4439158,0.40110016,0,0.11454285714285714,HOLD
0.52988136,0.4698726,0,0.20097142857142858,HOLD
0.2984987,0.28476647,0,0.1639142857142857,HOLD
0.89099187,0.75876105,1,0.1986,REJECT
0.26028016,0.25419164,0,0.14484,HOLD
0.07463109,0.10567237,0,0.113625,APPROVE
0.19997503,0.20594752,0,0.17666666666666667,HOLD
0.20723937,0.21175899,0,0.1531142857142857,HOLD
0.40388325,0.3690741,0,0.15384444444444445,HOLD
0.14588098,0.16267228,0,0.200375,HOLD
0.16034462,0.17424318,0,0.21744186046511627,HOLD
0.064318344,0.097422175,0,0.2834333333333333,APPROVE
0.5858303,0.51463175,0,0.06143333333333333,HOLD
0.3822027,0.35172966,0,0.10591666666666667,HOLD
0.11984361,0.14184238,0,0.1498142857142857,APPROVE
0.57270426,0.50413096,0,0.10925,HOLD
0.111859225,0.13545488,0,0.1419767441860465,APPROVE
0.48973802,0.4377579,0,0.1889142857142857,HOLD
0.14565094,0.16248825,0,0.19972222222222222,HOLD
0.7782866,0.6685968,0,0.09921052631578947,REJECT
0.020308025,0.06221392,0,0.1625,APPROVE
0.50600606,0.45077235,0,0.3277083333333333,HOLD
0.20379844,0.20900625,0,0.127925,HOLD
0.14105767,0.15881363,0,0.3307,HOLD
0.058024567,0.092387155,0,0.08353333333333333,APPROVE
0.72689486,0.6274834,0,0.1978,HOLD
0.45652795,0.41118985,0,0.26345,HOLD
0.114305794,0.13741213,0,0.1195,APPROVE
0.26760006,0.26004755,0,0.1366,HOLD
0.40275297,0.36816987,0,0.17893333333333333,HOLD
0.030968988,0.07074269,0,0.2638666666666667,APPROVE
0.1419868,0.15955694,0,0.07738709677419355,HOLD
0.3560347,0.33079526,0,0.2698,HOLD
0.36566034,0.33849576,0,0.10177142857142857,HOLD
0.1843117,0.19341685,0,0.0749,HOLD
0.63886774,0.55706173,0,0.1375,HOLD
0.4929401,0.44031957,0,0.13552,HOLD
0.39203602,0.3595963,0,0.13904,HOLD
0.7013825,0.60707355,0,0.13366,HOLD
0.78460675,0.67365295,0,0.2217,REJECT
0.2866639,0.27529863,0,0.10294117647058823,HOLD
0.29913276,0.2852737,0,0.1,HOLD
0.08687735,0.11546939,0,0.1985,APPROVE
0.5598652,0.49385965,1,0.15,HOLD
0.14087453,0.15866712,0,0.14565,HOLD
0.32824448,0.30856308,0,0.17481132075471698,HOLD
0.33086556,0.31065995,0,0.19437629741460652,HOLD
0.270604,0.26245072,0,0.17403333333333335,HOLD
0.49492612,0.4419084,0,0.058823529411764705,HOLD
0.7312719,0.6309851,1,0.14505,HOLD
0.25621745,0.25094146,0,0.051314285714285715,HOLD
0.3528131,0.32821798,0,0.16383333333333333,HOLD
0.26949072,0.26156008,0,0.2772222222222222,HOLD
0.03182838,0.07143021,0,0.1315625,APPROVE
0.8626145,0.7360591,1,0.3046285714285714,REJECT
0.50124073,0.4469601,0,0.06116,HOLD
0.07176801,0.10338191,0,0.08286666666666667,APPROVE
0.25126556,0.24697994,0,0.12,HOLD
0.22847018,0.22874363,0,0.3118,HOLD
0.06858198,0.10083309,0,0.07504,APPROVE
0.2939515,0.2811287,0,0.2454,HOLD
0.06717871,0.09971047,0,0.3283333333333333,APPROVE
0.14766552,0.1640999,0,0.1375,HOLD
0.44044068,0.39832005,0,0.09618181818181819,HOLD
0.29043067,0.27831203,0,0.14349090909090909,HOLD
0.6051897,0.5301193,0,0.22045,HOLD
0.3755897,0.34643924,0,0.23504,HOLD
0.29991382,0.28589857,1,0.18491666666666667,HOLD
0.46253332,0.41599417,0,0.16976785714285714,HOLD
0.6009544,0.5267311,0,0.10054666666666667,HOLD
0.3520662,0.32762045,0,0.0559125,HOLD
0.50631064,0.451016,0,0.34103333333333335,HOLD
0.44379994,0.40100744,0,0.1457142857142857,HOLD
0.6856037,0.5944505,0,0.16014285714285714,HOLD
0.30273792,0.28815785,0,0.08263043478260869,HOLD
0.31102872,0.29479048,0,0.17736666666666667,HOLD
0.5591056,0.49325195,0,0.2175,HOLD
0.2397172,0.23774125,0,0.27172,HOLD
0.41682515,0.3794276,0,0.20014285714285715,HOLD
0.22516547,0.22609986,0,0.3573142857142857,HOLD
0.5494613,0.48553655,0,0.16645714285714286,HOLD
0.308593,0.2928419,0,0.2358888888888889,HOLD
0.3543763,0.32946852,0,0.1158,HOLD
0.65366906,0.5689028,0,0.1442,HOLD
0.10804577,0.13240412,0,0.24104347826086955,APPROVE
0.5507238,0.48654652,0,0.14368,HOLD
0.11985964,0.14185521,0,0.06097777777777778,APPROVE
0.073616736,0.104860894,0,0.18397777777777777,APPROVE
0.4591105,0.4132559,0,0.12016666666666667,HOLD
0.124280974,0.14539227,0,0.08365,APPROVE
0.7634233,0.6567062,0,0.14865,REJECT
0.3710014,0.3427686,0,0.183475,HOLD
0.06384519,0.097043656,0,0.14,APPROVE
0.19867252,0.20490551,0,0.058275,HOLD
0.18287113,0.1922644,1,0.2945090909090909,HOLD
0.6700218,0.58198494,0,0.18106,HOLD
0.106884375,0.131475,0,0.1390232558139535,APPROVE
0.20774202,0.21216111,0,0.1327,HOLD
0.3434625,0.32073748,0,0.3116,HOLD
0.083655365,0.1128918,0,0.22486764705882353,APPROVE
0.8119504,0.69552785,1,0.13484375,REJECT
0.28068963,0.2705192,0,0.16942307692307693,HOLD
0.15655148,0.17120868,0,0.14663333333333334,HOLD
0.22215486,0.22369137,0,0.1304423076923077,HOLD
0.50029033,0.44619977,0,0.23,HOLD
0.8786294,0.748871,0,0.24422727272727274,REJECT
0.15374595,0.16896425,0,0.162725,HOLD
0.38377908,0.35299075,0,0.10416666666666667,HOLD
0.3779667,0.34834087,0,0.23078333333333334,HOLD
0.8817081,0.751334,0,0.1135,REJECT
0.1271772,0.14770925,0,0.18864444444444445,APPROVE
0.7947228,0.68174577,0,0.11640816326530612,REJECT
0.46218985,0.4157194,0,0.3008571428571429,HOLD
0.33026123,0.3101765,1,0.4259,REJECT
0.29430825,0.2814141,0,0.22608219178082192,HOLD
0.49799109,0.44436038,0,0.26302857142857144,HOLD
0.09022293,0.118145846,0,0.21106382978723404,APPROVE
0.32905436,0.309211,0,0.3027,HOLD
0.496451,0.4431283,0,0.15,HOLD
0.15731731,0.17182134,0,0.23898,HOLD
0.19490345,0.20189025,0,0.216125,HOLD
0.2516304,0.2472718,0,0.147,HOLD
0.46431422,0.41741887,0,0.14131666666666667,HOLD
0.6231464,0.5444847,0,0.34785,HOLD
0.2869867,0.27555686,1,0.150325,HOLD
0.31649357,0.29916236,0,0.15075,HOLD
0.063435845,0.09671617,0,0.16434,APPROVE
0.77281666,0.66422087,1,0.18445454545454545,REJECT
0.2499862,0.24595645,0,0.0567,HOLD
0.2814125,0.2710975,0,0.1519,HOLD
0.24829586,0.24460419,0,0.09936363636363636,HOLD
0.19123226,0.1989533,0,0.08713559322033898,HOLD
0.43859985,0.39684737,0,0.27323333333333333,HOLD
0.5800386,0.50999844,0,0.10797777777777778,HOLD
0.54006577,0.4780201,0,0.25206666666666666,HOLD
0.37698257,0.34755355,0,0.3092105263157895,HOLD
0.25386265,0.2490576,0,0.21556,HOLD
0.24617569,0.24290805,0,0.0924496644295302,HOLD
0.2262347,0.22695525,0,0.23193548387096774,HOLD
0.70080614,0.60661244,1,0.16313333333333332,HOLD
0.5144267,0.45750886,0,0.32106666666666667,HOLD
0.34495658,0.32193276,0,0.37146666666666667,HOLD
0.048118938,0.08446265,0,0.105,APPROVE
0.5604959,0.49436423,0,0.132,HOLD
0.34655228,0.32320932,1,0.15,HOLD
0.22971459,0.22973916,0,0.035,HOLD
0.076950796,0.10752814,0,0.0731,APPROVE
0.046934687,0.08351525,0,0.21998571428571428,APPROVE
0.39291447,0.36029908,0,0.1857,HOLD
0.6272579,0.54777384,0,0.11943529411764706,HOLD
0.80704576,0.69160414,1,0.3305,REJECT
0.49391028,0.4410957,0,0.2005,HOLD
0.5701001,0.50204766,0,0.19825,HOLD
0.3042375,0.2893575,0,0.14780597014925373,HOLD
0.34238186,0.31987298,0,0.17746666666666666,HOLD
0.59313506,0.52047557,0,0.27412,HOLD
0.13996498,0.15793948,0,0.15,HOLD
0.40742743,0.37190944,0,0.07506153846153846,HOLD
0.43543643,0.39431664,0,0.13,HOLD
0.17581493,0.18661943,0,0.1,HOLD
0.1905143,0.19837894,0,0.1268857142857143,HOLD
0.08885055,0.11704794,0,0.125,APPROVE
0.65361977,0.56886333,0,0.13427027027027028,HOLD
0.3736896,0.34491917,0,0.23091666666666666,HOLD
0.11605096,0.13880827,0,0.17422,APPROVE
0.31330004,0.29660752,0,0.23364,HOLD
0.13731277,0.15581772,0,0.13548,HOLD
0.54619706,0.48292515,0,0.3305,HOLD
0.23076549,0.23057988,0,0.257,HOLD
0.16456687,0.17762099,0,0.2560454545454545,HOLD
0.3943333,0.36143413,0,0.13882089552238805,HOLD
0.43371227,0.3929373,0,0.1111111111111111,HOLD
0.7462408,0.6429602,1,0.18065,HOLD
0.3354109,0.31429622,0,0.3993,HOLD
0.3380025,0.3163695,0,0.14133333333333334,HOLD
0.14585212,0.16264918,0,0.14716666666666667,HOLD
0.061046615,0.09480479,0,0.2336777777777778,APPROVE
0.55860144,0.49284863,0,0.14675675675675676,HOLD
0.35602334,0.33078617,0,0.0967741935483871,HOLD
0.36949822,0.3415661,0,0.18083333333333335,HOLD
0.6712496,0.5829672,1,0.14937142857142857,HOLD
0.35325563,0.328572,0,0.15,HOLD
0.07728992,0.10779943,0,0.13495714285714286,APPROVE
0.508982,0.4531531,0,0.17645714285714287,HOLD
0.13146491,0.15113942,0,0.06976744186046512,HOLD
0.4409225,0.39870548,0,0.19791666666666666,HOLD
0.113183744,0.13651448,0,0.07857142857142857,APPROVE
0.65325457,0.5685712,0,0.48220689655172416,REJECT
0.22081718,0.22262123,0,0.04488,HOLD
0.4501635,0.4060983,0,0.22245,HOLD
0.49157906,0.43923074,1,0.09,HOLD
0.4279385,0.3883183,0,0.1375,HOLD
0.13358723,0.15283728,0,0.06245,HOLD
0.37673315,0.34735402,0,0.2685,HOLD
0.465469,0.4183427,0,0.0875,HOLD
0.42597368,0.38674644,0,0.20516,HOLD
0.18316077,0.1924961,1,0.10762857142857143,HOLD
0.22244404,0.22392273,0,0.17877142857142858,HOLD
0.4523395,0.4078391,0,0.20097142857142858,HOLD
0.52722645,0.46774864,0,0.15544444444444444,HOLD
0.35430843,0.32941425,0,0.09451666666666667,HOLD
0.04622663,0.08294881,0,0.0765,APPROVE
0.57040596,0.50229234,0,0.0921,HOLD
0.16531968,0.17822324,1,0.33253333333333335,HOLD
0.062329758,0.09583131,0,0.2839333333333333,APPROVE
0.7083001,0.6126076,0,0.29485,HOLD
0.072222084,0.10374517,0,0.14663333333333334,APPROVE
0.41780967,0.38021523,0,0.15,HOLD
0.78178364,0.67139447,0,0.15496,REJECT
0.3516509,0.3272882,0,0.23304,HOLD
0.39863026,0.3648717,0,0.4518666666666667,REJECT
0.46529746,0.41820547,1,0.13775,HOLD
0.10544682,0.13032496,0,0.2106060606060606,APPROVE
0.38891673,0.35710087,0,0.3286,HOLD
0.06887684,0.10106897,0,0.278775,APPROVE
0.5018931,0.447482,0,0.14565,HOLD
0.36818755,0.34051752,0,0.09633333333333334,HOLD
0.4208815,0.3826727,0,0.3619,HOLD
0.1521336,0.16767438,0,0.21225,HOLD
0.22874196,0.22896107,0,0.3579375,HOLD
0.1765217,0.18718486,0,0.17824,HOLD
0.14195055,0.15952793,0,0.08248857498961362,HOLD
0.26204076,0.25560012,0,0.2411,HOLD
0.4209737,0.38274646,1,0.17255,HOLD
0.22949722,0.22956528,0,0.2945,HOLD
0.696997,0.6035651,0,0.21132,HOLD
0.34612843,0.32287025,0,0.12678666666666666,HOLD
0.0058428156,0.050641753,0,0.0375,APPROVE
0.20026785,0.20618178,0,0.14616,HOLD
0.45524642,0.41016462,0,0.10462,HOLD
0.7147837,0.6177945,0,0.2150857142857143,HOLD
0.29333487,0.2806354,0,0.14723529411764705,HOLD
0.065947704,0.09872567,0,0.08966666666666667,APPROVE
0.80525786,0.6901738,0,0.21908571428571427,REJECT
0.59035367,0.51825047,0,0.11,HOLD
0.113213114,0.13653798,0,0.12704347826086956,APPROVE
0.07650755,0.10717354,0,0.0838,APPROVE
0.018350659,0.060648028,0,0.2,APPROVE
0.6781742,0.5885069,0,0.2058888888888889,HOLD
0.19119626,0.1989245,0,0.2355,HOLD
0.37583598,0.3466363,0,0.20295,HOLD
0.16067787,0.17450978,0,0.39582142857142855,HOLD
0.10976503,0.13377953,0,0.0984,APPROVE
0.5703842,0.50227493,1,0.24294285714285715,HOLD
0.2705534,0.26241022,0,0.08637,HOLD
0.68703204,0.59559315,0,0.13341176470588234,HOLD
0.767355,0.65985155,1,0.2428,REJECT
0.57542056,0.50630397,0,0.11511428571428571,HOLD
0.68421906,0.5933428,1,0.1631,HOLD
0.18241335,0.19189818,0,0.18055555555555555,HOLD
0.2437345,0.24095508,0,0.2129,HOLD
0.3200952,0.30204368,0,0.15763888888888888,HOLD
0.62158084,0.5432322,0,0.23533333333333334,HOLD
0.18880121,0.19700846,0,0.04933333333333333,HOLD
0.31667405,0.29930675,0,0.1775,HOLD
0.7163237,0.6190265,0,0.1312,HOLD
0.41583583,0.37863615,0,0.15825,HOLD
0.13104159,0.15080076,0,0.12046153846153847,HOLD
0.51960784,0.46165377,0,0.3624,HOLD
0.30891237,0.2930974,0,0.21116,HOLD
0.7944843,0.681555,0,0.250375,REJECT
0.7561573,0.65089333,1,0.17577083333333332,REJECT
0.4222026,0.38372958,0,0.1458,HOLD
0.0638841,0.097074784,0,0.20744,APPROVE
0.5097895,0.45379913,0,0.1725,HOLD
0.09866654,0.124900736,0,0.125,APPROVE
0.7396694,0.63770306,0,0.135175,HOLD
0.43173423,0.3913549,0,0.1439375,HOLD
0.19858383,0.20483455,0,0.21796666666666667,HOLD
0.5849201,0.5139036,0,0.172225,HOLD
0.2961917,0.28292087,1,0.18756,HOLD
0.326049,0.30680668,0,0.15,HOLD
0.7559429,0.65072185,0,0.2743913043478261,REJECT
0.034296397,0.07340462,0,0.2884857142857143,APPROVE
0.054424983,0.08950748,0,0.20673333333333332,APPROVE
0.07793521,0.10831567,0,0.063,APPROVE
0.72589797,0.6266859,0,0.05676666666666667,HOLD
0.17019857,0.18212636,0,0.10844,HOLD
0.3611927,0.33492166,0,0.14178947368421052,HOLD
0.39899597,0.36516428,0,0.1595625,HOLD
0.06744187,0.099920996,0,0.304,APPROVE
0.911922,0.7755051,0,0.16460714285714287,REJECT
0.31702852,0.29959032,0,0.05388571428571429,HOLD
0.04536783,0.08226176,0,0.2546285714285714,APPROVE
0.05736551,0.091859914,0,0.08202857142857142,APPROVE
0.4788307,0.42903206,0,0.11428571428571428,HOLD
0.36443776,0.3375177,0,0.10611428571428572,HOLD
0.03589674,0.074684896,0,0.12172222222222222,APPROVE
0.36667955,0.33931112,0,0.14368,HOLD
0.31314853,0.29648632,0,0.23603333333333334,HOLD
0.18355758,0.19281356,0,0.09663333333333333,HOLD
0.16370219,0.17692925,0,0.1904,HOLD
0.2867473,0.27536535,0,0.1,HOLD
0.27416167,0.26529685,0,0.17159459459459458,HOLD
0.47058475,0.42243528,0,0.1,HOLD
0.3943371,0.36143717,0,0.068525,HOLD
0.016454302,0.059130944,0,0.19792857142857143,APPROVE
0.38460016,0.35364762,0,0.12003846153846154,HOLD
0.20713897,0.21167867,0,0.128,HOLD
0.5011754,0.44690782,0,0.15975,HOLD
0.36331207,0.33661714,0,0.22075,HOLD
0.85245454,0.72793114,1,0.10455,REJECT
0.63878024,0.5569917,0,0.157225,HOLD
0.31585687,0.298653,0,0.0967,HOLD
0.17137034,0.18306376,0,0.211925,HOLD
0.07311853,0.104462326,0,0.0625,APPROVE
0.25705072,0.25160807,0,0.10406,HOLD
0.5325093,0.47197497,0,0.17685,HOLD
0.66590923,0.57869494,1,0.13234,HOLD
0.7303519,0.6302491,0,0.11652,HOLD
0.2022018,0.20772894,0,0.16133333333333333,HOLD
0.28039986,0.2702874,0,0.22074074074074074,HOLD
0.10391602,0.12910031,0,0.0878125,APPROVE
0.595858,0.52265394,0,0.22323333333333334,HOLD
0.58423537,0.51335585,0,0.1842,HOLD
0.16452314,0.177586,0,0.23508,HOLD
0.6829507,0.5923281,0,0.2978,HOLD
0.37878734,0.34899735,0,0.2625,HOLD
0.16858074,0.18083209,0,0.17156,HOLD
0.27918705,0.26931715,0,0.1590877192982456,HOLD
0.5170127,0.45957768,0,0.099,HOLD
0.21725444,0.21977104,0,0.32615,HOLD
0.12900463,0.1491712,0,0.19393333333333335,APPROVE
0.23474567,0.23376402,0,0.15916,HOLD
0.06455393,0.097610645,0,0.21132,APPROVE
0.35099053,0.32675993,0,0.1384,HOLD
0.6444767,0.5615489,0,0.27143333333333336,HOLD
0.3466826,0.3233136,0,0.17712195121951219,HOLD
0.32642174,0.3071049,0,0.07456666666666667,HOLD
0.40361577,0.36886013,0,0.08118333333333333,HOLD
0.27017173,0.2621049,0,0.28688,HOLD
0.27899766,0.26916564,0,0.29815,HOLD
0.69833714,0.60463727,0,0.15582857142857143,HOLD
0.6597245,0.5737471,0,0.2189,HOLD
0.33598703,0.3147571,0,0.18403333333333333,HOLD
0.10749397,0.13196267,0,0.14918,APPROVE
0.44591203,0.40269712,0,0.13372,HOLD
0.2186941,0.22092278,0,0.08571428571428572,HOLD
0.7048699,0.60986346,0,0.1017,HOLD
0.36104244,0.33480144,0,0.1135,HOLD
0.15416107,0.16929635,0,0.09843243243243244,HOLD
0.28193784,0.27151778,0,0.37123333333333336,HOLD
0.275987,0.2667571,0,0.1738,HOLD
0.19413832,0.20127815,0,0.07,HOLD
0.5780185,0.5083823,0,0.1344857142857143,HOLD
0.84828854,0.72459835,0,0.17776666666666666,REJECT
0.7068773,0.6114694,0,0.217,HOLD
0.20405392,0.20921063,0,0.1631,HOLD
0.22107981,0.22283134,0,0.26428,HOLD
0.40629852,0.3710063,0,0.08623157894736842,HOLD
0.7967825,0.68339354,1,0.07041379310344828,REJECT
0.62734115,0.5478405,0,0.1463957597173145,HOLD
0.88802534,0.7563878,1,0.25348,REJECT
0.18053381,0.19039454,0,0.06382978723404255,HOLD
0.40703014,0.3715916,0,0.1424923076923077,HOLD
0.539621,0.4776643,0,0.11817777777777778,HOLD
0.33953303,0.31759393,0,0.15,HOLD
0.89653635,0.7631966,0,0.20344117647058824,REJECT
0.21993506,0.22191554,0,0.1371,HOLD
0.5360991,0.47484675,0,0.17585,HOLD
0.19670324,0.20333008,0,0.168,HOLD
0.1274063,0.14789253,0,0.21027272727272728,APPROVE
0.19832388,0.20462659,0,0.1988,HOLD
0.28868896,0.27691868,0,0.2255111111111111,HOLD
0.28052598,0.27038828,0,0.3297,HOLD
0.40912855,0.37327033,0,0.25022222222222223,HOLD
0.49085087,0.4386482,0,0.138575,HOLD
0.42530385,0.38621056,0,0.18182857142857142,HOLD
0.28114155,0.27088073,0,0.12766666666666668,HOLD
0.13956848,0.15762228,0,0.13867272727272728,HOLD
0.07147214,0.10314521,0,0.03,APPROVE
0.34430757,0.32141355,0,0.1524390243902439,HOLD
0.35825974,0.3325753,0,0.12993333333333335,HOLD
0.30177853,0.28739032,0,0.15,HOLD
0.16632181,0.17902495,0,0.3493636363636364,HOLD
0.10606933,0.13082296,0,0.12472,APPROVE
0.082269296,0.111782946,0,0.14317021276595746,APPROVE
0.079134405,0.10927502,1,0.20394,APPROVE
0.4772438,0.42776254,0,0.3237058823529412,HOLD
0.39810207,0.36444914,0,0.1087,HOLD
0.10295485,0.12833138,0,0.3490810810810811,APPROVE
0.39457583,0.36162817,0,0.07822,HOLD
0.6000329,0.5259939,0,0.12813333333333332,HOLD
0.5728972,0.5042853,0,0.06091111111111111,HOLD
0.2420495,0.2396071,0,0.3308809523809524,HOLD
0.13268434,0.15211496,0,0.2213,HOLD
0.12683713,0.1474372,0,0.15810714285714286,APPROVE
0.42954767,0.38960564,0,0.25453333333333333,HOLD
0.078696206,0.10892447,0,0.1566606216792339,APPROVE
0.28430524,0.2734117,0,0.16195454545454546,HOLD
0.4350379,0.39399782,0,0.12821212121212122,HOLD
0.17177385,0.18338658,0,0.1793142857142857,HOLD
0.23027548,0.23018788,0,0.14873333333333333,HOLD
0.81554306,0.698402,0,0.158,REJECT
0.30335584,0.28865218,0,0.188,HOLD
0.47009918,0.42204684,0,0.08562222222222222,HOLD
0.33231613,0.3118204,0,0.36023333333333335,HOLD
0.43936962,0.3974632,0,0.22556,HOLD
0.42022514,0.3821476,0,0.06666666666666667,HOLD
0.17489515,0.18588361,0,0.1538,HOLD
0.09561132,0.12245656,0,0.1896,APPROVE
0.43026677,0.39018092,0,0.09676,HOLD
0.3090878,0.29323775,0,0.25584,HOLD
0.6097113,0.5337366,0,0.07911666666666667,HOLD
0.23665881,0.23529454,0,0.22891304347826086,HOLD
0.7231582,0.6244941,0,0.3169,HOLD
0.7885291,0.67679083,1,0.1113061224489796,REJECT
0.7545037,0.6495705,0,0.1601090909090909,HOLD
0.31728628,0.29979652,0,0.09375,HOLD
0.45926946,0.41338307,0,0.49516,REJECT
0.1982588,0.20457454,0,0.0646,HOLD
0.39139026,0.35907972,0,0.07494805194805194,HOLD
0.115104705,0.13805126,0,0.17122727272727273,APPROVE
0.42429405,0.38540274,0,0.1493421052631579,HOLD
0.32558936,0.30643898,0,0.08571428571428572,HOLD
0.26864836,0.2608862,0,0.127925,HOLD
0.10501029,0.12997574,0,0.15740625,APPROVE
0.6094234,0.5335063,0,0.1838,HOLD
0.22731541,0.22781982,0,0.22232,HOLD
0.23045261,0.23032959,0,0.18063333333333334,HOLD
0.42126915,0.38298282,0,0.1883,HOLD
0.079537794,0.109597735,0,0.19649090909090908,APPROVE
0.39856994,0.36482346,0,0.17497142857142858,HOLD
0.478759,0.4289747,0,0.1,HOLD
0.59228486,0.5197954,0,0.07032307692307692,HOLD
0.53429097,0.47340026,0,0.34445,HOLD
0.36284631,0.33624455,0,0.3785,HOLD
0.3066767,0.29130885,0,0.03,HOLD
0.1577491,0.17216678,0,0.45941666666666664,REJECT
0.51664937,0.459287,0,0.14735555555555555,HOLD
0.05577783,0.09058977,0,0.27867132867132866,APPROVE
0.26895547,0.26113188,0,0.17922222222222223,HOLD
0.24033234,0.23823336,0,0.09925,HOLD
0.10160533,0.12725176,0,0.05968,APPROVE
0.22515237,0.22608939,0,0.1375,HOLD
0.30198124,0.2875525,0,0.071,HOLD
0.28972304,0.27774593,0,0.27316666666666667,HOLD
0.3485291,0.32479078,0,0.23358823529411765,HOLD
0.44875655,0.40497273,0,0.19478571428571428,HOLD
0.45674947,0.41136706,0,0.1725,HOLD
0.82297397,0.7043467,0,0.12796,REJECT
0.6970007,0.6035681,1,0.16214285714285714,HOLD
0.149425,0.1655075,0,0.19864,HOLD
0.41970783,0.38173378,0,0.24235714285714285,HOLD
0.48758435,0.43603498,0,0.2685666666666667,HOLD
0.53225994,0.47177544,0,0.09115384615384615,HOLD
0.4236348,0.38487533,0,0.20530555555555555,HOLD
0.88054836,0.7504062,0,0.13173333333333334,REJECT
0.60547525,0.53034776,0,0.3344,HOLD
0.49491316,0.44189802,0,0.3245,HOLD
0.5999029,0.5258899,0,0.17304444444444445,HOLD
0.60316336,0.52849823,1,0.18459259259259259,HOLD
0.18592124,0.19470449,0,0.41685714285714287,REJECT
0.34539118,0.32228044,0,0.11666666666666667,HOLD
0.6509324,0.56671345,0,0.2566,HOLD
0.22345121,0.22472847,0,0.12453757225433526,HOLD
0.019510828,0.061576165,0,0.28355,APPROVE
0.10670075,0.13132809,0,0.13990625,APPROVE
0.5091385,0.4532783,0,0.25414285714285717,HOLD
0.29886866,0.28506243,0,0.1386909090909091,HOLD
0.083161294,0.11249653,0,0.1153,APPROVE
0.13046567,0.15034004,0,0.16561428571428571,HOLD
0.34629083,0.32300016,0,0.13908571428571428,HOLD
0.14904132,0.16520056,0,0.0942,HOLD
0.35993156,0.33391273,0,0.24366666666666667,HOLD
0.26869804,0.26092592,0,0.12835,HOLD
0.2288962,0.22908445,0,0.2402,HOLD
0.23925704,0.23737313,0,0.33495238095238095,HOLD
0.01981494,0.061819453,0,0.06074545454545455,APPROVE
0.11692874,0.13951048,0,0.525,REJECT
0.14157303,0.15922591,0,0.15337777777777778,HOLD
0.36437985,0.33747137,0,0.22885,HOLD
0.3330079,0.31237382,0,0.1726,HOLD
0.3056485,0.2904863,0,0.34735,HOLD
0.18849398,0.19676268,0,0.2586,HOLD
0.45892036,0.4131038,0,0.11368571428571428,HOLD
0.10970742,0.13373344,0,0.12253846153846154,APPROVE
0.7213997,0.6230873,0,0.23120833333333332,HOLD
0.8918494,0.75944704,1,0.19866666666666666,REJECT
0.5081098,0.45245534,0,0.11044444444444444,HOLD
0.44119582,0.39892414,0,0.1217,HOLD
0.50582534,0.45062777,0,0.16775,HOLD
0.44476455,0.40177915,0,0.1238625,HOLD
0.66791683,0.580301,0,0.08,HOLD
0.1590587,0.17321445,1,0.0828,HOLD
0.08604961,0.114807196,0,0.231275,APPROVE
0.22013173,0.22207287,0,0.2105,HOLD
0.6904597,0.5983353,0,0.22817142857142858,HOLD
0.016864842,0.059459373,0,0.12320833333333334,APPROVE
0.60548604,0.53035635,0,0.1202,HOLD
0.20787044,0.21226384,0,0.15007142857142858,HOLD
0.54574823,0.4825661,0,0.16315,HOLD
0.2305805,0.23043188,0,0.1590909090909091,HOLD
0.080333546,0.11023434,0,0.0396,APPROVE
0.3090379,0.2931978,0,0.2354,HOLD
0.5760585,0.50681436,1,0.17307692307692307,HOLD
0.35012415,0.32606682,0,0.2252,HOLD
0.5657069,0.498533,1,0.21113333333333334,HOLD
0.52860135,0.4688486,0,0.19456,HOLD
0.099489205,0.12555885,0,0.1,APPROVE
0.33954766,0.3176056,0,0.40424,REJECT
0.4992885,0.4453983,1,0.0627,HOLD
0.4606085,0.4144543,0,0.13333333333333333,HOLD
0.69144815,0.59912604,0,0.3176,HOLD
0.22797085,0.22834417,0,0.2345,HOLD
0.32045466,0.3023312,0,0.13415384615384615,HOLD
0.7056906,0.61052,0,0.21556521739130435,HOLD
0.20560144,0.21044864,0,0.18456521739130435,HOLD
0.6421093,0.55965495,0,0.13192452830188678,HOLD
0.17968169,0.18971284,0,0.1876842105263158,HOLD
0.33051136,0.31037658,0,0.10542,HOLD
0.40080544,0.36661184,0,0.09090909090909091,HOLD
0.22679254,0.22740152,0,0.17106666666666667,HOLD
0.30783656,0.29223675,0,0.08292452830188679,HOLD
0.19855036,0.20480777,0,0.1184,HOLD
0.15454613,0.16960439,0,0.21024,HOLD
0.78470176,0.67372894,0,0.18995,REJECT
0.58346134,0.5127366,0,0.0994,HOLD
0.24942845,0.24551025,0,0.06840666666666667,HOLD
0.5007836,0.4465944,0,0.17137037037037037,HOLD
0.1579148,0.17229934,0,0.20817948717948717,HOLD
0.33688334,0.31547415,0,0.16217142857142858,HOLD
0.46895337,0.42113018,0,0.0756,HOLD
0.04148173,0.07915289,0,0.211975,APPROVE
0.6865966,0.59524477,0,0.09702222222222222,HOLD
0.45793545,0.41231585,1,0.05,HOLD
0.3176472,0.30008525,0,0.07142857142857142,HOLD
0.38760456,0.35605115,0,0.2694,HOLD
0.26045212,0.2543292,0,0.12877777777777777,HOLD
0.228435,0.2287155,0,0.10653333333333333,HOLD
0.7289368,0.62911695,0,0.2211,HOLD
0.43836167,0.39665684,0,0.08695652173913043,HOLD
0.60998,0.5339515,0,0.34175,HOLD
0.19820604,0.20453233,0,0.12105714285714286,HOLD
0.41010654,0.37405273,0,0.14,HOLD
0.43585518,0.39465165,1,0.11253125,HOLD
0.1205702,0.14242366,0,0.168225,APPROVE
0.6239854,0.5451559,0,0.06666666666666667,HOLD
0.6036507,0.5288881,0,0.20077777777777778,HOLD
0.17420483,0.18533136,0,0.0876,HOLD
0.31303117,0.29639244,0,0.1747,HOLD
0.6006227,0.5264657,1,0.14933333333333335,HOLD
0.6810411,0.5908004,0,0.3504,HOLD
0.54303765,0.4803976,1,0.1590909090909091,HOLD
0.1302583,0.15017414,0,0.083425,HOLD
0.30247426,0.2879469,0,0.083525,HOLD
0.37913653,0.34927672,0,0.3050769230769231,HOLD
0.7024282,0.6079101,0,0.3062,HOLD
0.5394582,0.47753406,1,0.07526666666666666,HOLD
0.88108575,0.75083613,1,0.15960714285714286,REJECT
0.21430497,0.21741147,0,0.13024489795918368,HOLD
0.2928298,0.28023136,0,0.09619230769230769,HOLD
0.36738592,0.33987623,0,0.13548,HOLD
0.3863024,0.35500944,0,0.23208,HOLD
0.35943225,0.3335133,0,0.23084,HOLD
0.4452688,0.40218255,0,0.16732,HOLD
0.4393979,0.39748582,1,0.072,HOLD
0.752458,0.6479339,1,0.08543333333333333,HOLD
0.50468,0.44971147,0,0.141875,HOLD
0.22235492,0.22385143,0,0.1422,HOLD
0.63310724,0.55245334,0,0.13542222222222222,HOLD
0.28912222,0.27726528,0,0.13292,HOLD
0.34388712,0.3210772,0,0.29177142857142857,HOLD
0.049069896,0.085223414,0,0.044823529411764707,APPROVE
0.21100508,0.21477155,0,0.13513636363636364,HOLD
0.76587564,0.65866804,1,0.23929166666666668,REJECT
0.25856447,0.2528191,0,0.0375,HOLD
0.22720405,0.22773074,0,0.06137931034482759,HOLD
0.59036356,0.5182584,0,0.08184444444444444,HOLD
0.25367472,0.24890727,0,0.23075675675675675,HOLD
0.33941853,0.31750232,0,0.1836,HOLD
0.2890437,0.27720246,0,0.13864444444444443,HOLD
0.28673613,0.2753564,0,0.0786,HOLD
0.68311596,0.5924603,1,0.05705,HOLD
0.49192223,0.43950528,0,0.15168333333333334,HOLD
0.41604125,0.3788005,0,0.39211111111111113,HOLD
0.24805081,0.24440815,0,0.2833333333333333,HOLD
0.6095893,0.53363895,0,0.11665,HOLD
0.4522721,0.40778518,0,0.20245833333333332,HOLD
0.25436646,0.24946065,0,0.10714285714285714,HOLD
0.15709963,0.1716472,0,0.15448571428571428,HOLD
0.01369787,0.056925796,0,0.15830769230769232,APPROVE
0.34500182,0.32196894,0,0.3363125,HOLD
0.5077368,0.45215693,1,0.2226,HOLD
0.1762659,0.1869802,0,0.21666666666666667,HOLD
0.565494,0.4983627,0,0.25093333333333334,HOLD
0.22395794,0.22513385,0,0.17390769230769232,HOLD
0.19309016,0.20043962,1,0.03908333333333333,HOLD
0.4004258,0.36630812,1,0.0812909090909091,HOLD
0.65195084,0.5675282,0,0.32025714285714285,HOLD
0.15828314,0.17259401,0,0.275,HOLD
0.11790092,0.14028823,0,0.351,APPROVE
0.6410818,0.558833,0,0.23446666666666666,HOLD
0.5053433,0.45024216,0,0.2624,HOLD
0.17048521,0.18235566,0,0.1111,HOLD
0.06947063,0.101544,0,0.18365625,APPROVE
0.085087076,0.11403716,0,0.11858333333333333,APPROVE
0.42692223,0.3875053,0,0.16518351051036606,HOLD
0.22388121,0.22507246,0,0.09593333333333333,HOLD
0.21844544,0.22072384,0,0.1,HOLD
0.1297971,0.14980517,0,0.32966666666666666,APPROVE
0.13167033,0.15130375,0,0.28511494252873565,HOLD
0.7813635,0.6710583,1,0.21675,REJECT
0.061531175,0.09519244,0,0.11363636363636363,APPROVE
0.6610924,0.57484144,0,0.328,HOLD
0.232996,0.2323643,0,0.1816,HOLD
0.60012466,0.52606726,0,0.15267175572519084,HOLD
0.47925767,0.42937362,0,0.075,HOLD
0.14735015,0.16384761,0,0.24092,HOLD
0.073145166,0.104483634,0,0.07302857142857143,APPROVE
0.23560546,0.23445186,0,0.13691111111111112,HOLD
0.43472326,0.3937461,0,0.15172857142857143,HOLD
0.15402566,0.16918802,0,0.14620833333333333,HOLD
0.13876559,0.15697996,0,0.1156,HOLD
0.33525243,0.31416944,1,0.2926,HOLD
0.375019,0.3459827,0,0.06666666666666667,HOLD
0.76482123,0.6578245,1,0.1349,REJECT
0.29145563,0.279132,1,0.1322222222222222,HOLD
0.17408216,0.18523322,0,0.13333333333333333,HOLD
0.09969019,0.12571965,0,0.14926666666666666,APPROVE
0.16221763,0.1757416,0,0.1483103448275862,HOLD
0.14729232,0.16380134,0,0.26415,HOLD
0.18815812,0.196494,0,0.129475,HOLD
0.15540552,0.17029192,0,0.19426666666666667,HOLD
0.5521223,0.48766533,0,0.1294,HOLD
0.2503085,0.2462143,0,0.2252,HOLD
0.54101133,0.47877657,1,0.3183,HOLD
0.33627477,0.3149873,0,0.08571428571428572,HOLD
0.2934931,0.280762,0,0.20937142857142857,HOLD
0.42600763,0.3867736,0,0.19104,HOLD
0.7011082,0.6068541,0,0.3688,HOLD
0.44164544,0.39928386,0,0.20404,HOLD
0.3709488,0.34272653,0,0.04,HOLD
0.32162762,0.3032696,0,0.2456470588235294,HOLD
0.47702703,0.42758912,0,0.1306,HOLD
0.51496553,0.45793992,0,0.12463333333333333,HOLD
0.14907798,0.16522989,0,0.3086,HOLD
0.03443225,0.0735133,0,0.13572857142857142,APPROVE
0.35867563,0.332908,0,0.14202127659574468,HOLD
0.8875235,0.75598633,1,0.16146,REJECT
0.6516015,0.5672487,0,0.19988571428571428,HOLD
0.6231924,0.5445215,1,0.19636666666666666,HOLD
0.012437706,0.055917665,1,0.348125,APPROVE
0.7428205,0.6402239,0,0.1821,HOLD
0.70465386,0.6096906,0,0.2228,HOLD
0.12965013,0.1496876,0,0.23324,APPROVE
0.5104175,0.4543015,0,0.121775,HOLD
0.2055538,0.21041054,0,0.1346153846153846,HOLD
0.46925947,0.42137507,0,0.216,HOLD
0.27002352,0.26198632,0,0.27062857142857144,HOLD
0.31837034,0.30066377,0,0.14285714285714285,HOLD
0.061713737,0.095338486,0,0.30472,APPROVE
0.7358284,0.63463026,0,0.35,HOLD
0.35484734,0.32984537,0,0.19973333333333335,HOLD
0.61841303,0.540698,0,0.2038,HOLD
0.4060575,0.3708135,0,0.08622857142857143,HOLD
0.12765579,0.14809212,0,0.09622,APPROVE
0.56109643,0.49484465,0,0.204475,HOLD
0.17069939,0.182527,0,0.2368,HOLD
0.4702913,0.42220053,0,0.1286,HOLD
0.6198106,0.541816,1,0.29347517730496453,HOLD
0.4247221,0.38574517,0,0.148,HOLD
0.53192294,0.47150585,0,0.19018,HOLD
0.21963571,0.22167607,0,0.13503333333333334,HOLD
0.5921856,0.519716,0,0.24,HOLD
0.057938267,0.09231811,0,0.27448333333333336,APPROVE
0.2091656,0.21329997,0,0.2125,HOLD
0.038504947,0.07677146,1,0.2932941176470588,APPROVE
0.18791516,0.19629963,0,0.1378148148148148,HOLD
0.8578935,0.73228234,1,0.19484,REJECT
0.18838058,0.19667196,0,0.04,HOLD
0.124689974,0.14571947,0,0.08333333333333333,APPROVE
0.78215533,0.6716918,1,0.15096,REJECT
0.7641826,0.65731364,1,0.22613333333333333,REJECT
0.17659378,0.18724252,0,0.0805,HOLD
0.10673471,0.13135526,0,0.15834285714285715,APPROVE
0.3610243,0.33478692,0,0.1896,HOLD
0.2602688,0.25418255,0,0.3918,HOLD
0.7547373,0.6497574,0,0.41391666666666665,REJECT
0.6108537,0.5346505,1,0.3357222222222222,HOLD
0.25861397,0.25285867,0,0.17786666666666667,HOLD
0.16844262,0.1807216,0,0.1809148936170213,HOLD
0.37140778,0.34309372,0,0.1503,HOLD
0.29727355,0.28378633,0,0.15,HOLD
0.16473562,0.17775598,0,0.1077,HOLD
0.7322913,0.63180053,0,0.119,HOLD
0.5769051,0.5074916,0,0.127975,HOLD
0.4064015,0.37108868,0,0.19306666666666666,HOLD
0.18520427,0.19413091,0,0.08070588235294118,HOLD
0.26968837,0.26171818,0,0.12853333333333333,HOLD
0.3294445,0.3095231,0,0.2271255060728745,HOLD
0.27562726,0.2664693,0,0.15,HOLD
0.61264753,0.53608555,1,0.21861111111111112,HOLD
0.5112797,0.45499125,0,0.21813333333333335,HOLD
0.60714287,0.53168184,0,0.073608,HOLD
0.78669477,0.67532337,0,0.22373333333333334,REJECT
0.34658256,0.32323354,0,0.11461176470588236,HOLD
0.37143952,0.3431191,1,0.44685,REJECT
0.1986448,0.20488334,0,0.10507407407407407,HOLD
0.4084712,0.37274444,0,0.1522,HOLD
0.3357278,0.31454974,0,0.23076923076923078,HOLD
0.17159446,0.18324305,0,0.18128,HOLD
0.38198772,0.35155767,0,0.05058,HOLD
0.6149469,0.53792506,0,0.11855263157894737,HOLD
0.6814495,0.5911271,0,0.1123,HOLD
0.2603087,0.25421447,0,0.18558461538461538,HOLD
0.18332219,0.19262524,0,0.3155294117647059,HOLD
0.17800039,0.1883678,0,0.18381666666666666,HOLD
0.39775905,0.36417472,0,0.51,REJECT
0.35199195,0.32756105,0,0.1631,HOLD
0.6038817,0.52907294,0,0.22703333333333334,HOLD
0.052136257,0.0876765,0,0.13060526315789472,APPROVE
0.14306574,0.16042009,0,0.13306666666666667,HOLD
0.6855871,0.59443724,0,0.1496,HOLD
0.20875698,0.21297307,0,0.20931818181818182,HOLD
0.4072819,0.37179303,0,0.21253333333333332,HOLD
0.099284604,0.12539518,0,0.218,APPROVE
0.36774185,0.34016097,0,0.17265,HOLD
0.24127981,0.23899134,0,0.17747619047619048,HOLD
0.09276727,0.120181315,0,0.0774,APPROVE
0.23298691,0.23235703,0,0.14122222222222222,HOLD
0.10798216,0.13235322,0,0.212,APPROVE
0.4275094,0.387975,0,0.1044,HOLD
0.31966433,0.30169895,0,0.16164285714285714,HOLD
0.4833636,0.43265837,0,0.14285714285714285,HOLD
0.12899859,0.14916638,0,0.22862962962962963,APPROVE
0.35730493,0.33181143,1,0.1,HOLD
0.16064756,0.17448553,0,0.26161290322580644,HOLD
0.36242095,0.33590424,0,0.15402857142857143,HOLD
0.069561325,0.10161656,0,0.06546774193548387,APPROVE
0.17099506,0.18276353,0,0.11607272727272727,HOLD
0.46109107,0.41484034,0,0.16910714285714284,HOLD
0.3801917,0.35012087,0,0.1575,HOLD
0.5880933,0.5164422,0,0.3472,HOLD
0.43321452,0.3925391,0,0.15521428571428572,HOLD
0.3939781,0.36114997,0,0.10946666666666667,HOLD
0.08403582,0.11319616,0,0.13335,APPROVE
0.31777766,0.3001896,0,0.08571428571428572,HOLD
0.6848344,0.59383506,0,0.15892592592592591,HOLD
0.36272785,0.33614978,0,0.1,HOLD
0.070838526,0.10263833,0,0.3280416666666667,APPROVE
0.20387895,0.20907065,0,0.1,HOLD
0.19137023,0.19906367,0,0.074125,HOLD
0.6964436,0.6031224,0,0.1736,HOLD
0.35076827,0.3265821,1,0.2988235294117647,HOLD
0.112690784,0.13612013,0,0.15,APPROVE
0.44054955,0.39840713,0,0.06666666666666667,HOLD
0.6062551,0.53097165,0,0.20188,HOLD
0.5327545,0.47217107,0,0.1602,HOLD
0.040471546,0.07834474,0,0.03815626291856139,APPROVE
0.37249696,0.34396505,0,0.28935714285714287,HOLD
0.16134238,0.17504139,0,0.1687142857142857,HOLD
0.16985661,0.18185277,0,0.14266666666666666,HOLD
0.38626513,0.3549796,0,0.09847777777777778,HOLD
0.6135239,0.5367867,0,0.2101851851851852,HOLD
0.22811237,0.22845739,0,0.16136,HOLD
0.18826598,0.19658028,0,0.1431,HOLD
0.44830054,0.40460792,0,0.23046666666666665,HOLD
0.026246222,0.06696448,0,0.0375,APPROVE
0.78389025,0.6730797,0,0.1137,REJECT
0.7095598,0.6136154,0,0.10043076923076923,HOLD
0.7451275,0.6420695,0,0.15,HOLD
0.58854043,0.51679987,0,0.09816,HOLD
0.35169044,0.32731986,0,0.10944,HOLD
0.38942108,0.35750437,1,0.5333858267716536,REJECT
0.16860743,0.18085344,0,0.15788888888888888,HOLD
0.31442493,0.29750744,0,0.12785,HOLD
0.12809265,0.14844161,0,0.3891428571428571,APPROVE
0.1913978,0.19908573,0,0.2004375,HOLD
0.13783634,0.15623656,0,0.227125,HOLD
0.41753882,0.37999856,0,0.15311111111111111,HOLD
0.34983715,0.32583722,0,0.12310810810810811,HOLD
0.72228104,0.62379235,0,0.06965714285714286,HOLD
0.1722349,0.18375541,0,0.14127272727272727,HOLD
0.25313392,0.24847463,0,0.4100666666666667,REJECT
0.52486074,0.46585608,0,0.12325714285714286,HOLD
0.060845964,0.09464427,0,0.06737777777777777,APPROVE
0.37862372,0.34886646,0,0.13525,HOLD
0.43173343,0.39135423,1,0.15614285714285714,HOLD
0.38287434,0.35226697,0,0.15493333333333334,HOLD
0.31807685,0.300429,0,0.11654,HOLD
0.15930879,0.17341453,0,0.35,HOLD
0.19117378,0.19890651,0,0.0625,HOLD
0.5067809,0.45139223,0,0.06666666666666667,HOLD
0.44664446,0.40328306,0,0.09296,HOLD
0.2717958,0.26340416,0,0.26034285714285715,HOLD
0.5102181,0.45414197,0,0.22405714285714284,HOLD
0.20118967,0.20691922,0,0.1353,HOLD
0.12417745,0.14530945,0,0.24086666666666667,APPROVE
0.47242948,0.4239111,1,0.16458333333333333,HOLD
0.13663526,0.1552757,0,0.16908571428571428,HOLD
0.056701433,0.09132864,0,0.13,APPROVE
0.5898167,0.5178209,1,0.1946,HOLD
0.039898727,0.077886485,0,0.0326,APPROVE
0.5629362,0.49631643,0,0.19037777777777778,HOLD
0.30561882,0.29046255,0,0.14117142857142856,HOLD
0.39982182,0.36582494,1,0.084675,HOLD
0.08585276,0.114649706,0,0.3,APPROVE
0.12111143,0.14285664,0,0.35978571428571426,APPROVE
0.7407926,0.6386016,0,0.17196531791907516,HOLD
0.22861543,0.22885984,0,0.30715789473684213,HOLD
0.16462545,0.17766786,0,0.06161702127659575,HOLD
0.25228405,0.24779473,0,0.2164,HOLD
0.09059329,0.11844214,0,0.12995555555555555,APPROVE
0.28761914,0.27606282,0,0.3824,HOLD
0.3638111,0.33701637,0,0.1702,HOLD
0.71666723,0.6193013,1,0.1954,HOLD
0.8157267,0.6985489,1,0.20006666666666667,REJECT
0.28407145,0.27322465,0,0.09356,HOLD
0.6425278,0.5599898,0,0.22693333333333332,HOLD
0.7108549,0.61465144,0,0.1067719298245614,HOLD
0.62969446,0.5497231,1,0.09996,HOLD
0.23722978,0.23575132,1,0.22956,HOLD
0.8779028,0.74828976,0,0.3053125,REJECT
0.07106331,0.102818154,0,0.0862,APPROVE
0.54004776,0.4780057,0,0.14308,HOLD
0.039221473,0.07734468,0,0.04253333333333333,APPROVE
0.26452285,0.2575858,0,0.13351428571428572,HOLD
0.7737145,0.6649391,0,0.1166,REJECT
0.2624589,0.25593463,0,0.1401,HOLD
0.07623782,0.106957756,0,0.06,APPROVE
0.03353545,0.07279586,0,0.1414315789473684,APPROVE
0.6896276,0.5976696,0,0.09844444444444445,HOLD
0.51834935,0.460647,1,0.20033333333333334,HOLD
0.15849368,0.17276244,1,0.24166666666666667,HOLD
0.40203542,0.36759582,1,0.14121875,HOLD
0.019522242,0.061585296,0,0.125,APPROVE
0.023841986,0.06504109,0,0.15,APPROVE
0.05168862,0.0873184,0,0.1662,APPROVE
0.27130824,0.2630141,0,0.2587,HOLD
0.17916946,0.18930306,0,0.044444444444444446,HOLD
0.4958343,0.44263494,0,0.2292,HOLD
0.1771303,0.18767174,0,0.172325,HOLD
0.3324989,0.31196663,0,0.09875555555555555,HOLD
0.36006424,0.3340189,0,0.14893333333333333,HOLD
0.5046828,0.4497137,0,0.15956666666666666,HOLD
0.3670648,0.33961934,0,0.224,HOLD
0.59362036,0.52086383,0,0.10411666666666666,HOLD
0.46753007,0.41999155,0,0.15094285714285716,HOLD
0.6618153,0.5754198,0,0.30736,HOLD
0.35922298,0.3333459,0,0.11406666666666666,HOLD
0.13868307,0.15691395,0,0.077175,HOLD
0.19623375,0.20295449,0,0.1437375,HOLD
0.36371133,0.33693656,0,0.2597714285714286,HOLD
0.40291375,0.3682985,0,0.08053321582020491,HOLD
0.38450304,0.35356992,0,0.2151142857142857,HOLD
0.7301658,0.63010013,0,0.19733333333333333,HOLD
0.79565275,0.68248975,1,0.148,REJECT
0.23504989,0.2340074,0,0.14545454545454545,HOLD
0.549255,0.4853715,0,0.35267857142857145,HOLD
0.37901127,0.34917653,0,0.13724,HOLD
0.037680253,0.076111704,0,0.10785,APPROVE
0.4582918,0.41260093,0,0.24016666666666667,HOLD
0.019577753,0.061629705,0,0.35586,APPROVE
0.11885077,0.1410481,0,0.13333333333333333,APPROVE
0.29906857,0.28522235,1,0.21995454545454546,HOLD
0.68219787,0.5917258,0,0.27228,HOLD
0.26936305,0.26145795,0,0.19076,HOLD
0.8842685,0.7533823,0,0.1216,REJECT
0.4042529,0.3693698,0,0.19126666666666667,HOLD
0.66950774,0.5815737,0,0.11557777777777778,HOLD
0.54249334,0.47996217,0,0.4635625,REJECT
0.61298203,0.5363532,0,0.08177142857142858,HOLD
0.6790996,0.5892472,0,0.25056,HOLD
0.24097385,0.23874657,0,0.18893333333333334,HOLD
0.44959724,0.40564528,0,0.22388,HOLD
0.23556213,0.2344172,0,0.11468,HOLD
0.37346452,0.3447391,0,0.13226,HOLD
0.69478595,0.60179627,0,0.13994736842105263,HOLD
0.35430104,0.32940832,0,0.21196875,HOLD
0.22305596,0.22441226,0,0.3474642857142857,HOLD
0.18829267,0.19660163,0,0.20583333333333334,HOLD
0.3051597,0.29009524,0,0.10240963855421686,HOLD
0.8177076,0.7001336,1,0.20175,REJECT
0.45911276,0.41325772,0,0.09,HOLD
0.45417967,0.40931123,0,0.19562222222222223,HOLD
0.7130709,0.61642426,0,0.20333333333333334,HOLD
0.1396516,0.15768877,0,0.12741666666666668,HOLD
0.7048357,0.6098361,0,0.1812,HOLD
0.052180827,0.08771216,0,0.14583333333333334,APPROVE
0.6773237,0.5878265,0,0.27804,HOLD
0.7212508,0.62296814,1,0.1387142857142857,HOLD
0.33139983,0.31108737,0,0.12051111111111111,HOLD
0.2455225,0.24238549,0,0.3892,HOLD
0.49032548,0.4382279,0,0.31076,HOLD
0.16299827,0.1763661,0,0.04364,HOLD
0.1190642,0.14121886,0,0.11886666666666666,APPROVE
0.06461538,0.097659804,0,0.22234782608695652,APPROVE
0.052649625,0.0880872,0,0.08511538461538462,APPROVE
0.23269747,0.23212548,0,0.26397777777777776,HOLD
0.22181958,0.22342315,0,0.18497142857142856,HOLD
0.4624028,0.41588974,0,0.13333333333333333,HOLD
0.36523983,0.33815935,0,0.15736666666666665,HOLD
0.07863177,0.10887293,0,0.0751,APPROVE
0.25251088,0.2479762,1,0.15341176470588236,HOLD
0.21101004,0.21477552,0,0.0977,HOLD
0.7028106,0.608216,1,0.14032,HOLD
0.22132824,0.22303009,0,0.12037037037037036,HOLD
0.55107284,0.48682576,1,0.24465,HOLD
0.69548917,0.6023589,1,0.24692,HOLD
0.51591396,0.45869866,0,0.15565384615384614,HOLD
0.5475541,0.48401076,0,0.12004464285714286,HOLD
0.5313412,0.47104046,0,0.13158,HOLD
0.13685901,0.15545471,0,0.1348888888888889,HOLD
0.21036574,0.21426009,0,0.23446666666666666,HOLD
0.72759765,0.6280457,0,0.18233333333333332,HOLD
0.034799226,0.07380688,0,0.13348,APPROVE
0.3481709,0.32450423,1,0.19784444444444443,HOLD
0.69025177,0.59816897,0,0.28748,HOLD
0.1620801,0.17563157,0,0.12188,HOLD
0.6941221,0.6012652,0,0.2135142857142857,HOLD
0.4787662,0.42898047,0,0.09788888888888889,HOLD
0.21576025,0.21857569,0,0.06549090909090909,HOLD
0.20856011,0.21281558,0,0.16666666666666666,HOLD
0.5993678,0.5254618,0,0.3213,HOLD
0.32872406,0.30894673,0,0.13895172413793103,HOLD
0.8354196,0.7143032,1,0.1954,REJECT
0.13220182,0.15172896,0,0.075,HOLD
0.12921931,0.14934294,1,0.13035714285714287,APPROVE
0.74561626,0.6424605,0,0.23962162162162162,HOLD
0.8020997,0.6876473,0,0.09588888888888888,REJECT
0.14037569,0.15826805,0,0.1122,HOLD
0.24876451,0.2449791,0,0.3081,HOLD
0.2235069,0.224773,0,0.2692,HOLD
0.259655,0.2536915,0,0.25536,HOLD
0.49336174,0.4406569,1,0.17053333333333334,HOLD
0.45760888,0.4120546,0,0.2043,HOLD
0.5189691,0.46114278,0,0.19646666666666668,HOLD
0.77763164,0.6680728,0,0.15473333333333333,REJECT
0.43098298,0.39075387,0,0.112975,HOLD
0.25332606,0.24862833,0,0.097825,HOLD
0.14258663,0.1600368,0,0.15811111111111112,HOLD
0.048615776,0.08486012,0,0.1623030303030303,APPROVE
0.23141085,0.23109616,0,0.4056,REJECT
0.19990098,0.20588829,0,0.1016,HOLD
0.43117952,0.3909111,0,0.08783783783783784,HOLD
0.47376907,0.42498276,0,0.08325,HOLD
0.19229306,0.19980194,0,0.3226,HOLD
0.41122788,0.3749498,0,0.09257777777777777,HOLD
0.17922,0.1893435,0,0.08,HOLD
0.113769606,0.13698319,0,0.2689142857142857,APPROVE
0.06577762,0.0985896,0,0.09236,APPROVE
0.25017956,0.24611114,0,0.1766,HOLD
0.72762,0.62806356,1,0.2403,HOLD
0.46080527,0.4146117,0,0.14288,HOLD
0.533098,0.47244588,0,0.19024444444444444,HOLD
0.293378,0.2806699,0,0.178,HOLD
0.17907895,0.18923065,0,0.38293333333333335,HOLD
0.53666216,0.4752972,0,0.126875,HOLD
0.6269116,0.5474968,0,0.23208,HOLD
0.2254618,0.22633693,0,0.14423076923076922,HOLD
0.25181583,0.24742015,0,0.2759666666666667,HOLD
0.66597915,0.57875085,1,0.11273333333333334,HOLD
0.59862405,0.52486676,0,0.18651428571428572,HOLD
0.27844045,0.26871985,0,0.18572,HOLD
0.17269772,0.18412568,0,0.14,HOLD
0.26839674,0.26068488,0,0.3382222222222222,HOLD
0.6497791,0.5657908,0,0.20748,HOLD
0.33319736,0.3125254,0,0.24604,HOLD
0.36727452,0.33978713,0,0.29415,HOLD
0.5560426,0.49080157,0,0.053366666666666666,HOLD
0.5353615,0.47425672,0,0.12081632653061225,HOLD
0.6307371,0.55055726,0,0.18618518518518518,HOLD
0.70901674,0.61318094,0,0.1318153846153846,HOLD
0.17245731,0.18393333,0,0.17765,HOLD
0.20811574,0.21246009,0,0.16924,HOLD
0.16467735,0.17770937,0,0.46080952380952384,REJECT
0.16057914,0.1744308,0,0.6776470588235294,REJECT
0.34011954,0.31806314,0,0.18296,HOLD
0.6507212,0.5665445,0,0.08417142857142858,HOLD
0.2852599,0.27417544,0,0.1593,HOLD
0.6352752,0.55418766,0,0.15502666666666667,HOLD
0.36659452,0.3392431,0,0.103,HOLD
0.11534769,0.13824564,0,0.041675,APPROVE
0.5114843,0.45515496,0,0.24573333333333333,HOLD
0.43271047,0.39213586,0,0.14508,HOLD
0.70239943,0.6078871,0,0.14335,HOLD
0.5101129,0.4540578,0,0.19056666666666666,HOLD
0.10594022,0.13071968,0,0.17543333333333333,APPROVE
0.26769784,0.2601258,0,0.05714285714285714,HOLD
0.2971947,0.28372326,0,0.06192857142857143,HOLD
0.18204962,0.19160719,0,0.08066,HOLD
0.20094827,0.2067261,0,0.15955714285714287,HOLD
0.6392504,0.55736786,0,0.1562,HOLD
0.39534676,0.3622449,0,0.05697777777777778,HOLD
0.112506054,0.13597234,0,0.2472888888888889,APPROVE
0.4304699,0.39034343,0,0.3021,HOLD
0.73723376,0.6357545,0,0.31944,HOLD
0.51846135,0.46073657,0,0.05,HOLD
0.29396057,0.28113595,0,0.14008333333333334,HOLD
0.6463789,0.56307065,0,0.17116666666666666,HOLD
0.08333113,0.1126324,0,0.048527272727272724,APPROVE
0.273904,0.2650907,0,0.14253333333333335,HOLD
0.80203176,0.6875929,0,0.2916875,REJECT
0.10685381,0.13145055,0,0.12857142857142856,APPROVE
0.059075624,0.093228005,0,0.2,APPROVE
0.28710684,0.27565297,0,0.14286486486486485,HOLD
0.47173858,0.42335835,0,0.3657,HOLD
0.8034532,0.6887301,1,0.17874,REJECT
0.30732504,0.29182753,0,0.09525,HOLD
0.30579588,0.2906042,0,0.52625,REJECT
0.15986732,0.17386134,0,0.07073333333333333,HOLD
0.58391976,0.51310337,0,0.158225,HOLD
0.32973891,0.30975863,0,0.1,HOLD
0.2230064,0.22437261,0,0.17273333333333332,HOLD
0.6509974,0.5667654,0,0.037446153846153844,HOLD
0.25203648,0.24759668,0,0.19795652173913045,HOLD
0.36824918,0.34056684,0,0.3001,HOLD
0.10827359,0.13258636,0,0.26812,APPROVE
0.4122889,0.3757986,0,0.26882222222222224,HOLD
0.37760356,0.34805036,0,0.18335135135135136,HOLD
0.5050974,0.4500454,0,0.2866,HOLD
0.24785943,0.24425504,0,0.20884,HOLD
0.023518754,0.06478251,0,0.1,APPROVE
0.29757252,0.28402552,0,0.10084,HOLD
0.31398433,0.29715496,0,0.14444444444444443,HOLD
0.48884884,0.43704656,0,0.1131,HOLD
0.38570547,0.35453188,0,0.07282,HOLD
0.69853055,0.604792,1,0.20483333333333334,HOLD
0.26808935,0.26043898,0,0.11414285714285714,HOLD
0.63863885,0.5568786,0,0.19013333333333332,HOLD
0.25733837,0.2518382,0,0.19496,HOLD
0.4289093,0.38909495,0,0.07885454545454545,HOLD
0.36163625,0.33527648,0,0.3410666666666667,HOLD
0.60920286,0.53332984,0,0.08333333333333333,HOLD
0.4296954,0.3897238,0,0.1802,HOLD
0.3674626,0.33993757,0,0.07736363636363637,HOLD
0.22942303,0.22950591,0,0.19413333333333332,HOLD
0.5912295,0.5189511,0,0.14664,HOLD
0.3558475,0.3306455,0,0.148725,HOLD
0.65070957,0.5665352,0,0.18446666666666667,HOLD
0.27629337,0.2670022,0,0.275,HOLD
0.73163915,0.6312789,0,0.1340888888888889,HOLD
0.38050982,0.35037535,0,0.2656,HOLD
0.46612513,0.4188676,0,0.16192,HOLD
0.25429076,0.2494001,0,0.0728,HOLD
0.2227129,0.22413781,0,0.211,HOLD
0.5026773,0.44810936,0,0.16676666666666667,HOLD
0.12082401,0.1426267,0,0.1626,APPROVE
0.26570517,0.25853163,0,0.05722352941176471,HOLD
0.50863826,0.45287812,0,0.1867,HOLD
0.23104873,0.23080648,0,0.29119047619047617,HOLD
0.40607673,0.37082887,0,0.13412322274881516,HOLD
0.40197423,0.3675469,0,0.298225,HOLD
0.36640108,0.33908835,0,0.2659,HOLD
0.36644042,0.33911982,0,0.15592,HOLD
0.6329129,0.55229783,0,0.1723,HOLD
0.33577234,0.31458536,0,0.2534,HOLD
0.14183606,0.15943635,0,0.07091764705882353,HOLD
0.2548515,0.24984868,0,0.05584444444444445,HOLD
0.37732843,0.34783024,0,0.17303333333333334,HOLD
0.12944455,0.14952314,0,0.120825,APPROVE
0.42867416,0.38890684,0,0.1116,HOLD
0.25195032,0.24752775,0,0.12628,HOLD
0.28620467,0.27493122,0,0.19308571428571428,HOLD
0.13610019,0.15484765,0,0.1752972972972973,HOLD
0.06225684,0.095772974,0,0.1709,APPROVE
0.074521914,0.10558503,0,0.07706666666666667,APPROVE
0.28334787,0.2726458,0,0.28194285714285716,HOLD
0.14912425,0.1652669,0,0.125,HOLD
0.67719597,0.5877243,0,0.08525,HOLD
0.39105177,0.3588089,0,0.09743283582089553,HOLD
0.18852217,0.19678523,0,0.073,HOLD
0.4272938,0.38780254,0,0.18285,HOLD
0.6636687,0.5769025,0,0.163475,HOLD
0.7807652,0.6705797,0,0.2952,REJECT
0.25286055,0.24825592,0,0.25868,HOLD
0.52848095,0.46875226,0,0.09953488372093024,HOLD
0.18071394,0.19053864,0,0.2694,HOLD
0.5023868,0.44787693,0,0.11764705882352941,HOLD
0.32409787,0.3052458,0,0.10816666666666666,HOLD
0.64481556,0.56182,0,0.1170232558139535,HOLD
0.21143176,0.2151129,0,0.2657272727272727,HOLD
0.6456159,0.56246024,0,0.3524,HOLD
0.20339537,0.20868379,1,0.19094285714285714,HOLD
0.07857743,0.108829446,0,0.263775,APPROVE
0.05845214,0.09272922,0,0.266475,APPROVE
0.3707952,0.34260365,0,0.3078,HOLD
0.10973666,0.13375682,0,0.4565714285714286,REJECT
0.279361,0.2694563,0,0.14278846153846153,HOLD
0.6655566,0.57841283,0,0.20565,HOLD
0.44887364,0.4050664,0,0.101275,HOLD
0.032905437,0.07229185,0,0.0878,APPROVE
0.31078684,0.29459697,0,0.19786516853932584,HOLD
0.21705666,0.21961282,0,0.11666666666666667,HOLD
0.79367566,0.6809081,1,0.2368,REJECT
0.21671765,0.2193416,0,0.1314,HOLD
0.44447765,0.4015496,0,0.12252,HOLD
0.3485594,0.32481503,0,0.09375,HOLD
0.37545663,0.3463328,0,0.26071428571428573,HOLD
0.36330613,0.3366124,0,0.21428571428571427,HOLD
0.38981295,0.35781786,0,0.17715384615384616,HOLD
0.63313884,0.5524786,0,0.1472,HOLD
0.1863112,0.19501646,0,0.3297,HOLD
0.57635474,0.50705135,0,0.22843478260869565,HOLD
0.11258549,0.13603589,0,0.15903333333333333,APPROVE
0.32197964,0.3035512,0,0.21968888888888888,HOLD
0.1341967,0.15332486,0,0.110125,HOLD
0.0673525,0.0998495,0,0.1,APPROVE
0.675216,0.58614033,0,0.0972,HOLD
0.57747203,0.5079452,0,0.2328,HOLD
0.080531254,0.1103925,0,0.1147,APPROVE
0.1999834,0.20595421,0,0.09055384615384615,HOLD
0.27334148,0.2646407,0,0.09302,HOLD
0.13135357,0.15105036,0,0.14,HOLD
0.6936084,0.6008543,1,0.19164864864864864,HOLD
0.6916984,0.59932625,0,0.185275,HOLD
0.6915785,0.59923035,0,0.5311111111111111,REJECT
0.38646403,0.35513872,0,0.1963302752293578,HOLD
0.08945323,0.117530085,0,0.1,APPROVE
0.15562263,0.1704656,0,0.22934375,HOLD
0.33262965,0.3120712,0,0.20736666666666667,HOLD
0.19042425,0.19830689,0,0.16856,HOLD
0.04318501,0.08051551,0,0.3734222222222222,APPROVE
0.4607743,0.41458693,1,0.0994,HOLD
0.5600535,0.49401033,0,0.2711454545454545,HOLD
0.1769315,0.1875127,0,0.3045428571428571,HOLD
0.120449804,0.14232734,0,0.10392857142857143,APPROVE
0.038914274,0.07709892,0,0.1685,APPROVE
0.114417955,0.13750187,0,0.11941538461538462,APPROVE
0.26005843,0.25401425,1,0.0848,HOLD
0.26414654,0.25728473,0,0.4284,REJECT
0.08537387,0.1142666,0,0.164875,APPROVE
0.2340186,0.23318237,0,0.1971,HOLD
0.112745844,0.13616417,0,0.1346153846153846,APPROVE
0.817324,0.6998267,1,0.23702,REJECT
0.2722213,0.26374453,0,0.2587333333333333,HOLD
0.07072005,0.10254354,0,0.15075555555555556,APPROVE
0.4399299,0.39791143,1,0.30666666666666664,HOLD
0.7520852,0.6476357,0,0.3656315789473684,HOLD
0.1884919,0.19676101,0,0.2267,HOLD
0.048402827,0.08468976,0,0.07436666666666666,APPROVE
0.7395202,0.6375837,1,0.22657142857142856,HOLD
0.21484178,0.21784092,0,0.3594,HOLD
0.027053924,0.067610644,0,0.1821,APPROVE
0.16276768,0.17618163,0,0.112,HOLD
0.48356226,0.4328173,0,0.2051851851851852,HOLD
0.8033179,0.6886219,0,0.143,REJECT
0.69381773,0.6010217,0,0.18019648397104446,HOLD
0.23777948,0.23619108,0,0.32893877551020406,HOLD
0.1406944,0.15852301,0,0.1375,HOLD
0.42927137,0.3893846,0,0.2183,HOLD
0.3282723,0.30858535,0,0.22432,HOLD
0.527973,0.46834588,0,0.1993,HOLD
0.30942702,0.29350913,0,0.20848333333333333,HOLD
0.33369368,0.31292245,0,0.185975,HOLD
0.2811891,0.2709188,0,0.1896,HOLD
0.57891345,0.5090983,0,0.135825,HOLD
0.36011726,0.3340613,0,0.19467441860465115,HOLD
0.22761402,0.22805871,0,0.1,HOLD
0.29706904,0.28362274,0,0.16311764705882353,HOLD
0.18458173,0.19363287,0,0.25616666666666665,HOLD
0.17317268,0.18450564,0,0.1077,HOLD
0.6732314,0.58455265,0,0.11268,HOLD
0.45897013,0.4131436,0,0.21756,HOLD
0.39837334,0.36466616,0,0.2329375,HOLD
0.1669679,0.17954181,0,0.22757777777777777,HOLD
0.43587366,0.39466643,0,0.2986666666666667,HOLD
0.42600662,0.38677278,0,0.15926436781609196,HOLD
0.34367046,0.32090387,0,0.21035,HOLD
0.25361308,0.24885796,0,0.16097777777777778,HOLD
0.3305941,0.31044278,0,0.21681481481481482,HOLD
0.30658388,0.2912346,0,0.0542,HOLD
0.3953697,0.36226326,0,0.19244,HOLD
0.35497215,0.3299452,0,0.11197674418604651,HOLD
0.0772797,0.10779127,0,0.143175,APPROVE
0.23583183,0.23463295,0,0.15285714285714286,HOLD
0.34326693,0.32058105,0,0.2612,HOLD
0.68392587,0.59310824,1,0.1184,HOLD
0.2427259,0.2401482,0,0.24736666666666668,HOLD
0.8170713,0.6996246,0,0.1381,REJECT
0.30909193,0.29324105,0,0.07445333333333333,HOLD
0.3970039,0.3635706,0,0.22868,HOLD
0.060368475,0.09426228,0,0.13891803278688525,APPROVE
0.33355302,0.3128099,0,0.33616666666666667,HOLD
0.1624978,0.17596574,0,0.07463333333333333,HOLD
0.0936748,0.120907344,0,0.2938148148148148,APPROVE
0.26824698,0.26056507,0,0.17037142857142856,HOLD
0.05040769,0.08629365,0,0.1,APPROVE
0.30855298,0.29280987,0,0.13182857142857143,HOLD
0.09977406,0.12578675,0,0.13177777777777777,APPROVE
0.33335987,0.3126554,0,0.07573333333333333,HOLD
0.40221658,0.36774075,0,0.285625,HOLD
0.613659,0.53689474,1,0.09,HOLD
0.52255297,0.46400988,0,0.1604,HOLD
0.13526149,0.15417668,0,0.24814814814814815,HOLD
0.64928883,0.5653986,0,0.09728,HOLD
0.1335291,0.15279077,0,0.27636666666666665,HOLD
0.25398904,0.24915873,0,0.3248888888888889,HOLD
0.17013402,0.18207471,0,0.12213333333333333,HOLD
0.7446093,0.64165497,0,0.28388,HOLD
0.83377546,0.7129879,0,0.11327906976744186,REJECT
0.4204376,0.38231757,0,0.1351,HOLD
0.23907857,0.23723035,0,0.2124,HOLD
0.63522315,0.55414605,0,0.27576,HOLD
0.29941344,0.28549826,0,0.160525,HOLD
0.42738968,0.38787925,0,0.11019148936170213,HOLD
0.628037,0.5483971,1,0.08473333333333333,HOLD
0.34983096,0.32583225,0,0.146,HOLD
0.46251965,0.4159832,0,0.08705714285714286,HOLD
0.31888026,0.3010717,0,0.23917142857142856,HOLD
0.33502504,0.31398752,0,0.2967,HOLD
0.0630893,0.096438944,0,0.14933333333333335,APPROVE
0.2892247,0.27734727,1,0.26472,HOLD
0.107976355,0.13234858,0,0.16244444444444445,APPROVE
0.75538623,0.65027654,0,0.18873684210526315,REJECT
0.32661957,0.30726314,0,0.13897142857142858,HOLD
0.10992625,0.1339085,0,0.1731,APPROVE
0.47178856,0.42339835,0,0.28136,HOLD
0.29245818,0.27993405,0,0.24337142857142857,HOLD
0.16753313,0.179994,0,0.3838,HOLD
0.25970808,0.25373396,0,0.2503888888888889,HOLD
0.09193132,0.119512565,0,0.16322,APPROVE
0.29290897,0.2802947,1,0.15652380952380954,HOLD
0.1252226,0.14614557,0,0.091375,APPROVE
0.58085763,0.5106537,0,0.191475,HOLD
0.13043572,0.15031607,0,0.06,HOLD
0.11928758,0.14139757,0,0.3260597014925373,APPROVE
0.5477259,0.48414823,0,0.2126,HOLD
0.45586762,0.41066158,0,0.3196333333333333,HOLD
0.06658727,0.099237315,0,0.3521142857142857,APPROVE
0.07663146,0.10727266,0,0.10641428571428571,APPROVE
0.5326751,0.47210756,0,0.06666666666666667,HOLD
0.57083267,0.5026337,1,0.14028888888888888,HOLD
0.507705,0.45213148,0,0.1092,HOLD
0.06618354,0.09891433,0,0.12231666666666667,APPROVE
0.21364494,0.21688344,0,0.1894,HOLD
0.0248852,0.06587566,0,0.15,APPROVE
0.34241107,0.31989634,0,0.10403287952735679,HOLD
0.7252448,0.62616336,0,0.17470588235294118,HOLD
0.44989765,0.4058856,0,0.1099591836734694,HOLD
0.16288956,0.17627914,0,0.023916666666666666,HOLD
0.2715946,0.2632432,0,0.3264285714285714,HOLD
0.58116615,0.51090044,0,0.13677142857142857,HOLD
0.014794648,0.05780322,0,0.1296,APPROVE
0.3149353,0.29791573,0,0.28375,HOLD
0.40210044,0.36764786,0,0.06676,HOLD
0.31004384,0.29400256,0,0.21963333333333335,HOLD
0.39972812,0.36574998,0,0.1457872340425532,HOLD
0.17341644,0.18470064,0,0.12475714285714286,HOLD
0.50971925,0.4537429,0,0.401,REJECT
0.48899138,0.4371606,0,0.11842105263157894,HOLD
0.31771392,0.30013862,0,0.15,HOLD
0.5063354,0.4510358,0,0.17375,HOLD
0.16926174,0.18137689,0,0.20142857142857143,HOLD
0.67104805,0.582806,0,0.2590857142857143,HOLD
0.15350722,0.16877326,0,0.17654285714285714,HOLD
0.31998226,0.30195332,0,0.21,HOLD
0.2946588,0.28169456,0,0.42472,REJECT
0.26861155,0.26085675,0,0.07806,HOLD
0.4442626,0.40137756,0,0.18,HOLD
0.57138026,0.5030717,0,0.16985,HOLD
0.55656177,0.4912169,0,0.27867857142857144,HOLD
0.17568655,0.18651673,0,0.12283333333333334,HOLD
0.7421989,0.63972664,0,0.19697142857142858,HOLD
0.26990676,0.2618929,0,0.10685454545454545,HOLD
0.031431444,0.071112655,0,0.15,APPROVE
0.17434452,0.18544312,0,0.47919047619047617,REJECT
0.22482985,0.22583137,0,0.31665,HOLD
0.19761173,0.20405687,0,0.10284,HOLD
0.6590221,0.5731852,0,0.07347692307692308,HOLD
0.36820996,0.34053546,0,0.18852,HOLD
0.3664803,0.33915174,0,0.18723076923076923,HOLD
0.5025289,0.44799063,0,0.19766666666666666,HOLD
0.14275752,0.1601735,0,0.09955555555555555,HOLD
0.26013196,0.25407305,0,0.1090923076923077,HOLD
0.21802628,0.22038852,0,0.19295833333333334,HOLD
0.6566563,0.5712926,0,0.3884,HOLD
0.35032597,0.32622826,0,0.0828,HOLD
0.41524437,0.37816298,0,0.11559,HOLD
0.16968508,0.18171556,0,0.1015875,HOLD
0.6317491,0.5513668,0,0.3553,HOLD
0.4713191,0.42302278,0,0.16932,HOLD
0.6058435,0.53064233,0,0.1412153846153846,HOLD
0.73203623,0.6315965,0,0.22364,HOLD
0.47437203,0.4254651,0,0.06865714285714286,HOLD
0.13252927,0.15199092,1,0.06167368421052632,HOLD
0.724458,0.62553394,0,0.19075,HOLD
0.42950204,0.38956913,0,0.16483333333333333,HOLD
0.062285062,0.09579555,0,0.0625,APPROVE
0.06412128,0.09726453,0,0.08466666666666667,APPROVE
0.06135899,0.09505469,0,0.18756666666666666,APPROVE
0.2460176,0.24278158,0,0.12111627906976744,HOLD
0.1367229,0.15534583,0,0.277,HOLD
0.5256205,0.46646392,0,0.22693333333333332,HOLD
0.05110195,0.086849056,0,0.19142857142857142,APPROVE
0.31736788,0.2998618,0,0.09896666666666666,HOLD
0.2538069,0.249013,0,0.173475,HOLD
0.35488164,0.32987282,0,0.13371875,HOLD
0.0607399,0.09455942,0,0.28568,APPROVE
0.019874448,0.06186706,0,0.22117142857142857,APPROVE
0.0192925,0.0614015,0,0.0712,APPROVE
0.362216,0.3357403,0,0.16192,HOLD
0.26209453,0.25564313,0,0.11546,HOLD
0.124953985,0.14593068,0,0.0956,APPROVE
0.750623,0.6464659,0,0.16482857142857144,HOLD
0.2248323,0.22583333,0,0.2046,HOLD
0.27917114,0.26930442,0,0.24294285714285715,HOLD
0.21878228,0.22099331,0,0.2166,HOLD
0.18856573,0.19682008,0,0.2269,HOLD
0.5749414,0.50592065,0,0.287075,HOLD
0.36022434,0.33414698,0,0.1710625,HOLD
0.40230986,0.36781538,0,0.14368,HOLD
0.10146059,0.12713596,0,0.10306666666666667,APPROVE
0.8030362,0.6883965,0,0.23042857142857143,REJECT
0.06892995,0.101111464,0,0.1828857142857143,APPROVE
0.07345885,0.10473458,0,0.33413333333333334,APPROVE
0.07470314,0.10573002,0,0.2532,APPROVE
0.32083324,0.3026341,0,0.13165,HOLD
0.14003389,0.1579946,0,0.16153571428571428,HOLD
0.12811534,0.14845976,0,0.34354285714285715,APPROVE
0.49767807,0.44410995,0,0.17147222222222222,HOLD
0.30565825,0.2904941,0,0.1267,HOLD
0.62539226,0.54628134,0,0.18825714285714285,HOLD
0.25615168,0.25088885,0,0.10531428571428571,HOLD
0.2392326,0.23735358,0,0.31165,HOLD
0.62706363,0.54761845,0,0.18394285714285713,HOLD
0.48777726,0.4361893,0,0.31546153846153846,HOLD
0.1690369,0.181197,0,0.21066666666666667,HOLD
0.7323414,0.63184065,0,0.3219,HOLD
0.35527998,0.3301915,0,0.10343589743589744,HOLD
0.40942353,0.3735063,0,0.2,HOLD
0.47922733,0.42934936,0,0.14042857142857143,HOLD
0.044973373,0.0819462,0,0.06,APPROVE
0.35586062,0.330656,0,0.1338,HOLD
0.6133668,0.53666097,0,0.15085,HOLD
0.20732479,0.21182732,0,0.25536,HOLD
0.3864187,0.35510245,0,0.14368,HOLD
0.2254849,0.2263554,0,0.15672222222222223,HOLD
0.26651198,0.2591771,0,0.2024,HOLD
0.2676384,0.26007822,0,0.10943333333333333,HOLD
0.45537537,0.4102678,0,0.09358,HOLD
0.19940723,0.20549329,0,0.10708888888888889,HOLD
0.115399785,0.13828732,0,0.04196923076923077,APPROVE
0.18890318,0.19709004,0,0.29028571428571426,HOLD
0.14909402,0.1652427,0,0.29464285714285715,HOLD
0.22553815,0.226398,0,0.1,HOLD
0.2697326,0.2617536,0,0.11673333333333333,HOLD
0.18845119,0.19672844,0,0.12794285714285714,HOLD
0.411455,0.3751315,1,0.21184,HOLD
0.047001686,0.08356885,0,0.2797,APPROVE
0.33691677,0.31550092,0,0.16581538461538461,HOLD
0.48581508,0.43461955,1,0.17746666666666666,HOLD
0.18177359,0.19138636,0,0.12531111111111112,HOLD
0.6228739,0.54426664,0,0.38795,HOLD
0.4544962,0.40956447,0,0.144275,HOLD
0.70486474,0.60985935,0,0.3048666666666667,HOLD
0.38410592,0.35325223,0,0.20097142857142858,HOLD
0.46543172,0.41831288,0,0.05714285714285714,HOLD
0.2323767,0.23186885,0,0.1016,HOLD
0.69143784,0.5991178,0,0.138,HOLD
0.0972732,0.12378607,0,0.18942,APPROVE
0.25530747,0.25021347,0,0.22237777777777779,HOLD
0.24112129,0.23886453,0,0.05221428571428571,HOLD
0.3178167,0.30022085,0,0.1,HOLD
0.15799665,0.17236482,0,0.2175,HOLD
0.59505194,0.5220091,0,0.06666666666666667,HOLD
0.20249128,0.20796052,0,0.1755,HOLD
0.018860998,0.0610563,0,0.2695111111111111,APPROVE
0.56306016,0.49641562,0,0.244,HOLD
0.062186304,0.09571654,0,0.05334,APPROVE
0.23918653,0.23731671,0,0.10655555555555556,HOLD
0.7319285,0.6315104,0,0.12276,HOLD
0.7712041,0.66293085,0,0.25252,REJECT
0.6919946,0.59956324,0,0.21996515679442508,HOLD
0.23506454,0.23401912,0,0.18965454545454546,HOLD
0.5189627,0.46113765,0,0.2382,HOLD
0.10070782,0.12653375,0,0.0608,APPROVE
0.2824042,0.27189088,0,0.2031,HOLD
0.15305099,0.16840829,0,0.21132,HOLD
0.057660397,0.092095815,0,0.13622222222222222,APPROVE
0.443703,0.4009299,0,0.14041284403669724,HOLD
0.8598782,0.7338701,0,0.15546666666666667,REJECT
0.692602,0.60004914,0,0.10253333333333334,HOLD
0.15401228,0.16917732,0,0.07053333333333334,HOLD
0.15762152,0.1720647,0,0.10714285714285714,HOLD
0.13689199,0.15548109,0,0.15871428571428572,HOLD
0.10478459,0.12979516,0,0.0579,APPROVE
0.35750964,0.33197522,0,0.10545,HOLD
0.36364377,0.3368825,0,0.21545714285714285,HOLD
0.38738784,0.35587776,0,0.1962962962962963,HOLD
0.19076179,0.19857693,0,0.03888888888888889,HOLD
0.0863002,0.11500766,0,0.091,APPROVE
0.38635394,0.35505065,0,0.2017142857142857,HOLD
0.6263807,0.54707205,0,0.09877777777777778,HOLD
0.60548806,0.530358,0,0.19476,HOLD
0.50971365,0.45373842,0,0.11715,HOLD
0.73844975,0.63672733,0,0.07246428571428572,HOLD
0.40515664,0.3700928,0,0.06666666666666667,HOLD
0.31644517,0.29912364,0,0.2759,HOLD
0.46438974,0.41747928,0,0.23183720930232557,HOLD
0.577377,0.5078692,0,0.22162962962962962,HOLD
0.53275806,0.47217393,0,0.17213333333333333,HOLD
0.13848896,0.15675867,0,0.198,HOLD
0.3642036,0.33733037,0,0.23743333333333333,HOLD
0.17813915,0.18847881,0,0.189775,HOLD
0.10092221,0.12670526,0,0.524090909090909,REJECT
0.4163309,0.37903222,0,0.10211111111111111,HOLD
0.49203706,0.43959713,0,0.1468,HOLD
0.90439427,0.769483,1,0.11223333333333334,REJECT
0.20325956,0.20857514,0,0.058625,HOLD
0.027475664,0.067948036,0,0.1839,APPROVE
0.1875211,0.19598438,0,0.17715,HOLD
0.42179334,0.38340217,0,0.3731333333333333,HOLD
0.26336125,0.2566565,0,0.3314666666666667,HOLD
0.11783903,0.14023872,0,0.045,APPROVE
0.10530848,0.13021427,0,0.14404,APPROVE
0.38770396,0.35613066,0,0.2296,HOLD
0.32472,0.3057435,0,0.3342,HOLD
0.35856587,0.33282018,0,0.07692857142857143,HOLD
0.23538142,0.23427263,0,0.11341818181818182,HOLD
0.6081729,0.53250587,0,0.1546,HOLD
0.55158776,0.4872377,1,0.10723333333333333,HOLD
0.37085503,0.34265152,0,0.15782857142857143,HOLD
0.5292724,0.4693854,0,0.6104285714285714,REJECT
0.46321198,0.41653708,0,0.09018571428571429,HOLD
0.1331311,0.15247238,0,0.13695,HOLD
0.17474717,0.18576522,0,0.08994117647058823,HOLD
0.10356824,0.12882209,0,0.1267027027027027,APPROVE
0.17540422,0.18629088,0,0.057966666666666666,HOLD
0.27489942,0.26588705,0,0.12034,HOLD
0.7299994,0.6299671,0,0.12903571428571428,HOLD
0.43593004,0.39471152,0,0.1526,HOLD
0.13563722,0.15447727,0,0.12448,HOLD
0.4044538,0.36953056,0,0.15871428571428572,HOLD
0.19561137,0.2024566,0,0.1569,HOLD
0.20341985,0.20870337,0,0.13791304347826086,HOLD
0.33699527,0.3155637,0,0.2016,HOLD
0.03973989,0.07775941,0,0.14055,APPROVE
0.3509925,0.32676148,1,0.06666666666666667,HOLD
0.18928382,0.19739455,0,0.1411777777777778,HOLD
0.37605885,0.34681457,0,0.23283333333333334,HOLD
0.2973613,0.28385654,0,0.23346666666666666,HOLD
0.13228472,0.15179527,0,0.30007407407407405,HOLD
0.5531641,0.4884988,0,0.18490384615384614,HOLD
0.24358559,0.24083596,0,0.16581333333333334,HOLD
0.35762963,0.3320712,0,0.11454285714285714,HOLD
0.22409835,0.22524618,0,0.102925,HOLD
0.06009614,0.09404441,0,0.0735,APPROVE
0.41766742,0.38010144,0,0.213,HOLD
0.23375817,0.23297402,0,0.1559,HOLD
0.13451096,0.15357627,1,0.16857777777777777,HOLD
0.6922892,0.59979886,0,0.0778,HOLD
0.584839,0.5138387,0,0.2734,HOLD
0.4859762,0.43474844,1,0.11528125,HOLD
0.24659513,0.24324359,0,0.14746666666666666,HOLD
0.3306909,0.3105202,0,0.1218,HOLD
0.50945354,0.4535303,0,0.1498,HOLD
0.3688476,0.3410456,0,0.2839333333333333,HOLD
0.090511575,0.11837677,0,0.17173333333333332,APPROVE
0.67354345,0.58480227,0,0.1,HOLD
0.32656226,0.3072173,0,0.1396153846153846,HOLD
0.4639547,0.41713125,0,0.10848,HOLD
0.38760492,0.35605145,0,0.223425,HOLD
0.1182551,0.14057158,0,0.3612,APPROVE
0.46956533,0.42161977,0,0.1713,HOLD
0.13385206,0.15304914,0,0.11675,HOLD
0.2962479,0.2829658,0,0.16556291390728478,HOLD
0.24406114,0.2412164,0,0.14194285714285715,HOLD
0.0075038313,0.051970564,0,0.130525,APPROVE
0.21259156,0.21604075,0,0.11746153846153846,HOLD
0.55393016,0.48911163,0,0.05757142857142857,HOLD
0.16135551,0.1750519,0,0.15175555555555556,HOLD
0.33631736,0.3150214,0,0.2511,HOLD
0.36954486,0.3416034,0,0.2924,HOLD
0.2065375,0.2111975,0,0.16488,HOLD
0.4940139,0.44117862,1,0.14796666666666666,HOLD
0.6297333,0.5497542,1,0.3176111111111111,HOLD
0.34122553,0.3189479,0,0.10876,HOLD
0.5291164,0.4692606,1,0.1583,HOLD
0.21515082,0.21808815,0,0.13394444444444445,HOLD
0.10051984,0.12638336,0,0.13684615384615384,APPROVE
0.5578082,0.49221408,0,0.09375384615384616,HOLD
0.43687254,0.39546552,0,0.1838,HOLD
0.44502693,0.40198904,0,0.07985,HOLD
0.058101736,0.09244889,0,0.126825,APPROVE
0.05732222,0.09182528,0,0.08056,APPROVE
0.046593368,0.0832422,0,0.16483333333333333,APPROVE
0.2789231,0.26910597,0,0.23486666666666667,HOLD
0.78092134,0.6707046,0,0.168875,REJECT
0.25664797,0.25128588,0,0.20184444444444444,HOLD
0.33526555,0.31417993,0,0.20638333333333334,HOLD
0.2362994,0.235007,0,0.4136666666666667,REJECT
0.1274863,0.14795654,0,0.11328571428571428,APPROVE
0.16578385,0.17859457,0,0.265525,HOLD
0.3660822,0.33883324,0,0.17817142857142856,HOLD
0.09344215,0.12072123,0,0.15142857142857144,APPROVE
0.7371104,0.6356558,0,0.22713333333333333,HOLD
0.3257985,0.3066063,0,0.10156923076923077,HOLD
0.17968325,0.18971409,0,0.0783,HOLD
0.12999132,0.14996055,0,0.14128,APPROVE
0.57646555,0.50714,1,0.13756666666666667,HOLD
0.32112634,0.30286857,0,0.13295,HOLD
0.2927101,0.28013557,0,0.05991358024691358,HOLD
0.24110244,0.23884945,0,0.10714285714285714,HOLD
0.26586315,0.25865802,0,0.11944,HOLD
0.59143317,0.5191141,0,0.20052,HOLD
0.387245,0.3557635,0,0.13776666666666668,HOLD
0.6988436,0.6050424,1,0.13363333333333333,HOLD
0.55833805,0.49263793,0,0.11958571428571428,HOLD
0.09584348,0.122642286,0,0.19265,APPROVE
0.5489525,0.4851295,0,0.25489786867711894,HOLD
0.17060407,0.18245074,0,0.11579166666666667,HOLD
0.430271,0.39018428,0,0.375,HOLD
0.15638499,0.17107548,0,0.055,HOLD
0.49463966,0.44167924,0,0.158,HOLD
0.51707315,0.45962602,0,0.21183333333333335,HOLD
0.023713205,0.06493806,0,0.320425,APPROVE
0.67415553,0.585292,0,0.09152,HOLD
0.6535379,0.5687979,1,0.24344,HOLD
0.50452745,0.44958946,0,0.2716857142857143,HOLD
0.32277015,0.3041836,0,0.13723333333333335,HOLD
0.25338045,0.24867184,0,0.336,HOLD
0.9012683,0.7669822,0,0.242125,REJECT
0.029504862,0.06957139,0,0.09072,APPROVE
0.23018333,0.23011416,0,0.08013684210526316,HOLD
0.82559305,0.706442,0,0.0780483870967742,REJECT
0.3636637,0.33689845,0,0.4046818181818182,REJECT
0.19922742,0.20534943,0,0.07228571428571429,HOLD
0.60059595,0.5264443,0,0.2474,HOLD
0.4909706,0.43874398,0,0.18905263157894736,HOLD
0.2776216,0.26806477,0,0.06472727272727273,HOLD
0.3506322,0.32647324,0,0.08791666666666667,HOLD
0.67709094,0.5876403,0,0.07614285714285714,HOLD
0.3094291,0.2935108,0,0.15082857142857142,HOLD
0.0631338,0.096474536,1,0.14526,APPROVE
0.35580337,0.3306102,0,0.05714285714285714,HOLD
0.07645119,0.10712845,0,0.11707142857142858,APPROVE
0.38820994,0.35653543,0,0.08245,HOLD
0.76853573,0.6607961,0,0.1002,REJECT
0.2952305,0.2821519,0,0.1660232558139535,HOLD
0.12754332,0.14800215,0,0.18216666666666667,APPROVE
0.3782031,0.34852996,0,0.11022,HOLD
0.07576848,0.106582284,0,0.11278,APPROVE
0.16968656,0.18171674,0,0.137046511627907,HOLD
0.07068842,0.10251824,0,0.18516,APPROVE
0.30299735,0.2883654,0,0.168975,HOLD
0.46875736,0.4209734,0,0.1915111111111111,HOLD
0.49449033,0.44155976,0,0.175125,HOLD
0.5376682,0.47610208,0,0.12568,HOLD
0.6077581,0.53217405,0,0.125,HOLD
0.027839053,0.06823874,0,0.28733333333333333,APPROVE
0.6883461,0.5966444,0,0.15516,HOLD
0.2743345,0.2654351,0,0.3731111111111111,HOLD
0.3260652,0.30681968,0,0.15147727272727274,HOLD
0.7749012,0.6658885,0,0.19105,REJECT
0.38285208,0.35224915,0,0.06723384142738982,HOLD
0.09723069,0.12375205,0,0.3834444444444444,APPROVE
0.0897097,0.11773526,1,0.36695,APPROVE
0.3890213,0.35718453,0,0.2157,HOLD
0.8751428,0.74608177,1,0.1526,REJECT
0.18024941,0.19016702,0,0.09375,HOLD
0.3469156,0.32349998,0,0.12093939393939394,HOLD
0.046929065,0.08351075,0,0.12678,APPROVE
0.19431616,0.20142043,0,0.16444,HOLD
0.026421135,0.06710441,0,0.2232962962962963,APPROVE
0.40289092,0.36828023,0,0.25416,HOLD
0.25722855,0.25175035,0,0.2721,HOLD
0.1056039,0.13045062,0,0.21595,APPROVE
0.6060151,0.5307796,0,0.08,HOLD
0.03252658,0.07198876,0,0.23928888888888888,APPROVE
0.4750697,0.42602324,0,0.1341190476190476,HOLD
0.18535993,0.19425543,0,0.1417142857142857,HOLD
0.30210468,0.28765124,0,0.06,HOLD
0.07063772,0.10247768,0,0.231225,APPROVE
0.57267886,0.50411063,1,0.175725,HOLD
0.06161534,0.09525978,0,0.02448,APPROVE
0.34884322,0.32504207,0,0.24394285714285716,HOLD
0.13727246,0.15578547,0,0.11802777777777777,HOLD
0.0699493,0.101926945,0,0.08878,APPROVE
0.37218928,0.34371892,0,0.11723333333333333,HOLD
0.36476755,0.33778155,0,0.13090909090909092,HOLD
0.20059288,0.20644179,0,0.09677142857142858,HOLD
0.63360065,0.55284804,0,0.18325,HOLD
0.37040827,0.3422941,0,0.21043333333333333,HOLD
0.716401,0.6190883,1,0.28855,HOLD
0.21188289,0.2154738,0,0.18381666666666666,HOLD
0.3828869,0.352277,0,0.18308,HOLD
0.3788032,0.34901005,0,0.045,HOLD
0.5539176,0.48910156,0,0.20166666666666666,HOLD
0.42945307,0.38952994,1,0.11538,HOLD
0.808289,0.6925987,0,0.15437777777777778,REJECT
0.18318915,0.19251882,0,0.1282888888888889,HOLD
0.7432896,0.6405992,0,0.1803877551020408,HOLD
0.20173463,0.2073552,0,0.2561777777777778,HOLD
0.28545544,0.27433184,0,0.058333333333333334,HOLD
0.7994585,0.68553436,1,0.0608,REJECT
0.4214231,0.383106,0,0.28782857142857143,HOLD
0.43041533,0.39029977,0,0.15666666666666668,HOLD
0.37791717,0.34830123,0,0.12192592592592592,HOLD
0.15503082,0.16999215,0,0.23744,HOLD
0.25270012,0.2481276,0,0.14278333333333335,HOLD
0.25984195,0.25384107,0,0.107175,HOLD
0.21205236,0.21560939,0,0.05357142857142857,HOLD
0.5358367,0.47463685,0,0.28415384615384615,HOLD
0.76014423,0.6540829,0,0.2133,REJECT
0.46228293,0.41579384,0,0.12516666666666668,HOLD
0.24145949,0.23913509,0,0.107,HOLD
0.44639525,0.40308368,0,0.13333333333333333,HOLD
0.674496,0.5855643,0,0.21142857142857144,HOLD
0.35068464,0.3265152,0,0.245,HOLD
0.32526082,0.30617616,0,0.13594594594594595,HOLD
0.031892348,0.07148138,0,0.12531111111111112,APPROVE
0.104651585,0.12968877,0,0.16853333333333334,APPROVE
0.3034772,0.28874925,0,0.17426666666666665,HOLD
0.29025722,0.27817327,0,0.21603333333333333,HOLD
0.7205838,0.62243456,0,0.2408,HOLD
0.20459476,0.2096433,0,0.13106666666666666,HOLD
0.04159918,0.07924684,0,0.0966,APPROVE
0.2665144,0.25917903,0,0.1,HOLD
0.15173547,0.16735587,0,0.11212,HOLD
0.24801014,0.2443756,0,0.17176923076923076,HOLD
0.597668,0.5241019,0,0.2965,HOLD
0.13659042,0.15523984,0,0.2561777777777778,HOLD
0.6928047,0.60021126,0,0.05,HOLD
0.43992257,0.39790556,0,0.13043478260869565,HOLD
0.6758486,0.58664644,0,0.2941111111111111,HOLD
0.5928007,0.52020806,1,0.3752,HOLD
0.5860017,0.5147689,1,0.22103333333333333,HOLD
0.69340795,0.6006939,1,0.04081666666666667,HOLD
0.22762367,0.22806643,0,0.0686,HOLD
0.11755826,0.14001411,0,0.15973333333333334,APPROVE
0.214771,0.2177843,0,0.0614,HOLD
0.58039457,0.5102832,0,0.18834285714285715,HOLD
0.15422453,0.16934712,0,0.19225714285714285,HOLD
0.5981373,0.5244774,0,0.1,HOLD
0.067770645,0.100184016,0,0.038225,APPROVE
0.43010315,0.39005002,0,0.2134888888888889,HOLD
0.4373756,0.39586797,0,0.32366666666666666,HOLD
0.43248916,0.39195883,0,0.19058947368421053,HOLD
0.09960319,0.12565005,0,0.26496,APPROVE
0.16540849,0.17829429,0,0.23683333333333334,HOLD
0.12077141,0.14258462,0,0.09090909090909091,APPROVE
0.094525486,0.121587895,1,0.07908,APPROVE
0.4092956,0.37340397,0,0.07980821917808219,HOLD
0.56096834,0.49474216,0,0.2663333333333333,HOLD
0.47364056,0.42487994,0,0.219,HOLD
0.31426498,0.2973795,0,0.5571428571428572,REJECT
0.045268517,0.08218231,0,0.05798,APPROVE
0.30726647,0.29178068,0,0.23042857142857143,HOLD
0.06628079,0.09899213,0,0.2353,APPROVE
0.31637716,0.29906923,0,0.12914285714285714,HOLD
0.40756676,0.3720209,0,0.15394,HOLD
0.07918835,0.109318174,0,0.31463157894736843,APPROVE
0.32994527,0.3099237,0,0.08475,HOLD
0.22001657,0.22198075,0,0.09972,HOLD
0.06822405,0.10054674,0,0.0712,APPROVE
0.31973225,0.30175328,0,0.19942857142857143,HOLD
0.47426084,0.42537618,0,0.08352,HOLD
0.20614852,0.21088631,0,0.35915,HOLD
0.14886482,0.16505936,0,0.2568666666666667,HOLD
0.16780224,0.1802093,0,0.12923076923076923,HOLD
0.42557847,0.38643026,0,0.16785714285714284,HOLD
0.7029897,0.6083593,0,0.225,HOLD
0.35723034,0.33175176,0,0.14793333333333333,HOLD
0.20450403,0.20957072,0,0.13726666666666668,HOLD
0.4249555,0.38593188,0,0.3212,HOLD
0.47617018,0.42690364,0,0.19942857142857143,HOLD
0.14740682,0.16389295,0,0.1496222222222222,HOLD
0.33448958,0.31355917,0,0.10445,HOLD
0.4742901,0.42539957,0,0.3375,HOLD
0.53988934,0.47787896,1,0.16887878787878788,HOLD
0.2287974,0.22900541,0,0.07707692307692307,HOLD
0.20881513,0.2130196,0,0.10476666666666666,HOLD
0.29073477,0.2785553,0,0.07797142857142857,HOLD
0.8052697,0.6901833,0,0.08333333333333333,REJECT
0.27059534,0.26244378,0,0.3029411764705882,HOLD
0.12408321,0.14523406,0,0.14285714285714285,APPROVE
0.3516708,0.32730412,0,0.1462,HOLD
0.727237,0.62775713,0,0.10442857142857143,HOLD
0.09561635,0.12246058,0,0.2635454545454545,APPROVE
0.2841028,0.27324975,0,0.196,HOLD
0.34281683,0.32022095,0,0.12134,HOLD
0.28169328,0.27132213,0,0.22052,HOLD
0.32565957,0.30649516,0,0.19493333333333332,HOLD
0.15033579,0.16623613,0,0.429625,REJECT
0.33471522,0.31373966,0,0.117275,HOLD
0.31683758,0.29943755,1,0.18828,HOLD
0.15440622,0.16949247,0,0.23676190476190476,HOLD
0.22303446,0.22439505,0,0.10397590361445783,HOLD
0.3572384,0.33175823,0,0.1238,HOLD
0.7341459,0.6332842,0,0.213,HOLD
0.19049223,0.19836128,0,0.157075,HOLD
0.5928078,0.5202138,0,0.08928333333333334,HOLD
0.17275691,0.18417302,0,0.4340588235294118,REJECT
0.32464877,0.3056865,0,0.1442,HOLD
0.13612118,0.15486445,1,0.2726,HOLD
0.052838035,0.088237934,0,0.0417,APPROVE
0.113244094,0.13656276,0,0.28075,APPROVE
0.39930755,0.36541355,0,0.3084857142857143,HOLD
0.38438052,0.3534719,0,0.1518,HOLD
0.26089743,0.25468543,0,0.15006666666666665,HOLD
0.52970845,0.46973425,0,0.21344444444444444,HOLD
0.3176595,0.30009508,0,0.44722727272727275,REJECT
0.038041618,0.076400794,0,0.18333333333333332,APPROVE
0.053496934,0.08876505,0,0.15,APPROVE
0.17589338,0.1866822,0,0.05857142857142857,HOLD
0.14594495,0.16272345,0,0.14475,HOLD
0.14489403,0.16188273,0,0.1686,HOLD
0.19619617,0.20292443,0,0.17773584905660378,HOLD
0.46179846,0.41540626,0,0.016666666666666666,HOLD
0.093809076,0.12101477,0,0.1746578947368421,APPROVE
0.3549273,0.32990932,0,0.2192,HOLD
0.06664088,0.09928021,0,0.1,APPROVE
0.5147222,0.45774528,0,0.3171333333333333,HOLD
0.4293318,0.38943294,0,0.209,HOLD
0.26107886,0.2548306,0,0.28156,HOLD
0.44358733,0.40083736,0,0.13974545454545453,HOLD
0.29039145,0.27828065,0,0.075,HOLD
0.5415743,0.47922695,0,0.2274,HOLD
0.5589889,0.49315864,0,0.23988,HOLD
0.15001994,0.16598345,0,0.0984,HOLD
0.6253848,0.5462754,1,0.25508888888888887,HOLD
0.5659879,0.4987578,0,0.2719,HOLD
0.72970694,0.6297331,0,0.22523333333333334,HOLD
0.77342725,0.6647093,0,0.596,REJECT
0.6413276,0.55902964,0,0.10827272727272727,HOLD
0.23607744,0.23482944,0,0.1904,HOLD
0.48537967,0.43427122,0,0.07692307692307693,HOLD
0.6828133,0.59221816,1,0.2292,HOLD
0.31983313,0.301834,0,0.16561428571428571,HOLD
0.7662739,0.6589867,0,0.15833333333333333,REJECT
0.32967958,0.30971116,0,0.4299,REJECT
0.28328833,0.27259818,0,0.1984,HOLD
0.4536582,0.40889406,0,0.15988,HOLD
0.324228,0.3053499,0,0.11576666666666667,HOLD
0.6569119,0.5714971,0,0.21035,HOLD
0.47878367,0.42899442,0,0.53375,REJECT
0.15396135,0.16913657,0,0.2352750704270958,HOLD
0.17564869,0.18648644,0,0.03410810810810811,HOLD
0.34126237,0.3189774,0,0.1234,HOLD
0.34288457,0.32027516,0,0.07195384615384616,HOLD
0.66389644,0.57708466,0,0.06206,HOLD
0.4491834,0.4053142,0,0.18748,HOLD
0.06460044,0.09764785,0,0.10665,APPROVE
0.21428627,0.21739651,0,0.14285714285714285,HOLD
0.2695952,0.26164368,0,0.1111111111111111,HOLD
0.022294432,0.06380305,0,0.11214285714285714,APPROVE
0.25773165,0.25215283,0,0.1603,HOLD
0.35486215,0.32985723,0,0.2595142857142857,HOLD
0.8030566,0.6884128,0,0.16415,REJECT
0.4751416,0.4260808,0,0.16458333333333333,HOLD
0.6604722,0.5743453,0,0.13333333333333333,HOLD
0.09929465,0.12540321,0,0.1,APPROVE
0.27055198,0.2624091,0,0.1475,HOLD
0.43611205,0.39485714,0,0.08268571428571428,HOLD
0.45227957,0.40779114,0,0.14316666666666666,HOLD
0.19771492,0.20413943,0,0.11475,HOLD
0.70811397,0.6124587,0,0.27888,HOLD
0.19220358,0.19973035,0,0.1108,HOLD
0.0834701,0.11274358,0,0.08736,APPROVE
0.041344754,0.07904331,0,0.26438,APPROVE
0.3078454,0.29224384,0,0.17662857142857144,HOLD
0.24566098,0.24249627,0,0.1125,HOLD
0.26379678,0.25700492,0,0.2790416666666667,HOLD
0.81963986,0.7016794,0,0.39965384615384614,REJECT
0.6599285,0.57391036,0,0.31975,HOLD
0.572952,0.50432914,0,0.08284615384615385,HOLD
0.37483326,0.3458341,1,0.11984,HOLD
0.103699,0.1289267,0,0.39997777777777777,APPROVE
0.14870566,0.16493203,0,0.056428571428571425,HOLD
0.14852208,0.16478516,0,0.05463333333333333,HOLD
0.22964786,0.22968578,0,0.1125,HOLD
0.11985142,0.14184862,0,0.11907,APPROVE
0.053963017,0.08913792,0,0.22097777777777777,APPROVE
0.50573975,0.4505593,0,0.2775384615384615,HOLD
0.3466364,0.32327664,0,0.12903333333333333,HOLD
0.5742659,0.5053803,0,0.1918857142857143,HOLD
0.7142999,0.61740744,1,0.3111904761904762,HOLD
0.4384589,0.3967346,1,0.08022222222222222,HOLD
0.26784247,0.26024148,0,0.042666666666666665,HOLD
0.051880166,0.087471634,0,0.019085714285714286,APPROVE
0.09830501,0.124611504,0,0.25185,APPROVE
0.20854475,0.21280329,0,0.2358,HOLD
0.09485509,0.12185157,0,0.1,APPROVE
0.5632928,0.49660173,0,0.1892888888888889,HOLD
0.10262689,0.12806901,0,0.22535,APPROVE
0.5158771,0.4586692,0,0.07286666666666666,HOLD
0.57463413,0.50567484,0,0.17143478260869566,HOLD
0.25381345,0.24901825,0,0.08571428571428572,HOLD
0.31851712,0.3007812,0,0.04,HOLD
0.71095645,0.6147327,0,0.26375,HOLD
0.5361244,0.47486702,0,0.29283333333333333,HOLD
0.2745127,0.26557767,0,0.12008,HOLD
0.33587343,0.31466624,0,0.19098684210526315,HOLD
0.13810287,0.1564498,0,0.25216666666666665,HOLD
0.49760765,0.44405362,0,0.2269,HOLD
0.24288741,0.24027742,0,0.15337777777777778,HOLD
0.5665255,0.49918792,0,0.1183,HOLD
0.30760607,0.29205236,0,0.23715384615384616,HOLD
0.3732044,0.34453103,0,0.04973333333333333,HOLD
0.44696325,0.4035381,0,0.21813333333333335,HOLD
0.018140677,0.060480043,0,0.22572,APPROVE
0.45528924,0.4101989,1,0.2511,HOLD
0.20894223,0.21312128,0,0.37105,HOLD
0.33363852,0.3128783,0,0.19264,HOLD
0.06418405,0.09731474,0,0.08464444444444444,APPROVE
0.22694296,0.22752185,0,0.21202857142857143,HOLD
0.38313562,0.352476,0,0.1502,HOLD
0.20466107,0.20969635,0,0.1359142857142857,HOLD
0.46453798,0.4175979,0,0.13796875,HOLD
0.2663095,0.2590151,0,0.2555217391304348,HOLD
0.63878053,0.55699193,0,0.14473684210526316,HOLD
0.2961202,0.28286365,0,0.08607692307692308,HOLD
0.17373714,0.1849572,0,0.2537333333333333,HOLD
0.26240963,0.2558952,0,0.13204,HOLD
0.27799857,0.26836637,0,0.3169666666666667,HOLD
0.14332488,0.1606274,0,0.320375,HOLD
0.053307056,0.088613145,1,0.3517,APPROVE
0.17206779,0.18362172,0,0.15422727272727274,HOLD
0.31988966,0.30187923,0,0.05434615384615385,HOLD
0.22861055,0.22885592,0,0.06935135135135136,HOLD
0.47819242,0.42852142,0,0.22008,HOLD
0.74524385,0.6421626,0,0.12058,HOLD
0.7863896,0.6750792,0,0.1428,REJECT
0.7373871,0.63587725,0,0.18185714285714286,HOLD
0.49763894,0.44407865,0,0.23206666666666667,HOLD
0.5766005,0.5072479,0,0.256,HOLD
0.4889128,0.43709773,0,0.19113333333333332,HOLD
0.40862036,0.37286377,0,0.11574285714285715,HOLD
0.14988835,0.16587818,0,0.11933333333333333,HOLD
0.39954603,0.3656043,0,0.5016666666666667,REJECT
0.23638703,0.23507711,0,0.3026285714285714,HOLD
0.23086703,0.23066111,0,0.17456410256410257,HOLD
0.28766042,0.27609584,0,0.06688461538461539,HOLD
0.19846584,0.20474017,0,0.20518333333333333,HOLD
0.44105962,0.39881518,0,0.330175,HOLD
0.63196385,0.5515386,1,0.15256666666666666,HOLD
0.051686432,0.08731665,0,0.19557777777777777,APPROVE
0.30234,0.2878395,0,0.28864,HOLD
0.4072357,0.37175608,0,0.08194,HOLD
0.16471848,0.17774227,0,0.11146,HOLD
0.57626426,0.5069789,0,0.268,HOLD
0.2886045,0.2768511,0,0.2627,HOLD
0.5297821,0.4697932,0,0.3519333333333333,HOLD
0.31305024,0.2964077,0,0.05,HOLD
0.2955338,0.28239456,0,0.10581052631578948,HOLD
0.17656693,0.18722104,1,0.19178571428571428,HOLD
0.7774619,0.66793704,0,0.3348,REJECT
0.2895787,0.27763048,0,0.11384444444444444,HOLD
0.1729294,0.18431102,0,0.15455,HOLD
0.16639848,0.17908628,0,0.15164444444444444,HOLD
0.38803992,0.35639942,0,0.1181,HOLD
0.39194274,0.3595217,0,0.19855555555555557,HOLD
0.5612043,0.49493095,0,0.125,HOLD
0.092673585,0.12010638,0,0.0625,APPROVE
0.38063687,0.35047698,0,0.1173,HOLD
0.163157,0.1764931,0,0.0856969696969697,HOLD
0.2501947,0.24612325,0,0.27525,HOLD
0.22139007,0.22307955,0,0.5826,REJECT
0.17489488,0.1858834,0,0.06666666666666667,HOLD
0.24769823,0.24412608,0,0.23224,HOLD
0.741173,0.63890594,0,0.21788,HOLD
0.10996912,0.13394278,0,0.19345,APPROVE
0.0438394,0.08103902,0,0.36451428571428574,APPROVE
0.6740119,0.58517706,1,0.3882,HOLD
0.20790002,0.2122875,0,0.4086,REJECT
0.42854697,0.38880506,0,0.12353333333333333,HOLD
0.38889548,0.3570839,0,0.16865,HOLD
0.6723437,0.58384246,0,0.26216666666666666,HOLD
0.6159482,0.5387261,0,0.117275,HOLD
0.8184135,0.7006983,1,0.1138,REJECT
0.27253416,0.26399484,0,0.07114,HOLD
0.30872023,0.2929437,0,0.08868,HOLD
0.68734324,0.5958421,0,0.33415,HOLD
0.4965725,0.4432255,0,0.32811111111111113,HOLD
0.41602924,0.3787909,0,0.15,HOLD
0.838951,0.71712834,1,0.2128095238095238,REJECT
0.2459536,0.24273038,0,0.22304,HOLD
0.35858,0.3328315,0,0.125,HOLD
0.2591957,0.25332406,0,0.09271666666666667,HOLD
0.23997782,0.23794974,0,0.1844,HOLD
0.38426057,0.35337594,0,0.075,HOLD
0.32049993,0.30236745,0,0.163,HOLD
0.14889888,0.1650866,0,0.10484615384615385,HOLD
0.4317593,0.39137495,0,0.17264285714285715,HOLD
0.15868555,0.17291594,0,0.09882857142857143,HOLD
0.5329941,0.47236276,0,0.1283,HOLD
0.16578792,0.17859782,0,0.19290625,HOLD
0.6888023,0.59700936,0,0.220125,HOLD
0.5834171,0.5127012,0,0.10854285714285715,HOLD
0.6492602,0.5653757,1,0.10271111111111111,HOLD
0.28880855,0.27701434,0,0.17528,HOLD
0.44598013,0.4027516,0,0.08,HOLD
0.46313897,0.41647866,0,0.18526666666666666,HOLD
0.8322577,0.7117737,1,0.16666666666666666,REJECT
0.46421915,0.4173428,0,0.25580486279415215,HOLD
0.69337076,0.60066414,1,0.16885,HOLD
0.2138316,0.21703278,0,0.19505,HOLD
0.22796355,0.22833833,0,0.16846666666666665,HOLD
0.47325522,0.42457166,0,0.15786486486486487,HOLD
0.3746817,0.34571287,1,0.12972,HOLD
0.19997734,0.20594937,0,0.12765,HOLD
0.74532956,0.64223117,1,0.14629629629629629,HOLD
0.103249945,0.12856746,0,0.058333333333333334,APPROVE
0.24914694,0.24528505,0,0.29641666666666666,HOLD
0.6587419,0.57296103,0,0.14797142857142856,HOLD
0.39449397,0.36156267,0,0.18580851063829787,HOLD
0.05639597,0.09108428,0,0.13855,APPROVE
0.1534188,0.16870253,0,0.11694285714285714,HOLD
0.5890028,0.5171698,0,0.12485,HOLD
0.038738973,0.07695868,0,0.13465789473684212,APPROVE
0.12182888,0.14343059,0,0.15,APPROVE
0.40951115,0.3735764,0,0.14245714285714287,HOLD
0.055208616,0.09013439,0,0.1239,APPROVE
0.054057077,0.08921316,0,0.33,APPROVE
0.4695043,0.42157093,0,0.0902,HOLD
0.18436156,0.19345674,0,0.24995,HOLD
0.30624112,0.2909604,0,0.19303877139979858,HOLD
0.61559254,0.5384416,0,0.1428974358974359,HOLD
0.12651895,0.14718266,0,0.0935,APPROVE
0.85929465,0.73340327,0,0.13392857142857142,REJECT
0.54953974,0.48559928,1,0.1991111111111111,HOLD
0.14221475,0.15973929,0,0.336,HOLD
0.24729237,0.24380139,0,0.07294285714285714,HOLD
0.540816,0.4786203,0,0.08513636363636364,HOLD
0.47304386,0.4244026,1,0.259,HOLD
0.105544135,0.1304028,0,0.20804,APPROVE
0.13139784,0.15108576,0,0.1676,HOLD
0.6871017,0.5956489,0,0.22757777777777777,HOLD
0.5637252,0.49694765,1,0.1304,HOLD
0.74211323,0.6396581,0,0.179725,HOLD
0.010336466,0.054236673,0,0.4024,REJECT
0.11228664,0.13579682,0,0.13333333333333333,APPROVE
0.70605546,0.6108119,1,0.1976888888888889,HOLD
0.8024421,0.68792117,0,0.34735,REJECT
0.24532886,0.24223058,0,0.24953333333333333,HOLD
0.451355,0.4070515,0,0.3422,HOLD
0.4267204,0.38734382,0,0.14964285714285713,HOLD
0.4050166,0.36998078,0,0.13291176470588234,HOLD
0.041504487,0.07917109,0,0.16233333333333333,APPROVE
0.21923085,0.22135217,0,0.2179,HOLD
0.37596792,0.34674183,0,0.24465,HOLD
0.0755279,0.10638982,0,0.24817777777777777,APPROVE
0.117157705,0.13969366,0,0.121,APPROVE
0.111837916,0.13543783,0,0.15384615384615385,APPROVE
0.31333083,0.29663217,0,0.14834,HOLD
0.16260141,0.17604862,0,0.225,HOLD
0.15789843,0.17228623,0,0.0816,HOLD
0.85745275,0.7319297,1,0.06583823529411764,REJECT
0.3388136,0.3170184,0,0.30615,HOLD
0.121738404,0.14335822,0,0.17385,APPROVE
0.34917805,0.32530993,0,0.20903703703703705,HOLD
0.07682483,0.107427366,0,0.1489,APPROVE
0.35097626,0.3267485,0,0.2784,HOLD
0.077045865,0.1076042,0,0.130525,APPROVE
0.40055352,0.36641032,0,0.2214,HOLD
0.22566678,0.22650091,0,0.29035,HOLD
0.9239237,0.7851065,1,0.18068571428571428,REJECT
0.36567295,0.33850586,0,0.22185,HOLD
0.4733767,0.42466885,0,0.08354285714285714,HOLD
0.1915199,0.19918342,0,0.07195454545454545,HOLD
0.5848052,0.5138117,0,0.13561666666666666,HOLD
0.15791972,0.17230327,0,0.17166666666666666,HOLD
0.15699154,0.17156072,0,0.027,HOLD
0.50216335,0.44769818,0,0.1484814814814815,HOLD
0.07125463,0.1029712,0,0.2682,APPROVE
0.12187141,0.14346462,0,0.426962962962963,REJECT
0.51917124,0.4613045,0,0.2735625,HOLD
0.2487386,0.24495837,0,0.0875,HOLD
0.49098745,0.43875745,0,0.11788,HOLD
0.2852214,0.27414462,0,0.1756,HOLD
0.22963789,0.22967781,0,0.11625,HOLD
0.48201504,0.43157953,0,0.09215,HOLD
0.30292723,0.28830928,0,0.18633333333333332,HOLD
0.49713144,0.44367266,0,0.1991111111111111,HOLD
0.07114731,0.10288534,0,0.10605172413793103,APPROVE
0.09512559,0.12206798,0,0.2924,APPROVE
0.13427895,0.15339066,0,0.24,HOLD
0.47032925,0.4222309,0,0.06464444444444445,HOLD
0.30642962,0.2911112,0,0.0715,HOLD
0.23712546,0.23566785,0,0.13433333333333333,HOLD
0.48295537,0.4323318,0,0.10285,HOLD
0.08098271,0.11075366,0,0.1685263157894737,APPROVE
0.5758518,0.50664896,1,0.0986,HOLD
0.3289817,0.30915284,0,0.28205714285714284,HOLD
0.23123372,0.23095447,0,0.09,HOLD
0.1708703,0.18266374,0,0.19855,HOLD
0.30911675,0.2932609,0,0.159925,HOLD
0.5105322,0.45439327,0,0.62335,REJECT
0.7342369,0.63335705,1,0.3142,HOLD
0.43555626,0.39441252,1,0.125,HOLD
0.12215664,0.1436928,0,0.10613333333333333,APPROVE
0.31889364,0.3010824,0,0.2408,HOLD
0.26090932,0.25469497,0,0.12915,HOLD
0.55565214,0.4904892,0,0.16804,HOLD
0.2570259,0.25158823,0,0.1852,HOLD
0.74712014,0.64366364,0,0.1361860465116279,HOLD
0.10750428,0.13197091,0,0.08571428571428572,APPROVE
0.3569152,0.33149967,0,0.15836,HOLD
0.7510418,0.646801,1,0.2599130434782609,HOLD
0.06938292,0.10147384,0,0.1141210562302608,APPROVE
0.5625662,0.49602047,0,0.12348,HOLD
0.34407586,0.32122818,0,0.14413793103448275,HOLD
0.8934669,0.76074106,1,0.13905714285714285,REJECT
0.21874408,0.22096276,0,0.14659375,HOLD
0.21265434,0.21609096,0,0.1105,HOLD
0.15322125,0.1685445,0,0.09,HOLD
0.17565294,0.18648984,0,0.061025,HOLD
0.29889992,0.28508744,0,0.270175,HOLD
0.15600108,0.17076835,0,0.1885294117647059,HOLD
0.5294487,0.46952644,0,0.07671428571428572,HOLD
0.26152548,0.2551879,0,0.36028571428571426,HOLD
0.36035353,0.33425033,0,0.3848,HOLD
0.06757345,0.10002626,0,0.133125,APPROVE
0.5106191,0.45446277,0,0.02322857142857143,HOLD
0.12984812,0.14984599,0,0.125,APPROVE
0.19704247,0.20360146,0,0.18753333333333333,HOLD
0.28208035,0.27163178,0,0.195325,HOLD
0.5363038,0.47501054,0,0.1422,HOLD
0.4062505,0.3709679,0,0.168,HOLD
0.21898787,0.22115779,0,0.2667,HOLD
0.12582098,0.14662428,0,0.08412,APPROVE
0.29965213,0.2856892,0,0.12585,HOLD
0.48046008,0.43033555,0,0.17436,HOLD
0.42732984,0.38783136,0,0.16625,HOLD
0.70471734,0.6097414,0,0.07496825396825396,HOLD
0.3012844,0.28699502,0,0.2929940119760479,HOLD
0.1703898,0.18227933,0,0.16027272727272726,HOLD
0.15924394,0.17336264,0,0.13705555555555557,HOLD
0.51048034,0.45435178,0,0.16978,HOLD
0.072700076,0.10412756,0,0.125,APPROVE
0.15232779,0.16782972,0,0.16954285714285713,HOLD
0.85809326,0.73244214,0,0.2254642857142857,REJECT
0.09853858,0.124798365,0,0.1357142857142857,APPROVE
0.33081934,0.31062296,0,0.13376923076923078,HOLD
0.058635242,0.0928757,0,0.35376,APPROVE
0.276319,0.2670227,0,0.39776,HOLD
0.22118457,0.22291514,0,0.14856,HOLD
0.25896597,0.25314027,0,0.140625,HOLD
0.6896381,0.597678,0,0.241975,HOLD
0.5230212,0.46438447,0,0.23426666666666668,HOLD
0.2607293,0.25455096,0,0.08553333333333334,HOLD
0.5793082,0.50941414,1,0.18664,HOLD
0.14193831,0.15951815,0,0.07844444444444444,HOLD
0.09741977,0.12390331,0,0.1875,APPROVE
0.27215514,0.2636916,0,0.1322,HOLD
0.4520555,0.4076119,0,0.41205882352941176,REJECT
0.45813102,0.4124723,0,0.04074137931034483,HOLD
0.08652735,0.11518938,0,0.13773809523809524,APPROVE
0.46223992,0.41575944,0,0.19615789473684211,HOLD
0.22013159,0.22207277,0,0.2617333333333333,HOLD
0.23900667,0.23717283,0,0.185,HOLD
0.65971804,0.573742,0,0.16997619047619048,HOLD
0.7205406,0.6224,0,0.333,HOLD
0.5788582,0.5090541,0,0.041666666666666664,HOLD
0.7150878,0.61803776,0,0.31032,HOLD
0.23409691,0.23324503,1,0.25584,HOLD
0.5960991,0.5228468,0,0.10143478260869565,HOLD
0.080225304,0.11014775,0,0.08297142857142857,APPROVE
0.650504,0.5663707,0,0.21816666666666668,HOLD
0.6136125,0.53685755,0,0.07905714285714285,HOLD
0.25234914,0.2478468,1,0.14813333333333334,HOLD
0.37007758,0.34202957,0,0.296,HOLD
0.48662257,0.43526554,0,0.14305882352941177,HOLD
0.38830173,0.35660887,0,0.23477777777777778,HOLD
0.07336251,0.10465751,0,0.19846666666666668,APPROVE
0.4874675,0.4359415,0,0.1918,HOLD
0.379811,0.3498163,1,0.119,HOLD
0.4438244,0.40102702,0,0.08,HOLD
0.28188807,0.27147797,0,0.09753571428571428,HOLD
0.38729265,0.3558016,0,0.22035294117647058,HOLD
0.43407845,0.39323026,0,0.18335135135135136,HOLD
0.6871904,0.5957199,1,0.272,HOLD
0.3885446,0.35680318,0,0.11657777777777778,HOLD
0.22789101,0.2282803,0,0.06232,HOLD
0.50743836,0.45191818,0,0.19476666666666667,HOLD
0.42255944,0.38401505,0,0.07889166666666667,HOLD
0.33462474,0.3136673,0,0.05084788854142832,HOLD
0.32651985,0.30718338,1,0.13102857142857144,HOLD
0.52030927,0.46221492,0,0.15,HOLD
0.719836,0.6218363,0,0.08,HOLD
0.23114105,0.23088033,0,0.13504,HOLD
0.12894063,0.14912,0,0.1386875,APPROVE
0.47094226,0.4227213,0,0.12384,HOLD
0.6015693,0.527223,0,0.07082,HOLD
0.09668443,0.123315044,1,0.21333333333333335,APPROVE
0.59875965,0.52497524,0,0.14914285714285713,HOLD
0.39698848,0.3635583,1,0.36638461538461536,HOLD
0.5706749,0.50250745,0,0.08236,HOLD
0.7162769,0.61898905,0,0.25634,HOLD
0.024154346,0.06529098,0,0.153825,APPROVE
0.6459493,0.562727,0,0.1808095238095238,HOLD
0.27132326,0.26302612,0,0.1544,HOLD
0.5795732,0.5096261,0,0.25663636363636366,HOLD
0.41273695,0.37615705,1,0.13878125,HOLD
0.14746411,0.16393879,0,0.10484285714285714,HOLD
0.6203688,0.54226255,0,0.16764583333333333,HOLD
0.3507074,0.32653344,0,0.16666666666666666,HOLD
0.5427461,0.4801644,0,0.34072,HOLD
0.4762384,0.4269582,0,0.06858,HOLD
0.636221,0.55494434,0,0.18273333333333333,HOLD
0.3304507,0.31032807,0,0.10583333333333333,HOLD
0.21686593,0.21946023,0,0.23392,HOLD
0.63363063,0.55287206,0,0.15040625,HOLD
0.39062107,0.35846436,0,0.12195555555555555,HOLD
0.649277,0.5653891,1,0.2956153846153846,HOLD
0.17324124,0.1845605,0,0.5296,REJECT
0.45142996,0.40711147,0,0.08503571428571428,HOLD
0.69316924,0.6005029,0,0.21108695652173914,HOLD
0.449179,0.4053107,0,0.16432727272727274,HOLD
0.19844504,0.20472352,0,0.10381666666666667,HOLD
0.36927286,0.34138578,0,0.179825,HOLD
0.11434448,0.13744308,0,0.09,APPROVE
0.03525653,0.07417273,0,0.07305714285714286,APPROVE
0.22978157,0.22979274,0,0.24810714285714286,HOLD
0.6637749,0.57698745,0,0.22975,HOLD
0.7932724,0.68058544,0,0.19751666666666667,REJECT
0.0740769,0.10522902,0,0.33111111111111113,APPROVE
0.21966499,0.22169949,0,0.2863529411764706,HOLD
0.50318384,0.44851458,0,0.08281428571428572,HOLD
0.34341824,0.32070208,0,0.2157,HOLD
0.056269825,0.09098336,0,0.172,APPROVE
0.5103752,0.45426765,0,0.22917241379310344,HOLD
0.27663445,0.26727507,0,0.199,HOLD
0.8741486,0.7452864,0,0.13508571428571428,REJECT
0.16804838,0.1804062,0,0.15,HOLD
0.41164473,0.37528327,0,0.15475,HOLD
0.21190579,0.21549213,0,0.37144,HOLD
0.48945165,0.43752882,0,0.13333333333333333,HOLD
0.8264342,0.7071149,0,0.16214285714285714,REJECT
0.15520231,0.17012934,0,0.14020666666666667,HOLD
0.6053032,0.53021014,0,0.19472,HOLD
0.3232081,0.30453396,0,0.3996,HOLD
0.55414796,0.48928586,0,0.1,HOLD
0.17395644,0.18513264,0,0.26076,HOLD
0.6566977,0.57132566,0,0.22658,HOLD
0.32865924,0.30889487,1,0.1458,HOLD
0.04559589,0.08244421,0,0.12966666666666668,APPROVE
0.34298658,0.32035676,0,0.2662857142857143,HOLD
0.69407785,0.6012298,1,0.14820833333333333,HOLD
0.17587066,0.18666402,0,0.1904,HOLD
0.5927229,0.52014583,0,0.07,HOLD
0.7747027,0.6657297,0,0.15815,REJECT
0.80240434,0.687891,0,0.24292,REJECT
0.5591369,0.49327704,0,0.17476315789473684,HOLD
0.23820235,0.23652937,0,0.2221142857142857,HOLD
0.8373937,0.7158825,0,0.11752941176470588,REJECT
0.25221175,0.24773689,0,0.12192,HOLD
0.6095251,0.53358763,0,0.2545454545454545,HOLD
0.41053742,0.37439743,0,0.12361428571428572,HOLD
0.7681315,0.66047275,0,0.14905714285714286,REJECT
0.31538945,0.29827905,0,0.12356666666666667,HOLD
0.37937492,0.34946743,0,0.13653333333333334,HOLD
0.3715625,0.3432175,0,0.26916,HOLD
0.36206973,0.33562326,0,0.24206060606060606,HOLD
0.5903039,0.51821065,0,0.0775,HOLD
0.12893169,0.14911285,0,0.082025,APPROVE
0.4009463,0.36672452,0,0.10096,HOLD
0.24414974,0.24128729,0,0.1705,HOLD
0.1207967,0.14260486,0,0.15142857142857144,APPROVE
0.47365874,0.42489448,0,0.2178857142857143,HOLD
0.61614174,0.53888094,0,0.34072,HOLD
0.7952955,0.6822039,0,0.3303548387096774,REJECT
0.14169526,0.1593237,0,0.2465,HOLD
0.5963966,0.5230848,0,0.10253333333333334,HOLD
0.36721057,0.33973595,0,0.4096,REJECT
0.34049314,0.318362,0,0.16359375,HOLD
0.082582735,0.11203369,0,0.14285714285714285,APPROVE
0.10544404,0.13032272,0,0.2982222222222222,APPROVE
0.79527533,0.6821878,0,0.2343,REJECT
0.05108728,0.08683733,0,0.12526666666666667,APPROVE
0.41647634,0.37914857,0,0.1932222222222222,HOLD
0.5004505,0.4463279,0,0.176,HOLD
0.17148468,0.18315524,0,0.13204,HOLD
0.2203538,0.22225054,0,0.0542625,HOLD
0.29072085,0.2785442,1,0.096625,HOLD
0.08368019,0.11291165,0,0.2246,APPROVE
0.057484478,0.09195509,0,0.20313333333333333,APPROVE
0.6790737,0.5892265,0,0.173675,HOLD
0.7517814,0.64739263,0,0.23156666666666667,HOLD
0.27192906,0.26351073,0,0.14285714285714285,HOLD
0.28074732,0.27056536,0,0.13975,HOLD
0.053509735,0.088775285,0,0.2,APPROVE
0.75812984,0.6524714,0,0.23996666666666666,REJECT
0.18010843,0.19005424,0,0.20768,HOLD
0.5516535,0.4872903,0,0.22508,HOLD
0.16077133,0.17458455,0,0.095225,HOLD
0.54073334,0.47855416,0,0.24436,HOLD
0.079757266,0.109773315,0,0.15873015873015872,APPROVE
0.16078386,0.17459458,0,0.56072,REJECT
0.420108,0.38205388,0,0.26210714285714287,HOLD
0.15172032,0.16734375,0,0.06930508474576272,HOLD
0.32729775,0.3078057,0,0.08518,HOLD
0.331754,0.3113707,0,0.1,HOLD
0.20905788,0.2132138,0,0.2727142857142857,HOLD
0.2631188,0.25646254,0,0.20404,HOLD
0.33026597,0.31018028,0,0.0896235294117647,HOLD
0.16269277,0.17612171,0,0.13204,HOLD
0.24727388,0.24378659,0,0.2123,HOLD
0.47287694,0.42426905,0,0.10871666666666667,HOLD
0.32276174,0.3041769,0,0.32808333333333334,HOLD
0.31779262,0.3002016,0,0.075,HOLD
0.37675855,0.34737432,0,0.3658,HOLD
0.6061468,0.530885,0,0.139975,HOLD
0.30367446,0.28890708,0,0.0744,HOLD
0.48891312,0.437098,0,0.1487058823529412,HOLD
0.6029839,0.52835464,0,0.23906666666666668,HOLD
0.40541396,0.37029865,0,0.09362962962962963,HOLD
0.12915024,0.14928769,0,0.17942222222222223,APPROVE
0.2678104,0.26021582,0,0.1131,HOLD
0.256635,0.2512755,0,0.19493333333333332,HOLD
0.026798243,0.067406096,0,0.33665,APPROVE
0.41060314,0.37445,0,0.16053333333333333,HOLD
0.4101614,0.37409663,0,0.1334,HOLD
0.52388656,0.46507674,0,0.1208785046728972,HOLD
0.1625013,0.17596854,0,0.0648,HOLD
0.16744885,0.17992657,0,0.156125,HOLD
0.13196658,0.15154076,0,0.07894285714285715,HOLD
0.3061841,0.2909148,0,0.10671111111111112,HOLD
0.25416914,0.2493028,0,0.1169707335613835,HOLD
0.83617216,0.71490526,1,0.25565,REJECT
0.19583294,0.20263384,0,0.12748571428571429,HOLD
0.19070776,0.1985337,0,0.1194074074074074,HOLD
0.5980649,0.5244195,0,0.15318181818181817,HOLD
0.06837508,0.100667566,0,0.2945714285714286,APPROVE
0.25189897,0.24748667,0,0.2792307692307692,HOLD
0.25005466,0.24601121,0,0.15,HOLD
0.6252619,0.546177,0,0.20313333333333333,HOLD
0.80397004,0.68914354,1,0.1398,REJECT
0.17047265,0.18234561,0,0.09043636363636363,HOLD
0.13255492,0.15201142,0,0.26302857142857144,HOLD
0.20098543,0.20675583,0,0.24766,HOLD
0.24677849,0.24339028,0,0.10714285714285714,HOLD
0.4300924,0.3900414,0,0.23465217391304347,HOLD
0.64089686,0.558685,1,0.0706,HOLD
0.028219445,0.068543054,0,0.33897777777777777,APPROVE
0.78865206,0.6768892,0,0.2385357142857143,REJECT
0.13405547,0.15321186,0,0.43188,REJECT
0.26451004,0.25757554,0,0.21602702702702703,HOLD
0.077790745,0.108200096,0,0.344,APPROVE
0.045937724,0.08271768,0,0.039473684210526314,APPROVE
0.6529044,0.56829107,0,0.18597142857142857,HOLD
0.20231315,0.20781802,0,0.03333333333333333,HOLD
0.29272684,0.28014898,0,0.125,HOLD
0.40432194,0.36942506,0,0.2784615384615385,HOLD
0.15937535,0.17346777,0,0.16582142857142856,HOLD
0.44187397,0.39946666,0,0.1466,HOLD
0.4485074,0.4047734,0,0.4353,REJECT
0.092642635,0.12008161,0,0.07546666666666667,APPROVE
0.40967962,0.3737112,0,0.17667857142857143,HOLD
0.3156721,0.2985052,0,0.2771,HOLD
0.76405865,0.65721446,0,0.173675,REJECT
0.0453125,0.08221751,0,0.08571428571428572,APPROVE
0.5011148,0.44685933,0,0.12652,HOLD
0.26175448,0.2553711,0,0.216325,HOLD
0.38299036,0.35235977,0,0.27316666666666667,HOLD
0.1198333,0.14183414,0,0.1885,APPROVE
0.6021141,0.5276588,0,0.15614285714285714,HOLD
0.09670678,0.123332925,0,0.20968571428571428,APPROVE
0.15051088,0.1663762,0,0.06666666666666667,HOLD
0.57944417,0.50952286,1,0.24723333333333333,HOLD
0.2764199,0.26710343,0,0.08,HOLD
0.38930446,0.35741106,0,0.20313333333333333,HOLD
0.12683107,0.14743236,0,0.05,APPROVE
0.47342014,0.4247036,0,0.16433333333333333,HOLD
0.24396804,0.24114193,0,0.13676666666666668,HOLD
0.2606492,0.25448686,0,0.22975,HOLD
0.10257542,0.12802783,0,0.1013103448275862,APPROVE
0.11573776,0.1385577,0,0.19426666666666667,APPROVE
0.21991439,0.221899,0,0.1264,HOLD
0.25332057,0.24862395,0,0.119,HOLD
0.15525389,0.1701706,0,0.26903636363636363,HOLD
0.16470334,0.17773016,0,0.1484375,HOLD
0.6059498,0.5307274,1,0.25862857142857143,HOLD
0.020862425,0.06265744,0,0.19642857142857142,APPROVE
0.3687268,0.34094894,0,0.39585714285714285,HOLD
0.32184613,0.3034444,0,0.15753488372093022,HOLD
0.55106914,0.4868228,0,0.07134285714285714,HOLD
0.18434294,0.19344184,0,0.17154545454545456,HOLD
0.79566723,0.6825013,1,0.25575,REJECT
0.3318896,0.31147918,0,0.12276666666666666,HOLD
0.27485794,0.26585385,0,0.08498666666666667,HOLD
0.63320655,0.5525328,0,0.1673181818181818,HOLD
0.34630013,0.32300758,0,0.3930571428571429,HOLD
0.46465066,0.417688,0,0.11085294117647058,HOLD
0.6299678,0.5499418,0,0.2484,HOLD
0.21234635,0.21584457,0,0.0693,HOLD
0.11107346,0.13482626,0,0.17094017094017094,APPROVE
0.40995407,0.37393075,0,0.045533333333333335,HOLD
0.79255396,0.6800107,1,0.16751666666666667,REJECT
0.089420564,0.11750395,0,0.32417142857142855,APPROVE
0.21641017,0.21909563,0,0.2022093023255814,HOLD
0.21197939,0.215551,0,0.24764,HOLD
0.35638103,0.33107233,0,0.2502,HOLD
0.7709483,0.66272616,1,0.10954285714285714,REJECT
0.34579882,0.32260656,0,0.09612857142857142,HOLD
0.3409678,0.31874174,0,0.1484814814814815,HOLD
0.25960803,0.2536539,0,0.2698974358974359,HOLD
0.58881146,0.5170167,1,0.09447777777777777,HOLD
0.38342103,0.35270432,0,0.12941176470588237,HOLD
0.42911544,0.38925985,1,0.17265714285714287,HOLD
0.81937057,0.701464,0,0.09004444444444444,REJECT
0.09694987,0.1235274,0,0.085,APPROVE
0.049931157,0.08591243,0,0.21949056603773584,APPROVE
0.06959128,0.10164052,0,0.1322625,APPROVE
0.4592784,0.41339022,0,0.20433333333333334,HOLD
0.23994315,0.23792201,1,0.16832,HOLD
0.26652142,0.25918463,0,0.10543333333333334,HOLD
0.039762948,0.077777855,0,0.18944,APPROVE
0.37923977,0.3493593,0,0.19236666666666666,HOLD
0.15406057,0.16921595,0,0.2222,HOLD
0.42878845,0.38899827,0,0.16642857142857143,HOLD
0.7683681,0.66066206,1,0.12117142857142857,REJECT
0.23872773,0.23694968,1,0.3313529411764706,HOLD
0.3519107,0.32749605,0,0.15075555555555556,HOLD
0.36637685,0.33906898,0,0.3131,HOLD
0.30160642,0.28725263,0,0.17748,HOLD
0.4128468,0.37624493,0,0.24957894736842104,HOLD
0.42198247,0.38355348,1,0.1214,HOLD
0.29215556,0.27969196,0,0.08404,HOLD
0.29568252,0.28251353,0,0.06666666666666667,HOLD
0.44447902,0.4015507,0,0.23333333333333334,HOLD
0.21414402,0.21728271,0,0.30677777777777776,HOLD
0.09407683,0.12122897,0,0.2625777777777778,APPROVE
0.31103477,0.2947953,0,0.17797142857142856,HOLD
0.27853793,0.26879784,0,0.069125,HOLD
0.72854424,0.6288029,0,0.15316666666666667,HOLD
0.2681236,0.26046637,0,0.2096,HOLD
0.36310166,0.33644882,0,0.21295,HOLD
0.36869332,0.34092215,0,0.1125,HOLD
0.57948387,0.5095546,1,0.1242,HOLD
0.12590666,0.14669283,0,0.10725,APPROVE
0.4249383,0.38591814,1,0.1936,HOLD
0.103340775,0.12864012,0,0.26471428571428574,APPROVE
0.40673423,0.37135488,0,0.2196,HOLD
0.2061211,0.21086438,0,0.04561428571428571,HOLD
0.38569757,0.35452557,0,0.32408,HOLD
0.11995632,0.14193255,0,0.15,APPROVE
0.42973897,0.38975868,0,0.08888888888888889,HOLD
0.21625698,0.21897307,0,0.15976,HOLD
0.02307148,0.064424686,0,0.04736,APPROVE
0.69403034,0.6011918,0,0.2082,HOLD
0.32592082,0.30670416,0,0.21132075471698114,HOLD
0.04436531,0.08145975,0,0.0851,APPROVE
0.6246876,0.54571766,0,0.1111111111111111,HOLD
0.4007876,0.36659756,0,0.197375,HOLD
0.56569386,0.49852258,0,0.15315,HOLD
0.4046868,0.36971694,0,0.29406666666666664,HOLD
0.42417118,0.38530445,1,0.11052,HOLD
0.11300877,0.1363745,0,0.22975384615384614,APPROVE
0.67510784,0.5860538,0,0.2590857142857143,HOLD
0.23619266,0.23492162,0,0.08291428571428572,HOLD
0.70625055,0.610968,0,0.1422127659574468,HOLD
0.25122163,0.2469448,0,0.1275,HOLD
0.44714394,0.40368265,1,0.25023684210526315,HOLD
0.65593505,0.57071555,0,0.2981333333333333,HOLD
0.51987034,0.46186376,0,0.21,HOLD
0.38241646,0.35190067,0,0.2879090909090909,HOLD
0.23692799,0.23550989,0,0.28156,HOLD
0.26147437,0.255147,0,0.14012820512820512,HOLD
0.4786001,0.42884758,0,0.11411111111111111,HOLD
0.1966916,0.20332077,0,0.07893333333333333,HOLD
0.5735552,0.5048117,0,0.2342,HOLD
0.49127552,0.4389879,1,0.233,HOLD
0.68278676,0.59219694,0,0.12626,HOLD
0.4770776,0.4276296,0,0.10165714285714286,HOLD
0.28169078,0.27132013,0,0.12712727272727273,HOLD
0.20164512,0.20728359,0,0.15,HOLD
0.4619576,0.41553357,0,0.1426388888888889,HOLD
0.40460455,0.36965114,0,0.28184375,HOLD
0.34635544,0.32305184,0,0.09056,HOLD
0.30533853,0.29023832,0,0.23817391304347826,HOLD
0.32512584,0.30606818,0,0.09178571428571429,HOLD
0.3887217,0.35694486,0,0.06729,HOLD
0.7420713,0.63962454,0,0.22665,HOLD
0.7231515,0.6244887,0,0.173925,HOLD
0.27059117,0.26244044,0,0.09925,HOLD
0.34069762,0.31852558,0,0.29124,HOLD
0.3983079,0.3646138,0,0.17938,HOLD
0.012787461,0.056197472,0,0.2957,APPROVE
0.60889035,0.5330798,0,0.17607272727272727,HOLD
0.87739986,0.74788743,0,0.08872093023255814,REJECT
0.14638591,0.16307622,0,0.05594285714285714,HOLD
0.6003531,0.52625006,0,0.13361111111111112,HOLD
0.25541866,0.25030243,0,0.0642,HOLD
0.2735291,0.2647908,0,0.0661,HOLD
0.011573631,0.055226408,0,0.15,APPROVE
0.6157137,0.5385385,0,0.18216666666666667,HOLD
0.2070541,0.21161076,0,0.15467391304347827,HOLD
0.17061508,0.18245955,0,0.16705555555555557,HOLD
0.0046559013,0.04969222,0,0.246925,APPROVE
0.6382605,0.5565759,0,0.10384444444444445,HOLD
0.4552183,0.41014212,0,0.16896666666666665,HOLD
0.41069645,0.37452465,1,0.2179,HOLD
0.23320158,0.23252876,0,0.102825,HOLD
0.19770227,0.20412931,0,0.2553,HOLD
0.48046008,0.43033555,0,0.22988,HOLD
0.118785776,0.14099611,0,0.23508,APPROVE
0.53595775,0.4747337,0,0.22504,HOLD
0.25771135,0.2521366,0,0.11764705882352941,HOLD
0.75117826,0.64691013,0,0.09326,HOLD
0.16587487,0.17866738,0,0.08685,HOLD
0.29707268,0.28362563,0,0.11736363636363636,HOLD
0.30877104,0.29298434,0,0.054271428571428575,HOLD
0.4916393,0.43927893,0,0.22913333333333333,HOLD
0.15143704,0.16711713,0,0.12093333333333334,HOLD
0.25460878,0.24965452,0,0.09316666666666666,HOLD
0.3640844,0.337235,0,0.09724444444444444,HOLD
0.34285676,0.3202529,0,0.21791666666666668,HOLD
0.51531076,0.4582161,0,0.10264,HOLD
0.5614601,0.49513555,0,0.10077777777777777,HOLD
0.47942644,0.42950866,0,0.393875,HOLD
0.11053269,0.13439365,0,0.19484,APPROVE
0.6411501,0.5588876,0,0.13333333333333333,HOLD
0.16496061,0.17793597,0,0.08794285714285714,HOLD
0.29946697,0.2855411,0,0.15056,HOLD
0.25369963,0.24892719,0,0.132425,HOLD
0.32166958,0.30330315,0,0.21856666666666666,HOLD
0.22943264,0.2295136,0,0.349,HOLD
0.06976026,0.10177571,0,0.15864,APPROVE
0.3835326,0.35279357,0,0.18816666666666668,HOLD
0.19392642,0.20110863,0,0.15625,HOLD
0.17022274,0.18214568,0,0.25504,HOLD
0.65179497,0.5674035,0,0.09103333333333333,HOLD
0.44970056,0.40572795,0,0.1942,HOLD
0.6860435,0.5948023,0,0.12716666666666668,HOLD
0.7129542,0.6163309,0,0.3301,HOLD
0.21856111,0.22081639,0,0.152375,HOLD
0.36659825,0.3392461,0,0.13012,HOLD
0.2533298,0.24863134,0,0.1666,HOLD
0.298215,0.2845395,0,0.060384615384615384,HOLD
0.07897757,0.10914955,0,0.07797333333333334,APPROVE
0.2979512,0.28432846,0,0.31044444444444447,HOLD
0.25666443,0.25129905,0,0.1412,HOLD
0.5964613,0.52313656,0,0.185425,HOLD
0.09921455,0.12533914,0,0.086,APPROVE
0.08522595,0.11414827,0,0.2613333333333333,APPROVE
0.20718858,0.21171835,0,0.16145,HOLD
0.5413002,0.47900763,0,0.15833333333333333,HOLD
0.3549527,0.32992965,0,0.1012,HOLD
0.3428815,0.32027268,0,0.3144571428571429,HOLD
0.106898986,0.13148668,0,0.07692307692307693,APPROVE
0.32248425,0.3039549,0,0.217775,HOLD
0.60113424,0.52687496,0,0.133625,HOLD
0.120062895,0.14201781,0,0.24463333333333334,APPROVE
0.30024937,0.286167,0,0.3124,HOLD
0.6020161,0.52758044,0,0.0576,HOLD
0.4121521,0.37568918,0,0.2369,HOLD
0.5031855,0.4485159,0,0.06218461538461539,HOLD
0.8122196,0.6957432,0,0.2712333333333333,REJECT
0.18818586,0.19651617,1,0.06242222222222222,HOLD
0.6767257,0.5873481,0,0.19572,HOLD
0.0848366,0.11383679,0,0.27982222222222225,APPROVE
0.22852144,0.22878464,1,0.4644333333333333,REJECT
0.10698002,0.1315515,0,0.1234871794871795,APPROVE
0.7521827,0.6477137,0,0.14634285714285714,HOLD
0.20035456,0.20625114,0,0.11376,HOLD
0.11345262,0.1367296,0,0.09753846153846153,APPROVE
0.2691778,0.26130974,0,0.12043636363636363,HOLD
0.3636894,0.336919,0,0.0791,HOLD
0.028609954,0.068855464,0,0.38426666666666665,APPROVE
0.05791389,0.09229861,0,0.130525,APPROVE
0.45221752,0.40774152,0,0.14182,HOLD
0.17256576,0.1840201,0,0.1216,HOLD
0.16880147,0.18100867,0,0.2308,HOLD
0.27012727,0.2620693,0,0.15,HOLD
0.23481978,0.23382331,0,0.21043333333333333,HOLD
0.2464738,0.24314654,0,0.25935294117647056,HOLD
0.45687634,0.41146857,0,0.10058,HOLD
0.5306059,0.47045222,0,0.06766666666666667,HOLD
0.54536366,0.48225844,0,0.11736363636363636,HOLD
0.0912476,0.11896559,0,0.22753333333333334,APPROVE
0.8115109,0.69517624,0,0.175125,REJECT
0.5723746,0.5038672,0,0.15402857142857143,HOLD
0.4371069,0.395653,0,0.09404,HOLD
0.4056645,0.3704991,0,0.1199,HOLD
0.18545605,0.19433233,0,0.13855,HOLD
0.25679988,0.2514074,0,0.23966666666666667,HOLD
0.16529462,0.17820318,0,0.09066666666666667,HOLD
0.6386611,0.5568964,0,0.17995,HOLD
0.16718839,0.17971821,0,0.1862,HOLD
0.68789685,0.596285,1,0.09515,HOLD
0.4404849,0.39835542,0,0.31645,HOLD
0.29001278,0.27797773,0,0.2531777777777778,HOLD
0.1651295,0.1780711,0,0.2046,HOLD
0.073813766,0.10501852,0,0.14,APPROVE
0.40816882,0.37250257,0,0.1558,HOLD
0.10133329,0.12703413,0,0.1315,APPROVE
0.26692834,0.2595102,0,0.1,HOLD
0.14463742,0.16167744,0,0.1322,HOLD
0.32739303,0.30788192,0,0.20255,HOLD
0.6851636,0.59409845,1,0.06936363636363636,HOLD
0.55319667,0.48852482,0,0.2637333333333333,HOLD
0.3324115,0.31189668,0,0.2882,HOLD
0.06368561,0.09691599,0,0.09997368421052631,APPROVE
0.081637725,0.11127768,0,0.09036923076923077,APPROVE
0.35994092,0.33392024,0,0.31017241379310345,HOLD
0.38222525,0.3517477,0,0.1953888888888889,HOLD
0.4384224,0.39670542,0,0.16608,HOLD
0.34434438,0.321443,0,0.15945,HOLD
0.27199128,0.26356053,0,0.22866666666666666,HOLD
0.3685166,0.34078076,0,0.3539333333333333,HOLD
0.1799764,0.18994862,0,0.1012467995101859,HOLD
0.539507,0.47757307,0,0.18756666666666666,HOLD
0.68448204,0.5935532,0,0.18415,HOLD
0.17862765,0.18886961,0,0.56075,REJECT
0.27564728,0.26648533,0,0.24736666666666668,HOLD
0.36336845,0.33666226,0,0.176825,HOLD
0.58795816,0.51633406,0,0.17364,HOLD
0.6334669,0.55274105,0,0.08813333333333333,HOLD
0.4674861,0.4199564,0,0.0772,HOLD
0.2423811,0.23987237,0,0.07862,HOLD
0.16819549,0.18052389,0,0.120825,HOLD
0.392233,0.3597539,0,0.4051,REJECT
0.45752963,0.4119912,0,0.1125,HOLD
0.7001514,0.60608864,0,0.17127027027027028,HOLD
0.044658538,0.08169433,0,0.10581,APPROVE
0.36168426,0.3353149,0,0.2156,HOLD
0.1920211,0.19958438,0,0.15,HOLD
0.22974028,0.22975971,0,0.05555555555555555,HOLD
0.11923351,0.14135431,0,0.13114,APPROVE
0.68615305,0.59489,0,0.18136666666666668,HOLD
0.20449877,0.2095665,0,0.12043333333333334,HOLD
0.30473503,0.28975552,0,0.2522,HOLD
0.20416817,0.20930202,0,0.6802,REJECT
0.07325558,0.10457197,0,0.0339,APPROVE
0.20920038,0.2133278,0,0.1375,HOLD
0.38652197,0.35518506,0,0.24574,HOLD
0.22595455,0.22673114,0,0.1830810810810811,HOLD
0.78595066,0.67472804,1,0.08,REJECT
0.2010316,0.20679277,0,0.06522,HOLD
0.07482761,0.10582959,0,0.1354,APPROVE
0.040217157,0.07814123,0,0.13748,APPROVE
0.52445453,0.4655311,0,0.27985,HOLD
0.28893986,0.2771194,0,0.13507142857142856,HOLD
0.29178214,0.27939323,0,0.08696875,HOLD
0.48867467,0.43690723,0,0.15536842105263157,HOLD
0.19226128,0.19977652,0,0.10944,HOLD
0.46477786,0.4177898,0,0.17037142857142856,HOLD
0.14796065,0.16433601,0,0.14294827586206896,HOLD
0.6201,0.54204756,0,0.22613333333333333,HOLD
0.18532497,0.19422747,0,0.183,HOLD
0.3623859,0.33587623,0,0.12710204081632653,HOLD
0.8830111,0.75237644,1,0.17938888888888888,REJECT
0.6534257,0.56870806,0,0.1984857142857143,HOLD
0.043648925,0.08088664,0,0.21857142857142858,APPROVE
0.7007789,0.6065906,0,0.2792,HOLD
0.10922459,0.13334717,0,0.14678,APPROVE
0.51500386,0.4579706,0,0.08843636363636363,HOLD
0.18852352,0.1967863,0,0.17065,HOLD
0.4276971,0.38812518,0,0.22702702702702704,HOLD
0.038685706,0.07691606,0,0.20796,APPROVE
0.49380854,0.44101432,0,0.3592,HOLD
0.04163038,0.0792718,0,0.13394,APPROVE
0.36200005,0.33556753,0,0.1382857142857143,HOLD
0.2999702,0.28594366,0,0.10664,HOLD
0.7226327,0.6240737,1,0.096525,HOLD
0.42659098,0.3872403,0,0.12068,HOLD
0.19654466,0.20320322,0,0.096,HOLD
0.23699343,0.23556224,1,0.06211320754716981,HOLD
0.6000807,0.52603215,0,0.3657,HOLD
0.23464921,0.23368686,0,0.08,HOLD
0.34076175,0.3185769,0,0.09612,HOLD
0.3124984,0.2959662,0,0.11708695652173913,HOLD
0.50448877,0.4495585,0,0.16274,HOLD
0.35770136,0.33212858,0,0.11104,HOLD
0.29286778,0.28026173,0,0.19896,HOLD
0.5683939,0.50068265,1,0.2899,HOLD
0.44756535,0.40401977,0,0.24375,HOLD
0.37204581,0.34360415,0,0.21848571428571428,HOLD
0.19778988,0.20419939,0,0.15384615384615385,HOLD
0.26579,0.2585995,0,0.1826,HOLD
0.20021358,0.20613836,1,0.20530721282279607,HOLD
0.18955122,0.19760847,0,0.06874285714285715,HOLD
0.51992315,0.46190602,0,0.232,HOLD
0.29506114,0.28201643,0,0.21958823529411764,HOLD
0.14393644,0.16111664,0,0.15555555555555556,HOLD
0.12870519,0.14893165,0,0.5283,REJECT
0.23109776,0.2308457,0,0.4051,REJECT
0.36497235,0.33794537,0,0.12452307692307692,HOLD
0.24996561,0.24593998,0,0.09154285714285715,HOLD
0.6416832,0.55931413,1,0.4078125,REJECT
0.34755325,0.3240101,0,0.1518157894736842,HOLD
0.1963867,0.20307685,0,0.15608333333333332,HOLD
0.101506576,0.12717275,0,0.1988,APPROVE
0.17111696,0.18286106,0,0.10974,HOLD
0.084911846,0.11389697,0,0.1602,APPROVE
0.3519963,0.32756454,0,0.2785666666666667,HOLD
0.42750922,0.38797486,0,0.25341176470588234,HOLD
0.55069375,0.4865225,0,0.1634857142857143,HOLD
0.320275,0.3021875,0,0.14381538461538462,HOLD
0.4622928,0.41580173,0,0.2273111111111111,HOLD
0.15279649,0.1682047,0,0.16457142857142856,HOLD
0.6601526,0.57408965,0,0.09356,HOLD
0.2867702,0.27538365,0,0.1386111111111111,HOLD
0.783009,0.6723747,0,0.3309,REJECT
0.8467093,0.72333497,0,0.19733333333333333,REJECT
0.5167865,0.45939672,0,0.3522,HOLD
0.2349309,0.23391221,0,0.08,HOLD
0.4352156,0.39413998,0,0.20585,HOLD
0.2180968,0.22044493,0,0.1,HOLD
0.6687144,0.58093905,1,0.10378461538461538,HOLD
0.25528482,0.25019535,0,0.07142857142857142,HOLD
0.29239067,0.27988005,0,0.12693333333333334,HOLD
0.09446145,0.121536665,0,0.14291428571428572,APPROVE
0.51220053,0.45572793,0,0.13636666666666666,HOLD
0.07354656,0.10480475,0,0.35574285714285714,APPROVE
0.55688256,0.49147356,0,0.48733333333333334,REJECT
0.17518784,0.18611777,0,0.09273584905660377,HOLD
0.30017427,0.2861069,0,0.23644,HOLD
0.062362958,0.095857866,0,0.05508474576271186,APPROVE
0.3544814,0.32955262,0,0.36405882352941177,HOLD
0.55470455,0.48973113,0,0.07812,HOLD
0.3031798,0.28851134,1,0.13454285714285713,HOLD
0.10699037,0.13155979,0,0.11827777777777777,APPROVE
0.22128248,0.22299348,0,0.19683928571428572,HOLD
0.2842365,0.2733567,0,0.10791111111111111,HOLD
0.23926364,0.2373784,0,0.2664,HOLD
0.15419775,0.1693257,0,0.1203529411764706,HOLD
0.37732255,0.34782553,0,0.06556666666666666,HOLD
0.27058473,0.2624353,0,0.343925,HOLD
0.19118369,0.19891444,0,0.14426,HOLD
0.37154305,0.34320194,0,0.17912,HOLD
0.3543498,0.32944733,0,0.093625,HOLD
0.18948507,0.19755556,0,0.357275,HOLD
0.72524935,0.626167,0,0.18136666666666668,HOLD
0.35277995,0.32819146,1,0.09728,HOLD
0.291584,0.2792347,0,0.12535714285714286,HOLD
0.39119154,0.35892072,0,0.1828857142857143,HOLD
0.171085,0.18283549,0,0.09360714285714286,HOLD
0.32353947,0.30479908,0,0.15435,HOLD
0.5045612,0.44961643,0,0.1646,HOLD
0.17547745,0.18634945,0,0.08695652173913043,HOLD
0.14840278,0.16468972,0,0.1042037037037037,HOLD
0.44349796,0.40076587,0,0.157825,HOLD
0.3751295,0.3460711,0,0.1401,HOLD
0.13081901,0.1506227,0,0.38333333333333336,HOLD
0.45177448,0.40738708,0,0.13333333333333333,HOLD
0.14757246,0.16402546,0,0.06666666666666667,HOLD
0.10365095,0.12888825,1,0.10414583333333334,APPROVE
0.23632129,0.23502453,0,0.1374,HOLD
0.5877351,0.51615566,0,0.141875,HOLD
0.19723195,0.20375305,0,0.13792592592592592,HOLD
0.7818928,0.6714817,1,0.3859,REJECT
0.36286128,0.3362565,0,0.22768,HOLD
0.06637041,0.099063836,0,0.2339,APPROVE
0.45385543,0.40905184,0,0.20207142857142857,HOLD
0.5409943,0.47876292,0,0.10473333333333333,HOLD
0.24383119,0.24103244,0,0.1375,HOLD
0.580459,0.51033473,0,0.12,HOLD
0.30943573,0.29351607,0,0.24105405405405406,HOLD
0.33791536,0.3162998,1,0.20716,HOLD
0.4161866,0.37891677,0,0.17164,HOLD
0.20475945,0.20977505,0,0.15619117647058822,HOLD
0.4080746,0.37242717,0,0.2133125,HOLD
0.4420283,0.39959013,0,0.24389473684210528,HOLD
0.28696662,0.2755408,0,0.18015,HOLD
0.6046104,0.5296559,0,0.0668125,HOLD
0.29477385,0.2817866,0,0.28,HOLD
0.19280241,0.20020942,0,0.21057777777777778,HOLD
0.16332844,0.17663024,0,0.0702962962962963,HOLD
0.7616584,0.65529424,1,0.17945,REJECT
0.35936862,0.3334624,0,0.11072,HOLD
0.025820073,0.06662356,0,0.07458571428571428,APPROVE
0.10861888,0.1328626,0,0.1766,APPROVE
0.17709498,0.18764348,0,0.11594,HOLD
0.5011219,0.446865,0,0.25771428571428573,HOLD
0.040460464,0.078335874,0,0.12142857142857143,APPROVE
0.5398719,0.47786498,0,0.3546875,HOLD
0.17986418,0.18985884,0,0.1293125,HOLD
0.37940368,0.34949043,0,0.2164705882352941,HOLD
0.34359625,0.3208445,0,0.1875,HOLD
0.31373265,0.29695362,0,0.12789090909090908,HOLD
0.3976103,0.36405575,0,0.191,HOLD
0.027002849,0.06756978,0,0.084048,APPROVE
0.2436945,0.24092309,0,0.14356666666666668,HOLD
0.3582115,0.3325367,0,0.2113,HOLD
0.24948041,0.24555182,0,0.15631111111111112,HOLD
0.40931717,0.37342122,0,0.17670588235294118,HOLD
0.327695,0.3081235,0,0.1383,HOLD
0.27930564,0.269412,0,0.22566,HOLD
0.3169573,0.29953334,0,0.07558666666666666,HOLD
0.2671252,0.25966766,0,0.11726470588235294,HOLD
0.7462583,0.6429742,0,0.3338235294117647,HOLD
0.6869665,0.5955407,0,0.20116666666666666,HOLD
0.8145701,0.6976236,0,0.143025,REJECT
0.67643183,0.587113,0,0.15477142857142856,HOLD
0.10041281,0.12629774,0,0.17116666666666666,APPROVE
0.018437004,0.060717106,0,0.06817073170731708,APPROVE
0.06673127,0.099352516,0,0.1722,APPROVE
0.13038424,0.15027489,0,0.03333333333333333,HOLD
0.22011179,0.22205693,0,0.14495555555555556,HOLD
0.12592627,0.14670852,0,0.18453333333333333,APPROVE
0.5787537,0.5089705,0,0.17948,HOLD
0.20964275,0.2136817,1,0.3886428571428571,HOLD
0.24574225,0.2425613,0,0.1304,HOLD
0.04819302,0.08452191,0,0.05,APPROVE
0.36948428,0.3415549,0,0.076575,HOLD
0.4436643,0.40089893,0,0.1978,HOLD
0.12360546,0.14485186,0,0.16,APPROVE
0.30746734,0.29194137,0,0.3032,HOLD
0.3876995,0.3561271,0,0.17093333333333333,HOLD
0.38412255,0.35326552,0,0.12,HOLD
0.40149158,0.36716077,0,0.125,HOLD
0.02341642,0.06470064,0,0.13333333333333333,APPROVE
0.12644751,0.14712551,0,0.11465,APPROVE
0.12361053,0.14485592,0,0.196,APPROVE
0.48780993,0.43621543,0,0.11102,HOLD
0.3240212,0.30518445,0,0.26698,HOLD
0.1937599,0.20097542,0,0.14917142857142857,HOLD
0.0661178,0.09886175,0,0.12659,APPROVE
0.68892515,0.59710765,0,0.11781,HOLD
0.27567244,0.26650545,0,0.09185714285714286,HOLD
0.3870246,0.35558718,0,0.12073333333333333,HOLD
0.65346736,0.56874144,0,0.30534285714285714,HOLD
0.05466553,0.089699924,0,0.2780285714285714,APPROVE
0.49941388,0.4454986,0,0.15708108108108107,HOLD
0.36519334,0.33812216,0,0.2511,HOLD
0.028445356,0.06872378,0,0.26055555555555554,APPROVE
0.6495456,0.56560403,0,0.2688333333333333,HOLD
0.51534146,0.45824066,0,0.12437037037037037,HOLD
0.35204995,0.32760745,0,0.09418,HOLD
0.046301406,0.083008625,0,0.2932,APPROVE
0.283678,0.2729099,0,0.2,HOLD
0.6563823,0.5710734,0,0.04462,HOLD
0.09350404,0.12077073,0,0.11852040816326531,APPROVE
0.08612873,0.11487048,0,0.2864864864864865,APPROVE
0.13925745,0.15737346,0,0.125,HOLD
0.16990395,0.18189065,0,0.10074,HOLD
0.263704,0.2569307,0,0.245575,HOLD
0.058519542,0.09278313,0,0.23055,APPROVE
0.1023754,0.12786782,0,0.14635,APPROVE
0.23042533,0.23030776,0,0.1492857142857143,HOLD
0.3755076,0.34637356,0,0.2652285714285714,HOLD
0.60078156,0.5265928,0,0.09855,HOLD
0.20714235,0.21168138,0,0.05596,HOLD
0.49178657,0.43939674,0,0.092,HOLD
0.19974144,0.20576064,0,0.2881666666666667,HOLD
0.022416133,0.0639004,0,0.286825,APPROVE
0.15586926,0.17066291,0,0.1582962962962963,HOLD
0.02473022,0.06575168,0,0.1775657894736842,APPROVE
0.1337498,0.15296733,0,0.10051724137931034,HOLD
0.7406921,0.6385212,0,0.17790384615384616,HOLD
0.10837614,0.1326684,0,0.172125,APPROVE
0.676955,0.5875315,0,0.2668333333333333,HOLD
0.104357645,0.12945361,0,0.16895,APPROVE
0.09178253,0.119393535,0,0.05946969696969697,APPROVE
0.3989553,0.36513174,1,0.1589142857142857,HOLD
0.48432937,0.433431,0,0.17285185185185184,HOLD
0.49225256,0.43976954,1,0.3116129032258064,HOLD
0.34046102,0.3183363,0,0.1702,HOLD
0.3100099,0.2939754,0,0.05,HOLD
0.5901108,0.51805615,0,0.12148571428571428,HOLD
0.67319447,0.5845231,0,0.16966666666666666,HOLD
0.35519308,0.33012196,0,0.1,HOLD
0.59120154,0.51892877,0,0.28136,HOLD
0.4052652,0.37017965,0,0.31536,HOLD
0.6879873,0.5963574,1,0.18507142857142858,HOLD
0.10457949,0.12963109,0,0.212575,APPROVE
0.31087688,0.294669,0,0.19468888888888888,HOLD
0.20681997,0.21142347,0,0.1978,HOLD
0.7304139,0.6302987,0,0.135575,HOLD
0.06323314,0.09655401,0,0.20048,APPROVE
0.67347014,0.5847436,0,0.16866666666666666,HOLD
0.37980768,0.34981364,0,0.19608,HOLD
0.5136736,0.45690638,0,0.21656,HOLD
0.08530664,0.11421282,0,0.1691764705882353,APPROVE
0.4369701,0.39554358,0,0.14867796610169492,HOLD
0.5861509,0.5148882,0,0.13745714285714286,HOLD
0.48228374,0.4317945,0,0.28544444444444445,HOLD
0.5234944,0.46476305,0,0.24944,HOLD
0.24027722,0.23818927,0,0.06910714285714285,HOLD
0.060520068,0.09438356,0,0.09586666666666667,APPROVE
0.532604,0.47205067,1,0.29506666666666664,HOLD
0.23955745,0.23761345,0,0.1,HOLD
0.50408596,0.44923627,0,0.20097142857142858,HOLD
0.5182981,0.46060598,0,0.3476666666666667,HOLD
0.79024994,0.67816746,0,0.1796,REJECT
0.27535114,0.2662484,0,0.10966666666666666,HOLD
0.63101363,0.55077845,0,0.08,HOLD
0.7360193,0.63478297,0,0.353,HOLD
0.16844353,0.18072231,0,0.09,HOLD
0.12505412,0.14601079,0,0.158375,APPROVE
0.3898002,0.35780764,0,0.2936666666666667,HOLD
0.3722228,0.34374574,0,0.1198625,HOLD
0.035613086,0.074457966,0,0.04926666666666667,APPROVE
0.23915842,0.23729423,0,0.04881481481481482,HOLD
0.19567893,0.20251064,0,0.16042,HOLD
0.67948854,0.58955836,0,0.1,HOLD
0.019409852,0.061495382,0,0.04928888888888889,APPROVE
0.13328041,0.15259182,0,0.23773333333333332,HOLD
0.053866956,0.08906107,0,0.168,APPROVE
0.18631722,0.19502127,0,0.310875,HOLD
0.5258048,0.46661136,0,0.10803846153846154,HOLD
0.19749197,0.20396107,0,0.175,HOLD
0.62272644,0.5441487,0,0.15855,HOLD
0.37441963,0.3455032,0,0.20068181818181818,HOLD
0.23122016,0.23094362,0,0.08295555555555556,HOLD
0.34441966,0.32150322,1,0.21225,HOLD
0.15938757,0.17347755,0,0.185375,HOLD
0.39770564,0.36413202,0,0.4051,REJECT
0.25182787,0.24742979,0,0.18375,HOLD
0.25349906,0.24876674,0,0.052083333333333336,HOLD
0.7811418,0.670881,0,0.21192727272727271,REJECT
0.032084174,0.07163484,0,0.05998,APPROVE
0.36927634,0.34138858,0,0.20606,HOLD
0.41145125,0.3751285,0,0.16503333333333334,HOLD
0.04819247,0.08452148,0,0.2542307692307692,APPROVE
0.38089773,0.3506857,0,0.19136507936507938,HOLD
0.2157419,0.21856101,0,0.1795,HOLD
0.1695217,0.18158485,0,0.07706666666666667,HOLD
0.45962942,0.41367102,0,0.2317857142857143,HOLD
0.37864628,0.34888452,1,0.37527777777777777,HOLD
0.5039143,0.44909894,1,0.08076,HOLD
0.5688534,0.50105023,0,0.2388,HOLD
0.61015356,0.5340904,0,0.35978571428571426,HOLD
0.12262572,0.14406808,0,0.1,APPROVE
0.40614367,0.37088242,0,0.1724,HOLD
0.2355732,0.23442605,0,0.25066666666666665,HOLD
0.31489307,0.29788196,0,0.05,HOLD
0.1819099,0.19149542,0,0.01158,HOLD
0.1379144,0.15629902,0,0.2527,HOLD
0.2329851,0.23235556,0,0.21296,HOLD
0.40333515,0.36863562,0,0.04,HOLD
0.5256733,0.46650612,0,0.14926666666666666,HOLD
0.49278104,0.44019234,0,0.13106666666666666,HOLD
0.47761956,0.42806315,0,0.05714285714285714,HOLD
0.7846708,0.6737042,1,0.23772,REJECT
0.20223477,0.20775531,0,0.18,HOLD
0.103464566,0.12873915,0,0.20558333333333334,APPROVE
0.83767456,0.7161072,1,0.15005,REJECT
0.6944048,0.60149133,0,0.31645,HOLD
0.418843,0.38104188,1,0.09571428571428571,HOLD
0.563257,0.4965731,0,0.12,HOLD
0.44250527,0.39997172,0,0.24068085106382978,HOLD
0.2791877,0.26931766,0,0.15255263157894736,HOLD
0.23489858,0.23388636,0,0.12929166666666667,HOLD
0.71890676,0.6210929,0,0.2574,HOLD
0.41222763,0.3757496,0,0.1,HOLD
0.51921463,0.4613392,1,0.4176666666666667,REJECT
0.057748374,0.0921662,0,0.09,APPROVE
0.44452682,0.40158895,0,0.248475,HOLD
0.26111722,0.25486127,0,0.07408,HOLD
0.4144248,0.37750733,0,0.1981,HOLD
0.37389183,0.34508097,0,0.25018,HOLD
0.42206013,0.3836156,0,0.28747826086956524,HOLD
0.06462776,0.09766971,0,0.32768,APPROVE
0.44563466,0.40247524,0,0.2507,HOLD
0.46362165,0.4168648,0,0.16522222222222221,HOLD
0.1512889,0.16699861,0,0.2686,HOLD
0.76532054,0.658224,1,0.12386206896551724,REJECT
0.095087126,0.12203721,0,0.0923,APPROVE
0.4488595,0.4050551,0,0.21533333333333332,HOLD
0.30273977,0.2881593,0,0.1068888888888889,HOLD
0.49743557,0.44391596,0,0.25403333333333333,HOLD
0.5411955,0.47892392,0,0.18995,HOLD
0.29737437,0.283867,0,0.1196,HOLD
0.30597213,0.2907452,0,0.24722857142857144,HOLD
0.24109419,0.23884284,1,0.23721739130434782,HOLD
0.33434907,0.31344676,0,0.233625,HOLD
0.47623828,0.4269581,0,0.09604,HOLD
0.077169046,0.10770274,0,0.12891304347826088,APPROVE
0.35190687,0.32749298,0,0.08002857142857144,HOLD
0.16942334,0.18150617,0,0.07696666666666667,HOLD
0.2745041,0.2655708,0,0.2405,HOLD
0.11481411,0.13781878,1,0.23608,APPROVE
0.4643541,0.4174508,1,0.15423529411764705,HOLD
0.29024994,0.27816746,0,0.25330434782608696,HOLD
0.22037111,0.22226438,0,0.31295555555555554,HOLD
0.33490878,0.3138945,0,0.07796,HOLD
0.18580958,0.19461516,1,0.36557142857142855,HOLD
0.84538335,0.7222742,0,0.14028888888888888,REJECT
0.2009096,0.20669517,0,0.18266666666666667,HOLD
0.11415182,0.13728896,0,0.07066666666666667,APPROVE
0.80226207,0.68777716,0,0.26313333333333333,REJECT
0.43693888,0.3955186,0,0.15434375,HOLD
0.12770824,0.14813408,0,0.18648,APPROVE
0.46150985,0.41517538,0,0.212225,HOLD
0.0549302,0.08991166,0,0.308452380952381,APPROVE
0.026646161,0.06728443,0,0.179275,APPROVE
0.69041944,0.5983031,1,0.173925,HOLD
0.1480355,0.1643959,0,0.10508888888888888,HOLD
0.560735,0.49455547,1,0.06666666666666667,HOLD
0.68746996,0.5959435,0,0.08,HOLD
0.14571296,0.16253786,0,0.18097142857142856,HOLD
0.33004555,0.31000394,0,0.1114,HOLD
0.04443467,0.08151524,0,0.09365714285714286,APPROVE
0.32398328,0.30515411,0,0.06666666666666667,HOLD
0.4558015,0.41060868,0,0.10255,HOLD
0.11105077,0.13480811,0,0.24043333333333333,APPROVE
0.68870467,0.5969313,1,0.14803703703703705,HOLD
0.66750115,0.57996845,0,0.0833,HOLD
0.58716476,0.5156993,0,0.18028,HOLD
0.54231757,0.47982156,0,0.1415,HOLD
0.17212038,0.1836638,0,0.08495,HOLD
0.17958324,0.18963408,0,0.10552,HOLD
0.8783615,0.74865675,0,0.23410526315789473,REJECT
0.32147425,0.3031469,0,0.14772222222222223,HOLD
0.023073254,0.0644261,0,0.3051111111111111,APPROVE
0.78825366,0.6765705,0,0.3513,REJECT
0.5180052,0.46037164,0,0.08,HOLD
0.284009,0.2731747,0,0.18228571428571427,HOLD
0.5979454,0.5243239,1,0.18551428571428571,HOLD
0.01880016,0.06100763,0,0.23477142857142858,APPROVE
0.4072036,0.3717304,0,0.15,HOLD
0.7573291,0.6518308,1,0.23188,REJECT
0.5161662,0.45890045,0,0.42,REJECT
0.5803139,0.5102187,0,0.1125,HOLD
0.5480332,0.48439404,1,0.15788888888888888,HOLD
0.6164214,0.53910464,0,0.38126666666666664,HOLD
0.33759332,0.31604216,0,0.3154722222222222,HOLD
0.14812206,0.16446514,0,0.06,HOLD
0.12900278,0.14916971,0,0.14058,APPROVE
0.53921205,0.47733712,0,0.20491428571428572,HOLD
0.50471395,0.44973865,0,0.28136,HOLD
0.66155535,0.5752118,0,0.07132,HOLD
0.5396814,0.4777126,0,0.20626666666666665,HOLD
0.30637226,0.2910653,0,0.031746031746031744,HOLD
0.7637332,0.6569541,0,0.11483333333333333,REJECT
0.19641547,0.20309986,0,0.11875,HOLD
0.041699857,0.07932738,0,0.761,REJECT
0.3475693,0.32402292,0,0.15527272727272728,HOLD
0.3007028,0.28652975,0,0.10095,HOLD
0.22279193,0.22420104,0,0.2309,HOLD
0.6855619,0.59441704,0,0.15630434782608696,HOLD
0.101706095,0.12733237,0,0.279275,APPROVE
0.3806759,0.3505082,0,0.173925,HOLD
0.30540663,0.2902928,0,0.17696,HOLD
0.33093658,0.31071675,0,0.217,HOLD
0.48173136,0.4313526,0,0.12424444444444445,HOLD
0.28447077,0.2735441,0,0.1629,HOLD
0.75208235,0.64763343,0,0.08872307692307692,HOLD
0.6719379,0.58351785,0,0.08010526315789473,HOLD
0.34844103,0.32472032,0,0.09821428571428571,HOLD
0.17100717,0.18277323,0,0.09559375,HOLD
0.38911936,0.35726297,0,0.18445454545454545,HOLD
0.31331113,0.2966164,0,0.16965,HOLD
0.3771778,0.34770975,0,0.23703333333333335,HOLD
0.057034954,0.09159546,0,0.41504,REJECT
0.13351335,0.15277818,0,0.26092,HOLD
0.698886,0.6050763,0,0.2754333333333333,HOLD
0.11778082,0.14019215,0,0.04112857142857143,APPROVE
0.020260852,0.062176183,0,0.12211764705882353,APPROVE
0.245968,0.2427419,0,0.14628,HOLD
0.08130268,0.11100965,0,0.20873333333333333,APPROVE
0.1028549,0.12825142,0,0.41656,REJECT
0.6195607,0.54161614,0,0.2022857142857143,HOLD
0.6758892,0.58667886,0,0.19134285714285715,HOLD
0.25025344,0.24617024,0,0.36272,HOLD
0.15253755,0.16799754,0,0.242475,HOLD
0.31424913,0.2973668,0,0.132425,HOLD
0.0033216004,0.04862478,0,0.39498333333333335,APPROVE
0.1216744,0.14330702,0,0.1975,APPROVE
0.27313927,0.26447892,0,0.16033333333333333,HOLD
0.23994039,0.2379198,0,0.19417777777777778,HOLD
0.5543571,0.4894532,0,0.24246666666666666,HOLD
0.066586375,0.0992366,0,0.10533333333333333,APPROVE
0.28736442,0.27585903,0,0.13858,HOLD
0.09138117,0.119072445,0,0.3325142857142857,APPROVE
0.16328995,0.17659946,0,0.17626666666666665,HOLD
0.42512307,0.38606596,0,0.1439375,HOLD
0.15801461,0.17237918,0,0.171025,HOLD
0.37696907,0.34754276,0,0.2412,HOLD
0.22981472,0.22981927,0,0.21183333333333335,HOLD
0.7548618,0.6498569,1,0.08093333333333333,HOLD
0.20426564,0.20938,0,0.21096666666666666,HOLD
0.46564472,0.41848326,0,0.12384444444444444,HOLD
0.60417885,0.52931064,0,0.15304,HOLD
0.6106975,0.5345256,0,0.20445714285714287,HOLD
0.792899,0.68028677,0,0.1419,REJECT
0.49235576,0.43985212,0,0.1254888888888889,HOLD
0.33740902,0.31589472,0,0.26107142857142857,HOLD
0.31576,0.2985755,0,0.13336,HOLD
0.66887844,0.5810703,1,0.2932666666666667,HOLD
0.08500164,0.11396881,0,0.1866,APPROVE
0.33383158,0.31303275,0,0.3335,HOLD
0.315308,0.2982139,0,0.36393333333333333,HOLD
0.70085984,0.6066554,0,0.1384,HOLD
0.71195084,0.6155282,0,0.19468,HOLD
0.1869065,0.1954927,0,0.20174285714285714,HOLD
0.15673691,0.17135702,0,0.1315,HOLD
0.2607265,0.2545487,0,0.10225,HOLD
0.36185017,0.33544764,0,0.32893333333333336,HOLD
0.12364309,0.14488196,0,0.2366,APPROVE
0.21674146,0.21936066,0,0.14805,HOLD
0.2212469,0.22296502,0,0.316,HOLD
0.381789,0.3513987,0,0.20117142857142858,HOLD
0.11656165,0.13921681,0,0.14621052631578949,APPROVE
0.35047683,0.32634896,0,0.14372,HOLD
0.32222474,0.3037473,0,0.20024,HOLD
0.105523,0.13038589,0,0.105775,APPROVE
0.6172918,0.539801,0,0.08882926829268292,HOLD
0.5076665,0.45210072,0,0.16045714285714285,HOLD
0.7948295,0.6818311,1,0.1814,REJECT
0.8070265,0.69158876,0,0.10726666666666666,REJECT
0.06529056,0.098199956,0,0.2923,APPROVE
0.39511442,0.36205903,0,0.1654782608695652,HOLD
0.38361827,0.35286212,0,0.04783333333333333,HOLD
0.107781194,0.13219245,0,0.09746666666666666,APPROVE
0.3375128,0.31597772,0,0.09666666666666666,HOLD
0.13112018,0.15086363,0,0.21990291262135922,HOLD
0.11800168,0.14036883,0,0.2588846153846154,APPROVE
0.4490628,0.40521774,0,0.23888,HOLD
0.33161205,0.31125712,0,0.12753333333333333,HOLD
0.41097203,0.37474513,0,0.123425,HOLD
0.23806487,0.2364194,0,0.13892,HOLD
0.2162897,0.21899925,0,0.18878571428571428,HOLD
0.36992675,0.3419089,0,0.13331428571428572,HOLD
0.35641804,0.33110192,0,0.19293333333333335,HOLD
0.7131207,0.6164641,0,0.1639,HOLD
0.037420418,0.07590383,0,0.17096666666666666,APPROVE
0.46404365,0.4172024,0,0.08253333333333333,HOLD
0.6688644,0.5810591,0,0.336,HOLD
0.6611333,0.57487416,0,0.16768,HOLD
0.33152798,0.3111899,0,0.40964,REJECT
0.0903032,0.118210055,0,0.29225,APPROVE
0.35733202,0.33183312,0,0.33075757575757575,HOLD
0.28719875,0.2757265,0,0.308175,HOLD
0.6865605,0.5952159,1,0.33007142857142857,HOLD
0.2964881,0.28315797,0,0.33713157894736845,HOLD
0.55822223,0.49254528,0,0.17746666666666666,HOLD
0.42537078,0.38626412,1,0.21136170212765956,HOLD
0.080225386,0.11014781,0,0.18022857142857143,APPROVE
0.3993512,0.36544847,0,0.14837142857142857,HOLD
0.023911307,0.06509655,0,0.1064,APPROVE
0.5020178,0.44758174,0,0.12526666666666667,HOLD
0.21446596,0.21754026,0,0.16403508771929826,HOLD
0.23115917,0.23089482,0,0.21605,HOLD
0.710285,0.6141955,1,0.08868,HOLD
0.7613899,0.6550795,0,0.051075,REJECT
0.118061215,0.14041647,0,0.10486666666666666,APPROVE
0.18124858,0.19096635,0,0.17763636363636365,HOLD
0.23984262,0.23784159,0,0.07685,HOLD
0.18860395,0.19685066,0,0.2375625,HOLD
0.13775718,0.15617324,0,0.2932941176470588,HOLD
0.17116198,0.18289708,0,0.1,HOLD
0.49797523,0.44434768,0,0.11121611753082176,HOLD
0.38763142,0.35607263,0,0.13933333333333334,HOLD
0.3786686,0.34890237,0,0.18123333333333333,HOLD
0.030338725,0.07023848,0,0.1,APPROVE
0.28302163,0.2723848,0,0.17468571428571428,HOLD
0.4381589,0.39649463,0,0.24307142857142858,HOLD
0.016325526,0.05902792,0,0.3666,APPROVE
0.3162522,0.29896927,0,0.40465,REJECT
0.3285909,0.30884022,0,0.1338,HOLD
0.2250676,0.22602157,0,0.3192,HOLD
0.25887468,0.25306726,0,0.07096666666666666,HOLD
0.22560015,0.22644761,0,0.148,HOLD
0.19136266,0.19905762,0,0.23221666666666665,HOLD
0.3580882,0.33243805,0,0.06666666666666667,HOLD
0.12338392,0.14467463,0,0.13657142857142857,APPROVE
0.09005323,0.11801008,0,0.27908333333333335,APPROVE
0.46290904,0.41629472,0,0.255275,HOLD
0.37153006,0.34319153,0,0.28905,HOLD
0.2578265,0.2522287,0,0.29213333333333336,HOLD
0.13104577,0.15080412,0,0.15935384615384615,HOLD
0.31357267,0.29682565,0,0.20756,HOLD
0.18973684,0.19775696,0,0.16694805194805196,HOLD
0.09373525,0.1209557,0,0.16195,APPROVE
0.049548104,0.08560599,0,0.08,APPROVE
0.6867229,0.59534585,0,0.14158823529411765,HOLD
0.2913197,0.27902326,0,0.16954285714285713,HOLD
0.46690825,0.4194941,0,0.225,HOLD
0.5621191,0.4956628,0,0.1022,HOLD
0.283555,0.2728115,0,0.21405,HOLD
0.22398874,0.22515848,0,0.18995,HOLD
0.45941618,0.41350043,0,0.30973333333333336,HOLD
0.32001257,0.30197755,0,0.125,HOLD
0.46479845,0.41780627,0,0.07526666666666666,HOLD
0.16112031,0.17486374,0,0.15002,HOLD
0.72912884,0.6292706,0,0.12946666666666667,HOLD
0.06564539,0.09848381,0,0.12352,APPROVE
0.15422659,0.16934876,0,0.0668,HOLD
0.1516771,0.16730918,0,0.17350909090909092,HOLD
0.098204255,0.124530904,0,0.33844444444444444,APPROVE
0.046815604,0.083419986,0,0.268975,APPROVE
0.58844256,0.5167216,0,0.14245714285714287,HOLD
0.5740345,0.50519514,0,0.173075,HOLD
0.26988545,0.26187587,0,0.19548148148148148,HOLD
0.15494695,0.16992506,1,0.0974,HOLD
0.36177996,0.33539146,0,0.2008076923076923,HOLD
0.27781683,0.26822096,0,0.18771428571428572,HOLD
0.12757643,0.14802864,0,0.097625,APPROVE
0.3981133,0.36445814,0,0.0542,HOLD
0.4557113,0.41053653,0,0.27136,HOLD
0.20017594,0.20610824,0,0.3243666666666667,HOLD
0.27948305,0.26955393,0,0.1,HOLD
0.11240571,0.13589206,0,0.18917142857142857,APPROVE
0.36004692,0.33400503,0,0.2239,HOLD
0.13187604,0.15146832,0,0.04411764705882353,HOLD
0.29779893,0.28420666,0,0.14308,HOLD
0.49208,0.4396315,0,0.21012,HOLD
0.48564228,0.43448132,0,0.0773953488372093,HOLD
0.44609654,0.40284473,0,0.15166666666666667,HOLD
0.3325011,0.3119684,0,0.1444875,HOLD
0.07579855,0.10660634,0,0.42847142857142856,REJECT
0.2824152,0.27189967,0,0.26693333333333336,HOLD
0.029670661,0.06970403,0,0.17979591836734693,APPROVE
0.48450965,0.4335752,0,0.14873684210526317,HOLD
0.42300862,0.38437438,0,0.2025,HOLD
0.2224227,0.22390565,0,0.29936666666666667,HOLD
0.48298883,0.43235856,0,0.2267,HOLD
0.10023323,0.12615408,0,0.12614285714285714,APPROVE
0.26213497,0.25567546,0,0.24463333333333334,HOLD
0.8205804,0.70243186,0,0.16936666666666667,REJECT
0.3315265,0.3111887,0,0.19326666666666667,HOLD
0.42327228,0.38458532,0,0.10132727272727272,HOLD
0.6385668,0.556821,0,0.0858,HOLD
0.24605069,0.24280804,0,0.19493333333333332,HOLD
0.6876654,0.59609985,0,0.13105714285714284,HOLD
0.5255442,0.4664029,0,0.1928695652173913,HOLD
0.19210218,0.19964923,0,0.3358,HOLD
0.2688196,0.2610232,0,0.08125,HOLD
0.3125415,0.29600072,0,0.04504,HOLD
0.5268735,0.46746632,0,0.05714285714285714,HOLD
0.25128028,0.24699171,0,0.19097142857142857,HOLD
0.39142415,0.3591068,0,0.29745,HOLD
0.53394634,0.47312456,0,0.17043333333333333,HOLD
0.43966612,0.3977004,0,0.08,HOLD
0.28842884,0.27671057,0,0.12121212121212122,HOLD
0.2786929,0.26892182,0,0.10246153846153847,HOLD
0.19887726,0.2050693,0,0.30873333333333336,HOLD
0.032544427,0.072003044,0,0.16496,APPROVE
0.56466395,0.49769866,0,0.2856666666666667,HOLD
0.5808391,0.51063883,0,0.35585714285714287,HOLD
0.21407907,0.21723075,0,0.23422857142857142,HOLD
0.5369458,0.47552416,0,0.10034285714285714,HOLD
0.61699253,0.53956157,0,0.263,HOLD
0.10271995,0.12814346,0,0.20113333333333333,APPROVE
0.048575606,0.08482798,0,0.09946428571428571,APPROVE
0.36054072,0.33440006,0,0.16735,HOLD
0.65282315,0.56822604,0,0.2906470588235294,HOLD
0.05685866,0.091454424,0,0.8645,REJECT
0.13648938,0.155159,0,0.25951851851851854,HOLD
0.66986233,0.5818574,0,0.21946666666666667,HOLD
0.3368576,0.31545356,0,0.10965,HOLD
0.26759267,0.26004162,0,0.5934545454545455,REJECT
0.19756134,0.20401657,0,0.18756666666666666,HOLD
0.102173164,0.12770602,0,0.2,APPROVE
0.36566135,0.33849657,0,0.14285714285714285,HOLD
0.19777746,0.20418946,0,0.1454,HOLD
0.37025845,0.34217426,0,0.24288,HOLD
0.52643305,0.46711394,0,0.10948648648648648,HOLD
0.27740857,0.26789436,0,0.25544,HOLD
0.34719282,0.32372177,0,0.13292,HOLD
0.19072725,0.19854929,0,0.09197777777777778,HOLD
0.19842911,0.20471078,0,0.1222,HOLD
0.52918524,0.46931568,1,0.16354166666666667,HOLD
0.35659155,0.33124074,0,0.16933333333333334,HOLD
0.072234645,0.10375521,0,0.4109259259259259,REJECT
0.0875351,0.11599558,0,0.1368,APPROVE
0.07748815,0.10795802,0,0.16975,APPROVE
0.2704262,0.26230848,0,0.13127272727272726,HOLD
0.6890637,0.5972185,0,0.14495,HOLD
0.5444576,0.4815336,0,0.23872,HOLD
0.35441267,0.32949764,0,0.46505,REJECT
0.73726994,0.6357835,0,0.20512,HOLD
0.18469648,0.19372468,0,0.21328,HOLD
0.09642375,0.1231065,0,0.16077142857142857,APPROVE
0.42260066,0.384048,0,0.14666666666666667,HOLD
0.31533748,0.29823747,0,0.2631428571428571,HOLD
0.08352958,0.11279116,0,0.1384375,APPROVE
0.2023394,0.20783901,0,0.17636666666666667,HOLD
0.45329568,0.40860403,0,0.22374545454545455,HOLD
0.39057618,0.35842845,0,0.1935,HOLD
0.13299985,0.15236738,0,0.17783076923076924,HOLD
0.26181766,0.25542164,0,0.05,HOLD
0.45118207,0.40691316,0,0.13155555555555556,HOLD
0.77202696,0.6635891,0,0.2682333333333333,REJECT
0.36310783,0.33645377,0,0.18426666666666666,HOLD
0.41681254,0.37941754,0,0.2190232558139535,HOLD
0.30851984,0.29278338,0,0.1566,HOLD
0.2508568,0.24665292,0,0.05714285714285714,HOLD
0.5888366,0.51703686,0,0.16685,HOLD
0.23057261,0.23042558,0,0.20486666666666667,HOLD
0.022739556,0.06415915,0,0.049019607843137254,APPROVE
0.72765505,0.6280916,0,0.086025,HOLD
0.47005337,0.42201018,0,0.1734857142857143,HOLD
0.4922312,0.43975246,0,0.1830625,HOLD
0.6200606,0.542016,0,0.14628,HOLD
0.14788398,0.16427468,0,0.1544,HOLD
0.8365519,0.71520907,0,0.18076666666666666,REJECT
0.50693107,0.45151234,0,0.2839333333333333,HOLD
0.28546715,0.27434123,0,0.22628571428571428,HOLD
0.21711867,0.21966243,0,0.5874,REJECT
0.25596708,0.25074115,0,0.1494,HOLD
0.51951987,0.46158338,0,0.2124,HOLD
0.17613424,0.18687488,0,0.199275,HOLD
0.36228263,0.3357936,0,0.11326666666666667,HOLD
0.54830533,0.48461175,0,0.1111111111111111,HOLD
0.26075044,0.25456786,0,0.20435,HOLD
0.050835986,0.08663629,1,0.25776744186046513,APPROVE
0.2847924,0.27380142,0,0.169125,HOLD
0.5489439,0.4851226,0,0.09765,HOLD
0.23146453,0.23113912,0,0.2066,HOLD
0.3090284,0.2931902,0,0.1803469387755102,HOLD
0.11485044,0.13784784,0,0.24135,APPROVE
0.2044624,0.2095374,0,0.07526666666666666,HOLD
0.18172026,0.1913437,0,0.37816666666666665,HOLD
0.52349323,0.4647621,0,0.08376,HOLD
0.054263283,0.089378126,0,0.21132142857142858,APPROVE
0.18604241,0.19480142,0,0.1356,HOLD
0.2216276,0.22326957,0,0.09,HOLD
0.1954264,0.20230861,1,0.11576,HOLD
0.29704794,0.28360584,0,0.05876470588235294,HOLD
0.44320112,0.4005284,0,0.17743333333333333,HOLD
0.13086165,0.15065682,0,0.3665,HOLD
0.60359275,0.52884173,0,0.112775,HOLD
0.17472073,0.18574408,0,0.16223333333333334,HOLD
0.34166712,0.3193012,0,0.31332,HOLD
0.41900504,0.38117152,0,0.12997142857142857,HOLD
0.29517722,0.2821093,0,0.18578260869565216,HOLD
0.50074804,0.44656593,1,0.23564,HOLD
0.5660146,0.49877918,0,0.06326666666666667,HOLD
0.25712785,0.2516698,0,0.07424444444444445,HOLD
0.6604444,0.57432306,0,0.14082758620689656,HOLD
0.17909168,0.18924083,0,0.2684666666666667,HOLD
0.6056118,0.53045696,0,0.12076666666666666,HOLD
0.33609957,0.31484714,0,0.3109142857142857,HOLD
0.4141743,0.37730694,0,0.18285,HOLD
0.11349328,0.13676211,0,0.205425,APPROVE
0.32855755,0.30881354,0,0.14232,HOLD
0.1921549,0.19969141,0,0.29788,HOLD
0.16897772,0.18114968,0,0.24782222222222222,HOLD
0.124674246,0.14570689,0,0.05091111111111111,APPROVE
0.04748058,0.083951965,0,0.08942857142857143,APPROVE
0.18787745,0.19626945,0,0.26044,HOLD
0.39620727,0.3629333,0,0.2056,HOLD
0.5276912,0.46812046,0,0.04038571428571429,HOLD
0.25622267,0.25094563,0,0.12511111111111112,HOLD
0.48408136,0.43323258,0,0.20688,HOLD
0.03108375,0.0708345,0,0.11765384615384615,APPROVE
0.27109578,0.26284412,0,0.18508333333333332,HOLD
0.49530563,0.442212,0,0.13297777777777778,HOLD
0.3671319,0.339673,1,0.13517241379310344,HOLD
0.5208242,0.46262684,0,0.1397,HOLD
0.21719334,0.21972217,0,0.295962962962963,HOLD
0.20466472,0.20969927,0,0.2495,HOLD
0.03545337,0.074330196,0,0.14917142857142857,APPROVE
0.115347944,0.13824585,0,0.1435,APPROVE
0.4461736,0.4029064,0,0.08857142857142856,HOLD
0.03618815,0.074918024,0,0.05372,APPROVE
0.3994657,0.36554006,0,0.146825,HOLD
0.19766738,0.2041014,0,0.03333333333333333,HOLD
0.17082232,0.18262535,1,0.304875,HOLD
0.7021987,0.60772645,1,0.5234,REJECT
0.68035847,0.5902543,0,0.1942,HOLD
0.2793071,0.26941317,0,0.075,HOLD
0.6099353,0.53391576,0,0.13432727272727274,HOLD
0.4258943,0.38668293,0,0.2028,HOLD
0.2427257,0.24014805,0,0.18516666666666667,HOLD
0.27118757,0.26291755,0,0.15826666666666667,HOLD
0.064813785,0.09781853,0,0.41556,REJECT
0.23164527,0.23128371,0,0.24626666666666666,HOLD
0.027615448,0.06805986,0,0.356375,APPROVE
0.26439127,0.25748053,0,0.15582857142857143,HOLD
0.40658197,0.37123308,0,0.25675,HOLD
0.28157568,0.27122805,0,0.1914,HOLD
0.5150952,0.45804363,0,0.27208823529411763,HOLD
0.022576945,0.06402906,0,0.1450909090909091,APPROVE
0.45168164,0.4073128,0,0.2344,HOLD
0.68585134,0.5946486,0,0.11765714285714286,HOLD
0.23848823,0.23675807,0,0.09605555555555556,HOLD
0.35682455,0.33142713,0,0.12151764705882354,HOLD
0.37561953,0.3464631,0,0.15834285714285715,HOLD
0.37229422,0.34380287,0,0.15974285714285713,HOLD
0.13962913,0.1576708,0,0.13128,HOLD
0.05454022,0.08959968,0,0.05714285714285714,APPROVE
0.06537502,0.09826752,0,0.08118,APPROVE
0.23035324,0.23025008,0,0.5224705882352941,REJECT
0.10359361,0.12884238,0,0.15,APPROVE
0.5335877,0.47283766,0,0.1859230769230769,HOLD
0.17771511,0.18813957,0,0.20215384615384616,HOLD
0.096779086,0.12339077,0,0.09844,APPROVE
0.36343753,0.33671752,0,0.1679142857142857,HOLD
0.285646,0.2744843,0,0.4542777777777778,REJECT
0.18400264,0.19316961,0,0.125,HOLD
0.46724737,0.41976538,0,0.15005882352941177,HOLD
0.14864406,0.16488275,0,0.08,HOLD
0.57586515,0.5066597,0,0.179375,HOLD
0.36644873,0.33912647,0,0.2271,HOLD
0.366306,0.3390123,0,0.23392,HOLD
0.576565,0.50721955,0,0.2934,HOLD
0.7009531,0.60673004,1,0.11509090909090909,HOLD
0.13668299,0.15531388,0,0.19453333333333334,HOLD
0.7170892,0.61963886,1,0.27638709677419354,HOLD
0.724374,0.6254667,0,0.14827272727272728,HOLD
0.4973392,0.44383883,0,0.16094285714285714,HOLD
0.14854379,0.16480252,0,0.20812,HOLD
0.3142296,0.29735118,0,0.36383333333333334,HOLD
0.050704654,0.08653123,0,0.10926666666666666,APPROVE
0.22691096,0.22749627,0,0.06428571428571428,HOLD
0.88671607,0.7553404,1,0.13597142857142858,REJECT
0.74437636,0.64146864,1,0.21995454545454546,HOLD
0.68355536,0.5928118,0,0.17874,HOLD
0.44300172,0.40036887,0,0.21316666666666667,HOLD
0.5483457,0.48464406,0,0.15625,HOLD
0.37273067,0.34415203,0,0.07471428571428572,HOLD
0.46626437,0.418979,0,0.15515,HOLD
0.39395037,0.3611278,0,0.3215,HOLD
0.54522634,0.48214856,1,0.09615789473684211,HOLD
0.6474111,0.5638964,0,0.12479166666666666,HOLD
0.09008074,0.11803209,0,0.09902222222222222,APPROVE
0.49320453,0.44053113,0,0.17658536585365853,HOLD
0.25527647,0.25018868,0,0.07112,HOLD
0.19669734,0.20332536,0,0.158625,HOLD
0.46541694,0.41830105,1,0.19231428571428572,HOLD
0.038096666,0.076444834,0,0.08137142857142857,APPROVE
0.2704731,0.26234597,0,0.2502666666666667,HOLD
0.2030423,0.20840134,0,0.205,HOLD
0.3030816,0.28843278,1,0.255875,HOLD
0.25664106,0.25128034,0,0.12188,HOLD
0.19711708,0.20366116,0,0.3815,HOLD
0.30639443,0.29108304,0,0.125,HOLD
0.056408037,0.091093935,0,0.075,APPROVE
0.39665863,0.3632944,0,0.33420833333333333,HOLD
0.26008883,0.25403857,0,0.14516129032258066,HOLD
0.11033239,0.13423342,0,0.338,APPROVE
0.58974355,0.51776236,0,0.12080952380952381,HOLD
0.32858723,0.3088373,0,0.08875,HOLD
0.29969046,0.28571987,0,0.2894,HOLD
0.07029377,0.10220251,0,0.0506,APPROVE
0.19931133,0.20541656,0,0.15,HOLD
0.5623064,0.49581262,0,0.13136653895274586,HOLD
0.7606377,0.6544777,0,0.11788888888888889,REJECT
0.07661506,0.10725955,0,0.28103333333333336,APPROVE
0.38935846,0.35745427,0,0.20705,HOLD
0.48487762,0.4338696,0,0.12845,HOLD
0.44117987,0.3989114,0,0.13839622641509433,HOLD
0.31528738,0.2981974,0,0.09048,HOLD
0.56461686,0.497661,0,0.2331,HOLD
0.26461926,0.25766292,1,0.1462,HOLD
0.35218978,0.32771933,0,0.2024074074074074,HOLD
0.36723936,0.339759,0,0.16566666666666666,HOLD
0.458539,0.4127987,0,0.24017857142857144,HOLD
0.58663636,0.5152766,0,0.18664,HOLD
0.47011596,0.42206025,0,0.08655,HOLD
0.26685873,0.2594545,0,0.211875,HOLD
0.13622428,0.15494692,0,0.05,HOLD
0.22839525,0.2286837,0,0.126825,HOLD
0.35280007,0.32820755,0,0.19128,HOLD
0.058387496,0.0926775,0,0.12126,APPROVE
0.56817627,0.50050855,0,0.15686666666666665,HOLD
0.055450346,0.09032778,0,0.044444444444444446,APPROVE
0.3247485,0.30576628,0,0.14352727272727273,HOLD
0.41632736,0.3790294,0,0.18,HOLD
0.36046982,0.33434334,0,0.10698672911787666,HOLD
0.2358291,0.23463078,0,0.0525,HOLD
0.24316582,0.24050015,0,0.11157142857142857,HOLD
0.14494164,0.16192082,0,0.11622857142857143,HOLD
0.32166183,0.30329695,0,0.3884,HOLD
0.0990606,0.12521598,0,0.29755,APPROVE
0.1825391,0.19199878,0,0.25334285714285715,HOLD
0.43147537,0.3911478,0,0.17557777777777778,HOLD
0.24740824,0.24389409,0,0.32768,HOLD
0.16800462,0.18037118,0,0.37394444444444447,HOLD
0.19145325,0.19913009,0,0.11994,HOLD
0.37853602,0.3487963,0,0.1554,HOLD
0.48856065,0.436816,0,0.3306545454545455,HOLD
0.39622793,0.36294985,1,0.10828,HOLD
0.24615604,0.24289232,0,0.14361428571428572,HOLD
0.69832444,0.6046271,0,0.15455,HOLD
0.26512378,0.25806653,0,0.336,HOLD
0.16928118,0.18139245,0,0.11072,HOLD
0.07452619,0.10558846,0,0.12572857142857144,APPROVE
0.30000654,0.28597274,0,0.0898,HOLD
0.19010237,0.19804938,0,0.16805,HOLD
0.45920017,0.41332763,0,0.17748,HOLD
0.045122113,0.08206519,0,0.0509,APPROVE
0.24361229,0.24085732,0,0.05366666666666667,HOLD
0.14802423,0.16438688,0,0.312425,HOLD
0.6032312,0.5285525,0,0.044033333333333334,HOLD
0.15914309,0.17328197,0,0.2596,HOLD
0.2747035,0.2657303,0,0.24246666666666666,HOLD
0.34538758,0.32227755,0,0.15,HOLD
0.7612428,0.65496176,0,0.11837142857142857,REJECT
0.07179886,0.103406586,0,0.395,APPROVE
0.16426556,0.17737994,0,0.125,HOLD
0.2745661,0.26562038,0,0.2060857142857143,HOLD
0.5344301,0.47351158,0,0.04285714285714286,HOLD
0.49036527,0.43825972,0,0.0906,HOLD
0.44989204,0.40588114,0,0.3687,HOLD
0.10725184,0.13176897,0,0.0769,APPROVE
0.7498006,0.64580804,0,0.2628,HOLD
0.059614614,0.09365919,0,0.24783333333333332,APPROVE
0.17837456,0.18866713,0,0.12,HOLD
0.7054429,0.6103219,0,0.06245,HOLD
0.23277657,0.23218875,0,0.08813333333333333,HOLD
0.09203969,0.11959926,0,0.10787272727272727,APPROVE
0.6110138,0.5347786,1,0.1554125,HOLD
0.17130536,0.18301179,0,0.0968,HOLD
0.027594203,0.06804287,0,0.25615,APPROVE
0.094471134,0.12154441,0,0.142,APPROVE
0.20582725,0.2106293,0,0.0904,HOLD
0.36519036,0.33811978,0,0.10714285714285714,HOLD
0.53217477,0.4717073,0,0.13936,HOLD
0.023655495,0.0648919,0,0.25743076923076924,APPROVE
0.07122774,0.10294969,0,0.0598375,APPROVE
0.22569682,0.22652495,0,0.134525,HOLD
0.11628038,0.1389918,0,0.3108666666666667,APPROVE
0.2646739,0.2577066,0,0.23564,HOLD
0.30573237,0.2905534,0,0.37704,HOLD
0.40699768,0.37156564,0,0.14846666666666666,HOLD
0.31609115,0.2988404,0,0.14994285714285716,HOLD
0.4547903,0.40979972,0,0.2718333333333333,HOLD
0.13496292,0.15393783,0,0.2476,HOLD
0.42217088,0.3837042,0,0.07909090909090909,HOLD
0.20610248,0.21084948,0,0.21155,HOLD
0.3228797,0.30427125,0,0.1046923076923077,HOLD
0.47892976,0.4291113,0,0.19355,HOLD
0.4533634,0.4086582,0,0.27176,HOLD
0.43498015,0.39395162,0,0.20348888888888889,HOLD
0.80680555,0.691412,0,0.24053333333333332,REJECT
0.7112708,0.61498415,1,0.1294,HOLD
0.2507555,0.24657188,0,0.16436842105263158,HOLD
0.4013605,0.3670559,0,0.23088,HOLD
0.030363183,0.07025804,0,0.10368333333333334,APPROVE
0.5210938,0.46284252,0,0.12148571428571428,HOLD
0.3688587,0.34105444,0,0.15,HOLD
0.7362944,0.63500303,0,0.10522857142857144,HOLD
0.77874076,0.66896015,0,0.09166666666666666,REJECT
0.22102216,0.22278522,0,0.21485714285714286,HOLD
0.5588158,0.49302012,0,0.20757692307692308,HOLD
0.17658767,0.18723764,0,0.12188,HOLD
0.67967,0.5897035,0,0.2581176470588235,HOLD
0.60728776,0.53179777,0,0.1238,HOLD
0.26488572,0.25787607,0,0.23392,HOLD
0.064690694,0.09772006,0,0.06967857142857142,APPROVE
0.83682716,0.71542925,0,0.11538,REJECT
0.08155411,0.111210786,0,0.22778571428571429,APPROVE
0.14219508,0.15972355,0,0.17077777777777778,HOLD
0.059763122,0.093778,0,0.2707428571428571,APPROVE
0.37190107,0.34348834,0,0.17557777777777778,HOLD
0.20266011,0.20809558,0,0.4125423728813559,REJECT
0.7598736,0.6538664,0,0.18046666666666666,REJECT
0.21350048,0.21676788,0,0.10915625,HOLD
0.31948066,0.30155203,0,0.20832,HOLD
0.5297226,0.46974555,0,0.15868,HOLD
0.20661551,0.2112599,0,0.10271111111111111,HOLD
0.61794823,0.5403261,0,0.24945,HOLD
0.77449065,0.66556007,1,0.1246,REJECT
0.22941808,0.22950196,0,0.06965625,HOLD
0.29576835,0.2825822,0,0.261,HOLD
0.675586,0.58643633,0,0.24275,HOLD
0.28452125,0.2735845,0,0.256575,HOLD
0.14087439,0.158667,0,0.10714285714285714,HOLD
0.08619978,0.11492733,0,0.2586222222222222,APPROVE
0.30694228,0.29152134,0,0.09216,HOLD
0.7292392,0.6293589,0,0.1698,HOLD
0.4550646,0.41001916,0,0.2966086956521739,HOLD
0.80998045,0.6939519,0,0.17413333333333333,REJECT
0.3332171,0.3125412,0,0.06023333333333333,HOLD
0.7170727,0.6196257,0,0.23172,HOLD
0.07299308,0.10436196,0,0.11408,APPROVE
0.55613226,0.4908733,0,0.1,HOLD
0.31961834,0.30166218,0,0.25866666666666666,HOLD
0.29092544,0.27870786,0,0.18539130434782608,HOLD
0.026646772,0.06728492,0,0.19723333333333334,APPROVE
0.14654759,0.16320556,0,0.20884,HOLD
0.48871794,0.43694186,0,0.16055172413793103,HOLD
0.69589376,0.60268253,0,0.08745714285714286,HOLD
0.2972282,0.28375006,0,0.07912,HOLD
0.18729891,0.19580662,0,0.148875,HOLD
0.18158276,0.19123371,0,0.15631111111111112,HOLD
0.25374007,0.24895956,0,0.046875,HOLD
0.21709594,0.21964425,0,0.20564285714285716,HOLD
0.5299791,0.4699508,1,0.09742,HOLD
0.45301542,0.40837982,0,0.32624,HOLD
0.019652937,0.06168985,0,0.23141666666666666,APPROVE
0.19942614,0.20550841,0,0.15452,HOLD
0.030365096,0.07025958,0,0.2692,APPROVE
0.5308339,0.4706346,0,0.32555084745762713,HOLD
0.47705686,0.427613,0,0.1074,HOLD
0.48536816,0.43426204,0,0.16552,HOLD
0.11404006,0.13719955,0,0.24021505376344085,APPROVE
0.12520586,0.14613219,0,0.05625,APPROVE
0.48607194,0.43482506,0,0.39258333333333334,HOLD
0.13314193,0.15248105,0,0.1,HOLD
0.07349839,0.10476621,0,0.4741,REJECT
0.64840454,0.5646912,0,0.19625,HOLD
0.22224358,0.22376235,0,0.08841666666666667,HOLD
0.18106647,0.19082066,0,0.12502793296089385,HOLD
0.15789825,0.1722861,0,0.1,HOLD
0.35065138,0.3264886,0,0.19970833333333332,HOLD
0.5473599,0.4838554,0,0.08638,HOLD
0.48998603,0.43795633,0,0.2298125,HOLD
0.20948808,0.21355796,0,0.19244,HOLD
0.56563133,0.49847257,0,0.09288333333333333,HOLD
0.08660576,0.115252115,0,0.18516,APPROVE
0.20498505,0.20995553,0,0.17527777777777778,HOLD
0.07348589,0.10475621,0,0.04308125,APPROVE
0.28145027,0.27112773,1,0.23796,HOLD
0.12027037,0.1421838,0,0.17926666666666666,APPROVE
0.4959787,0.44275045,0,0.12395,HOLD
0.5454027,0.48228967,0,0.18473076923076923,HOLD
0.1666036,0.17925037,0,0.25274285714285716,HOLD
0.5507668,0.48658097,0,0.1835,HOLD
0.04000098,0.077968284,0,0.04524,APPROVE
0.59153783,0.5191978,0,0.1,HOLD
0.10867106,0.13290435,0,0.12391304347826088,APPROVE
0.7447938,0.64180255,1,0.0674,HOLD
0.35529473,0.3302033,0,0.0625,HOLD
0.04193009,0.079511575,0,0.04812727272727273,APPROVE
0.3913544,0.35905102,0,0.3207333333333333,HOLD
0.534214,0.47333872,0,0.24337142857142857,HOLD
0.27992156,0.26990476,0,0.0828,HOLD
0.50782377,0.45222652,0,0.17811428571428572,HOLD
0.22445378,0.22553052,0,0.1853,HOLD
0.582285,0.5117955,0,0.2847448979591837,HOLD
0.51251316,0.45597804,0,0.22373333333333334,HOLD
0.3963367,0.36303687,0,0.15372,HOLD
0.74751425,0.64397895,0,0.12611111111111112,HOLD
0.24366944,0.24090303,0,0.1768,HOLD
0.24172838,0.2393502,0,0.18648387096774194,HOLD
0.26081744,0.25462145,0,0.11543333333333333,HOLD
0.4721347,0.42367527,0,0.10908,HOLD
0.1308546,0.15065119,0,0.12448648648648648,HOLD
0.28526074,0.2741761,0,0.2564736842105263,HOLD
0.27108258,0.26283357,0,0.19274285714285713,HOLD
0.21248841,0.21595822,0,0.11489189189189189,HOLD
0.14005218,0.15800925,0,0.19725714285714285,HOLD
0.33161762,0.3112616,0,0.098,HOLD
0.24268958,0.24011916,0,0.32312,HOLD
0.15837958,0.17267115,1,0.14352,HOLD
0.31081414,0.29461882,0,0.25143333333333334,HOLD
0.4457243,0.40254694,0,0.11193333333333333,HOLD
0.18575941,0.19457503,0,0.1953888888888889,HOLD
0.41801625,0.3803805,0,0.2384,HOLD
0.24751289,0.2439778,0,0.4832,REJECT
0.34027746,0.31818947,0,0.21235714285714286,HOLD
0.18614443,0.19488303,0,0.20606666666666668,HOLD
0.23430243,0.23340943,0,0.2327142857142857,HOLD
0.6182812,0.5405925,0,0.3713529411764706,HOLD
0.4700798,0.42203134,0,0.2318181818181818,HOLD
0.31836057,0.30065596,0,0.23751020408163265,HOLD
0.2760235,0.2667863,0,0.397,HOLD
0.15579402,0.17060271,0,0.13,HOLD
0.32713777,0.30767772,0,0.16013333333333332,HOLD
0.6253514,0.5462487,0,0.152875,HOLD
0.38784623,0.35624447,0,0.12546666666666667,HOLD
0.43881616,0.39702043,0,0.18952,HOLD
0.2573217,0.25182486,0,0.22033333333333333,HOLD
0.24236555,0.23985994,0,0.16835,HOLD
0.30442795,0.28950986,0,0.22688,HOLD
0.05934006,0.09343955,0,0.13157894736842105,APPROVE
0.24082074,0.23862408,0,0.11608333333333333,HOLD
0.18974108,0.19776036,0,0.103175,HOLD
0.7349169,0.63390106,0,0.13333333333333333,HOLD
0.41653195,0.37919307,0,0.16972222222222222,HOLD
0.525802,0.46660912,1,0.09523809523809523,HOLD
0.28622556,0.27494794,0,0.15,HOLD
0.14404479,0.16120332,0,0.21552,HOLD
0.1397503,0.15776774,0,0.19236666666666666,HOLD
0.27314585,0.2644842,0,0.09411428571428572,HOLD
0.34344813,0.320726,0,0.07558181818181818,HOLD
0.75588894,0.6506787,1,0.12313333333333333,REJECT
0.2575616,0.25201678,0,0.1772125,HOLD
0.3576725,0.33210552,0,0.13907894736842105,HOLD
0.5038918,0.44908094,1,0.062,HOLD
0.45452452,0.40958712,0,0.0695,HOLD
0.17721464,0.18773921,0,0.14608,HOLD
0.7351383,0.63407815,0,0.024894736842105265,HOLD
0.18221486,0.19173938,0,0.141375,HOLD
0.035297856,0.074205786,0,0.075,APPROVE
0.24326956,0.24058314,0,0.42683333333333334,REJECT
0.054220673,0.08934404,0,0.19566666666666666,APPROVE
0.2835462,0.27280447,0,0.10976,HOLD
0.396779,0.36339068,0,0.08793333333333334,HOLD
0.30157506,0.28722754,0,0.19225714285714285,HOLD
0.5189133,0.46109816,0,0.46032,REJECT
0.57336396,0.5046587,0,0.1420875,HOLD
0.17177898,0.18339068,0,0.10309278350515463,HOLD
0.094302274,0.12140932,0,0.08885,APPROVE
0.11200701,0.1355731,0,0.18906666666666666,APPROVE
0.06383259,0.09703357,0,0.14455,APPROVE
0.5471981,0.483726,0,0.116675,HOLD
0.4530417,0.40840086,0,0.16110526315789472,HOLD
0.30815282,0.29248977,0,0.09886666666666667,HOLD
0.06643608,0.09911636,0,0.4568846153846154,REJECT
0.45292258,0.40830556,0,0.17262,HOLD
0.6652432,0.5781621,0,0.17095238095238094,HOLD
0.6003916,0.5262808,0,0.08571428571428572,HOLD
0.14736333,0.16385816,0,0.08333333333333333,HOLD
0.7184469,0.62072504,0,0.123775,HOLD
0.10973267,0.13375363,0,0.14655555555555555,APPROVE
0.1728153,0.18421973,0,0.1295111111111111,HOLD
0.7947508,0.6817682,0,0.17996491228070174,REJECT
0.44355375,0.40081048,0,0.17103333333333334,HOLD
0.29722807,0.28374997,0,0.16703333333333334,HOLD
0.6015962,0.5272445,0,0.07636666666666667,HOLD
0.13917628,0.15730852,0,0.21175,HOLD
0.48932213,0.4374252,0,0.18024,HOLD
0.39996484,0.36593938,0,0.27978,HOLD
0.13428694,0.15339705,0,0.43266666666666664,REJECT
0.4373129,0.39581782,0,0.135675,HOLD
0.32956487,0.3096194,0,0.19484,HOLD
0.5594759,0.4935482,0,0.06583333333333333,HOLD
0.30728891,0.29179862,0,0.12478,HOLD
0.7586327,0.6528737,0,0.20113333333333333,REJECT
0.15906239,0.1732174,0,0.35088,HOLD
0.014195816,0.057324152,0,0.37577777777777777,APPROVE
0.047609292,0.08405494,0,0.06875,APPROVE
0.234961,0.2339363,0,0.2058,HOLD
0.49354872,0.44080648,0,0.12166,HOLD
0.16994324,0.1819221,0,0.16176470588235295,HOLD
0.6559146,0.5706992,0,0.08848,HOLD
0.19248763,0.1999576,0,0.11,HOLD
0.5695871,0.5016372,0,0.12040740740740741,HOLD
0.7387935,0.63700235,0,0.13188571428571427,HOLD
0.39741352,0.3638983,0,0.16384,HOLD
0.3335975,0.3128455,0,0.06244736842105263,HOLD
0.30462587,0.2896682,0,0.04385,HOLD
0.34376916,0.3209828,0,0.34571111111111114,HOLD
0.574355,0.50545156,0,0.130025,HOLD
0.58545005,0.5143276,0,0.19531428571428572,HOLD
0.025379235,0.06627089,0,0.11666666666666667,APPROVE
0.32947928,0.3095509,0,0.277,HOLD
0.33591607,0.31470037,0,0.15228571428571427,HOLD
0.31035855,0.29425433,0,0.10869565217391304,HOLD
0.69299453,0.60036314,0,0.3602,HOLD
0.078238726,0.10855848,0,0.14788,APPROVE
0.57316303,0.50449795,0,0.18563157894736843,HOLD
0.6406362,0.5584765,0,0.3002941176470588,HOLD
0.8640629,0.73721784,1,0.2381,REJECT
0.562086,0.49563628,1,0.13333333333333333,HOLD
0.380266,0.3501803,0,0.23069767441860464,HOLD
0.23248507,0.23195554,0,0.1803191489361702,HOLD
0.6292016,0.5493288,0,0.20956521739130435,HOLD
0.41288555,0.37627593,0,0.1083,HOLD
0.5219114,0.4634966,0,0.10836666666666667,HOLD
0.35503596,0.32999626,0,0.312,HOLD
0.025804084,0.06661077,0,0.051,APPROVE
0.09556834,0.122422166,0,0.3502727272727273,APPROVE
0.3145037,0.29757047,0,0.22613333333333333,HOLD
0.27994496,0.26992348,0,0.10506666666666667,HOLD
0.5735497,0.5048073,0,0.1631,HOLD
0.22473736,0.22575738,0,0.07264,HOLD
0.65833837,0.5726382,0,0.07294285714285714,HOLD
0.32328257,0.30459356,0,0.07188888888888889,HOLD
0.10526089,0.13017622,0,0.20968571428571428,APPROVE
0.053328056,0.088629946,0,0.4051111111111111,REJECT
0.08330587,0.112612195,0,0.3888333333333333,APPROVE
0.25456816,0.24962202,0,0.2332,HOLD
0.07460874,0.1056545,0,0.06524,APPROVE
0.7018904,0.6074799,0,0.1675357142857143,HOLD
0.03325543,0.072571844,0,0.13655172413793104,APPROVE
0.07537793,0.106269844,0,0.11973333333333333,APPROVE
0.13183197,0.15143308,0,0.02857142857142857,HOLD
0.41903844,0.38119826,0,0.2219,HOLD
0.23593734,0.23471737,0,0.11613333333333334,HOLD
0.61847985,0.5407514,0,0.06383333333333334,HOLD
0.42117018,0.38290364,1,0.2104054054054054,HOLD
0.22343843,0.22471823,0,0.1652,HOLD
0.49755323,0.44401008,0,0.0896,HOLD
0.2550169,0.249981,0,0.04,HOLD
0.45801646,0.41238067,0,0.06696666666666666,HOLD
0.07459079,0.105640136,0,0.25634,APPROVE
0.33452377,0.3135865,0,0.2964,HOLD
0.7181106,0.62045604,0,0.22816666666666666,HOLD
0.05021242,0.08613744,0,0.18566666666666667,APPROVE
0.1479508,0.16432813,0,0.1954,HOLD
0.45986378,0.41385853,0,0.15078947368421053,HOLD
0.45471478,0.40973932,0,0.21537931034482757,HOLD
0.39229035,0.35979977,0,0.3289130434782609,HOLD
0.23457858,0.23363036,0,0.11936,HOLD
0.1375127,0.15597765,0,0.2082,HOLD
0.33465335,0.3136902,0,0.2643142857142857,HOLD
0.3058436,0.29064238,0,0.06666666666666667,HOLD
0.56005985,0.49401537,0,0.17595454545454545,HOLD
0.35507947,0.33003107,0,0.140675,HOLD
0.74453837,0.6415982,0,0.3622,HOLD
0.26656547,0.25921988,0,0.22472,HOLD
0.45912033,0.41326377,1,0.18529166666666666,HOLD
0.80953115,0.6935924,1,0.13906666666666667,REJECT
0.45027408,0.40618676,0,0.24464,HOLD
0.07584705,0.106645145,0,0.17557142857142857,APPROVE
0.43567005,0.39450353,0,0.18756363636363638,HOLD
0.17731696,0.18782106,0,0.12976,HOLD
0.6518009,0.5674082,0,0.2432,HOLD
0.12977977,0.14979132,0,0.311075,APPROVE
0.5372504,0.47576782,0,0.1583125,HOLD
0.73969936,0.637727,1,0.2913,HOLD
0.552752,0.4881691,0,0.1,HOLD
0.27185518,0.26345164,0,0.1574074074074074,HOLD
0.7385488,0.6368066,1,0.09004444444444444,HOLD
0.4660048,0.41877133,0,0.22452,HOLD
0.36265182,0.33608896,0,0.19091666666666668,HOLD
0.43668413,0.3953148,0,0.2828,HOLD
0.7937844,0.68099505,0,0.1456,REJECT
0.35752016,0.33198363,0,0.13476470588235295,HOLD
0.12901887,0.14918259,0,0.04930909090909091,APPROVE
0.43602672,0.39478886,0,0.22496666666666668,HOLD
0.14695024,0.1635277,0,0.12162162162162163,HOLD
0.20414099,0.20928028,0,0.21035,HOLD
0.056124706,0.090867266,0,0.3663888888888889,APPROVE
0.57078743,0.5025975,0,0.224,HOLD
0.41614237,0.3788814,0,0.15074545454545454,HOLD
0.1573848,0.17187533,0,0.1820625,HOLD
0.27934527,0.26944372,0,0.05511428571428571,HOLD
0.60080785,0.52661383,0,0.15276,HOLD
0.042473745,0.079946496,0,0.1,APPROVE
0.36758858,0.34003836,0,0.1376,HOLD
0.108505964,0.13277227,0,0.32811111111111113,APPROVE
0.57420224,0.5053293,0,0.12188,HOLD
0.30201152,0.2875767,0,0.1710952380952381,HOLD
0.09509591,0.12204423,0,0.39613333333333334,APPROVE
0.04583837,0.0826382,0,0.11187058823529412,APPROVE
0.1853109,0.1942162,0,0.42657142857142855,REJECT
0.484792,0.43380108,0,0.42408602150537633,REJECT
0.09466446,0.12169907,0,0.107,APPROVE
0.5334548,0.47273132,0,0.1111111111111111,HOLD
0.48951894,0.43758264,0,0.20885714285714285,HOLD
0.11865009,0.14088757,0,0.09,APPROVE
0.3184872,0.30075726,0,0.15922857142857144,HOLD
0.3296359,0.3096762,0,0.07282142857142856,HOLD
0.21164797,0.21528587,0,0.2412280701754386,HOLD
0.26627463,0.25898722,0,0.0884,HOLD
0.2535172,0.24878126,0,0.2637111111111111,HOLD
0.24654064,0.2432,0,0.16694285714285714,HOLD
0.54936725,0.4854613,0,0.11018518518518519,HOLD
0.20578589,0.2105962,0,0.0631,HOLD
0.21368343,0.21691424,0,0.040325,HOLD
0.3663482,0.33904606,0,0.075,HOLD
0.33997288,0.3179458,1,0.24764,HOLD
0.082660526,0.11209593,0,0.1484875,APPROVE
0.18558708,0.19443716,0,0.1556,HOLD
0.31406006,0.29721555,0,0.11,HOLD
0.24059105,0.23844033,0,0.1432,HOLD
0.25565532,0.25049177,0,0.27162857142857144,HOLD
0.12851793,0.14878184,0,0.2853333333333333,APPROVE
0.22303393,0.22439463,0,0.21145,HOLD
0.33484966,0.3138472,0,0.2219,HOLD
0.14768334,0.16411416,0,0.2128076923076923,HOLD
0.43458688,0.393637,0,0.1814,HOLD
0.035522874,0.0743858,0,0.2871,APPROVE
0.7373969,0.63588506,1,0.21744,HOLD
0.2786726,0.26890558,0,0.32375,HOLD
0.58099544,0.5107639,0,0.14616,HOLD
0.044095766,0.08124412,0,0.13636363636363635,APPROVE
0.4127913,0.37620056,1,0.2120625,HOLD
0.5404692,0.4783429,1,0.23333333333333334,HOLD
0.22897467,0.22914723,0,0.1068888888888889,HOLD
0.36578223,0.33859327,0,0.125,HOLD
0.4027467,0.36816487,0,0.13636,HOLD
0.26310235,0.25644937,0,0.08125,HOLD
0.39569294,0.36252186,0,0.18543333333333334,HOLD
0.17648013,0.1871516,0,0.38072,HOLD
0.16795707,0.18033315,0,0.20072222222222222,HOLD
0.4452071,0.40213317,0,0.07143333333333333,HOLD
0.38949037,0.3575598,0,0.2880333333333333,HOLD
0.28446147,0.27353668,0,0.39345454545454545,HOLD
0.3531921,0.32852116,0,0.2325625,HOLD
0.33889636,0.31708458,0,0.1375,HOLD
0.13652885,0.15519057,0,0.13052,HOLD
0.29855174,0.2848089,0,0.1975,HOLD
0.2264854,0.22715582,0,0.1,HOLD
0.3035112,0.28877646,0,0.1571076923076923,HOLD
0.67978877,0.58979857,0,0.16562857142857143,HOLD
0.70596343,0.6107383,1,0.13613333333333333,HOLD
0.59166265,0.51929766,0,0.2253,HOLD
0.121880926,0.14347224,0,0.16482857142857144,APPROVE
0.4083302,0.37263167,0,0.159,HOLD
0.47963944,0.42967904,0,0.21076190476190476,HOLD
0.1427648,0.16017935,0,0.055,HOLD
0.15741916,0.17190282,0,0.1708,HOLD
0.3889432,0.35712206,0,0.257825,HOLD
0.3329818,0.31235293,0,0.12966666666666668,HOLD
0.306504,0.29117072,0,0.0833,HOLD
0.48116094,0.43089625,1,0.29676,HOLD
0.40815845,0.37249425,0,0.16117142857142858,HOLD
0.5662761,0.49898836,0,0.1566,HOLD
0.33193457,0.31151515,0,0.04875,HOLD
0.19505359,0.20201036,0,0.13008,HOLD
0.11241441,0.13589902,0,0.180975,APPROVE
0.660569,0.5744227,0,0.2302,HOLD
0.17559059,0.18643996,0,0.125,HOLD
0.19489858,0.20188636,0,0.19572,HOLD
0.33629876,0.3150065,0,0.15385,HOLD
0.3991417,0.36528087,0,0.16666666666666666,HOLD
0.17727077,0.1877841,0,0.17680412371134022,HOLD
0.11408798,0.13723788,0,0.24828571428571428,APPROVE
0.47486952,0.42586312,0,0.07425714285714285,HOLD
0.045560766,0.08241611,0,0.1854,APPROVE
0.21380211,0.21700919,0,0.09391428571428571,HOLD
0.74556386,0.6424186,1,0.1506875,HOLD
0.5395507,0.47760808,0,0.1346,HOLD
0.66391957,0.5771032,1,0.09857894736842106,HOLD
0.739659,0.6376947,0,0.2870666666666667,HOLD
0.23214264,0.2316816,0,0.05626,HOLD
0.33937263,0.3174656,0,0.15,HOLD
0.30105326,0.2868101,0,0.096,HOLD
0.29048425,0.2783549,0,0.14751515151515152,HOLD
0.40408167,0.36923283,0,0.080525,HOLD
0.6171431,0.53968203,0,0.37833333333333335,HOLD
0.5231048,0.4644513,0,0.16924,HOLD
0.3505552,0.32641166,0,0.17582857142857142,HOLD
0.12639911,0.14708678,0,0.09259090909090908,APPROVE
0.27200887,0.2635746,0,0.09432222222222222,HOLD
0.4192586,0.38137436,0,0.0759375,HOLD
0.09077194,0.11858506,0,0.0945,APPROVE
0.097575784,0.124028124,0,0.13374,APPROVE
0.44938305,0.40547395,0,0.18,HOLD
0.5281811,0.46851236,1,0.2126,HOLD
0.1415236,0.15918638,0,0.131975,HOLD
0.7788991,0.6690868,0,0.16776,REJECT
0.2664369,0.25911704,0,0.1653,HOLD
0.28525102,0.2741683,0,0.3944666666666667,HOLD
0.3543567,0.32945287,1,0.22236,HOLD
0.1885853,0.19683573,0,0.16380555555555557,HOLD
0.2472618,0.24377693,0,0.10592727272727273,HOLD
0.16982688,0.18182899,0,0.11754,HOLD
0.3911333,0.35887414,0,0.16651428571428573,HOLD
0.3242387,0.30535844,0,0.15413333333333334,HOLD
0.049954485,0.085931085,0,0.3907777777777778,APPROVE
0.29955742,0.28561345,0,0.1134,HOLD
0.37255788,0.3440138,0,0.12228571428571429,HOLD
0.19331148,0.20061667,0,0.16065,HOLD
0.29871818,0.28494206,0,0.0628,HOLD
0.2153389,0.2182386,0,0.14285714285714285,HOLD
0.6963818,0.603073,0,0.155,HOLD
0.70926124,0.6133765,1,0.1843421052631579,HOLD
0.17452668,0.18558884,0,0.08571428571428572,HOLD
0.34807983,0.32443136,0,0.10205555555555555,HOLD
0.14206338,0.1596182,0,0.15461818181818182,HOLD
0.21103218,0.21479324,0,0.03125,HOLD
0.23638922,0.23507887,1,0.08,HOLD
0.42672205,0.38734514,0,0.1674090909090909,HOLD
0.3470255,0.3235879,0,0.28752941176470587,HOLD
0.56128764,0.49499762,1,0.16645714285714286,HOLD
0.069775075,0.10178756,0,0.31423809523809526,APPROVE
0.26874366,0.26096243,0,0.08641095890410959,HOLD
0.42691422,0.38749886,0,0.2427,HOLD
0.07406946,0.10522307,0,0.0844,APPROVE
0.3178702,0.30026364,1,0.05545,HOLD
0.22227354,0.22378632,0,0.3179642857142857,HOLD
0.7358308,0.6346322,1,0.14182,HOLD
0.38991007,0.35789555,0,0.115,HOLD
0.16499758,0.17796555,0,0.27325,HOLD
0.70262337,0.6080662,0,0.16094285714285714,HOLD
0.39239597,0.35988426,0,0.04711428571428571,HOLD
0.23199266,0.23156162,0,0.19895,HOLD
0.51382715,0.45702922,0,0.2453448275862069,HOLD
0.30045074,0.2863281,0,0.07,HOLD
0.14124385,0.15896258,0,0.19025,HOLD
0.27406168,0.26521686,0,0.13226153846153846,HOLD
0.7056495,0.6104871,0,0.197525,HOLD
0.37364826,0.3448861,0,0.1953,HOLD
0.4322392,0.39175886,0,0.08295,HOLD
0.22761323,0.22805807,0,0.20383333333333334,HOLD
0.15619163,0.1709208,0,0.2363888888888889,HOLD
0.29523483,0.28215536,0,0.05442,HOLD
0.57287997,0.5042715,0,0.06666666666666667,HOLD
0.2725798,0.26403132,0,0.22336,HOLD
0.5143184,0.45742223,1,0.2586,HOLD
0.17211746,0.18366146,0,0.09960556844547563,HOLD
0.2639632,0.25713804,1,0.05714285714285714,HOLD
0.500464,0.4463387,0,0.0634625,HOLD
0.053862512,0.08905751,0,0.08561363636363636,APPROVE
0.13257258,0.15202555,0,0.19366666666666665,HOLD
0.11168212,0.13531318,0,0.1063,APPROVE
0.084298685,0.11340646,0,0.08333333333333333,APPROVE
0.12523887,0.14615859,0,0.2210625,APPROVE
0.14370482,0.16093135,0,0.18552,HOLD
0.37914538,0.3492838,0,0.18312121212121213,HOLD
0.33030352,0.31021032,0,0.30964,HOLD
0.615074,0.53802675,0,0.211575,HOLD
0.3595639,0.3336186,0,0.1792758620689655,HOLD
0.872395,0.7438835,0,0.15536,REJECT
0.012492117,0.055961195,0,0.1357857142857143,APPROVE
0.009827494,0.053829495,0,0.1336,APPROVE
0.097575955,0.12402827,0,0.1875,APPROVE
0.21064095,0.21448025,0,0.08638,HOLD
0.29579118,0.28260043,0,0.3447,HOLD
0.19674204,0.20336112,0,0.23103333333333334,HOLD
0.542308,0.47981387,0,0.14055,HOLD
0.294427,0.2815091,0,0.15773333333333334,HOLD
0.06988253,0.101873524,0,0.10513793103448275,APPROVE
0.01693251,0.05951351,0,0.23358571428571429,APPROVE
0.6620532,0.5756101,0,0.1724,HOLD
0.23193748,0.23151748,0,0.13033333333333333,HOLD
0.29062882,0.27847055,0,0.16312,HOLD
0.72620976,0.62693536,0,0.09345833333333334,HOLD
0.51098216,0.45475322,1,0.19617142857142858,HOLD
0.06287572,0.09626808,0,0.12716666666666668,APPROVE
0.20599721,0.21076526,0,0.06340229885057472,HOLD
0.12568514,0.14651561,0,0.15704,APPROVE
0.16169912,0.17532678,0,0.12162162162162163,HOLD
0.6754279,0.58630985,0,0.29592,HOLD
0.19325307,0.20056994,0,0.2596,HOLD
0.45336363,0.4086584,0,0.099525,HOLD
0.2630982,0.25644606,0,0.1468,HOLD
0.6422531,0.55977,0,0.20106666666666667,HOLD
0.47235,0.4238475,0,0.232525,HOLD
0.26141223,0.2550973,0,0.2676,HOLD
0.327913,0.30829787,0,0.0762,HOLD
0.46648446,0.41915506,0,0.04422,HOLD
0.035432097,0.07431318,0,0.046766666666666665,APPROVE
0.80258846,0.6880383,1,0.30437142857142857,REJECT
0.4862578,0.43497372,1,0.075,HOLD
0.62273854,0.5441584,0,0.21755,HOLD
0.7731655,0.66449994,0,0.07845714285714285,REJECT
0.5651684,0.4981022,0,0.05405405405405406,HOLD
0.2504531,0.24632998,0,0.27832,HOLD
0.17520526,0.1861317,0,0.1081625,HOLD
0.28396106,0.27313635,0,0.10387179487179488,HOLD
0.43206617,0.39162043,0,0.14285714285714285,HOLD
0.6876811,0.5961124,0,0.18666666666666668,HOLD
0.09334355,0.12064234,0,0.09983333333333333,APPROVE
0.5999175,0.5259015,0,0.135625,HOLD
0.4682143,0.42053893,1,0.0989,HOLD
0.42834932,0.38864696,0,0.14466666666666667,HOLD
0.36998567,0.34195602,0,0.25252,HOLD
0.6872729,0.59578586,0,0.169825,HOLD
0.1919735,0.19954629,0,0.12955,HOLD
0.6521839,0.56771463,1,0.20118,HOLD
0.043495335,0.080763765,0,0.08811111111111111,APPROVE
0.17690884,0.18749456,0,0.085825,HOLD
0.0048938626,0.04988259,0,0.1652375,APPROVE
0.7974354,0.68391585,1,0.19396666666666668,REJECT
0.19106823,0.19882208,0,0.19077777777777777,HOLD
0.32851055,0.30877593,0,0.09631666666666666,HOLD
0.5516928,0.48732173,0,0.2314857142857143,HOLD
0.17301299,0.18437788,0,0.17986666666666667,HOLD
0.11524529,0.13816373,0,0.03,APPROVE
0.1628125,0.1762175,0,0.14976,HOLD
0.2992077,0.28533366,0,0.23367875647668393,HOLD
0.17970078,0.18972811,0,0.21132,HOLD
0.37762457,0.34806716,0,0.2851666666666667,HOLD
0.63698184,0.555553,1,0.10723333333333333,HOLD
0.63833445,0.5566351,1,0.2550857142857143,HOLD
0.44590592,0.40269223,0,0.22272,HOLD
0.5974794,0.52395105,0,0.19878,HOLD
0.52299076,0.46436012,0,0.20968571428571428,HOLD
0.4166509,0.3792882,0,0.23785,HOLD
0.3001573,0.28609335,0,0.11937037037037038,HOLD
0.09764303,0.12408193,0,0.10714285714285714,APPROVE
0.48323068,0.43255204,0,0.0875,HOLD
0.2413204,0.23902382,0,0.21770588235294117,HOLD
0.33780417,0.31621084,0,0.17833333333333334,HOLD
0.56825024,0.50056773,0,0.29205263157894734,HOLD
0.42434612,0.3854444,0,0.13679166666666667,HOLD
0.30158958,0.28723916,0,0.1942,HOLD
0.29225597,0.27977228,0,0.17142857142857143,HOLD
0.04892026,0.08510371,0,0.1751,APPROVE
0.50777715,0.4521892,0,0.16218333333333335,HOLD
0.48326486,0.4325794,0,0.2881666666666667,HOLD
0.2694013,0.26148856,0,0.2255,HOLD
0.19527541,0.20218782,0,0.08083720930232559,HOLD
0.25852254,0.25278553,0,0.10873333333333333,HOLD
0.33186027,0.31145573,0,0.36695,HOLD
0.59814644,0.5244847,0,0.062433333333333334,HOLD
0.18169749,0.19132549,0,0.16509375,HOLD
0.28198534,0.27155578,0,0.1392,HOLD
0.2155438,0.21840253,0,0.3517,HOLD
0.47026882,0.42218256,0,0.09293333333333334,HOLD
0.08785758,0.11625356,0,0.16326666666666667,APPROVE
0.39890635,0.36509258,0,0.2051291512915129,HOLD
0.3395602,0.31761566,0,0.19644,HOLD
0.32060844,0.30245423,0,0.1941,HOLD
0.31749767,0.29996562,0,0.21511111111111111,HOLD
0.5535612,0.48881647,0,0.29956666666666665,HOLD
0.21419527,0.2173237,0,0.0576,HOLD
0.37792674,0.3483089,0,0.1,HOLD
0.19674455,0.20336314,0,0.13625714285714285,HOLD
0.52662617,0.46726844,0,0.19472,HOLD
0.58314687,0.512485,1,0.224925,HOLD
0.72069144,0.6225207,0,0.28246666666666664,HOLD
0.53097993,0.47075143,0,0.08488888888888889,HOLD
0.27466753,0.26570153,0,0.275,HOLD
0.7976012,0.68404853,0,0.090325,REJECT
0.34416467,0.32129923,0,0.19305,HOLD
0.5290985,0.4692463,0,0.23924,HOLD
0.22798064,0.22835201,0,0.28158823529411764,HOLD
0.43677774,0.39538968,1,0.11408571428571429,HOLD
0.12853867,0.14879844,0,0.17422,APPROVE
0.055245016,0.090163514,0,0.0735,APPROVE
0.2953635,0.2822583,0,0.0655,HOLD
0.31155583,0.29521218,0,0.36299281584019627,HOLD
0.19867617,0.20490843,0,0.21972,HOLD
0.42912155,0.38926473,0,0.12546666666666667,HOLD
0.5450066,0.48197275,0,0.12668333333333334,HOLD
0.55845714,0.4927332,1,0.2266,HOLD
0.24508303,0.24203391,0,0.1,HOLD
0.41096526,0.3747397,0,0.14004,HOLD
0.83725375,0.71577054,0,0.2238857142857143,REJECT
0.39279777,0.3602057,1,0.191,HOLD
0.10157254,0.12722553,0,0.13776923076923078,APPROVE
0.01819421,0.06052287,0,0.2,APPROVE
0.24497461,0.24194719,0,0.04583333333333333,HOLD
0.53457737,0.4736294,0,0.3262,HOLD
0.3329069,0.31229302,0,0.143175,HOLD
0.2467636,0.24337837,0,0.11928,HOLD
0.49478075,0.4417921,0,0.2668,HOLD
0.3239934,0.30516222,0,0.06,HOLD
0.41906938,0.381223,0,0.19356,HOLD
0.2986175,0.2848615,0,0.10619402985074627,HOLD
0.46437967,0.41747123,0,0.1909,HOLD
0.28653178,0.27519292,0,0.075,HOLD
0.3964354,0.36311582,0,0.1752,HOLD
0.28624365,0.27496243,1,0.21573333333333333,HOLD
0.03539413,0.0742828,0,0.16231428571428572,APPROVE
0.25122195,0.24694505,0,0.1883,HOLD
0.24342787,0.2407098,0,0.10918181818181819,HOLD
0.2448309,0.24183221,0,0.14444444444444443,HOLD
0.38050103,0.35036832,0,0.17265714285714287,HOLD
0.15002087,0.16598418,0,0.19977777777777778,HOLD
0.71903294,0.6211939,0,0.11082857142857143,HOLD
0.23338641,0.23267663,0,0.13541666666666666,HOLD
0.39223173,0.3597529,0,0.08558,HOLD
0.45765942,0.41209504,0,0.09986,HOLD
0.14257246,0.16002546,0,0.3516666666666667,HOLD
0.77784455,0.66824317,0,0.296075,REJECT
0.60184216,0.52744126,0,0.1111111111111111,HOLD
0.15809992,0.17244743,0,0.0254,HOLD
0.29551414,0.28237882,0,0.07990909090909092,HOLD
0.4201274,0.3820694,0,0.18776666666666667,HOLD
0.61737305,0.539866,0,0.16666666666666666,HOLD
0.34794277,0.32432172,0,0.16352173913043477,HOLD
0.1596826,0.17371358,0,0.04302857142857143,HOLD
0.19463526,0.2016757,0,0.09145,HOLD
0.77701837,0.6675822,0,0.0912,REJECT
0.0868337,0.11543446,0,0.200625,APPROVE
0.3187697,0.30098325,0,0.1,HOLD
0.7569032,0.6514901,0,0.20422857142857143,REJECT
0.72116596,0.6229003,0,0.18602222222222223,HOLD
0.23114222,0.23088127,0,0.09465384615384616,HOLD
0.13965647,0.15769267,0,0.13636363636363635,HOLD
0.47917965,0.42931122,0,0.08736842105263158,HOLD
0.0050286045,0.049990386,0,0.1762142857142857,APPROVE
0.15889408,0.17308275,0,0.2352,HOLD
0.29133067,0.27903202,0,0.4451875,REJECT
0.86975753,0.74177355,0,0.23988,REJECT
0.12653717,0.14719723,0,0.10394285714285714,APPROVE
0.27936924,0.26946288,0,0.10615555555555556,HOLD
0.3381003,0.31644773,0,0.1162,HOLD
0.44882032,0.40502375,0,0.24732,HOLD
0.18194659,0.19152476,0,0.0432037037037037,HOLD
0.51299363,0.4563624,0,0.2200888888888889,HOLD
0.18177529,0.19138773,0,0.33379166666666665,HOLD
0.46452284,0.41758576,0,0.3045428571428571,HOLD
0.8328727,0.7122657,0,0.97696,REJECT
0.63254416,0.55200285,0,0.2608333333333333,HOLD
0.21207072,0.21562406,0,0.17312,HOLD
0.35754883,0.33200657,0,0.48975,REJECT
0.36038306,0.33427393,0,0.28135,HOLD
0.15932052,0.1734239,0,0.10988888888888888,HOLD
0.62598014,0.5467516,0,0.10902941176470589,HOLD
0.32017374,0.3021065,0,0.0719,HOLD
0.75336367,0.64865845,1,0.199,HOLD
0.24699596,0.24356426,0,0.15273333333333333,HOLD
0.71435696,0.6174531,0,0.1168421052631579,HOLD
0.14017272,0.15810567,0,0.33694117647058824,HOLD
0.7397257,0.6377481,0,0.19326666666666667,HOLD
0.75410837,0.6492542,1,0.2718333333333333,HOLD
0.35625795,0.33097386,0,0.08,HOLD
0.13812739,0.1564694,0,0.18877142857142856,HOLD
0.091156065,0.11889235,0,0.14,APPROVE
0.5218263,0.46342856,1,0.17542222222222223,HOLD
0.49457055,0.44162393,0,0.15226666666666666,HOLD
0.62079823,0.5426061,0,0.162,HOLD
0.45418653,0.40931672,0,0.173225,HOLD
0.27814016,0.26847962,0,0.21717777777777778,HOLD
0.13449304,0.15356192,0,0.2207,HOLD
0.88906956,0.7572232,0,0.21788888888888888,REJECT
0.34685266,0.3234496,0,0.2409,HOLD
0.07949219,0.10956126,0,0.20989333333333332,APPROVE
0.23308334,0.23243417,0,0.33948,HOLD
0.61955065,0.54160804,0,0.40964,REJECT
0.52140033,0.46308777,0,0.148575,HOLD
0.39037234,0.35826537,0,0.30836363636363634,HOLD
0.28847322,0.27674606,0,0.13333333333333333,HOLD
0.43773508,0.39615557,0,0.12826666666666667,HOLD
0.32869753,0.3089255,0,0.14068,HOLD
0.32904783,0.30920577,0,0.1546909090909091,HOLD
0.30452207,0.28958514,1,0.2193,HOLD
0.24836408,0.24465875,0,0.1796,HOLD
0.34305725,0.3204133,0,0.2553,HOLD
0.23597436,0.23474698,0,0.16806976744186047,HOLD
0.27373785,0.2649578,0,0.1674,HOLD
0.076999106,0.10756678,0,0.1,APPROVE
0.4910963,0.43884453,0,0.175775,HOLD
0.68175775,0.59137374,0,0.266,HOLD
0.7693768,0.661469,0,0.2744,REJECT
0.077146724,0.10768488,1,0.14936666666666668,APPROVE
0.18540113,0.19428839,0,0.14444444444444443,HOLD
0.46635255,0.41904953,0,0.1613,HOLD
0.30045652,0.28633273,0,0.2198,HOLD
0.5183319,0.460633,0,0.37517142857142854,HOLD
0.10855198,0.13280907,0,0.1323529411764706,APPROVE
0.389088,0.3572379,1,0.4689333333333333,REJECT
0.14471264,0.1617376,0,0.11879310344827586,HOLD
0.44928724,0.4053973,0,0.10714285714285714,HOLD
0.40043122,0.36631247,1,0.2246857142857143,HOLD
0.3377666,0.31618077,0,0.1972,HOLD
0.20432888,0.20943059,1,0.014827586206896552,HOLD
0.19850495,0.20477146,0,0.09153333333333333,HOLD
0.75571877,0.65054256,0,0.12813333333333332,REJECT
0.26024464,0.2541632,0,0.13457894736842105,HOLD
0.636697,0.55532515,0,0.14167076167076167,HOLD
0.33460394,0.31365064,1,0.0566,HOLD
0.102786355,0.12819658,0,0.1348653846153846,APPROVE
0.4180484,0.38040623,0,0.125,HOLD
0.4274685,0.3879423,0,0.058825,HOLD
0.08574054,0.114559926,0,0.08571428571428572,APPROVE
0.22009198,0.22204109,0,0.21095,HOLD
0.19599119,0.20276044,0,0.20524242424242425,HOLD
0.63707894,0.5556307,0,0.0992,HOLD
0.3464881,0.32315797,0,0.1992142857142857,HOLD
0.7467528,0.6433698,0,0.11748888888888889,HOLD
0.028692424,0.06892144,0,0.50182,REJECT
0.45883542,0.41303584,1,0.32345,HOLD
0.5473502,0.48384768,0,0.4993529411764706,REJECT
0.40893307,0.37311396,0,0.2884285714285714,HOLD
0.31498256,0.29795355,0,0.14702857142857143,HOLD
0.06818066,0.10051203,0,0.18758181818181818,APPROVE
0.36493453,0.33791512,0,0.14296666666666666,HOLD
0.5990444,0.52520305,1,0.15,HOLD
0.011241041,0.054960333,0,0.14785,APPROVE
0.17805192,0.18840903,0,0.15789473684210525,HOLD
0.4587677,0.41298166,0,0.09523809523809523,HOLD
0.18312065,0.19246401,0,0.17036,HOLD
0.1353306,0.15423198,0,0.05176666666666667,HOLD
0.33313328,0.31247413,0,0.16955,HOLD
0.08749066,0.11596004,0,0.27085714285714285,APPROVE
0.4077676,0.37218156,0,0.1512,HOLD
0.16748618,0.17995644,0,0.18806666666666666,HOLD
0.23482041,0.23382382,0,0.06681666666666666,HOLD
0.2108274,0.21462941,0,0.1146,HOLD
0.5553184,0.49022222,1,0.07296,HOLD
0.18086775,0.19066168,0,0.125,HOLD
0.18209839,0.1916462,0,0.1498,HOLD
0.2988601,0.28505558,0,0.14192307692307693,HOLD
0.51736486,0.45985937,0,0.09576,HOLD
0.59069747,0.51852554,0,0.18740909090909091,HOLD
0.63651097,0.5551763,0,0.12084,HOLD
0.3241449,0.30528343,0,0.16645714285714286,HOLD
0.35191733,0.32750136,0,0.21295,HOLD
0.07203304,0.10359394,0,0.26945,APPROVE
0.5565401,0.49119955,0,0.1020375,HOLD
0.4325523,0.39200935,0,0.204875,HOLD
0.20194955,0.20752713,1,0.059,HOLD
0.049692098,0.08572118,0,0.27372549019607845,APPROVE
0.18962736,0.19766939,0,0.3710588235294118,HOLD
0.65374446,0.5689631,0,0.10297142857142857,HOLD
0.56257534,0.49602777,0,0.13333333333333333,HOLD
0.13351995,0.15278345,0,0.09375,HOLD
0.3510074,0.3267734,1,0.1240125,HOLD
0.4783138,0.42861855,0,0.13053333333333333,HOLD
0.3297583,0.30977413,0,0.19572058823529412,HOLD
0.470663,0.4224979,0,0.0875,HOLD
0.62878084,0.5489922,0,0.11368571428571428,HOLD
0.54594237,0.4827214,0,0.1366888888888889,HOLD
0.19024812,0.19816598,0,0.14394285714285715,HOLD
0.14287561,0.16026798,0,0.04578260869565218,HOLD
0.20526996,0.21018346,0,0.21552,HOLD
0.060782645,0.09459362,0,0.35810344827586205,APPROVE
0.088459164,0.11673484,0,0.051130434782608696,APPROVE
0.06344865,0.096726425,0,0.05594545454545455,APPROVE
0.1733228,0.18462573,0,0.21735714285714286,HOLD
0.0454754,0.08234782,0,0.05274,APPROVE
0.1336334,0.15287422,0,0.29764,HOLD
0.30878794,0.29299787,0,0.12346666666666667,HOLD
0.2878943,0.27628294,0,0.16558,HOLD
0.26287907,0.25627077,0,0.288625,HOLD
0.44301772,0.40038168,0,0.23121739130434782,HOLD
0.36140203,0.33508912,0,0.2886,HOLD
0.28874817,0.27696604,0,0.1622941176470588,HOLD
0.19273269,0.20015365,0,0.15,HOLD
0.28100455,0.27077115,0,0.14298,HOLD
0.18756375,0.19601849,0,0.24736666666666668,HOLD
0.49347192,0.44074503,0,0.3330909090909091,HOLD
0.08473517,0.113755636,0,0.4634666666666667,REJECT
0.19001408,0.19797875,0,0.14973333333333333,HOLD
0.33637872,0.31507048,0,0.15,HOLD
0.60188365,0.52747446,0,0.10763636363636364,HOLD
0.15153688,0.167197,0,0.22202857142857144,HOLD
0.52704054,0.46759993,0,0.1465357142857143,HOLD
0.39087582,0.35866815,0,0.19223076923076923,HOLD
0.12750208,0.14796916,0,0.110375,APPROVE
0.6058804,0.53067183,0,0.18286538461538462,HOLD
0.27244517,0.26392365,0,0.0848,HOLD
0.05450093,0.08956825,0,0.10344827586206896,APPROVE
0.26379424,0.2570029,0,0.14565,HOLD
0.16517009,0.17810357,0,0.3718666666666667,HOLD
0.32983914,0.3098388,0,0.22957142857142857,HOLD
0.75279564,0.648204,0,0.07795,HOLD
0.07393954,0.10511913,0,0.065,APPROVE
0.3340856,0.313236,0,0.177875,HOLD
0.17947428,0.18954691,0,0.21183333333333335,HOLD
0.08975674,0.1177729,0,0.18686363636363637,APPROVE
0.12791727,0.14830132,0,0.075,APPROVE
0.40981814,0.373822,0,0.12166666666666667,HOLD
0.028384957,0.068675466,0,0.16965,APPROVE
0.8550272,0.7299893,0,0.2912962962962963,REJECT
0.18054053,0.19039991,0,0.098175,HOLD
0.3778436,0.34824237,0,0.0922,HOLD
0.08608385,0.114834584,0,0.21614,APPROVE
0.475691,0.4265203,1,0.15475,HOLD
0.24924755,0.24536553,0,0.22464,HOLD
0.048845172,0.08504364,0,0.268,APPROVE
0.21824586,0.22056419,0,0.4322,REJECT
0.88505644,0.7540127,0,0.2509677419354839,REJECT
0.33634213,0.31504118,0,0.14506060606060606,HOLD
0.35392603,0.32910833,1,0.03773584905660377,HOLD
0.3233617,0.30465686,0,0.15276964827329326,HOLD
0.8235791,0.70483077,1,0.18030555555555555,REJECT
0.36132476,0.3350273,0,0.19071428571428573,HOLD
0.4478285,0.4042303,0,0.166,HOLD
0.35008413,0.32603478,0,0.17463157894736842,HOLD
0.51278234,0.45619336,0,0.20704,HOLD
0.42203605,0.38359633,0,0.16879166666666667,HOLD
0.46718496,0.41971546,0,0.13333333333333333,HOLD
0.5620323,0.4955933,0,0.29715,HOLD
0.163773,0.17698589,0,0.045941807044410414,HOLD
0.29775575,0.2841721,0,0.08844444444444445,HOLD
0.17354321,0.18480207,0,0.08573333333333333,HOLD
0.042948622,0.0803264,0,0.20552,APPROVE
0.5531262,0.48846847,0,0.19351428571428572,HOLD
0.35742897,0.33191067,0,0.18723809523809523,HOLD
0.6010671,0.52682126,0,0.3127333333333333,HOLD
0.11960213,0.1416492,0,0.17606451612903226,APPROVE
0.48565352,0.43449032,0,0.16175,HOLD
0.20309594,0.20844425,0,0.06497777777777777,HOLD
0.6261219,0.54686505,0,0.1312,HOLD
0.24229778,0.23980571,0,0.22145714285714285,HOLD
0.83409446,0.7132431,0,0.16177777777777777,REJECT
0.6527313,0.56815255,0,0.25505,HOLD
0.20646262,0.2111376,0,0.16485365853658537,HOLD
0.31782582,0.30022815,0,0.1664,HOLD
0.30430615,0.2894124,0,0.16722222222222222,HOLD
0.4028632,0.36825806,0,0.15481111111111112,HOLD
0.48897326,0.4371461,1,0.2222,HOLD
0.55019546,0.48612386,1,0.17121052631578948,HOLD
0.5377046,0.47613117,0,0.11578333333333334,HOLD
0.6039606,0.529136,0,0.15105,HOLD
0.593557,0.52081317,0,0.15272,HOLD
0.1610612,0.17481644,0,0.10714285714285714,HOLD
0.7370745,0.63562715,1,0.10289473684210526,HOLD
0.20178746,0.20739746,0,0.42064,REJECT
0.4923271,0.43982917,0,0.32296,HOLD
0.14846,0.1647355,0,0.2776,HOLD
0.71514606,0.6180844,1,0.10808888888888889,HOLD
0.33680767,0.31541362,0,0.5508333333333333,REJECT
0.47323462,0.42455518,0,0.12141,HOLD
0.74295706,0.6403332,0,0.19733333333333333,HOLD
0.3392335,0.3173543,0,0.0625,HOLD
0.72345716,0.62473327,0,0.09773333333333334,HOLD
0.13449964,0.15356721,0,0.2522,HOLD
0.70487845,0.6098703,0,0.132875,HOLD
0.32673827,0.30735812,0,0.1793478260869565,HOLD
0.24985483,0.24585135,0,0.08204615384615385,HOLD
0.059406396,0.09349262,0,0.44515,REJECT
0.42374918,0.38496685,0,0.0512,HOLD
0.086139634,0.11487921,0,0.11245714285714285,APPROVE
0.16235566,0.17585202,0,0.20586666666666667,HOLD
0.1549105,0.1698959,0,0.1648,HOLD
0.5733739,0.5046667,0,0.13543333333333332,HOLD
0.06259019,0.09603965,0,0.14483076923076924,APPROVE
0.18351038,0.1927758,0,0.125,HOLD
0.653874,0.5690667,0,0.14210714285714285,HOLD
0.31928226,0.3013933,0,0.16092,HOLD
0.3465931,0.32324198,0,0.359,HOLD
0.23454906,0.23360674,0,0.14865714285714285,HOLD
0.48987284,0.43786576,0,0.1216,HOLD
0.5084295,0.4527111,0,0.05714285714285714,HOLD
0.17305234,0.18440937,0,0.04285714285714286,HOLD
0.71852756,0.6207896,1,0.11326470588235295,HOLD
0.60075647,0.5265727,0,0.07959,HOLD
0.4448379,0.40183783,0,0.12815,HOLD
0.20107597,0.20682827,0,0.3366,HOLD
0.2491925,0.2453215,0,0.21540625,HOLD
0.12572224,0.14654529,0,0.24612,APPROVE
0.24405983,0.24121536,1,0.36375,HOLD
0.5831079,0.51245385,0,0.14565,HOLD
0.35206324,0.3276181,0,0.1264782608695652,HOLD
0.4332097,0.39253524,0,0.47545,REJECT
0.1886941,0.19692278,0,0.180325,HOLD
0.11184004,0.13543953,0,0.1489,APPROVE
0.25383458,0.24903515,0,0.34524444444444446,HOLD
0.046349186,0.083046846,0,0.366,APPROVE
0.19058089,0.1984322,0,0.43423076923076925,REJECT
0.09331119,0.12061646,0,0.34695,APPROVE
0.14720781,0.16373375,0,0.07762068965517241,HOLD
0.26180106,0.25540835,0,0.15848333333333334,HOLD
0.36342508,0.33670756,0,0.1941,HOLD
0.10936888,0.13346261,0,0.15,APPROVE
0.37083787,0.34263778,1,0.25675,HOLD
0.26941,0.2614955,0,0.06,HOLD
0.58034486,0.5102434,0,0.1,HOLD
0.38945904,0.35753474,0,0.21912,HOLD
0.5502301,0.48615158,0,0.2243,HOLD
0.15818256,0.17251354,0,0.18702,HOLD
0.15317038,0.16850379,0,0.04177142857142857,HOLD
0.05997706,0.09394915,0,0.08891666666666667,APPROVE
0.39709544,0.36364385,0,0.16176470588235295,HOLD
0.29324636,0.28056458,0,0.0999,HOLD
0.39796224,0.3643373,0,0.18076666666666666,HOLD
0.18228103,0.19179232,0,0.23156,HOLD
0.34629396,0.32300267,0,0.24168,HOLD
0.3093516,0.29344878,0,0.39725714285714286,HOLD
0.14683826,0.16343811,0,0.12576,HOLD
0.23951745,0.23758145,1,0.05848,HOLD
0.59653234,0.5231934,0,0.1942,HOLD
0.022324916,0.06382743,0,0.03333333333333333,APPROVE
0.17645733,0.18713336,0,0.1395,HOLD
0.56557894,0.49843064,0,0.15614285714285714,HOLD
0.13786462,0.1562592,0,0.12816,HOLD
0.351671,0.3273043,0,0.19664,HOLD
0.57542163,0.50630486,1,0.1864888888888889,HOLD
0.75718266,0.65171367,1,0.2343,REJECT
0.026158296,0.06689414,0,0.27715,APPROVE
0.119700104,0.14172758,0,0.07088,APPROVE
0.5786439,0.5088827,1,0.12122727272727273,HOLD
0.5932102,0.5205357,0,0.11031428571428571,HOLD
0.06890045,0.10108786,0,0.38036,APPROVE
0.2953635,0.2822583,0,0.13333333333333333,HOLD
0.42205814,0.383614,0,0.09968604651162791,HOLD
0.4982844,0.444595,1,0.22272,HOLD
0.76621747,0.6589415,0,0.31895454545454544,REJECT
0.035385698,0.07427606,0,0.2461,APPROVE
0.2463235,0.24302629,0,0.08022,HOLD
0.19044963,0.1983272,0,0.089925,HOLD
0.15703624,0.17159648,0,0.14285714285714285,HOLD
0.29084274,0.2786417,0,0.3631875,HOLD
0.39794242,0.36432144,0,0.22408,HOLD
0.5506735,0.48650628,0,0.1713,HOLD
0.1511584,0.16689423,0,0.128099173553719,HOLD
0.2559256,0.25070798,1,0.26564,HOLD
0.0603228,0.09422574,0,0.08333333333333333,APPROVE
0.22032082,0.22222415,0,0.0956046511627907,HOLD
0.43602255,0.39478552,0,0.07538461538461538,HOLD
0.4681779,0.42050982,0,0.14583333333333334,HOLD
0.19142082,0.19910415,0,0.05,HOLD
0.3398628,0.31785774,0,0.25211428571428574,HOLD
0.14456643,0.16162065,1,0.0838,HOLD
0.32206768,0.30362165,0,0.1314,HOLD
0.627874,0.54826677,0,0.16482857142857144,HOLD
0.28707626,0.2756285,0,0.0825,HOLD
0.1070352,0.13159566,0,0.386,APPROVE
0.42152312,0.38318598,0,0.078125,HOLD
0.5948295,0.52183115,0,0.0879,HOLD
0.6471124,0.56365746,0,0.2638333333333333,HOLD
0.10236222,0.12785727,0,0.32846153846153847,APPROVE
0.48130992,0.43101543,0,0.06895555555555556,HOLD
0.12525067,0.14616802,0,0.03513636363636364,APPROVE
0.30011448,0.28605908,0,0.46255,REJECT
0.33332083,0.31262416,0,0.14683333333333334,HOLD
0.24131057,0.23901595,0,0.08529166666666667,HOLD
0.4768931,0.42748198,1,0.1596,HOLD
0.48812684,0.43646896,0,0.3652173913043478,HOLD
0.51412964,0.45727122,0,0.3248888888888889,HOLD
0.014628869,0.057670597,0,0.06803333333333333,APPROVE
0.5898561,0.5178524,0,0.04972,HOLD
0.50503343,0.44999424,0,0.1125,HOLD
0.15080675,0.1666129,0,0.4421052631578947,REJECT
0.78750426,0.6759709,1,0.16569565217391305,REJECT
0.07830218,0.10860925,0,0.07575,APPROVE
0.448707,0.4049331,0,0.26216666666666666,HOLD
0.23240386,0.23189057,0,0.09028571428571429,HOLD
0.5502787,0.48619047,0,0.08695652173913043,HOLD
0.15450628,0.16957252,0,0.4077222222222222,REJECT
0.09626353,0.12297832,0,0.14,APPROVE
0.503667,0.4489011,0,0.16898333333333335,HOLD
0.2828109,0.27221623,0,0.2788,HOLD
0.2262644,0.22697902,0,0.2307,HOLD
0.53474766,0.4737656,0,0.5006521739130435,REJECT
0.5900067,0.5179729,1,0.1438,HOLD
0.505783,0.45059392,0,0.11146,HOLD
0.080756955,0.11057306,0,0.19395,APPROVE
0.4098408,0.37384012,1,0.12096774193548387,HOLD
0.5594815,0.49355268,0,0.05,HOLD
0.14366701,0.1609011,0,0.09978571428571428,HOLD
0.23608568,0.23483604,0,0.290675,HOLD
0.32304648,0.30440468,0,0.022883333333333332,HOLD
0.25297707,0.24834915,0,0.15,HOLD
0.5628588,0.49625456,0,0.1630888888888889,HOLD
0.36476758,0.33778155,0,0.17382857142857142,HOLD
0.5430633,0.48041812,0,0.2454,HOLD
0.19363,0.20087148,0,0.22121428571428572,HOLD
0.6190078,0.5411738,0,0.1306,HOLD
0.14425606,0.16137233,0,0.23084,HOLD
0.2609931,0.25476196,0,0.3006666666666667,HOLD
0.247518,0.2439819,0,0.08571428571428572,HOLD
0.14865744,0.16489345,0,0.2018,HOLD
0.020230565,0.062151954,0,0.36946666666666667,APPROVE
0.328686,0.3089163,1,0.06406666666666666,HOLD
0.83452886,0.7135906,0,0.1512,REJECT
0.30058813,0.28643802,0,0.1708,HOLD
0.06061758,0.09446157,0,0.20986,APPROVE
0.3488938,0.32508254,0,0.16896,HOLD
0.19999598,0.20596428,0,0.3848,HOLD
0.50348246,0.44875348,0,0.1015625,HOLD
0.13470967,0.15373524,0,0.11753333333333334,HOLD
0.5927542,0.52017087,0,0.18216666666666667,HOLD
0.34730202,0.32380912,0,0.15,HOLD
0.46276408,0.41617876,0,0.08521111111111111,HOLD
0.12184615,0.14344442,0,0.14532,APPROVE
0.1661928,0.17892173,0,0.2700666666666667,HOLD
0.63637155,0.5550648,0,0.39754285714285714,HOLD
0.40832868,0.37263045,0,0.12404166666666666,HOLD
0.5557732,0.49058604,0,0.11568,HOLD
0.40219325,0.3677221,0,0.16926666666666668,HOLD
0.18070018,0.19052763,0,0.1781111111111111,HOLD
0.61468107,0.5377124,0,0.18094285714285716,HOLD
0.13995184,0.15792897,0,0.1250952380952381,HOLD
0.35945064,0.333528,0,0.13906451612903226,HOLD
0.13383389,0.1530346,0,0.10264,HOLD
0.74716765,0.6437017,1,0.1961142857142857,HOLD
0.3864603,0.35513574,0,0.13957142857142857,HOLD
0.3755463,0.34640455,0,0.173925,HOLD
0.13749251,0.1559615,0,0.15461818181818182,HOLD
0.5280067,0.46837282,0,0.14785,HOLD
0.34924617,0.32536444,0,0.11653333333333334,HOLD
0.1470309,0.16359222,0,0.062775,HOLD
0.05613332,0.09087416,0,0.242,APPROVE
0.50382465,0.4490272,0,0.09548571428571428,HOLD
0.0923947,0.11988326,0,0.1253142857142857,APPROVE
0.21833104,0.22063233,0,0.4013333333333333,REJECT
0.040804695,0.07861126,0,0.32376,APPROVE
0.28621194,0.27493706,0,0.107775,HOLD
0.6917184,0.5993422,0,0.3179166666666667,HOLD
0.499973,0.4459459,0,0.20556521739130434,HOLD
0.033252683,0.072569646,0,0.044444444444444446,APPROVE
0.20655942,0.21121503,0,0.23572,HOLD
0.16699861,0.17956638,0,0.10353571428571429,HOLD
0.18555027,0.19440772,0,0.2257,HOLD
0.22334158,0.22464076,0,0.14022857142857142,HOLD
0.43004084,0.39000016,0,0.3517,HOLD
0.23989752,0.2378855,0,0.07405714285714286,HOLD
0.40485537,0.3698518,0,0.4456,REJECT
0.056769025,0.09138272,0,0.10075,APPROVE
0.35869163,0.3329208,0,0.16101666666666667,HOLD
0.245248,0.2421659,0,0.18166666666666667,HOLD
0.18638316,0.19507402,0,0.15217391304347827,HOLD
0.6720077,0.5835737,0,0.2058,HOLD
0.20164229,0.20728132,0,0.2792,HOLD
0.589167,0.51730114,0,0.1722,HOLD
0.66137815,0.57507,0,0.1518909090909091,HOLD
0.57208556,0.503636,0,0.14724,HOLD
0.18743564,0.19591601,0,0.21975,HOLD
0.27133012,0.2630316,0,0.11482,HOLD
0.37976736,0.3497814,0,0.195425,HOLD
0.6443485,0.5614463,0,0.2553157894736842,HOLD
0.25750288,0.2519698,1,0.0856,HOLD
0.19138281,0.19907375,0,0.12723809523809523,HOLD
0.6263304,0.5470318,0,0.227,HOLD
0.15825447,0.17257108,0,0.1884,HOLD
0.13000846,0.14997426,0,0.1645,APPROVE
0.11887873,0.14107049,0,0.05651428571428571,APPROVE
0.27959204,0.26964113,0,0.24603846153846154,HOLD
0.2184011,0.22068837,0,0.0404,HOLD
0.099920206,0.12590367,0,0.03132,APPROVE
0.16306262,0.17641759,0,0.23753846153846153,HOLD
0.32033017,0.30223164,0,0.17133333333333334,HOLD
0.2164988,0.21916653,0,0.10021052631578947,HOLD
0.24035338,0.2382502,0,0.5494017094017094,REJECT
0.3669459,0.3395242,0,0.10876,HOLD
0.65558505,0.5704356,0,0.22960714285714287,HOLD
0.84889233,0.7250814,0,0.19396666666666668,REJECT
0.14929548,0.16540387,0,0.28572,HOLD
0.62565243,0.5464895,0,0.2880810810810811,HOLD
0.4429843,0.40035495,0,0.10174285714285715,HOLD
0.117878735,0.14027049,0,0.08106666666666666,APPROVE
0.07776796,0.10818187,0,0.20075,APPROVE
0.11357894,0.13683064,0,0.24,APPROVE
0.1536299,0.16887142,0,0.23316,HOLD
0.4226165,0.3840607,1,0.3103913043478261,HOLD
0.2729021,0.26428917,0,0.1024,HOLD
0.047235657,0.08375602,0,0.1570909090909091,APPROVE
0.2522292,0.24775086,0,0.14068,HOLD
0.07634988,0.1070474,0,0.206975,APPROVE
0.36729217,0.33980122,1,0.2533666666666667,HOLD
0.21327727,0.2165893,0,0.2725490196078431,HOLD
0.6137839,0.53699464,0,0.08695652173913043,HOLD
0.07183435,0.10343498,0,0.11236842105263158,APPROVE
0.23352946,0.23279107,0,0.2783333333333333,HOLD
0.39271495,0.36013946,0,0.14713333333333334,HOLD
0.2305964,0.23044461,0,0.13155555555555556,HOLD
0.17011045,0.18205585,0,0.1265,HOLD
0.6467648,0.5633794,1,0.07322666666666666,HOLD
0.35222661,0.32774878,1,0.2752,HOLD
0.16017243,0.17410544,0,0.14484,HOLD
0.24728775,0.24379769,0,0.165,HOLD
0.5586645,0.4928991,1,0.13075,HOLD
0.2669018,0.25948894,0,0.19935135135135135,HOLD
0.46786958,0.42026317,0,0.15665,HOLD
0.65331686,0.56862104,0,0.05764516129032258,HOLD
0.74289286,0.6402818,1,0.1631,HOLD
0.42085636,0.38265258,0,0.15061904761904762,HOLD
0.4204589,0.38233462,0,0.1236235294117647,HOLD
0.21652934,0.21919097,0,0.057678571428571426,HOLD
0.44002756,0.39798954,0,0.13328,HOLD
0.408091,0.3724403,0,0.2726,HOLD
0.05074164,0.08656081,0,0.1328,APPROVE
0.25708506,0.25163555,0,0.2228,HOLD
0.2337406,0.23295997,0,0.075,HOLD
0.5950662,0.5220205,0,0.125,HOLD
0.7147863,0.61779654,0,0.16284444444444446,HOLD
0.52386934,0.46506298,0,0.186,HOLD
0.48598346,0.43475425,0,0.2019,HOLD
0.39798063,0.364352,1,0.15085,HOLD
0.73733723,0.6358373,0,0.19145833333333334,HOLD
0.24812888,0.2444706,0,0.21516363636363636,HOLD
0.33713874,0.31567848,0,0.08395714285714286,HOLD
0.07122172,0.10294487,0,0.1232,APPROVE
0.53404146,0.47320068,0,0.084,HOLD
0.124430686,0.14551204,0,0.04417777777777778,APPROVE
0.09238806,0.11987796,0,0.19178,APPROVE
0.15321946,0.16854307,0,0.085675,HOLD
0.48631787,0.4350218,0,0.14606666666666668,HOLD
0.13901117,0.15717643,0,0.08262962962962964,HOLD
0.2378142,0.23621885,0,0.05246428571428571,HOLD
0.46991518,0.42189965,0,0.12921428571428573,HOLD
0.07898802,0.10915793,0,0.1523857142857143,APPROVE
0.3796248,0.34966734,1,0.13694117647058823,HOLD
0.37264508,0.34408355,1,0.1125,HOLD
0.026069436,0.06682305,0,0.237,APPROVE
0.49937138,0.4454646,0,0.13431666666666667,HOLD
0.24819958,0.24452716,0,0.12726708074534163,HOLD
0.35356885,0.32882258,0,0.13335555555555556,HOLD
0.37927648,0.3493887,0,0.26105,HOLD
0.6254722,0.5463453,0,0.12684375,HOLD
0.5824487,0.51192653,1,0.12845,HOLD
0.23144948,0.23112708,0,0.275475,HOLD
0.3596134,0.33365822,0,0.2995,HOLD
0.18966702,0.19770111,0,0.46085714285714285,REJECT
0.12861283,0.14885776,0,0.25396,APPROVE
0.73794645,0.6363247,0,0.19055,HOLD
0.1758214,0.1866246,0,0.1827,HOLD
0.2262919,0.22700101,0,0.08513846153846154,HOLD
0.4217602,0.38337564,0,0.32675,HOLD
0.11769605,0.14012434,0,0.11591428571428572,APPROVE
0.45161355,0.40725833,0,0.11592307692307692,HOLD
0.1658507,0.17864805,0,0.18471666666666667,HOLD
0.24830027,0.2446077,0,0.205,HOLD
0.4743442,0.42544284,0,0.224,HOLD
0.8418005,0.7194079,0,0.22714666666666666,REJECT
0.22056952,0.2224231,0,0.1873921568627451,HOLD
0.24312426,0.24046691,0,0.10343333333333334,HOLD
0.51979584,0.46180415,0,0.11191111111111111,HOLD
0.3872145,0.35573912,0,0.5425833333333333,REJECT
0.72076136,0.6225766,1,0.23613636363636364,HOLD
0.52754253,0.4680015,0,0.243,HOLD
0.71169263,0.61532164,1,0.16165,HOLD
0.81746686,0.69994104,1,0.1835,REJECT
0.5673649,0.4998594,0,0.1634,HOLD
0.27871934,0.26894298,0,0.16573333333333334,HOLD
0.16614166,0.17888083,0,0.25846,HOLD
0.17080857,0.18261434,0,0.1527777777777778,HOLD
0.5779395,0.50831914,0,0.1,HOLD
0.14586945,0.16266306,0,0.3848,HOLD
0.053217787,0.08854173,0,0.14433333333333334,APPROVE
0.23941162,0.2374968,0,0.08805,HOLD
0.08002035,0.10998378,0,0.11065,APPROVE
0.42687222,0.38746527,1,0.13008571428571428,HOLD
0.6778588,0.5882546,0,0.29691666666666666,HOLD
0.24198842,0.23955823,0,0.07243636363636363,HOLD
0.18494394,0.19392265,0,0.17374285714285714,HOLD
0.8221337,0.7036745,0,0.22746666666666668,REJECT
0.24100852,0.23877431,0,0.19250124426256704,HOLD
0.9540687,0.8092225,1,0.27788,REJECT
0.21514697,0.21808507,0,0.16994444444444445,HOLD
0.13568082,0.15451215,0,0.0785,HOLD
0.1615909,0.17524022,0,0.07444210526315789,HOLD
0.23486018,0.23385563,0,0.12556363636363638,HOLD
0.15602185,0.17078498,0,0.08571428571428572,HOLD
0.24982096,0.24582426,0,0.11448888888888889,HOLD
0.2414159,0.23910022,0,0.142,HOLD
0.09944495,0.12552345,0,0.11073333333333334,APPROVE
0.03896524,0.07713969,0,0.11346875,APPROVE
0.41406167,0.37721682,0,0.07536666666666667,HOLD
0.66158783,0.5752378,0,0.23306666666666667,HOLD
0.63351667,0.55278087,0,0.1170625,HOLD
0.4075699,0.3720234,0,0.14485,HOLD
0.52697325,0.4675461,0,0.117825,HOLD
0.15836349,0.17265828,0,0.1586,HOLD
0.40758228,0.37203333,1,0.4155333333333333,REJECT
0.33780098,0.31620827,0,0.1125,HOLD
0.14644594,0.16312425,0,0.06440740740740741,HOLD
0.029708156,0.06973403,0,0.3346,APPROVE
0.7469271,0.6435092,0,0.1332,HOLD
0.090535834,0.11839617,0,0.09582222222222223,APPROVE
0.15730086,0.17180818,1,0.42515,REJECT
0.56604415,0.4988028,0,0.07901818181818182,HOLD
0.1760679,0.18682182,0,0.11598947368421053,HOLD
0.6233048,0.5446114,0,0.3335909090909091,HOLD
0.55153674,0.4871969,0,0.3427058823529412,HOLD
0.2204313,0.22231252,0,0.10851162790697674,HOLD
0.36997667,0.34194884,0,0.1,HOLD
0.10316556,0.12849994,0,0.09322857142857142,APPROVE
0.7020675,0.60762155,0,0.122375,HOLD
0.3949589,0.36193463,1,0.18195,HOLD
0.5545387,0.48959848,0,0.168175,HOLD
0.8502911,0.7262004,0,0.07322857142857143,REJECT
0.1691392,0.18127885,0,0.1314,HOLD
0.21506692,0.21802104,0,0.20737142857142857,HOLD
0.4408607,0.39865604,0,0.09365714285714286,HOLD
0.16409431,0.17724295,0,0.4107,REJECT
0.572927,0.5043091,0,0.22668,HOLD
0.52266216,0.46409723,1,0.08642222222222222,HOLD
0.23466705,0.23370112,1,0.08695652173913043,HOLD
0.2767944,0.26740304,0,0.2288,HOLD
0.811959,0.69553477,1,0.2557,REJECT
0.49266958,0.44010317,0,0.3145,HOLD
0.30845356,0.29273036,0,0.09818,HOLD
0.78505623,0.67401254,1,0.148,REJECT
0.1016454,0.12728381,0,0.166375,APPROVE
0.13825347,0.15657027,0,0.11163333333333333,HOLD
0.28073218,0.27055326,0,0.09391428571428571,HOLD
0.100007914,0.12597382,0,0.07354,APPROVE
0.69439507,0.6014836,0,0.2445,HOLD
0.23071659,0.23054077,0,0.04489024390243902,HOLD
0.20183127,0.20743251,0,0.18005454545454547,HOLD
0.57028884,0.50219864,0,0.175125,HOLD
0.34100893,0.31877464,0,0.09166666666666666,HOLD
0.30970943,0.29373506,0,0.1613,HOLD
0.24745524,0.24393168,0,0.25288235294117645,HOLD
0.82974565,0.70976406,0,0.1344,REJECT
0.4469306,0.40351197,0,0.16136,HOLD
0.30284113,0.2882404,0,0.07642857142857143,HOLD
0.7550213,0.64998454,0,0.33342465753424655,HOLD
0.7301919,0.63012105,0,0.121,HOLD
0.49315003,0.4404875,0,0.11251851851851852,HOLD
0.2566294,0.25127104,0,0.17896,HOLD
0.31624433,0.29896295,0,0.2109,HOLD
0.12894599,0.1491243,0,0.04684210526315789,APPROVE
0.2215599,0.22321542,0,0.1375,HOLD
0.30173203,0.28735313,0,0.1161,HOLD
0.15601295,0.17077786,0,0.05714285714285714,HOLD
0.34442934,0.32151097,0,0.2928755364806867,HOLD
0.39063317,0.35847402,0,0.2403,HOLD
0.6136661,0.53690046,1,0.1748,HOLD
0.60048854,0.52635837,0,0.173675,HOLD
0.25450087,0.24956818,0,0.0375,HOLD
0.1703344,0.18223502,1,0.11636,HOLD
0.046310112,0.08301559,0,0.25054545454545457,APPROVE
0.20161581,0.20726015,0,0.2285625,HOLD
0.10963269,0.13367365,0,0.12171052631578948,APPROVE
0.5168867,0.45947686,0,0.11928,HOLD
0.89947075,0.7655441,0,0.07768333333333333,REJECT
0.7053126,0.61021763,0,0.203375,HOLD
0.33716625,0.3157005,0,0.111125,HOLD
0.53530127,0.4742085,0,0.05125051250512505,HOLD
0.4888147,0.43701926,0,0.1782,HOLD
0.8156533,0.6984902,0,0.19315384615384615,REJECT
0.33529195,0.31420106,0,0.13297872340425532,HOLD
0.24089542,0.23868383,0,0.10483333333333333,HOLD
0.055202693,0.09012965,0,0.20518333333333333,APPROVE
0.17015244,0.18208945,0,0.25536,HOLD
0.7269534,0.6275302,0,0.15895,HOLD
0.17077081,0.18258414,0,0.10808888888888889,HOLD
0.00972973,0.053751286,0,0.035133333333333336,APPROVE
0.07929867,0.109406434,0,0.1312625,APPROVE
0.23571607,0.23454036,0,0.14391428571428572,HOLD
0.39711478,0.36365932,0,0.2777209302325581,HOLD
0.27289352,0.26428232,0,0.222375,HOLD
0.2994941,0.28556278,0,0.122,HOLD
0.49906132,0.44521654,0,0.11285714285714285,HOLD
0.07203055,0.10359194,0,0.0905625,APPROVE
0.83007765,0.71002966,1,0.233,REJECT
0.5428449,0.4802434,1,0.09866666666666667,HOLD
0.36833438,0.340635,0,0.20178,HOLD
0.058930747,0.0931121,0,0.3681333333333333,APPROVE
0.16215713,0.1756932,0,0.0208,HOLD
0.17124422,0.18296286,0,0.12677142857142856,HOLD
0.24133246,0.23903346,0,0.2294,HOLD
0.37498134,0.34595257,0,0.13458,HOLD
0.55976397,0.49377868,0,0.32785,HOLD
0.25987443,0.25386706,0,0.10714285714285714,HOLD
0.72087854,0.62267035,1,0.21325,HOLD
0.8619911,0.7355604,0,0.10533333333333333,REJECT
0.68050635,0.5903726,1,0.148,HOLD
0.42431727,0.3854213,0,0.24275,HOLD
0.7909964,0.67876464,0,0.13925454545454546,REJECT
0.4787875,0.42899752,0,0.05,HOLD
0.22813989,0.2284794,0,0.5165384615384615,REJECT
0.07372842,0.10495024,0,0.23355555555555554,APPROVE
0.4912725,0.4389855,0,0.2924,HOLD
0.639447,0.5575251,0,0.23236842105263159,HOLD
0.3331937,0.31252244,0,0.07244,HOLD
0.10670232,0.13132936,0,0.11121538461538462,APPROVE
0.2169229,0.2195058,0,0.2000888888888889,HOLD
0.13538137,0.15427259,0,0.036333333333333336,HOLD
0.16822276,0.1805457,0,0.10495,HOLD
0.3419281,0.31950998,0,0.15261904761904763,HOLD
0.03656807,0.075221956,0,0.2487111111111111,APPROVE
0.38803166,0.35639283,0,0.1792,HOLD
0.44051298,0.3983779,0,0.03333333333333333,HOLD
0.2560984,0.2508462,0,0.16204,HOLD
0.34521845,0.32214224,0,0.34548,HOLD
0.17978735,0.18979737,0,0.10235714285714285,HOLD
0.03997754,0.07794953,0,0.3990344827586207,APPROVE
0.49982208,0.44582516,0,0.25176,HOLD
0.29964662,0.2856848,0,0.134625,HOLD
0.33256274,0.31201768,0,0.044444444444444446,HOLD
0.30872685,0.292949,0,0.09094117647058823,HOLD
0.5078881,0.45227796,0,0.08956666666666667,HOLD
0.60332626,0.5286285,0,0.14368571428571428,HOLD
0.05723232,0.091753356,0,0.0906,APPROVE
0.7058069,0.61061305,0,0.18464,HOLD
0.37312818,0.34447002,0,0.33784615384615385,HOLD
0.374874,0.34586668,0,0.20635555555555554,HOLD
0.3565994,0.331247,0,0.16918,HOLD
0.07853348,0.10879428,0,0.051351351351351354,APPROVE
0.35671967,0.33134323,0,0.14368,HOLD
0.6019709,0.52754426,0,0.1522,HOLD
0.7633312,0.6566325,1,0.42445,REJECT
0.014741338,0.05776057,0,0.07972222222222222,APPROVE
0.7317887,0.6313985,0,0.23273333333333332,HOLD
0.27617118,0.26690444,0,0.10190697674418604,HOLD
0.38195518,0.35153162,0,0.10045714285714286,HOLD
0.41905555,0.38121194,0,0.27808,HOLD
0.2219231,0.22350597,0,0.2075,HOLD
0.25789055,0.25227994,0,0.34072,HOLD
0.38508165,0.3540328,0,0.2102,HOLD
0.025994781,0.06676333,0,0.16623809523809524,APPROVE
0.30922726,0.2933493,0,0.03,HOLD
0.3627111,0.33613637,0,0.06986206896551723,HOLD
0.58548737,0.51435745,0,0.15796,HOLD
0.24176987,0.23938338,0,0.182,HOLD
0.29976505,0.28577954,0,0.2203720930232558,HOLD
0.93307924,0.79243094,0,0.173675,REJECT
0.22499612,0.22596438,0,0.19212244897959183,HOLD
0.24996454,0.24593912,0,0.16204,HOLD
0.38115352,0.3508903,0,0.3552,HOLD
0.30968678,0.29371694,0,0.12476,HOLD
0.05132196,0.08702507,0,0.287475,APPROVE
0.71961915,0.62166286,0,0.05305714285714286,HOLD
0.7054417,0.6103209,0,0.08805,HOLD
0.04394184,0.081120975,0,0.09644,APPROVE
0.39274463,0.3601632,0,0.28864,HOLD
0.1288417,0.14904085,0,0.4096,REJECT
0.056184553,0.09091514,0,0.34858181818181816,APPROVE
0.6055033,0.5303702,0,0.1821111111111111,HOLD
0.6990909,0.6052402,0,0.2216,HOLD
0.30732903,0.29183072,0,0.20424,HOLD
0.67603755,0.5867976,0,0.06,HOLD
0.41009066,0.37404,0,0.13476666666666667,HOLD
0.49001455,0.43797913,0,0.215,HOLD
0.310964,0.29473868,0,0.14585714285714285,HOLD
0.096986696,0.12355686,0,0.14205714285714285,APPROVE
0.2242351,0.22535558,0,0.11898,HOLD
0.19011956,0.19806315,0,0.2115,HOLD
0.48449475,0.4335633,0,0.08198333333333334,HOLD
0.66917557,0.581308,0,0.21383333333333332,HOLD
0.28714648,0.27568468,0,0.17771875,HOLD
0.6989301,0.6051116,0,0.26326666666666665,HOLD
0.4579304,0.4123118,0,0.20993333333333333,HOLD
0.1474024,0.16388942,0,0.21361666666666668,HOLD
0.06379244,0.097001456,0,0.1,APPROVE
0.43217543,0.39170784,0,0.38028,HOLD
0.6790207,0.5891841,0,0.1256043956043956,HOLD
0.8720739,0.74362665,1,0.20665384615384616,REJECT
0.3002888,0.28619853,0,0.18336,HOLD
0.24759313,0.244042,0,0.1613,HOLD
0.30806416,0.29241884,0,0.2212,HOLD
0.152615,0.1680595,0,0.32453333333333334,HOLD
0.27986294,0.26985785,0,0.19382857142857143,HOLD
0.17115451,0.1828911,0,0.17716666666666667,HOLD
0.6300126,0.5499776,0,0.5307333333333333,REJECT
0.5079237,0.45230648,0,0.1899142857142857,HOLD
0.39476916,0.36178282,0,0.15315,HOLD
0.3946854,0.3617158,0,0.18232307692307692,HOLD
0.26505372,0.25801048,0,0.2094,HOLD
0.49440265,0.4414896,0,0.164475,HOLD
0.6677903,0.5801998,1,0.46325,REJECT
0.6663642,0.5790589,0,0.10828,HOLD
0.01659794,0.059245855,0,0.17292857142857143,APPROVE
0.21022049,0.21414389,0,0.1313659147869674,HOLD
0.44618547,0.40291587,0,0.18405,HOLD
0.09857392,0.12482665,0,0.24857692307692308,APPROVE
0.48262814,0.43207002,0,0.09785555555555556,HOLD
0.012666667,0.056100834,0,0.22031666666666666,APPROVE
0.21683013,0.2194316,0,0.0606,HOLD
0.27293926,0.2643189,0,0.05,HOLD
0.16453391,0.17759462,0,0.1904,HOLD
0.5074814,0.4519526,1,0.2945,HOLD
0.29599896,0.28276667,0,0.12706666666666666,HOLD
0.20380683,0.20901296,0,0.14163333333333333,HOLD
0.06545828,0.098334126,0,0.05585,APPROVE
0.3722857,0.34379604,0,0.18273684210526317,HOLD
0.49709776,0.44364572,0,0.3271895424836601,HOLD
0.46291333,0.41629815,0,0.11956,HOLD
0.7200036,0.6219704,1,0.28342105263157896,HOLD
0.1734352,0.18471564,0,0.13101538461538462,HOLD
0.33827388,0.3165866,0,0.17553333333333335,HOLD
0.6651991,0.5781268,1,0.15275,HOLD
0.038705688,0.07693205,0,0.269925,APPROVE
0.15432677,0.16942891,0,0.13526923076923078,HOLD
0.7296968,0.629725,0,0.34785,HOLD
0.25431812,0.24942198,0,0.13993333333333333,HOLD
0.17445166,0.18552883,0,0.1875,HOLD
0.29197794,0.27954987,0,0.45790909090909093,REJECT
0.21146059,0.21513596,1,0.30582608695652175,HOLD
0.42543015,0.38631162,0,0.26976666666666665,HOLD
0.035320796,0.07422414,0,0.11577142857142857,APPROVE
0.48048186,0.430353,1,0.12195555555555555,HOLD
0.19829336,0.20460218,0,0.05,HOLD
0.18712313,0.195666,0,0.13825714285714286,HOLD
0.07130688,0.103013,0,0.0766,APPROVE
0.7649484,0.65792626,0,0.1,REJECT
0.10055644,0.12641264,0,0.08124444444444444,APPROVE
0.52983594,0.46983624,0,0.143,HOLD
0.29895064,0.28512803,0,0.22953333333333334,HOLD
0.15019731,0.16612534,0,0.058416666666666665,HOLD
0.14614362,0.16288239,0,0.09375,HOLD
0.4751345,0.4260751,0,0.056275,HOLD
0.24807781,0.24442974,0,0.17435714285714285,HOLD
0.08060955,0.11045515,0,0.143,APPROVE
0.3525279,0.32798982,0,0.11539184952978056,HOLD
0.03385496,0.07305147,0,0.11950819672131148,APPROVE
0.669329,0.58143073,0,0.12223333333333333,HOLD
0.39424405,0.36136273,0,0.255741935483871,HOLD
0.17112258,0.18286556,0,0.123275,HOLD
0.0971436,0.12368239,0,0.12611111111111112,APPROVE
0.20941055,0.21349593,0,0.27712,HOLD
0.40614706,0.37088513,0,0.17334615384615384,HOLD
0.83136165,0.7110568,1,0.15086666666666668,REJECT
0.17741504,0.18789953,0,0.25492,HOLD
0.22428305,0.22539394,0,0.15664583333333335,HOLD
0.23451243,0.23357745,0,0.27903333333333336,HOLD
0.42098078,0.38275212,0,0.2486,HOLD
0.32201344,0.30357826,0,0.3558,HOLD
0.3793042,0.34941086,0,0.09468148148148148,HOLD
0.35985175,0.3338489,0,0.18593333333333334,HOLD
0.6059614,0.5307366,0,0.18665384615384614,HOLD
0.4198854,0.3818758,0,0.1332,HOLD
0.57541883,0.5063026,0,0.267725,HOLD
0.45736533,0.41185975,0,0.10148888888888889,HOLD
0.38604984,0.35480738,0,0.04405454545454546,HOLD
0.45322025,0.4085437,0,0.19472,HOLD
0.20597605,0.21074833,0,0.30045714285714287,HOLD
0.17825395,0.18857065,0,0.09239130434782608,HOLD
0.27548832,0.26635817,0,0.1999090909090909,HOLD
0.36296993,0.33634344,0,0.06666666666666667,HOLD
0.6043175,0.5294215,0,0.20468,HOLD
0.5973872,0.5238773,1,0.29988,HOLD
0.36213636,0.33567658,0,0.17324444444444445,HOLD
0.23088978,0.23067932,0,0.10856666666666667,HOLD
0.47821862,0.42854238,0,0.08896363636363637,HOLD
0.6760062,0.5867725,0,0.1682142857142857,HOLD
0.055905506,0.0906919,0,0.3816,APPROVE
0.13950607,0.15757236,0,0.21783333333333332,HOLD
0.78401846,0.6731823,0,0.1818,REJECT
0.26821646,0.26054066,0,0.19097142857142857,HOLD
0.43949437,0.39756298,0,0.1084,HOLD
0.53543496,0.47431546,0,0.19591304347826086,HOLD
0.1139999,0.13716742,0,0.2475111111111111,APPROVE
0.23839816,0.23668602,0,0.1,HOLD
0.483155,0.4324915,0,0.17574285714285715,HOLD
0.18726552,0.1957799,0,0.10702702702702703,HOLD
0.82983667,0.70983684,0,0.2259,REJECT
0.4135277,0.37678966,0,0.17725,HOLD
0.37473232,0.34575334,0,0.13897142857142858,HOLD
0.12062644,0.14246865,0,0.1,APPROVE
0.22062051,0.2224639,0,0.0625,HOLD
0.14068902,0.1585187,1,0.2227,HOLD
0.17606863,0.1868224,0,0.20267857142857143,HOLD
0.5452713,0.48218453,1,0.17008,HOLD
0.5200386,0.46199837,1,0.11329411764705882,HOLD
0.60219353,0.52772236,0,0.21154545454545454,HOLD
0.27158794,0.26323786,0,0.2164,HOLD
0.49402833,0.44119015,0,0.19840476190476192,HOLD
0.21844408,0.22072275,0,0.21,HOLD
0.1669337,0.17951445,0,0.06485714285714286,HOLD
0.13397962,0.15315118,0,0.209,HOLD
0.2416644,0.23929901,0,0.0296625,HOLD
0.13027339,0.15018621,0,0.08803333333333334,HOLD
0.8014033,0.68709016,0,0.13345454545454546,REJECT
0.43086824,0.39066207,0,0.24168571428571428,HOLD
0.28345272,0.27272967,0,0.07066666666666667,HOLD
0.43276787,0.39218178,0,0.2768888888888889,HOLD
0.3802348,0.35015535,0,0.2324,HOLD
0.54456365,0.4816184,0,0.224,HOLD
0.21749428,0.21996291,0,0.063,HOLD
0.053885177,0.08907565,0,0.1823,APPROVE
0.2990757,0.28522804,0,0.25116666666666665,HOLD
0.61548966,0.5383593,0,0.1462,HOLD
0.5151942,0.45812285,0,0.14285714285714285,HOLD
0.22525227,0.2261693,0,0.046971428571428574,HOLD
0.3731114,0.3444566,0,0.17995,HOLD
0.17103401,0.1827947,0,0.14518333333333333,HOLD
0.2608978,0.25468573,0,0.0888,HOLD
0.46691895,0.41950265,1,0.14961666666666668,HOLD
0.050272696,0.08618566,0,0.46176,REJECT
0.50059384,0.44644257,0,0.0863,HOLD
0.85008854,0.72603834,0,0.2981,REJECT
0.1275058,0.14797214,0,0.3413157894736842,APPROVE
0.25735238,0.2518494,0,0.1373,HOLD
0.021173142,0.06290601,0,0.148375,APPROVE
0.28289393,0.27228263,0,0.08571428571428572,HOLD
0.15741026,0.1718957,0,0.36605,HOLD
0.09600339,0.12277021,0,0.13,APPROVE
0.05315503,0.08849152,0,0.24543478260869564,APPROVE
0.73136324,0.6310581,0,0.31965,HOLD
0.3363089,0.3150146,1,0.083525,HOLD
0.019829717,0.061831273,0,0.06370588235294118,APPROVE
0.3388129,0.3170178,0,0.22217777777777778,HOLD
0.4875325,0.4359935,0,0.15,HOLD
0.514891,0.45788032,0,0.19964,HOLD
0.37440893,0.34549463,0,0.3245,HOLD
0.15382147,0.16902468,0,0.10258461538461539,HOLD
0.15794113,0.1723204,0,0.14525714285714286,HOLD
0.23279601,0.2322043,0,0.1813,HOLD
0.3199479,0.3019258,0,0.1375,HOLD
0.48078436,0.43059498,0,0.13172727272727272,HOLD
0.6736103,0.5848558,0,0.11328,HOLD
0.1081973,0.13252534,0,0.21907692307692309,APPROVE
0.31897244,0.30114543,0,0.29177142857142857,HOLD
0.24439332,0.24148215,0,0.1758,HOLD
0.18602362,0.19478638,0,0.09084646121342947,HOLD
0.37110445,0.34285104,0,0.05653488372093023,HOLD
0.7612853,0.6549958,0,0.1582439024390244,REJECT
0.325157,0.3060931,0,0.11484,HOLD
0.5726214,0.5040647,0,0.1693,HOLD
0.18859367,0.19684243,0,0.32504761904761903,HOLD
0.16537032,0.17826374,0,0.4145625,REJECT
0.781451,0.67112833,0,0.18405,REJECT
0.44106624,0.3988205,0,0.325,HOLD
0.24192242,0.23950543,0,0.22185,HOLD
0.74790895,0.6442947,0,0.17817777777777777,HOLD
0.27560732,0.26645336,0,0.23935,HOLD
0.53815573,0.47649208,0,0.23446666666666666,HOLD
0.4992343,0.44535494,0,0.1888,HOLD
0.11044187,0.13432099,0,0.1073,APPROVE
0.40526137,0.37017658,0,0.1959,HOLD
0.13070737,0.1505334,0,0.24366666666666667,HOLD
0.28144455,0.27112314,0,0.21443055086177762,HOLD
0.08043986,0.11031938,0,0.246425,APPROVE
0.25865895,0.25289467,0,0.217375,HOLD
0.66139346,0.5750823,0,0.26744444444444443,HOLD
0.24842404,0.24470672,0,0.14484,HOLD
0.5097484,0.45376623,0,0.13558333333333333,HOLD
0.8477084,0.72413427,0,0.22768253968253968,REJECT
0.17712575,0.1876681,0,0.28346666666666664,HOLD
0.18559669,0.19444485,0,0.37235,HOLD
0.20339964,0.2086872,0,0.2127,HOLD
0.8027178,0.68814176,1,0.3864666666666667,REJECT
0.055797923,0.09060584,0,0.1520810810810811,APPROVE
0.6841639,0.5932987,0,0.07756666666666667,HOLD
0.09936113,0.1254564,0,0.11214285714285714,APPROVE
0.90232015,0.76782364,0,0.27908,REJECT
0.35227057,0.32778394,0,0.1557719298245614,HOLD
0.08610505,0.11485154,0,0.25,APPROVE
0.5289392,0.46911883,0,0.09923636363636364,HOLD
0.5765718,0.507225,0,0.19165354330708662,HOLD
0.15369023,0.16891968,0,0.15,HOLD
0.29086667,0.27866083,0,0.2505263157894737,HOLD
0.07295837,0.1043342,0,0.075,APPROVE
0.33193,0.31151152,0,0.08036666666666667,HOLD
0.2698246,0.26182717,0,0.38053333333333333,HOLD
0.30710927,0.2916549,0,1.19,REJECT
0.4311794,0.390911,0,0.265875,HOLD
0.0681553,0.10049174,0,0.14055714285714285,APPROVE
0.13510875,0.1540545,0,0.2037,HOLD
0.28962705,0.27766913,0,0.20885714285714285,HOLD
0.61269546,0.53612393,0,0.07616666666666666,HOLD
0.16402839,0.1771902,0,0.326,HOLD
0.577415,0.5078995,0,0.18989130434782608,HOLD
0.51499534,0.45796376,0,0.21352631578947368,HOLD
0.19117841,0.19891022,0,0.3378888888888889,HOLD
0.78128994,0.67099947,0,0.18892,REJECT
0.51913255,0.46127355,0,0.1419111111111111,HOLD
0.50132096,0.44702426,0,0.11594,HOLD
0.24547698,0.24234907,0,0.2816,HOLD
0.33650193,0.31516904,0,0.25726666666666664,HOLD
0.11841164,0.14069681,0,0.1111111111111111,APPROVE
0.3678527,0.34024966,0,0.13553333333333334,HOLD
0.8072911,0.6918004,1,0.34511764705882353,REJECT
0.8149693,0.697943,0,0.24644,REJECT
0.3491024,0.32524943,0,0.12293548387096774,HOLD
0.41131234,0.37501737,0,0.19436,HOLD
0.031352572,0.071049556,0,0.20346666666666666,APPROVE
0.21149927,0.21516691,0,0.19501666666666667,HOLD
0.654969,0.5699427,0,0.1332,HOLD
0.34372234,0.32094538,0,0.16226666666666667,HOLD
0.62460065,0.54564804,0,0.1710909090909091,HOLD
0.69687194,0.6034651,1,0.1251,HOLD
0.35121804,0.32694194,0,0.347025,HOLD
0.39951277,0.3655777,0,0.2458,HOLD
0.5163501,0.45904756,0,0.18070175438596492,HOLD
0.14360435,0.16085097,0,0.0869529411764706,HOLD
0.09923285,0.12535378,0,0.04546666666666667,APPROVE
0.37963194,0.34967303,0,0.2676756756756757,HOLD
0.084668174,0.11370204,0,0.05845238095238095,APPROVE
0.14409931,0.16124694,0,0.12148571428571428,HOLD
0.17698896,0.18755867,0,0.11058,HOLD
0.55261,0.48805547,0,0.12464615384615385,HOLD
0.44295982,0.40033534,0,0.2328125,HOLD
0.8646994,0.73772705,0,0.1882,REJECT
0.3233549,0.3046514,0,0.08545,HOLD
0.042893697,0.08028246,0,0.151375,APPROVE
0.48164076,0.4312801,1,0.131,HOLD
0.6792026,0.5893296,0,0.21996969696969698,HOLD
0.51891166,0.46109682,0,0.17262857142857144,HOLD
0.24210207,0.23964915,0,0.1393,HOLD
0.7730231,0.66438603,0,0.21163333333333334,REJECT
0.37454695,0.34560505,0,0.2692,HOLD
0.6318029,0.55140984,0,0.2511,HOLD
0.5027277,0.44814965,0,0.12330952380952381,HOLD
0.47421682,0.42534095,0,0.27145454545454545,HOLD
0.8770993,0.7476469,1,0.1229,REJECT
0.123282984,0.14459388,0,0.15848333333333334,APPROVE
0.39689946,0.36348706,0,0.22333333333333333,HOLD
0.8822647,0.75177926,0,0.27788,REJECT
0.20042387,0.20630659,0,0.09177777777777778,HOLD
0.35738817,0.33187804,0,0.17282857142857141,HOLD
0.34034967,0.31824723,1,0.2689,HOLD
0.47315428,0.42449093,0,0.3592,HOLD
0.36334738,0.3366454,0,0.18275,HOLD
0.12692502,0.14750752,0,0.10135555555555556,APPROVE
0.5468726,0.48346558,0,0.20454545454545456,HOLD
0.4636067,0.41685283,0,0.0859,HOLD
0.22541238,0.2262974,0,0.3655,HOLD
0.7982315,0.6845527,0,0.136625,REJECT
0.35751697,0.33198106,0,0.16453333333333334,HOLD
0.58375764,0.51297367,1,0.2226,HOLD
0.5046029,0.4496498,0,0.26215,HOLD
0.29602316,0.28278604,0,0.12167630057803468,HOLD
0.5526542,0.48809087,0,0.16569565217391305,HOLD
0.31920746,0.30133346,0,0.08483333333333333,HOLD
0.23837923,0.23667087,0,0.2695666666666667,HOLD
0.47704098,0.42760026,0,0.23917142857142856,HOLD
0.4420472,0.39960527,0,0.1459375,HOLD
0.45614973,0.41088727,0,0.13966666666666666,HOLD
0.6046942,0.52972287,0,0.25756,HOLD
0.05946342,0.09353823,0,0.11833333333333333,APPROVE
0.13618934,0.15491897,0,0.22945,HOLD
0.7918843,0.67947495,0,0.24465,REJECT
0.4038315,0.3690327,0,0.2446,HOLD
0.012610091,0.056055576,0,0.09329411764705882,APPROVE
0.30832863,0.2926304,0,0.16425,HOLD
0.1879705,0.1963439,0,0.045588235294117645,HOLD
0.7454792,0.6423509,0,0.18275,HOLD
0.5220426,0.46360156,0,0.09685714285714286,HOLD
0.34539363,0.3222824,0,0.23586666666666667,HOLD
0.5173113,0.45981652,0,0.211,HOLD
0.6172544,0.539771,0,0.22548148148148148,HOLD
0.27022025,0.2621437,0,0.1596,HOLD
0.22235705,0.22385313,0,0.12470588235294118,HOLD
0.15665942,0.17129503,0,0.36665,HOLD
0.09871248,0.12493748,0,0.0937111111111111,APPROVE
0.07632113,0.10702441,0,0.26526666666666665,APPROVE
0.8177475,0.7001655,0,0.23208571428571428,REJECT
0.69491917,0.60190284,0,0.23906666666666668,HOLD
0.087483354,0.11595418,0,0.06216666666666667,APPROVE
0.09285891,0.12025463,0,0.05,APPROVE
0.19312719,0.20046924,0,0.10752941176470589,HOLD
0.1802942,0.19020285,0,0.2573913043478261,HOLD
0.40348586,0.36875618,0,0.1,HOLD
0.55328125,0.4885925,0,0.20436666666666667,HOLD
0.40043482,0.36631536,0,0.1534655172413793,HOLD
0.3221308,0.30367213,0,0.06013333333333333,HOLD
0.33907574,0.31722808,1,0.08725217391304348,HOLD
0.85878336,0.7329942,1,0.135625,REJECT
0.18327557,0.19258794,0,0.1741304347826087,HOLD
0.1961783,0.20291014,0,0.23556,HOLD
0.043973524,0.08114632,0,0.16470588235294117,APPROVE
0.7628657,0.65626013,1,0.1341,REJECT
0.22446531,0.22553974,0,0.24,HOLD
0.62575114,0.54656845,0,0.3746,HOLD
0.4765255,0.4271879,0,0.2191,HOLD
0.33508426,0.3140349,0,0.33585185185185185,HOLD
0.060951855,0.094728984,0,0.17586666666666667,APPROVE
0.12950319,0.14957005,0,0.5107058823529412,REJECT
0.22924379,0.22936252,0,0.12614285714285714,HOLD
0.32055864,0.30241442,0,0.16,HOLD
0.459749,0.4137667,0,0.2339111111111111,HOLD
0.1958384,0.20263822,0,0.09166666666666666,HOLD
0.15198547,0.16755587,1,0.2734666666666667,HOLD
0.3238629,0.30505782,0,0.0350625,HOLD
0.35094333,0.32672215,0,0.2622608695652174,HOLD
0.4990796,0.4452312,0,0.20082857142857144,HOLD
0.21528463,0.2181952,0,0.07882857142857143,HOLD
0.69435465,0.6014513,0,0.2726,HOLD
0.13122144,0.15094465,0,0.08789285714285715,HOLD
0.079179116,0.1093108,0,0.08270588235294117,APPROVE
0.41817388,0.3805066,0,0.16,HOLD
0.36411843,0.33726224,0,0.1,HOLD
0.45067173,0.40650487,0,0.15514285714285714,HOLD
0.48986894,0.43786263,0,0.15788888888888888,HOLD
0.291739,0.27935869,0,0.22725,HOLD
0.019909486,0.061895087,0,0.22757692307692307,APPROVE
0.6403092,0.5582149,1,0.16046666666666667,HOLD
0.17659037,0.18723978,0,0.1494,HOLD
0.79242516,0.6799077,0,0.302425,REJECT
0.07400813,0.105174005,0,0.10096153846153846,APPROVE
0.27145788,0.2631338,0,0.1188,HOLD
0.8222049,0.7037314,1,0.19572,REJECT
0.4619083,0.41549414,0,0.17622222222222222,HOLD
0.35145253,0.3271295,0,0.34048,HOLD
0.6383703,0.55666375,0,0.1111111111111111,HOLD
0.49694037,0.4435198,0,0.09208,HOLD
0.2190837,0.22123446,0,0.1423888888888889,HOLD
0.42120582,0.38293216,0,0.1936,HOLD
0.10425253,0.12936953,0,0.1856,APPROVE
0.38131928,0.35102293,0,0.20482,HOLD
0.7647947,0.6578033,1,0.34544444444444444,REJECT
0.043288022,0.080597915,0,0.4061142857142857,REJECT
0.07181952,0.10342312,0,0.270175,APPROVE
0.5438315,0.48103273,0,0.2108846153846154,HOLD
0.28735512,0.2758516,0,0.14637142857142857,HOLD
0.33579275,0.3146017,0,0.1,HOLD
0.18627286,0.19498578,0,0.34012,HOLD
0.066565484,0.09921989,0,0.1,APPROVE
0.4041255,0.3692679,0,0.1293,HOLD
0.15819675,0.17252488,0,0.14278333333333335,HOLD
0.05673986,0.091359384,0,0.1322875,APPROVE
0.4065618,0.37121692,0,0.025,HOLD
0.4524897,0.40795925,0,0.15385714285714286,HOLD
0.8928531,0.76025,0,0.18023076923076922,REJECT
0.38141105,0.35109633,0,0.08147272727272727,HOLD
0.2564827,0.25115365,0,0.11607407407407408,HOLD
0.4241225,0.3852655,0,0.0963375,HOLD
0.6767749,0.58738744,0,0.24751851851851853,HOLD
0.110879384,0.134671,0,0.24444,APPROVE
0.34102666,0.31878883,0,0.18778723404255318,HOLD
0.61606544,0.5388199,0,0.15937777777777778,HOLD
0.11942534,0.14150777,0,0.17802857142857142,APPROVE
0.30101526,0.2867797,1,0.278046511627907,HOLD
0.2579865,0.25235668,0,0.13235714285714287,HOLD
0.026175302,0.06690774,0,0.1875,APPROVE
0.2667234,0.25934622,0,0.10556,HOLD
0.1349344,0.15391502,0,0.1822,HOLD
0.21989661,0.22188479,0,0.12677142857142856,HOLD
0.026103806,0.06685054,0,0.19436666666666666,APPROVE
0.049016938,0.08518105,0,0.15,APPROVE
0.561889,0.4954787,0,0.24644,HOLD
0.32390583,0.30509216,0,0.10903333333333333,HOLD
0.07039928,0.10228693,0,0.16276666666666667,APPROVE
0.77667457,0.6673072,0,0.09987798500958689,REJECT
0.77927405,0.66938674,0,0.15572,REJECT
0.25968328,0.2537141,0,0.15,HOLD
0.24409506,0.24124354,0,0.1394,HOLD
0.6597092,0.5737349,0,0.23988,HOLD
0.4507991,0.4066068,0,0.16622727272727272,HOLD
0.2047113,0.20973654,0,0.14423076923076922,HOLD
0.60507345,0.5300263,0,0.29145,HOLD
0.31841624,0.3007005,0,0.1236,HOLD
0.38680324,0.3554101,0,0.33302857142857145,HOLD
0.66242296,0.5759059,0,0.212575,HOLD
0.50416887,0.44930258,0,0.1737142857142857,HOLD
0.46046785,0.41434178,0,0.266475,HOLD
0.5634384,0.49671823,1,0.12212727272727272,HOLD
0.1647075,0.1777335,1,0.10675675675675676,HOLD
0.30924785,0.29336578,0,0.17905714285714286,HOLD
0.32285702,0.3042531,0,0.21208,HOLD
0.1165431,0.13920197,0,0.15944,APPROVE
0.29354495,0.28080347,0,0.20491428571428572,HOLD
0.055152517,0.090089515,0,0.17866666666666667,APPROVE
0.19541605,0.20230033,0,0.25536,HOLD
0.19968407,0.20571475,0,0.0922,HOLD
0.23843797,0.23671786,0,0.23091666666666666,HOLD
0.21166267,0.21529762,1,0.22540734109221128,HOLD
0.77940214,0.66948926,0,0.1158095238095238,REJECT
0.7645467,0.6576049,0,0.15,REJECT
0.20057972,0.20643127,0,0.30917460317460316,HOLD
0.21732934,0.21983096,0,0.27663333333333334,HOLD
0.49645317,0.44313002,0,0.2924,HOLD
0.21022749,0.21414949,0,0.15776744186046512,HOLD
0.474795,0.4258035,0,0.12075,HOLD
0.30771425,0.2921389,0,0.24085,HOLD
0.22093093,0.22271223,0,0.17097142857142858,HOLD
0.73258847,0.6320383,0,0.1600769230769231,HOLD
0.1910704,0.19882381,0,0.26714814814814813,HOLD
0.46590498,0.4186915,0,0.3432777777777778,HOLD
0.43409422,0.39324287,1,0.33554285714285714,HOLD
0.13318901,0.1525187,0,0.2549,HOLD
0.6199392,0.54191893,0,0.1528,HOLD
0.06812407,0.10046676,0,0.19774074074074074,APPROVE
0.71996504,0.62193954,0,0.08145714285714285,HOLD
0.35080767,0.32661363,0,0.2043,HOLD
0.18457048,0.19362387,0,0.08456666666666666,HOLD
0.25734705,0.25184515,0,0.13003571428571428,HOLD
0.31865436,0.30089098,0,0.23092,HOLD
0.31004822,0.29400608,0,0.21826923076923077,HOLD
0.26570407,0.25853077,0,0.1688235294117647,HOLD
0.3664701,0.33914357,0,0.17516,HOLD
0.018194374,0.060523,0,0.16305,APPROVE
0.6835729,0.59282583,1,0.12163636363636364,HOLD
0.53043765,0.4703176,0,0.1063,HOLD
0.12074445,0.14256306,0,0.09,APPROVE
0.19993825,0.20591809,0,0.0646125,HOLD
0.030454408,0.07033103,0,0.1298857142857143,APPROVE
0.2396105,0.2376559,0,0.13333333333333333,HOLD
0.08457083,0.11362416,0,0.137675,APPROVE
0.20366655,0.20890073,0,0.207275,HOLD
0.3054669,0.29034102,0,0.3169411764705882,HOLD
0.20238724,0.2078773,0,0.06666666666666667,HOLD
0.3268284,0.3074302,0,0.19417647058823528,HOLD
0.45858473,0.41283527,0,0.09903448275862069,HOLD
0.37019926,0.3421269,1,0.19097142857142857,HOLD
0.337028,0.3155899,0,0.11822857142857143,HOLD
0.17898655,0.18915673,0,0.15609090909090909,HOLD
0.1139361,0.13711637,0,0.13784,APPROVE
0.14303413,0.1603948,0,0.125,HOLD
0.10577508,0.13058756,0,0.03,APPROVE
0.26162076,0.2552641,0,0.2886,HOLD
0.17263173,0.18407287,0,0.10418181818181818,HOLD
0.07559315,0.10644203,0,0.0756,APPROVE
0.25068054,0.24651192,0,0.05625,HOLD
0.2038386,0.20903838,0,0.07176,HOLD
0.37332144,0.34462464,0,0.111,HOLD
0.40546826,0.3703421,0,0.20692,HOLD
0.1374399,0.15591942,0,0.31105714285714287,HOLD
0.13456213,0.1536172,0,0.23757777777777778,HOLD
0.680672,0.5905051,0,0.06553846153846153,HOLD
0.100832015,0.12663311,0,0.0861,APPROVE
0.6158543,0.538651,0,0.1598,HOLD
0.45047212,0.4063452,0,0.6195,REJECT
0.23489611,0.23388438,0,0.4051,REJECT
0.28352463,0.2727872,0,0.21132,HOLD
0.5006075,0.44645348,0,0.14724,HOLD
0.30852568,0.29278806,0,0.119625,HOLD
0.43603998,0.39479947,0,0.11328571428571428,HOLD
0.46796584,0.42034018,0,0.3058125,HOLD
0.39776403,0.36417872,0,0.16202857142857144,HOLD
0.09755526,0.1240117,0,0.22346666666666667,APPROVE
0.37981755,0.34982154,0,0.27584375,HOLD
0.25832367,0.25262645,0,0.30433333333333334,HOLD
0.14780429,0.16421093,0,0.21253333333333332,HOLD
0.31329098,0.29660028,0,0.135575,HOLD
0.29403943,0.28119904,0,0.16208,HOLD
0.13844436,0.156723,0,0.21,HOLD
0.33368832,0.31291816,0,0.07857142857142857,HOLD
0.39193946,0.35951906,0,0.1018,HOLD
0.32167774,0.30330968,0,0.14041818181818183,HOLD
0.598021,0.5243843,0,0.18132,HOLD
0.23116343,0.23089823,0,0.14335,HOLD
0.18021435,0.19013897,0,0.06028,HOLD
0.090600625,0.118448,0,0.4316842105263158,REJECT
0.40077245,0.36658546,0,0.19236666666666666,HOLD
0.46320975,0.4165353,1,0.21967871485943774,HOLD
0.47227958,0.42379117,0,0.17142857142857143,HOLD
0.51444256,0.45752156,0,0.3016666666666667,HOLD
0.40911844,0.37326226,0,0.08896363636363637,HOLD
0.13253748,0.15199748,0,0.13432,HOLD
0.44117698,0.3989091,0,0.04976923076923077,HOLD
0.874869,0.7458627,0,0.3110869565217391,REJECT
0.13704802,0.15560591,0,0.23232,HOLD
0.5728122,0.5042173,0,0.241,HOLD
0.07987865,0.10987043,0,0.075,APPROVE
0.40196833,0.36754215,0,0.2846666666666667,HOLD
0.26224113,0.2557604,1,0.27357777777777775,HOLD
0.52888256,0.46907353,0,0.13926,HOLD
0.05367707,0.08890916,0,0.15153333333333333,APPROVE
0.23456375,0.2336185,1,0.12515,HOLD
0.55543077,0.4903121,0,0.100725,HOLD
0.019205105,0.061331585,0,0.09068,APPROVE
0.10586784,0.13066177,0,0.17544,APPROVE
0.53883183,0.47703296,0,0.23574285714285714,HOLD
0.3870652,0.35561967,0,0.14846,HOLD
0.35627025,0.3309837,1,0.05357142857142857,HOLD
0.039637886,0.07767781,0,0.1,APPROVE
0.8211946,0.7029232,0,0.23988,REJECT
0.3767994,0.347407,0,0.1616153846153846,HOLD
0.013266558,0.05658075,0,0.09111428571428572,APPROVE
0.2078257,0.21222806,0,0.212575,HOLD
0.62538165,0.5462729,0,0.19733333333333333,HOLD
0.6009188,0.5267026,1,0.0866,HOLD
0.5175715,0.4600247,1,0.09323333333333333,HOLD
0.045977347,0.082749374,0,0.033342857142857146,APPROVE
0.6272911,0.5478004,0,0.18564444444444445,HOLD
0.2875757,0.27602807,1,0.0375,HOLD
0.46833837,0.4206382,0,0.284175,HOLD
0.30373433,0.28895497,0,0.16236,HOLD
0.81116503,0.69489956,0,0.1984857142857143,REJECT
0.19753161,0.20399278,0,0.3596,HOLD
0.14628388,0.1629946,0,0.1517037037037037,HOLD
0.21846189,0.220737,0,0.3404,HOLD
0.3680669,0.34042102,0,0.27295555555555556,HOLD
0.5929446,0.5203232,0,0.25376,HOLD
0.3068244,0.29142702,0,0.1526,HOLD
0.33808377,0.3164345,0,0.0625,HOLD
0.2532277,0.24854966,0,0.4070285714285714,REJECT
0.52086574,0.46266007,0,0.0549,HOLD
0.35724,0.33175948,0,0.23095555555555555,HOLD
0.13481167,0.15381683,0,0.2485,HOLD
0.48719278,0.43572173,0,0.066825,HOLD
0.71560216,0.6184493,0,0.08457142857142858,HOLD
0.13251974,0.15198329,0,0.031033333333333333,HOLD
0.3624587,0.33593446,0,0.10387692307692308,HOLD
0.25327545,0.24858786,0,0.15101587301587302,HOLD
0.19369571,0.20092405,0,0.2562,HOLD
0.70636415,0.61105883,1,0.16914285714285715,HOLD
0.5464496,0.48312718,0,0.18784,HOLD
0.27302504,0.26438752,0,0.22154285714285715,HOLD
0.32661423,0.30725887,0,0.2640909090909091,HOLD
0.36531273,0.33821768,0,0.1743859649122807,HOLD
0.42445037,0.3855278,0,0.14506666666666668,HOLD
0.33750862,0.31597438,0,0.19386206896551725,HOLD
0.42725566,0.38777202,0,0.25615,HOLD
0.13914455,0.15728314,0,0.03422857142857143,HOLD
0.5714858,0.5031562,1,0.12544,HOLD
0.39056346,0.35841826,0,0.16474285714285714,HOLD
0.6149762,0.53794855,0,0.13367272727272728,HOLD
0.37578952,0.3465991,1,0.19840625,HOLD
0.29132155,0.27902475,0,0.15414814814814815,HOLD
0.49395353,0.4411303,0,0.14687179487179486,HOLD
0.08348941,0.11275903,0,0.063,APPROVE
0.64385444,0.5610511,0,0.14,HOLD
0.36922902,0.3413507,1,0.2429,HOLD
0.20895639,0.2131326,0,0.17377215189873418,HOLD
0.53612113,0.4748644,0,0.181525,HOLD
0.032144833,0.07168337,0,0.15517241379310345,APPROVE
0.37672642,0.34734863,0,0.02857142857142857,HOLD
0.8300886,0.7100384,1,0.2343,REJECT
0.32206714,0.3036212,0,0.058275,HOLD
0.57101417,0.5027789,0,0.47273333333333334,REJECT
0.5588672,0.49306127,0,0.18275,HOLD
0.15604985,0.17080738,0,0.15178571428571427,HOLD
0.22928008,0.22939156,0,0.15573333333333333,HOLD
0.22698368,0.22755444,0,0.18756,HOLD
0.14529938,0.16220699,0,0.04,HOLD
0.22691146,0.22749665,1,0.18535,HOLD
0.3475989,0.3240466,0,0.21084,HOLD
0.17579895,0.18660666,0,0.0766,HOLD
0.37619087,0.3469202,0,0.09355,HOLD
0.418674,0.3809067,0,0.1622,HOLD
0.061303083,0.09500997,0,0.17651111111111112,APPROVE
0.20614171,0.21088086,0,0.25373913043478263,HOLD
0.081585705,0.11123607,0,0.07284444444444445,APPROVE
0.10201492,0.12757944,0,0.10251428571428571,APPROVE
0.56343156,0.49671274,0,0.13908571428571428,HOLD
0.3271949,0.3077234,0,0.16065,HOLD
0.20011343,0.20605823,0,0.16762857142857143,HOLD
0.32947558,0.30954796,0,0.1569,HOLD
0.3567968,0.33140492,1,0.3249375,HOLD
0.46116987,0.4149034,1,0.22092,HOLD
0.6220122,0.5435773,0,0.16228571428571428,HOLD
0.15884222,0.17304127,0,0.10471111111111112,HOLD
0.7701885,0.6621183,0,0.1671090909090909,REJECT
0.28311315,0.27245802,0,0.0731,HOLD
0.19593105,0.20271233,0,0.15272727272727274,HOLD
0.4429447,0.40032327,0,0.1388888888888889,HOLD
0.110106915,0.13405302,0,0.1182,APPROVE
0.49849975,0.4447673,0,0.08,HOLD
0.31753236,0.2999934,0,0.1768,HOLD
0.49481922,0.4418229,0,0.2314857142857143,HOLD
0.16325481,0.17657134,0,0.23221666666666665,HOLD
0.5842978,0.51340574,0,0.2562,HOLD
0.37948066,0.34955204,0,0.2465217391304348,HOLD
0.6886183,0.5968622,0,0.22506666666666666,HOLD
0.08492567,0.11390803,0,0.2462769230769231,APPROVE
0.4100035,0.3739703,1,0.15671428571428572,HOLD
0.4658529,0.4186498,0,0.07903846153846154,HOLD
0.3681533,0.34049013,1,0.14527777777777778,HOLD
0.5470956,0.48364398,0,0.184975,HOLD
0.71850115,0.6207684,0,0.2796,HOLD
0.47900108,0.42916834,0,0.271325,HOLD
0.48475915,0.43377483,0,0.06564285714285714,HOLD
0.40379187,0.369001,0,0.1258,HOLD
0.19843914,0.2047188,0,0.17476,HOLD
0.14434706,0.16144514,0,0.18586153846153847,HOLD
0.035249647,0.074167214,0,0.1260769230769231,APPROVE
0.36010092,0.33404824,0,0.12464615384615385,HOLD
0.043447215,0.080725275,0,0.33785,APPROVE
0.4678697,0.42026326,0,0.029563636363636365,HOLD
0.83191144,0.7114967,0,0.11417777777777778,REJECT
0.6173253,0.53982776,0,0.05435555555555555,HOLD
0.53145254,0.47112954,0,0.2801666666666667,HOLD
0.4220689,0.38362262,0,0.13073333333333334,HOLD
0.31937844,0.30147025,0,0.44453333333333334,REJECT
0.30433866,0.28943843,0,0.3340666666666667,HOLD
0.10768973,0.13211928,0,0.1,APPROVE
0.0444703,0.081543736,0,0.06666666666666667,APPROVE
0.027717205,0.06814127,0,0.1008,APPROVE
0.22220716,0.22373322,1,0.14525,HOLD
0.8491619,0.7252971,1,0.1381,REJECT
0.19598441,0.20275502,0,0.21957142857142858,HOLD
0.05193755,0.08751754,0,0.33725714285714287,APPROVE
0.4216098,0.38325533,0,0.20968571428571428,HOLD
0.55601835,0.49078217,0,0.1639,HOLD
0.13508733,0.15403736,0,0.07175,HOLD
0.40086955,0.36666313,0,0.1493846153846154,HOLD
0.25930706,0.25341314,0,0.2771,HOLD
0.58742106,0.51590437,0,0.16204166666666667,HOLD
0.7245418,0.62560093,0,0.0865,HOLD
0.4922856,0.43979597,0,0.10086666666666666,HOLD
0.120436385,0.14231661,0,0.07917391304347826,APPROVE
0.55367607,0.48890835,0,0.2228,HOLD
0.7506897,0.6465193,1,0.0474875,HOLD
0.3419349,0.3195154,0,0.15536363636363637,HOLD
0.226483,0.2271539,0,0.09497014925373135,HOLD
0.27217168,0.26370484,0,0.16728,HOLD
0.28347877,0.27275053,0,0.165175,HOLD
0.05580176,0.09060891,0,0.12,APPROVE
0.12395787,0.1451338,0,0.12970731707317074,APPROVE
0.1281446,0.14848319,0,0.08153846153846153,APPROVE
0.5402642,0.47817886,0,0.1747076923076923,HOLD
0.14227246,0.15978546,0,0.24823076923076923,HOLD
0.021370118,0.0630636,0,0.14736585365853658,APPROVE
0.520934,0.46271467,0,0.4235714285714286,REJECT
0.41651314,0.37917802,1,0.4072352941176471,REJECT
0.2514763,0.24714853,0,0.16204,HOLD
0.39261392,0.36005864,0,0.25694285714285714,HOLD
0.34029126,0.3182005,0,0.2469,HOLD
0.30720404,0.29173073,0,0.1537,HOLD
0.14441611,0.16150038,0,0.40004545454545454,REJECT
0.74550456,0.6423712,0,0.14444,HOLD
0.2694578,0.26153374,0,0.09475555555555555,HOLD
0.10929878,0.13340652,0,0.33786363636363637,APPROVE
0.785277,0.67418915,1,0.14344,REJECT
0.32490495,0.30589145,0,0.06682,HOLD
0.34264615,0.32008442,0,0.20097142857142858,HOLD
0.2803706,0.27026397,0,0.15828571428571428,HOLD
0.8299231,0.709906,1,0.1004375,REJECT
0.3913793,0.35907093,0,0.0938,HOLD
0.15026045,0.16617586,0,0.1959,HOLD
0.53271115,0.4721364,0,0.184,HOLD
0.32315338,0.3044902,0,0.195225,HOLD
0.14394699,0.1611251,0,0.1602375,HOLD
0.26260152,0.2560487,0,0.18813333333333335,HOLD
0.064837605,0.09783759,1,0.28296666666666664,APPROVE
0.11120505,0.13493153,0,0.09786,APPROVE
0.19705632,0.20361255,0,0.265525,HOLD
0.5065513,0.45120856,0,0.12,HOLD
0.8017574,0.68737346,0,0.16643333333333332,REJECT
0.22669995,0.22732745,0,0.05,HOLD
0.0052573425,0.050173376,0,0.17965882352941176,APPROVE
0.344914,0.3218987,0,0.22075,HOLD
0.67142737,0.58310944,0,0.28705,HOLD
0.1259609,0.14673622,0,0.13529166666666667,APPROVE
0.3258978,0.30668575,0,0.1412842908106778,HOLD
0.31730002,0.29980752,0,0.06428571428571428,HOLD
0.13662234,0.15526536,0,0.17953333333333332,HOLD
0.33262867,0.31207043,0,0.49446666666666667,REJECT
0.3455916,0.32244077,0,0.26148,HOLD
0.53692555,0.47550794,1,0.12631111111111112,HOLD
0.2549669,0.24994102,0,0.15912820512820514,HOLD
0.37089205,0.34268114,0,0.0898,HOLD
0.2599948,0.25396335,0,0.10073170731707318,HOLD
0.55481946,0.48982307,0,0.11593333333333333,HOLD
0.05820128,0.09252853,0,0.1993,APPROVE
0.65494186,0.569921,0,0.1111111111111111,HOLD
0.2889081,0.27709398,0,0.21635555555555555,HOLD
0.17204541,0.18360382,0,0.14148,HOLD
0.15647864,0.1711504,0,0.21190384615384616,HOLD
0.27966663,0.2697008,0,0.2164,HOLD
0.060373314,0.094266154,0,0.15633333333333332,APPROVE
0.3970148,0.36357933,0,0.21868,HOLD
0.0862729,0.11498583,0,0.17813333333333334,APPROVE
0.20123063,0.20695199,0,0.07386,HOLD
0.49407774,0.4412297,0,0.25634285714285715,HOLD
0.43499506,0.39396355,0,0.672,REJECT
0.17766587,0.18810019,0,0.09111428571428572,HOLD
0.29162514,0.2792676,0,0.08318840579710145,HOLD
0.55395246,0.48912945,0,0.2555217391304348,HOLD
0.045385078,0.08227556,0,0.19277016742770167,APPROVE
0.14592779,0.16270973,0,0.19420689655172413,HOLD
0.124985665,0.14595602,0,0.30445,APPROVE
0.6415317,0.5591929,0,0.125175,HOLD
0.4137937,0.37700248,0,0.14553333333333332,HOLD
0.1387765,0.1569887,0,0.3369375,HOLD
0.43514585,0.3940842,0,0.2568666666666667,HOLD
0.1925178,0.19998173,0,0.1282,HOLD
0.59086597,0.5186603,0,0.10792727272727273,HOLD
0.26403785,0.25719777,1,0.222875,HOLD
0.2754856,0.266356,0,0.08408,HOLD
0.55013454,0.48607513,0,0.2572,HOLD
0.113280036,0.13659152,0,0.3231428571428571,APPROVE
0.20171511,0.20733958,0,0.1366888888888889,HOLD
0.7330502,0.6324077,0,0.36543478260869566,HOLD
0.32940573,0.30949208,0,0.0947,HOLD
0.15935262,0.17344959,0,0.2981935483870968,HOLD
0.33064216,0.31048122,0,0.38906666666666667,HOLD
0.11140913,0.13509479,0,0.20044,APPROVE
0.33237404,0.31186673,0,0.161075,HOLD
0.38462535,0.35366777,0,0.3903,HOLD
0.6887604,0.59697586,1,0.212975,HOLD
0.28808677,0.27643692,0,0.19455,HOLD
0.03788681,0.07627695,0,0.13696923076923076,APPROVE
0.105794005,0.1306027,0,0.0855,APPROVE
0.48247725,0.4319493,0,0.28136,HOLD
0.6763445,0.58704317,0,0.19908,HOLD
0.0041566347,0.04929281,0,0.45108,REJECT
0.28683838,0.27543822,0,0.11625,HOLD
0.39777887,0.36419058,0,0.18214285714285713,HOLD
0.35334465,0.3286432,0,0.09691428571428572,HOLD
0.4033515,0.36864868,0,0.32592,HOLD
0.093161464,0.12049667,0,0.12244285714285714,APPROVE
0.059633836,0.09367457,0,0.6312666666666666,REJECT
0.681831,0.59143233,0,0.18988888888888888,HOLD
0.5935969,0.52084506,0,0.1774,HOLD
0.1326787,0.15211046,0,0.14,HOLD
0.22799002,0.2283595,0,0.05,HOLD
0.018806543,0.061012737,0,0.099,APPROVE
0.44455665,0.40161282,0,0.08,HOLD
0.16898052,0.18115191,0,0.3548,HOLD
0.61955816,0.54161406,1,0.14252,HOLD
0.72355366,0.62481046,0,0.1886896551724138,HOLD
0.5259957,0.46676403,0,0.45335,REJECT
0.5166078,0.45925376,0,0.23124,HOLD
0.0050322036,0.04999326,0,0.21112,APPROVE
0.61869705,0.5409252,0,0.2186,HOLD
0.09712384,0.12366658,0,0.07322619047619047,APPROVE
0.5151256,0.45806795,0,0.08611111111111111,HOLD
0.34044194,0.31832105,0,0.1479818181818182,HOLD
0.06767872,0.10011048,0,0.18008,APPROVE
0.18178391,0.19139463,0,0.05,HOLD
0.13011006,0.15005554,0,0.29128,HOLD
0.647269,0.56378275,0,0.21964,HOLD
0.25218713,0.2477172,0,0.2424,HOLD
0.21658169,0.21923284,0,0.09256363636363636,HOLD
0.39145538,0.3591318,0,0.13255,HOLD
0.21220915,0.21573481,0,0.23303636363636362,HOLD
0.5793803,0.5094718,0,0.22025,HOLD
0.23988552,0.23787591,0,0.07304444444444444,HOLD
0.45023823,0.4061581,0,0.083425,HOLD
0.6007515,0.5265688,0,0.12206666666666667,HOLD
0.5008717,0.44666487,0,0.09953333333333333,HOLD
0.43782076,0.3962241,0,0.30228571428571427,HOLD
0.13172492,0.15134743,0,0.07026666666666667,HOLD
0.21740362,0.21989039,0,0.45557142857142857,REJECT
0.42763713,0.3880772,0,0.17733333333333334,HOLD
0.24696106,0.24353634,0,0.182375,HOLD
0.13524216,0.15416123,0,0.075,HOLD
0.53378576,0.47299612,0,0.22276666666666667,HOLD
0.6250221,0.5459852,0,0.180675,HOLD
0.121592976,0.14324188,0,0.1659,APPROVE
0.353688,0.3289179,0,0.09174285714285714,HOLD
0.08088637,0.110676594,0,0.063225,APPROVE
0.2393301,0.23743157,0,0.16423333333333334,HOLD
0.6709685,0.58274233,0,0.07717777777777778,HOLD
0.17742504,0.18790753,0,0.2924,HOLD
0.15713617,0.17167643,0,0.3072962962962963,HOLD
0.19986445,0.20585905,0,0.61596,REJECT
0.5416618,0.47929692,0,0.24344,HOLD
0.2791653,0.26929975,0,0.31757142857142856,HOLD
0.5827712,0.5121845,0,0.48875,REJECT
0.2528813,0.24827252,0,0.09323333333333333,HOLD
0.43468967,0.39371923,0,0.13333333333333333,HOLD
0.45484826,0.4098461,1,0.09911904761904762,HOLD
0.2331264,0.23246862,0,0.181475,HOLD
0.22876282,0.22897775,0,0.2847391304347826,HOLD
0.84622765,0.7229496,0,0.22338095238095237,REJECT
0.33156538,0.3112198,0,0.06792592592592593,HOLD
0.20070507,0.20653154,0,0.2771,HOLD
0.7119761,0.61554843,0,0.33415,HOLD
0.13941865,0.15750241,0,0.12130555555555556,HOLD
0.10864573,0.13288409,0,0.1586,APPROVE
0.19594648,0.20272468,1,0.14836,HOLD
0.081251904,0.11096903,0,0.09125,APPROVE
0.50680476,0.4514113,0,0.10522857142857144,HOLD
0.37004343,0.34200224,0,0.1847,HOLD
0.62044084,0.5423202,0,0.05714285714285714,HOLD
0.28476843,0.27378225,0,0.025,HOLD
0.621766,0.5433803,1,0.24685,HOLD
0.27368128,0.26491252,0,0.11055,HOLD
0.14354199,0.16080108,0,0.09,HOLD
0.1301627,0.15009765,0,0.120775,HOLD
0.14522429,0.16214693,0,0.13535,HOLD
0.27274844,0.26416627,0,0.11992,HOLD
0.3471825,0.3237135,0,0.12335384615384615,HOLD
0.22521567,0.22614004,0,0.2414,HOLD
0.5208821,0.4626732,1,0.21945454545454546,HOLD
0.7060587,0.61081445,0,0.12751162790697673,HOLD
0.2326571,0.23209317,0,0.3,HOLD
0.31302646,0.29638866,0,0.3767,HOLD
0.3747576,0.34577358,0,0.26765,HOLD
0.6862936,0.5950024,0,0.21006666666666668,HOLD
0.79358095,0.68083227,0,0.1157,REJECT
0.87387776,0.74506974,0,0.21194444444444444,REJECT
0.3661569,0.33889303,0,0.17564912280701755,HOLD
0.3702568,0.34217295,0,0.17384615384615384,HOLD
0.5312519,0.47096902,0,0.05254,HOLD
0.87069446,0.7425231,1,0.1308,REJECT
0.10491944,0.12990305,0,0.16942222222222222,APPROVE
0.35630012,0.3310076,0,0.1465,HOLD
0.3621597,0.33569527,0,0.08508333333333333,HOLD
0.43887842,0.39707023,0,0.3031,HOLD
0.33946204,0.31753713,0,0.1589142857142857,HOLD
0.20197728,0.20754932,0,0.0759,HOLD
0.403809,0.3690147,0,0.4606,REJECT
0.31795928,0.30033493,0,0.17288,HOLD
0.18967609,0.19770837,0,0.213625,HOLD
0.47385225,0.4250493,0,0.144275,HOLD
0.694564,0.6016187,0,0.21968888888888888,HOLD
0.49419102,0.4413203,0,0.21845454545454546,HOLD
0.01301864,0.056382414,0,0.1959,APPROVE
0.14323649,0.16055669,0,0.1155,HOLD
0.11680037,0.13940778,0,0.09295652173913044,APPROVE
0.44281793,0.40022182,0,0.08043636363636364,HOLD
0.4337005,0.39292789,0,0.2486,HOLD
0.39523238,0.3621534,0,0.4433,REJECT
0.4451791,0.4021108,0,0.1572,HOLD
0.66954976,0.58160734,0,0.06296875,HOLD
0.35150608,0.32717237,0,0.15942,HOLD
0.403469,0.3687427,0,0.09254285714285715,HOLD
0.37123314,0.342954,0,0.30813636363636365,HOLD
0.0913021,0.119009174,0,0.06,APPROVE
0.30183664,0.2874368,0,0.11886,HOLD
0.17337972,0.18467127,0,0.08447142857142857,HOLD
0.1523698,0.16786334,0,0.1848,HOLD
0.5683807,0.5006721,0,0.15318181818181817,HOLD
0.67874795,0.5889659,1,0.16384,HOLD
0.31984496,0.30184346,0,0.1842,HOLD
0.43672633,0.39534855,0,0.17101666666666668,HOLD
0.19291332,0.20029815,0,0.151,HOLD
0.62073714,0.54255724,0,0.19462,HOLD
0.38332757,0.35262954,0,0.18325714285714287,HOLD
0.76057595,0.6544283,1,0.1498,REJECT
0.116304114,0.13901079,0,0.13348,APPROVE
0.7374566,0.6359328,0,0.139325,HOLD
0.14074826,0.1585661,0,0.36496666666666666,HOLD
0.29490682,0.28189296,0,0.02375,HOLD
0.15698485,0.17155537,0,0.2229,HOLD
0.19672848,0.20335028,0,0.156175,HOLD
0.44279963,0.4002072,0,0.09328,HOLD
0.09578802,0.12259791,0,0.09625714285714286,APPROVE
0.040438775,0.07831852,0,0.09536666666666667,APPROVE
0.78920496,0.6773315,0,0.0615,REJECT
0.3007574,0.28657344,0,0.16753846153846153,HOLD
0.4910929,0.43884182,0,0.29475,HOLD
0.45875552,0.4129719,0,0.0891,HOLD
0.27055153,0.26240873,0,0.23986666666666667,HOLD
0.46732363,0.4198264,0,0.3333333333333333,HOLD
0.28174624,0.27136448,0,0.08433,HOLD
0.7492472,0.6453653,0,0.1,HOLD
0.68782115,0.5962244,0,0.19636666666666666,HOLD
0.16553377,0.17839451,0,0.08333333333333333,HOLD
0.6993205,0.6054239,0,0.4121304347826087,REJECT
0.06285298,0.096249886,0,0.212,APPROVE
0.6715549,0.5832115,0,0.338,HOLD
0.58546394,0.5143387,0,0.2123,HOLD
0.09563544,0.122475855,0,0.03125,APPROVE
0.34698352,0.3235543,0,0.09588571428571428,HOLD
0.70126355,0.60697836,0,0.18377142857142856,HOLD
0.4671719,0.41970503,0,0.12585714285714286,HOLD
0.29768592,0.28411624,0,0.09431428571428571,HOLD
0.67884016,0.5890397,0,0.14746666666666666,HOLD
0.61492026,0.5379037,0,0.18275384615384616,HOLD
0.64429474,0.56140333,1,0.19196,HOLD
0.42198986,0.38355938,0,0.1811875,HOLD
0.17519964,0.1861272,0,0.0776,HOLD
0.2798614,0.2698566,0,0.3897,HOLD
0.20457277,0.2096257,0,0.08,HOLD
0.54186374,0.47945848,0,0.16645714285714286,HOLD
0.13018766,0.15011762,0,0.06896551724137931,HOLD
0.40437785,0.36946976,0,0.31406451612903225,HOLD
0.40475175,0.3697689,0,0.2268,HOLD
0.41621602,0.3789403,0,0.3517,HOLD
0.3992047,0.36533126,0,0.045,HOLD
0.6077002,0.53212774,0,0.22335,HOLD
0.46015787,0.4140938,1,0.0868,HOLD
0.38121983,0.35094336,0,0.04,HOLD
0.11000429,0.13397093,0,0.060142857142857144,APPROVE
0.27002066,0.26198402,0,0.216,HOLD
0.4052674,0.3701814,0,0.16178947368421054,HOLD
0.27278593,0.26419625,0,0.11392,HOLD
0.055706777,0.09053292,0,0.046971428571428574,APPROVE
0.1766193,0.18726294,0,0.2492,HOLD
0.19439863,0.2014864,0,0.25,HOLD
0.034910172,0.07389564,0,0.2703333333333333,APPROVE
0.7206037,0.6224505,0,0.1,HOLD
0.27494836,0.26592618,0,0.17295,HOLD
0.18624842,0.19496623,0,0.17142857142857143,HOLD
0.3595807,0.33363205,0,0.22755555555555557,HOLD
0.18503156,0.19399275,0,0.2082,HOLD
0.13992761,0.15790959,0,0.22333333333333333,HOLD
0.15772833,0.17215015,0,0.36775,HOLD
0.50213593,0.44767624,0,0.14674285714285715,HOLD
0.51804477,0.46040332,0,0.21904651162790698,HOLD
0.0832147,0.11253927,0,0.42456666666666665,REJECT
0.37878892,0.34899864,0,0.15,HOLD
0.26130968,0.25501525,0,0.353962962962963,HOLD
0.5516249,0.4872674,0,0.1325,HOLD
0.19938771,0.20547767,0,0.1845,HOLD
0.62617797,0.5469099,0,0.10325714285714285,HOLD
0.5157554,0.45857182,1,0.23364,HOLD
0.038786244,0.0769965,0,0.138475,APPROVE
0.37069905,0.34252673,0,0.032285714285714286,HOLD
0.94083816,0.79863805,0,0.14348571428571427,REJECT
0.46733764,0.4198376,0,0.2828,HOLD
0.3560746,0.33082718,0,0.1464888888888889,HOLD
0.53390956,0.47309515,0,0.08937,HOLD
0.5723185,0.5038223,0,0.238675,HOLD
0.3186574,0.30089343,0,0.18344,HOLD
0.8676877,0.74011767,1,0.2569,REJECT
0.18379259,0.19300157,0,0.24381481481481482,HOLD
0.30450076,0.2895681,0,0.20968571428571428,HOLD
0.5982653,0.52457976,0,0.21435,HOLD
0.6922115,0.59973675,0,0.15082857142857142,HOLD
0.58155596,0.5112123,0,0.209,HOLD
0.6836862,0.5929165,0,0.12216666666666667,HOLD
0.28910652,0.2772527,0,0.1323913043478261,HOLD
0.57472295,0.5057459,1,0.123425,HOLD
0.62120825,0.5429341,0,0.2309,HOLD
0.5923565,0.51985276,0,0.1929375,HOLD
0.7554983,0.6503662,1,0.1526,REJECT
0.4179691,0.38034278,0,0.1097,HOLD
0.23901424,0.23717888,0,0.1125,HOLD
0.08289654,0.11228473,0,0.1639142857142857,APPROVE
0.6902885,0.5981983,0,0.098875,HOLD
0.09585121,0.12264847,0,0.42,REJECT
0.11248059,0.13595197,0,0.30666666666666664,APPROVE
0.26566467,0.25849923,0,0.1762,HOLD
0.8568979,0.73148584,0,0.2043235294117647,REJECT
0.3906521,0.35848916,1,0.2939,HOLD
0.59019226,0.51812136,0,0.1329,HOLD
0.19718105,0.20371233,0,0.09977272727272728,HOLD
0.29330242,0.28060943,0,0.08123684210526316,HOLD
0.21700853,0.21957432,0,0.15,HOLD
0.15213321,0.16767406,0,0.08904545454545454,HOLD
0.72382903,0.62503076,1,0.16584848484848486,HOLD
0.1236857,0.14491606,0,0.12816,APPROVE
0.3471129,0.3236578,0,0.2458,HOLD
0.5339432,0.47312203,0,0.08,HOLD
0.39423427,0.36135492,0,0.20255,HOLD
0.822125,0.7036675,0,0.15384615384615385,REJECT
0.8459758,0.72274816,0,0.134775,REJECT
0.15202925,0.16759089,0,0.13235714285714287,HOLD
0.3075511,0.29200837,0,0.16657407407407407,HOLD
0.80467206,0.6897052,0,0.3597666666666667,REJECT
0.76690584,0.6594922,0,0.2618,REJECT
0.7056853,0.6105158,0,0.178075,HOLD
0.5504704,0.48634383,0,0.2447,HOLD
0.8117968,0.69540495,0,0.46586666666666665,REJECT
0.31344584,0.29672417,0,0.26484,HOLD
0.5840517,0.5132089,1,0.13156,HOLD
0.30686614,0.29146042,0,0.0462,HOLD
0.018473722,0.06074648,0,0.11284,APPROVE
0.19201247,0.19957747,0,0.19472,HOLD
0.6669315,0.5795127,0,0.2081,HOLD
0.46563902,0.41847873,0,0.1360888888888889,HOLD
0.67060196,0.5824491,1,0.1184,HOLD
0.10570055,0.13052794,0,0.2246,APPROVE
0.17541248,0.18629748,0,0.08579166666666667,HOLD
0.8540053,0.72917175,1,0.07908333333333334,REJECT
0.36073235,0.33455336,0,0.12556666666666666,HOLD
0.30455846,0.28961426,0,0.1853,HOLD
0.3043333,0.28943413,0,0.26465217391304346,HOLD
0.3138477,0.29704565,0,0.2701,HOLD
0.38968226,0.3577133,0,0.38844,HOLD
0.10431705,0.12942113,0,0.15,APPROVE
0.102975264,0.12834771,0,0.107975,APPROVE
0.70894575,0.61312413,0,0.26216666666666666,HOLD
0.9116452,0.7752837,0,0.23906666666666668,REJECT
0.20721887,0.2117426,0,0.32555555555555554,HOLD
0.80956876,0.6936225,0,0.30554545454545456,REJECT
0.33523154,0.31415272,0,0.08773684210526315,HOLD
0.31000873,0.2939745,0,0.16226666666666667,HOLD
0.6243465,0.5454447,0,0.1672,HOLD
0.40034905,0.36624673,0,0.17371875,HOLD
0.18683562,0.19543599,0,0.1357142857142857,HOLD
0.098775186,0.124987654,0,0.13908571428571428,APPROVE
0.16697077,0.1795441,0,0.03618,HOLD
0.4116288,0.37527055,0,0.1991,HOLD
0.13380277,0.15300971,0,0.2486,HOLD
0.5031637,0.44849846,0,0.13166666666666665,HOLD
0.8832642,0.75257885,1,0.2306857142857143,REJECT
0.6186664,0.54090065,0,0.2368,HOLD
0.27018,0.26211149,0,0.24586666666666668,HOLD
0.28245673,0.27193287,0,0.1412857142857143,HOLD
0.51356125,0.4568165,0,0.10106,HOLD
0.22543387,0.22631459,0,0.20406666666666667,HOLD
0.30027366,0.28618643,0,0.15340625,HOLD
0.5100474,0.4540054,0,0.1,HOLD
0.24413149,0.24127269,0,0.17431428571428573,HOLD
0.18566132,0.19449654,0,0.12485,HOLD
0.25455573,0.24961208,0,0.3767,HOLD
0.8246413,0.70568055,0,0.12483333333333334,REJECT
0.32585332,0.30665016,0,0.164475,HOLD
0.32114685,0.30288497,0,0.12426923076923077,HOLD
0.16456962,0.17762318,0,0.1820235294117647,HOLD
0.8387086,0.7169344,0,0.3376,REJECT
0.5362102,0.47493565,0,0.2569111111111111,HOLD
0.7502964,0.64620465,0,0.14764102564102563,HOLD
0.04869542,0.08492384,0,0.0971,APPROVE
0.49671897,0.4433427,0,0.1837758620689655,HOLD
0.2705297,0.26239124,0,0.1568,HOLD
0.112518124,0.13598199,0,0.17733333333333334,APPROVE
0.89755005,0.76400757,1,0.11977777777777777,REJECT
0.6448211,0.56182444,0,0.15968333333333334,HOLD
0.70450747,0.6095735,0,0.222,HOLD
0.72185504,0.6234516,1,0.2291794871794872,HOLD
0.65401113,0.56917644,0,0.20746,HOLD
0.54920524,0.48533168,1,0.23156666666666667,HOLD
0.2617774,0.25538942,0,0.11988,HOLD
0.79990053,0.68588793,1,0.21306,REJECT
0.15458712,0.16963719,0,0.2262,HOLD
0.1297157,0.14974006,0,0.1953,APPROVE
0.8266031,0.70725,0,0.1643939393939394,REJECT
0.28360072,0.27284807,0,0.2727,HOLD
0.28033358,0.27023438,0,0.1982,HOLD
0.77298,0.6643515,1,0.1524222222222222,REJECT
0.33673668,0.31535685,0,0.21765,HOLD
0.42958456,0.38963515,0,0.20185714285714285,HOLD
0.44970885,0.40573457,0,0.1382857142857143,HOLD
0.4369429,0.39552182,1,0.06468571428571429,HOLD
0.570255,0.5021715,0,0.1276,HOLD
0.15568729,0.17051733,0,0.26586666666666664,HOLD
0.029026274,0.06918852,0,0.1772125,APPROVE
0.11699496,0.13956347,0,0.18794545454545455,APPROVE
0.5012615,0.44697666,0,0.2291,HOLD
0.6184155,0.5406999,0,0.16084,HOLD
0.39654,0.36319947,0,0.1358,HOLD
0.0632525,0.0965695,0,0.24366666666666667,APPROVE
0.54722714,0.4837492,0,0.2283,HOLD
0.6049803,0.52995175,0,0.10048888888888889,HOLD
0.58292776,0.51230973,0,0.2408,HOLD
0.0660021,0.09876918,0,0.3417222222222222,APPROVE
0.23311542,0.23245983,0,0.09248648648648648,HOLD
0.20928462,0.2133952,0,0.09922857142857143,HOLD
0.19373721,0.20095725,0,0.11243333333333333,HOLD
0.030669803,0.07050335,0,0.098375,APPROVE
0.8094617,0.6935369,0,0.21925925925925926,REJECT
0.64694965,0.5635272,1,0.24076,HOLD
0.12415343,0.14529024,0,0.1249,APPROVE
0.33370233,0.31292936,0,0.14426666666666665,HOLD
0.5978172,0.5242213,0,0.21313333333333334,HOLD
0.15479006,0.16979954,0,0.08312,HOLD
0.03926697,0.07738108,0,0.06666666666666667,APPROVE
0.3391927,0.31732166,0,0.3439333333333333,HOLD
0.386621,0.3552643,0,0.3638695652173913,HOLD
0.32426938,0.305383,0,0.1232,HOLD
0.2595999,0.25364742,0,0.14161764705882354,HOLD
0.20521761,0.21014158,0,0.12614285714285714,HOLD
0.37103134,0.34279257,0,0.2157,HOLD
0.18400426,0.1931709,0,0.1125,HOLD
0.4914388,0.43911853,0,0.14735555555555555,HOLD
0.089651756,0.1176889,0,0.07206060606060606,APPROVE
0.7312307,0.63095206,0,0.24415,HOLD
0.45143157,0.40711275,0,0.24255555555555555,HOLD
0.44895416,0.40513083,0,0.1266,HOLD
0.051224068,0.086946756,0,0.383375,APPROVE
0.08880887,0.117014594,0,0.07048,APPROVE
0.29913834,0.28527817,0,0.161,HOLD
0.19686566,0.20346002,0,0.0732,HOLD
0.686517,0.5951811,1,0.197875,HOLD
0.76730317,0.65981007,0,0.27136,REJECT
0.3088525,0.29304948,0,0.16853333333333334,HOLD
0.27571118,0.26653644,0,0.2862727272727273,HOLD
0.068028584,0.10039037,0,0.0882,APPROVE
0.62744373,0.5479225,0,0.09014814814814814,HOLD
0.38991213,0.3578972,1,0.17138461538461539,HOLD
0.5245225,0.46558547,0,0.04893846153846154,HOLD
0.12706807,0.14762196,0,0.23526666666666668,APPROVE
0.6060925,0.5308415,0,0.2292857142857143,HOLD
0.18235482,0.19185135,0,0.15655,HOLD
0.38073343,0.35055423,0,0.25842857142857145,HOLD
0.36145216,0.33512923,0,0.2126,HOLD
0.47258538,0.4240358,0,0.1702,HOLD
0.5273089,0.4678146,0,0.2874,HOLD
0.23830293,0.23660983,1,0.2314,HOLD
0.02124364,0.06296241,0,0.05841428571428572,APPROVE
0.5548403,0.48983976,0,0.1474,HOLD
0.5480622,0.48441726,0,0.09736,HOLD
0.42570466,0.38653123,0,0.39364,HOLD
0.42711636,0.3876606,0,0.057692307692307696,HOLD
0.42276314,0.384178,0,0.234475,HOLD
0.083390824,0.11268016,0,0.11856896551724137,APPROVE
0.6637662,0.5769805,0,0.23316,HOLD
0.058216415,0.09254063,0,0.20467768595041322,APPROVE
0.2567206,0.251344,0,0.12725,HOLD
0.36168334,0.33531415,0,0.16969565217391305,HOLD
0.08942303,0.11750593,0,0.21877142857142856,APPROVE
0.42506075,0.3860161,0,0.08,HOLD
0.27827033,0.26858377,0,0.20733333333333334,HOLD
0.07563733,0.10647737,0,0.128375,APPROVE
0.17703752,0.18759751,0,0.03391,HOLD
0.56918585,0.50131625,0,0.06224066390041494,HOLD
0.6165922,0.5392413,1,0.2249,HOLD
0.22833744,0.22863744,0,0.18946666666666667,HOLD
0.45501307,0.40997794,0,0.1,HOLD
0.20171231,0.20733733,0,0.042254545454545454,HOLD
0.3883645,0.35665908,0,0.17173333333333332,HOLD
0.22519739,0.2261254,0,0.14068,HOLD
0.6400602,0.5580157,0,0.1125,HOLD
0.39264303,0.3600819,0,0.223575,HOLD
0.16435614,0.1774524,0,0.15856666666666666,HOLD
0.027219027,0.06774272,0,0.25016363636363637,APPROVE
0.44526136,0.4021766,0,0.2141607142857143,HOLD
0.6388459,0.55704427,1,0.095275,HOLD
0.3174106,0.29989597,1,0.08195384615384615,HOLD
0.09244664,0.11992482,0,0.38435714285714284,APPROVE
0.48142007,0.43110356,0,0.183775,HOLD
0.115813345,0.13861817,0,0.25584,APPROVE
0.6665934,0.5792422,0,0.114425,HOLD
0.8564992,0.7311669,1,0.19944444444444445,REJECT
0.15746085,0.17193617,0,0.08915,HOLD
0.3638788,0.33707052,0,0.0989,HOLD
0.30589575,0.2906841,1,0.06,HOLD
0.34676245,0.32337746,0,0.12,HOLD
0.20584185,0.21064098,0,0.2718,HOLD
0.045942552,0.08272154,0,0.27848,APPROVE
0.27726522,0.26777968,0,0.20786666666666667,HOLD
0.28899613,0.2771644,0,0.0875,HOLD
0.4465679,0.40322182,0,0.10675675675675676,HOLD
0.6038799,0.5290715,0,0.14864102564102563,HOLD
0.48676103,0.43537632,0,0.19516,HOLD
0.11939581,0.14148414,0,0.14918,APPROVE
0.055508036,0.090373926,0,0.030414285714285713,APPROVE
0.7685396,0.6607992,0,0.21744,REJECT
0.18649717,0.19516523,0,0.04753333333333333,HOLD
0.038572975,0.07682588,0,0.36023333333333335,APPROVE
0.0483304,0.08463182,0,0.08571428571428572,APPROVE
0.2398604,0.2378558,0,0.0698,HOLD
0.29825136,0.28456858,0,0.1934,HOLD
0.5429276,0.4803096,1,0.10038333333333334,HOLD
0.4356525,0.3944895,0,0.13917857142857143,HOLD
0.137992,0.15636109,0,0.07175,HOLD
0.49148795,0.43915784,1,0.10012307692307693,HOLD
0.6905659,0.59842026,0,0.23156666666666667,HOLD
0.4609357,0.41471606,0,0.32083333333333336,HOLD
0.3230124,0.30437744,0,0.09746666666666666,HOLD
0.3581163,0.33246052,0,0.435,REJECT
0.17350976,0.18477531,0,0.15484,HOLD
0.72409993,0.6252475,0,0.17406666666666668,HOLD
0.622493,0.54396194,1,0.14062857142857144,HOLD
0.60933685,0.533437,0,0.37075,HOLD
0.18141411,0.19109878,0,0.11484615384615385,HOLD
0.30440947,0.28949508,0,0.16624,HOLD
0.18694746,0.19552547,0,0.03125,HOLD
0.47427493,0.42538744,0,0.13897142857142858,HOLD
0.14701381,0.16357854,0,0.24076,HOLD
0.46778262,0.42019358,0,0.075,HOLD
0.28139517,0.27108362,0,0.1558,HOLD
0.116891876,0.139481,0,0.24576470588235294,APPROVE
0.37967163,0.3497048,0,0.16639285714285715,HOLD
0.85027486,0.7261874,0,0.25655,REJECT
0.2029832,0.20835406,0,0.07317073170731707,HOLD
0.29437426,0.2814669,0,0.1860857142857143,HOLD
0.6957046,0.6025312,0,0.22584375,HOLD
0.0406527,0.07848966,0,0.15165,APPROVE
0.723254,0.6245707,0,0.28028,HOLD
0.1052856,0.13019598,0,0.2516,APPROVE
0.31085017,0.29464763,0,0.169825,HOLD
0.2176249,0.22006741,0,0.10138181818181818,HOLD
0.32352775,0.3047897,1,0.10781666666666667,HOLD
0.4373133,0.3958181,0,0.15737142857142858,HOLD
0.221566,0.2232203,0,0.13788235294117648,HOLD
0.4071096,0.37165517,0,0.17688235294117646,HOLD
0.29135448,0.2790511,0,0.2447,HOLD
0.34914324,0.3252821,0,0.20482,HOLD
0.22019607,0.22212435,0,0.16843333333333332,HOLD
0.4629125,0.4162975,0,0.3294,HOLD
0.41664284,0.37928176,0,0.5223,REJECT
0.1455687,0.16242245,0,0.084,HOLD
0.2982706,0.284584,1,0.35002222222222223,HOLD
0.08170968,0.111335255,0,0.37953333333333333,APPROVE
0.6030236,0.5283864,1,0.1855,HOLD
0.6482657,0.5645801,0,0.18051111111111112,HOLD
0.18804793,0.19640584,0,0.21,HOLD
0.23953336,0.23759419,0,0.125,HOLD
0.09649296,0.123161875,0,0.17547272727272728,APPROVE
0.3230841,0.30443478,0,0.1696,HOLD
0.54718953,0.4837191,0,0.094875,HOLD
0.5559412,0.49072048,0,0.22795,HOLD
0.06184661,0.09544479,0,0.39606896551724136,APPROVE
0.47603378,0.42679453,0,0.10333333333333333,HOLD
0.21131252,0.21501751,0,0.13752173913043478,HOLD
0.61024743,0.5341655,0,0.240975,HOLD
0.12741974,0.1479033,0,0.1497826086956522,APPROVE
0.53343636,0.47271657,0,0.32408,HOLD
0.064429976,0.09751148,0,0.12833333333333333,APPROVE
0.2932227,0.28054565,0,0.13441666666666666,HOLD
0.2632758,0.25658813,0,0.27553333333333335,HOLD
0.43383396,0.39303467,0,0.28941666666666666,HOLD
0.578009,0.50837475,0,0.31811428571428574,HOLD
0.2330754,0.2324278,0,0.2924,HOLD
0.28489992,0.27388743,0,0.2232,HOLD
0.020095367,0.062043793,0,0.10756666666666667,APPROVE
0.21777551,0.2201879,0,0.1536,HOLD
0.3728059,0.3442122,1,0.383375,HOLD
0.16100098,0.17476828,0,0.08906666666666667,HOLD
0.5932434,0.5205623,0,0.20690625,HOLD
0.65405446,0.5692111,0,0.2531,HOLD
0.09220432,0.11973096,0,0.30597142857142856,APPROVE
0.33960074,0.31764808,0,0.45816,REJECT
0.29148534,0.27915576,0,0.14853333333333332,HOLD
0.27365378,0.26489052,0,0.2644,HOLD
0.026722891,0.06734581,0,0.15807142857142858,APPROVE
0.5526712,0.48810446,0,0.098625,HOLD
0.026996605,0.067564785,0,0.22075,APPROVE
0.010505739,0.05437209,0,0.18692857142857142,APPROVE
0.5974795,0.5239512,0,0.14955102040816326,HOLD
0.29082435,0.27862698,0,0.11428571428571428,HOLD
0.22991233,0.22989735,0,0.23647272727272728,HOLD
0.54783994,0.48423946,0,0.1036,HOLD
0.19602606,0.20278834,0,0.044444444444444446,HOLD
0.03996857,0.07794236,0,0.058333333333333334,APPROVE
0.42500958,0.38597515,0,0.2109,HOLD
0.80882573,0.6930281,0,0.18786666666666665,REJECT
0.1399502,0.15792766,0,0.16975555555555555,HOLD
0.13495424,0.15393089,0,0.18502,HOLD
0.2646699,0.25770342,0,0.12066,HOLD
0.6277618,0.54817694,0,0.17864285714285713,HOLD
0.58276653,0.51218075,0,0.05714285714285714,HOLD
0.25538835,0.25027817,0,0.06399333333333333,HOLD
0.24703677,0.24359691,1,0.13492405063291138,HOLD
0.29243562,0.279916,0,0.5576470588235294,REJECT
0.09481659,0.12182077,0,0.11908888888888888,APPROVE
0.6338285,0.5530304,0,0.10453333333333334,HOLD
0.35976526,0.3337797,0,0.12654285714285715,HOLD
0.20039001,0.2062795,0,0.11309375,HOLD
0.16710357,0.17965035,0,0.24044444444444443,HOLD
0.039138876,0.07727861,0,0.18037142857142857,APPROVE
0.69953346,0.6055943,0,0.1786,HOLD
0.08728054,0.11579194,0,0.10983333333333334,APPROVE
0.12184118,0.14344044,0,0.06666666666666667,APPROVE
0.11778681,0.14019695,0,0.18944444444444444,APPROVE
0.018706053,0.060932346,0,0.22694285714285714,APPROVE
0.30389842,0.28908625,0,0.08333333333333333,HOLD
0.20438863,0.2094784,0,0.21405555555555555,HOLD
0.38484055,0.35383993,0,0.2562,HOLD
0.101023234,0.12678608,0,0.1934,APPROVE
0.19658574,0.20323609,0,0.16156666666666666,HOLD
0.33466473,0.31369928,0,0.26288,HOLD
0.5472197,0.48374325,1,0.0682,HOLD
0.13180357,0.15141036,0,0.09888,HOLD
0.5479874,0.48435742,0,0.2024,HOLD
0.5225206,0.46398398,1,0.07,HOLD
0.51926297,0.46137786,0,0.1651,HOLD
0.17397787,0.18514979,0,0.2303,HOLD
0.6321413,0.55168056,0,0.18945714285714285,HOLD
0.5241359,0.4652762,0,0.24124242424242423,HOLD
0.37539265,0.34628162,0,0.19724242424242425,HOLD
0.21946272,0.22153766,0,0.185425,HOLD
0.1368267,0.15542886,0,0.1806,HOLD
0.46607745,0.41882944,0,0.17663157894736842,HOLD
0.6066572,0.53129333,0,0.11792,HOLD
0.2481159,0.24446021,0,0.3814324324324324,HOLD
0.15270175,0.1681289,0,0.19266666666666668,HOLD
0.112264775,0.13577932,0,0.32865384615384613,APPROVE
0.33245158,0.31192875,0,0.11766666666666667,HOLD
0.034548566,0.07360635,0,0.14130434782608695,APPROVE
0.5297012,0.46972844,0,0.17893333333333333,HOLD
0.6516267,0.5672689,0,0.17666666666666667,HOLD
0.59396356,0.52113837,0,0.2362,HOLD
0.17295259,0.18432957,0,0.1962,HOLD
0.1188686,0.14106238,0,0.07471111111111112,APPROVE
0.30282247,0.28822547,0,0.2154,HOLD
0.20797327,0.2123461,0,0.17191428571428571,HOLD
0.008841349,0.05304058,0,0.18292727272727272,APPROVE
0.38747188,0.355945,0,0.16873333333333335,HOLD
0.56472796,0.49774987,0,0.09688888888888889,HOLD
0.4767687,0.42738247,0,0.28985,HOLD
0.08033131,0.110232554,0,0.24463333333333334,APPROVE
0.227618,0.22806188,0,0.17365,HOLD
0.29061338,0.2784582,0,0.17866666666666667,HOLD
0.12104799,0.14280589,0,0.19264285714285714,APPROVE
0.30469933,0.28972697,0,0.1682051282051282,HOLD
0.19132148,0.19902468,0,0.13452173913043478,HOLD
0.08020808,0.11013397,0,0.14875757575757576,APPROVE
0.40939212,0.37348118,0,0.336,HOLD
0.505217,0.4501411,0,0.11602857142857143,HOLD
0.1854553,0.19433174,0,0.1928139534883721,HOLD
0.17322226,0.1845453,0,0.19215,HOLD
0.19695742,0.20353343,0,0.19423333333333334,HOLD
0.34444675,0.3215249,0,0.11818333333333333,HOLD
0.39158484,0.35923538,0,0.17648571428571427,HOLD
0.019798389,0.06180621,0,0.3528,APPROVE
0.31108758,0.29483756,0,0.07932,HOLD
0.74464965,0.6416873,1,0.11538461538461539,HOLD
0.16486311,0.17785798,0,0.234,HOLD
0.48091483,0.43069935,0,0.2214,HOLD
0.49415317,0.44129002,0,0.1432,HOLD
0.032541055,0.07200035,0,0.14525714285714286,APPROVE
0.2857746,0.27458718,0,0.04244,HOLD
0.21929194,0.22140105,0,0.09428,HOLD
0.108708434,0.13293424,0,0.14337837837837838,APPROVE
0.45296884,0.40834257,0,0.34785,HOLD
0.31517732,0.29810935,0,0.129,HOLD
0.05518224,0.09011329,0,0.075,APPROVE
0.33882692,0.31702903,0,0.2880666666666667,HOLD
0.30332053,0.28862393,0,0.12904,HOLD
0.53321517,0.47253963,1,0.1711,HOLD
0.5668653,0.49945974,0,0.256025,HOLD
0.1212286,0.14295037,0,0.13422727272727272,APPROVE
0.64807504,0.56442755,1,0.40715,REJECT
0.44842896,0.40471065,0,0.24915384615384614,HOLD
0.28592664,0.2747088,0,0.072,HOLD
0.30825424,0.2925709,0,0.24604,HOLD
0.36880162,0.34100878,0,0.1283658536585366,HOLD
0.15044245,0.16632146,0,0.20807142857142857,HOLD
0.2461145,0.2428591,0,0.10797,HOLD
0.0272888,0.06779854,0,0.118675,APPROVE
0.365543,0.3384019,0,0.23912,HOLD
0.3075205,0.2919839,0,0.11586666666666667,HOLD
0.7063958,0.61108416,0,0.12091489361702128,HOLD
0.45424598,0.40936428,0,0.08813333333333333,HOLD
0.31372547,0.29694787,1,0.2091111111111111,HOLD
0.09386531,0.12105975,0,0.25336,APPROVE
0.31863254,0.30087352,0,0.15856666666666666,HOLD
0.28217816,0.27171004,0,0.16071428571428573,HOLD
0.2313844,0.231075,0,0.1,HOLD
0.54371905,0.48094273,0,0.2877,HOLD
0.100083515,0.1260343,0,0.29675,APPROVE
0.33552447,0.31438708,0,0.18917777777777778,HOLD
0.3905039,0.35837063,0,0.09905,HOLD
0.2114438,0.21512254,0,0.14285714285714285,HOLD
0.38159117,0.35124043,0,0.14659090909090908,HOLD
0.51689047,0.45947987,0,0.1254,HOLD
0.6105214,0.53438467,0,0.07072034745835357,HOLD
0.6385222,0.5567853,0,0.42484,REJECT
0.53122884,0.47095057,0,0.1260175438596491,HOLD
0.5532285,0.4885503,0,0.13194594594594594,HOLD
0.41255078,0.37600812,0,0.12095,HOLD
0.30870274,0.29292968,0,0.13133333333333333,HOLD
0.23431233,0.23341735,1,0.13226153846153846,HOLD
0.612355,0.53585154,0,0.09285,HOLD
0.3567524,0.3313694,0,0.048701298701298704,HOLD
0.3315932,0.31124204,0,0.18012,HOLD
0.59527946,0.5221911,0,0.14902222222222222,HOLD
0.6420818,0.55963296,0,0.3161333333333333,HOLD
0.5223706,0.46386397,0,0.07645714285714286,HOLD
0.26220185,0.255729,0,0.16682,HOLD
0.23653895,0.23519865,0,0.16843333333333332,HOLD
0.050067976,0.08602188,0,0.16307692307692306,APPROVE
0.06896548,0.10113988,0,0.07142857142857142,APPROVE
0.46487314,0.417866,0,0.3385625,HOLD
0.22197637,0.22354859,0,0.0945,HOLD
0.3334278,0.31270972,0,0.37346153846153846,HOLD
0.3004796,0.28635117,1,0.27136,HOLD
0.039206628,0.0773328,0,0.19493333333333332,APPROVE
0.10137613,0.1270684,0,0.25626666666666664,APPROVE
0.40886796,0.37306187,0,0.14285714285714285,HOLD
0.60537803,0.53027,0,0.26015,HOLD
0.21539155,0.21828073,0,0.13384,HOLD
0.8050785,0.69003034,0,0.1823,REJECT
0.74203974,0.6395993,1,0.2662,HOLD
0.13170859,0.15133438,0,0.3404901960784314,HOLD
0.2602331,0.254154,0,0.297,HOLD
0.057989653,0.09235922,0,0.045612,APPROVE
0.69774705,0.6041652,0,0.22646666666666668,HOLD
0.060461983,0.09433708,0,0.12126,APPROVE
0.06200012,0.09556759,0,0.35913333333333336,APPROVE
0.14281969,0.16022325,0,0.11554545454545455,HOLD
0.79792607,0.6843084,0,0.23156666666666667,REJECT
0.42610538,0.3868518,0,0.10246153846153847,HOLD
0.1310019,0.15076903,0,0.27305714285714283,HOLD
0.45802554,0.41238794,0,0.1059,HOLD
0.43688846,0.39547825,0,0.26313333333333333,HOLD
0.47909644,0.42924464,0,0.33405882352941174,HOLD
0.10553436,0.13039498,0,0.1086,APPROVE
0.063765876,0.09698021,0,0.41026666666666667,REJECT
0.74911565,0.64526004,0,0.381625,HOLD
0.68933153,0.59743273,0,0.32408,HOLD
0.39486378,0.36185852,0,0.231625,HOLD
0.1633146,0.17661917,0,0.30874285714285715,HOLD
0.5474809,0.4839522,0,0.2827096774193548,HOLD
0.50749123,0.45196047,0,0.14628,HOLD
0.64545494,0.5623315,0,0.10894736842105263,HOLD
0.7331368,0.6324769,0,0.19028571428571428,HOLD
0.07232702,0.103829116,0,0.12993333333333335,APPROVE
0.37989736,0.34988537,0,0.2826,HOLD
0.33105883,0.31081456,0,0.3123888888888889,HOLD
0.47652993,0.42719144,0,0.2467,HOLD
0.36862108,0.34086436,1,0.1,HOLD
0.2934972,0.28076527,0,0.13333333333333333,HOLD
0.17616145,0.18689665,0,0.39753333333333335,HOLD
0.46499652,0.4179647,0,0.21853333333333333,HOLD
0.62615687,0.546893,0,0.12663333333333332,HOLD
0.21130513,0.2150116,0,0.15461111111111112,HOLD
0.27560446,0.26645106,0,0.175125,HOLD
0.26895633,0.26113257,0,0.6172,REJECT
0.3130098,0.29637533,0,0.1631,HOLD
0.5125799,0.45603144,0,0.11718823529411765,HOLD
0.30228862,0.2877984,0,0.1808,HOLD
0.6809123,0.5906974,0,0.13655555555555557,HOLD
0.3779893,0.34835893,0,0.11307142857142857,HOLD
0.46348783,0.41675776,0,0.249425,HOLD
0.32338887,0.3046786,1,0.15783870967741936,HOLD
0.4296452,0.38968366,0,0.125,HOLD
0.13556422,0.15441887,0,0.12,HOLD
0.7375168,0.63598096,0,0.25252,HOLD
0.48425025,0.4333677,0,0.08365957446808511,HOLD
0.5560442,0.49080288,0,0.2186,HOLD
0.1114817,0.13515285,0,0.2534,APPROVE
0.25528973,0.2501993,0,0.24488,HOLD
0.8217011,0.70332843,0,0.06293636363636364,REJECT
0.1671625,0.17969748,0,0.34728,HOLD
0.62682724,0.5474293,0,0.19944444444444445,HOLD
0.31238,0.2958715,0,0.24252,HOLD
0.08922279,0.11734573,0,0.21385,APPROVE
0.19344991,0.20072742,0,0.23852,HOLD
0.09374932,0.12096696,0,0.10436666666666666,APPROVE
0.4263318,0.38703293,0,0.0734,HOLD
0.17381279,0.18501772,0,0.14296,HOLD
0.46103522,0.41479567,1,0.08203333333333333,HOLD
0.58561933,0.514463,1,0.27941176470588236,HOLD
0.3537353,0.32895574,0,0.28946666666666665,HOLD
0.2717725,0.2633855,0,0.05197142857142857,HOLD
0.1319942,0.15156285,0,0.12211428571428572,HOLD
0.26741013,0.2598956,0,0.105825,HOLD
0.4375142,0.39597884,0,0.05036470588235294,HOLD
0.29669493,0.28332344,0,0.16845454545454547,HOLD
0.03894545,0.07712386,0,0.06407582938388626,APPROVE
0.17485784,0.18585376,0,0.10869565217391304,HOLD
0.056963414,0.09153823,0,0.1219,APPROVE
0.34329402,0.32060272,0,0.10306666666666667,HOLD
0.025977155,0.06674922,0,0.10892941176470589,APPROVE
0.10601608,0.13078035,0,0.11544444444444445,APPROVE
0.33529904,0.31420672,0,0.18776666666666667,HOLD
0.59161335,0.5192582,1,0.14730909090909092,HOLD
0.1393145,0.1574191,0,0.22232142857142856,HOLD
0.4197849,0.3817954,1,0.1191,HOLD
0.26959047,0.26163986,1,0.23383333333333334,HOLD
0.27673298,0.2673539,0,0.2264,HOLD
0.42951548,0.3895799,0,0.04,HOLD
0.6226083,0.5440542,0,0.17504878048780487,HOLD
0.36853802,0.3407979,0,0.09708,HOLD
0.15977675,0.17378889,0,0.075,HOLD
0.5187553,0.46097174,0,0.266575,HOLD
0.5128099,0.45621538,0,0.1198,HOLD
0.47319442,0.42452303,0,0.08407692307692308,HOLD
0.1600665,0.1740207,0,0.311875,HOLD
0.7882927,0.6766017,0,0.2898,REJECT
0.37591943,0.34670305,0,0.19254285714285715,HOLD
0.02798111,0.06835239,0,0.24285714285714285,APPROVE
0.055487845,0.09035777,0,0.5573,REJECT
0.16747321,0.17994606,0,0.1081923076923077,HOLD
0.19151556,0.19917995,0,0.244275,HOLD
0.32567146,0.30650467,0,0.125,HOLD
0.28377208,0.27298516,0,0.22165714285714286,HOLD
0.5339064,0.47309262,0,0.10738461538461538,HOLD
0.12318971,0.14451927,0,0.3006666666666667,APPROVE
0.35720468,0.33173123,0,0.15773333333333334,HOLD
0.8191623,0.7012974,0,0.19965,REJECT
0.46790963,0.4202952,0,0.5327142857142857,REJECT
0.7516135,0.64725834,0,0.13538333333333333,HOLD
0.39355308,0.36080995,0,0.31166666666666665,HOLD
0.28961575,0.2776601,0,0.05310810810810811,HOLD
0.5027267,0.44814885,0,0.11112,HOLD
0.3607675,0.3345815,0,0.1892888888888889,HOLD
0.4621897,0.41571927,0,0.18494117647058825,HOLD
0.46402255,0.41718554,0,0.15353846153846154,HOLD
0.08184585,0.11144418,0,0.14813333333333334,APPROVE
0.41382733,0.37702936,0,0.17594545454545454,HOLD
0.17566669,0.18650085,0,0.348325,HOLD
0.048243143,0.08456201,0,0.22934375,APPROVE
0.24746044,0.24393584,0,0.1,HOLD
0.3010208,0.28678414,0,0.164,HOLD
0.07627598,0.10698829,0,0.11824285714285715,APPROVE
0.39120388,0.3589306,0,0.20607142857142857,HOLD
0.48718068,0.43571204,0,0.352875,HOLD
0.100305624,0.126212,0,0.09212,APPROVE
0.35129383,0.32700256,0,0.11292,HOLD
0.64901125,0.56517655,1,0.2368,HOLD
0.22653674,0.22719689,0,0.2723333333333333,HOLD
0.19365187,0.20088899,0,0.3540333333333333,HOLD
0.68565285,0.5944898,1,0.11146,HOLD
0.0626815,0.096112706,0,0.12698,APPROVE
0.46986717,0.42186123,0,0.0537,HOLD
0.55170435,0.48733097,0,0.10545555555555555,HOLD
0.21106389,0.21481861,0,0.2623666666666667,HOLD
0.097817354,0.12422139,0,0.32493333333333335,APPROVE
0.45585415,0.41065082,0,0.09152,HOLD
0.8248449,0.70584345,0,0.24376,REJECT
0.4159419,0.378721,0,0.12874285714285713,HOLD
0.60068345,0.5265143,1,0.11454285714285714,HOLD
0.7630036,0.6563704,1,0.09828,REJECT
0.0669702,0.09954366,0,0.09746666666666666,APPROVE
0.42348439,0.38475502,0,0.28874285714285713,HOLD
0.729501,0.62956834,0,0.14233333333333334,HOLD
0.33265382,0.31209055,0,0.19706666666666667,HOLD
0.58440006,0.5134876,0,0.39015,HOLD
0.33579335,0.31460217,0,0.12866666666666668,HOLD
0.39465755,0.36169353,0,0.11696666666666666,HOLD
0.61506706,0.5380212,0,0.2627956989247312,HOLD
0.10455411,0.12961078,0,0.17131,APPROVE
0.31309572,0.29644406,0,0.23482608695652174,HOLD
0.5200562,0.46201244,0,0.24975,HOLD
0.33725575,0.3157721,0,0.13070833333333334,HOLD
0.35972708,0.33374918,0,0.4386,REJECT
0.47745243,0.42792943,1,0.14875,HOLD
0.37107593,0.34282824,0,0.19977142857142857,HOLD
0.060065553,0.09401994,0,0.154475,APPROVE
0.17634311,0.18704198,0,0.11538461538461539,HOLD
0.32739708,0.30788517,0,0.353,HOLD
0.16097684,0.17474897,0,0.16683333333333333,HOLD
0.11816101,0.1404963,0,0.07073333333333333,APPROVE
0.24455915,0.24161482,0,0.09361538461538461,HOLD
0.2339132,0.23309804,0,0.26485,HOLD
0.37807524,0.34842768,0,0.15073684210526317,HOLD
0.6587534,0.5729703,1,0.13062857142857143,HOLD
0.14238232,0.15987335,0,0.12265,HOLD
0.0997328,0.12575373,0,0.05,APPROVE
0.28103507,0.27079555,0,0.2674146341463415,HOLD
0.2521984,0.24772622,0,0.320475,HOLD
0.53154683,0.47120497,1,0.2981,HOLD
0.029269075,0.069382764,0,0.06745,APPROVE
0.138518,0.1567819,0,0.05,HOLD
0.18080722,0.19061327,0,0.1,HOLD
0.34833947,0.32463908,0,0.2237222222222222,HOLD
0.72191995,0.6235035,0,0.152,HOLD
0.5265696,0.46722317,0,0.3254,HOLD
0.3283693,0.30866292,0,0.18415,HOLD
0.2527393,0.24815895,0,0.03,HOLD
0.33785704,0.31625313,0,0.3237878787878788,HOLD
0.6198373,0.5418374,0,0.08488888888888889,HOLD
0.5048548,0.44985133,0,0.2918,HOLD
0.5945234,0.52158624,0,0.132,HOLD
0.16260687,0.17605299,0,0.17295,HOLD
0.4870182,0.43558204,0,0.8228813559322034,REJECT
0.19783334,0.20423417,0,0.27,HOLD
0.17124376,0.18296249,0,0.201825,HOLD
0.14366004,0.16089553,0,0.06,HOLD
0.08781919,0.11622285,0,0.195325,APPROVE
0.560296,0.49420428,0,0.07142857142857142,HOLD
0.48581678,0.43462092,0,0.166025,HOLD
0.77012557,0.662068,1,0.16035555555555556,REJECT
0.19116066,0.19889602,0,0.27115,HOLD
0.43947974,0.3975513,0,0.20343478260869566,HOLD
0.26916468,0.26129925,0,0.1531404958677686,HOLD
0.16068529,0.17451572,0,0.034781818181818185,HOLD
0.022099847,0.06364738,0,0.22812,APPROVE
0.49569863,0.4425264,0,0.20383333333333334,HOLD
0.3631044,0.33645102,0,0.22646666666666668,HOLD
0.15922134,0.17334457,0,0.24906666666666666,HOLD
0.40958375,0.3736345,0,0.1821111111111111,HOLD
0.5166996,0.4593272,0,0.13220689655172413,HOLD
0.39728254,0.36379352,0,0.33994285714285716,HOLD
0.63543886,0.5543186,0,0.08924444444444445,HOLD
0.39872319,0.36494604,0,0.2296923076923077,HOLD
0.18269248,0.19212148,0,0.20802857142857142,HOLD
0.24000317,0.23797002,0,0.18326666666666666,HOLD
0.7455535,0.64241034,0,0.1635,HOLD
0.69923097,0.6053523,0,0.315,HOLD
0.6796693,0.58970296,1,0.08756666666666667,HOLD
0.43227708,0.39178917,0,0.37904,HOLD
0.77848303,0.668754,0,0.21716,REJECT
0.17977507,0.18978755,0,0.3779,HOLD
0.18439054,0.19347993,0,0.114025,HOLD
0.28940043,0.27748784,1,0.2486,HOLD
0.6036813,0.5289126,0,0.15245714285714285,HOLD
0.18620136,0.19492859,0,0.2903142857142857,HOLD
0.16542059,0.17830397,0,0.17143636363636364,HOLD
0.43075538,0.3905718,0,0.21758,HOLD
0.88237864,0.75187045,1,0.17746666666666666,REJECT
0.18520069,0.19412805,0,0.13333333333333333,HOLD
0.5730997,0.5044473,0,0.24789285714285714,HOLD
0.5889679,0.5171419,0,0.27878947368421053,HOLD
0.25803378,0.25239453,0,0.16674285714285714,HOLD
0.057239268,0.091758914,0,0.11976666666666666,APPROVE
0.20642987,0.21111138,0,0.11545,HOLD
0.79594713,0.68272525,1,0.16236666666666666,REJECT
0.14227596,0.15978827,0,0.12576,HOLD
0.5272663,0.46778056,0,0.1789111111111111,HOLD
0.31452578,0.2975881,0,0.2561333333333333,HOLD
0.079235524,0.10935592,0,0.483275,REJECT
0.44556364,0.4024184,0,0.12992,HOLD
0.21853893,0.22079863,0,0.284175,HOLD
0.4510045,0.4067711,0,0.148,HOLD
0.29276395,0.28017867,0,0.135175,HOLD
0.3594696,0.33354318,0,0.18885714285714286,HOLD
0.45825216,0.41256922,0,0.06666666666666667,HOLD
0.47582218,0.42662525,0,0.2384375,HOLD
0.55144405,0.48712274,0,0.11782,HOLD
0.09458636,0.12163659,0,0.13746666666666665,APPROVE
0.24010175,0.2380489,0,0.08305263157894736,HOLD
0.40636605,0.37106034,0,0.26104444444444447,HOLD
0.09083336,0.11863419,0,0.15833333333333333,APPROVE
0.2879832,0.27635407,0,0.16131428571428572,HOLD
0.23402627,0.23318851,0,0.1388888888888889,HOLD
0.4179886,0.38035837,0,0.04202857142857143,HOLD
0.56485045,0.49784786,1,0.21344,HOLD
0.39388055,0.36107194,0,0.125925,HOLD
0.18039738,0.1902854,0,0.10581666666666667,HOLD
0.37873727,0.3489573,0,0.13088,HOLD
0.3642094,0.33733502,0,0.13044,HOLD
0.23632067,0.23502403,0,0.3511111111111111,HOLD
0.42204937,0.383607,0,0.24743333333333334,HOLD
0.2653941,0.25828278,0,0.14782,HOLD
0.2679894,0.26035902,0,0.15,HOLD
0.26588622,0.25867647,0,0.081425,HOLD
0.22011982,0.22206335,0,0.3510888888888889,HOLD
0.14272867,0.16015044,0,0.3918,HOLD
0.48616996,0.43490347,0,0.22953333333333334,HOLD
0.0856306,0.11447198,0,0.2622285714285714,APPROVE
0.16316341,0.17649822,0,0.16666666666666666,HOLD
0.25253385,0.24799457,1,0.20113333333333333,HOLD
0.8362341,0.7149548,0,0.16213333333333332,REJECT
0.4820496,0.4316072,0,0.27353333333333335,HOLD
0.20926861,0.21338238,0,0.29255555555555557,HOLD
0.1465087,0.16317445,0,0.1,HOLD
0.12579624,0.1466045,0,0.22195238095238096,APPROVE
0.62493366,0.5459145,0,0.10913513513513513,HOLD
0.38749272,0.35596168,0,0.1478,HOLD
0.076313615,0.10701839,0,0.09816,APPROVE
0.14683676,0.1634369,0,0.24103333333333332,HOLD
0.40908936,0.37323898,0,0.11966666666666667,HOLD
0.022858245,0.0642541,0,0.2606307692307692,APPROVE
0.25010595,0.24605225,0,0.21458333333333332,HOLD
0.7627548,0.6561714,0,0.14975,REJECT
0.39004415,0.3580028,0,0.336,HOLD
0.31465665,0.2976928,0,0.15006666666666665,HOLD
0.8404351,0.7183156,1,0.10348571428571429,REJECT
0.5498674,0.48586142,0,0.12857142857142856,HOLD
0.79407316,0.6812261,0,0.0831,REJECT
0.02557072,0.06642408,0,0.048766666666666666,APPROVE
0.53322136,0.47254458,0,0.10768085106382978,HOLD
0.3464463,0.32312453,0,0.075,HOLD
0.90142405,0.7671068,0,0.1529,REJECT
0.67207867,0.58363044,0,0.23796666666666666,HOLD
0.8388791,0.7170708,0,0.23564,REJECT
0.089413926,0.11749864,0,0.3801818181818182,APPROVE
0.04103668,0.07879684,0,0.25334,APPROVE
0.05116625,0.0869005,0,0.06,APPROVE
0.20181611,0.20742038,0,0.12807142857142856,HOLD
0.4375519,0.396009,0,0.30351428571428574,HOLD
0.3334141,0.31269878,0,0.12,HOLD
0.22259587,0.22404419,0,0.154025,HOLD
0.32400972,0.30517527,1,0.1512125,HOLD
0.3071328,0.29167375,0,0.26728,HOLD
0.6137527,0.5369697,0,0.30152,HOLD
0.6081017,0.53244895,0,0.12008888888888888,HOLD
0.5143967,0.45748487,0,0.0684931506849315,HOLD
0.026779968,0.06739148,0,0.14166666666666666,APPROVE
0.12525004,0.14616753,0,0.22908,APPROVE
0.07312575,0.1044681,0,0.1366,APPROVE
0.7315672,0.6312213,0,0.10758333333333334,HOLD
0.35633656,0.33103675,0,0.08642857142857142,HOLD
0.1389783,0.15715013,0,0.1194,HOLD
0.45256522,0.40801966,0,0.18216666666666667,HOLD
0.65340656,0.5686928,0,0.125,HOLD
0.20125535,0.20697178,0,0.2512142857142857,HOLD
0.5385619,0.476817,1,0.10946666666666667,HOLD
0.84311676,0.72046095,0,0.18776923076923077,REJECT
0.24976157,0.24577674,0,0.16704,HOLD
0.7627922,0.6562013,0,0.205,REJECT
0.3384327,0.31671366,0,0.16373333333333334,HOLD
0.16258639,0.17603661,0,0.3176756756756757,HOLD
0.32526466,0.30617923,0,0.14503333333333332,HOLD
0.4710602,0.42281565,0,0.2679047619047619,HOLD
0.21144731,0.21512534,0,0.1716842105263158,HOLD
0.42426687,0.38538098,0,0.20242857142857143,HOLD
0.28001544,0.26997986,0,0.12561904761904763,HOLD
0.24375466,0.24097122,0,0.12,HOLD
0.18515149,0.19408868,0,0.1106,HOLD
0.5702818,0.502193,0,0.0996,HOLD
0.30102414,0.28678682,0,0.1,HOLD
0.42304704,0.38440514,1,0.16283333333333333,HOLD
0.2263277,0.22702965,0,0.23129411764705882,HOLD
0.2162704,0.21898381,0,0.15614285714285714,HOLD
0.36787158,0.34026477,0,0.20524,HOLD
0.2521011,0.24764837,0,0.19102222222222223,HOLD
0.77479136,0.66580063,1,0.2397142857142857,REJECT
0.24400997,0.24117547,0,0.33616,HOLD
0.5517222,0.48734528,0,0.42506666666666665,REJECT
0.55423653,0.48935673,0,0.30045714285714287,HOLD
0.36115968,0.33489525,0,0.23988,HOLD
0.30252948,0.28799108,0,0.3245,HOLD
0.3194723,0.30154535,0,0.21295,HOLD
0.21754368,0.22000243,0,0.1594,HOLD
0.2800043,0.26997092,0,0.10463157894736842,HOLD
0.39275122,0.36016846,0,0.23166666666666666,HOLD
0.49628863,0.4429984,0,0.01765625,HOLD
0.2135852,0.21683565,0,0.0970875,HOLD
0.18724543,0.19576384,0,0.14285714285714285,HOLD
0.16997798,0.18194987,0,0.17578181818181818,HOLD
0.36512208,0.33806515,0,0.1469,HOLD
0.37322652,0.3445487,0,0.2234,HOLD
0.17766052,0.18809591,0,0.21493333333333334,HOLD
0.6959086,0.6026944,0,0.23805263157894738,HOLD
0.5824471,0.5119252,0,0.16142222222222222,HOLD
0.20905863,0.2132144,0,0.11591428571428572,HOLD
0.08915773,0.11729369,0,0.32696,APPROVE
0.2589696,0.2531432,0,0.075,HOLD
0.5846593,0.51369494,1,0.125825,HOLD
0.17643674,0.18711688,0,0.4636190476190476,REJECT
0.1027141,0.12813878,0,0.15,APPROVE
0.29192945,0.27951106,0,0.13452173913043478,HOLD
0.28475046,0.27376786,0,0.0799625,HOLD
0.4033329,0.3686338,0,0.2671363636363636,HOLD
0.25771362,0.2521384,0,0.1,HOLD
0.19943196,0.20551306,0,0.273625,HOLD
0.37825483,0.34857136,0,0.11357894736842106,HOLD
0.13603546,0.15479586,0,0.11875,HOLD
0.3772232,0.34774604,0,0.09876,HOLD
0.06849703,0.10076513,0,0.22976666666666667,APPROVE
0.5695983,0.5016462,0,0.102921875,HOLD
0.63472074,0.55374414,0,0.22416666666666665,HOLD
0.168412,0.1806971,0,0.30732,HOLD
0.12289691,0.14428502,0,0.08333333333333333,APPROVE
0.04586068,0.08265605,0,0.1985076923076923,APPROVE
0.3264932,0.30716205,0,0.16556666666666667,HOLD
0.51568216,0.45851323,0,0.316675,HOLD
0.6234888,0.54475856,1,0.271975,HOLD
0.33884063,0.31704,0,0.13825,HOLD
0.6992464,0.6053647,0,0.20623684210526316,HOLD
0.38937747,0.35746947,0,0.1804,HOLD
0.28838888,0.2766786,0,0.10776,HOLD
0.9008194,0.7666231,0,0.25896296296296295,REJECT
0.013240758,0.056560107,0,0.23926153846153847,APPROVE
0.5391956,0.47732398,0,0.17768421052631578,HOLD
0.33634964,0.3150472,0,0.0849047619047619,HOLD
0.22115663,0.22289279,0,0.16725,HOLD
0.18401957,0.19318314,0,0.14285714285714285,HOLD
0.29055807,0.27841395,0,0.0806625,HOLD
0.28075388,0.2705706,0,0.14933333333333335,HOLD
0.49521247,0.44213748,0,0.21703333333333333,HOLD
0.26411614,0.2572604,1,0.22868,HOLD
0.3362386,0.31495836,0,0.10227272727272728,HOLD
0.23984957,0.23784715,1,0.17828888888888889,HOLD
0.5300993,0.4700469,0,0.23613636363636364,HOLD
0.6035634,0.5288183,0,0.31577777777777777,HOLD
0.4762788,0.42699054,0,0.12725454545454545,HOLD
0.2203426,0.22224158,0,0.1959,HOLD
0.220695,0.2225235,0,0.1978,HOLD
0.38105026,0.3508077,0,0.1983,HOLD
0.36175373,0.33537048,0,0.07816,HOLD
0.3190916,0.30124077,0,0.43783333333333335,REJECT
0.2437957,0.24100405,0,0.1,HOLD
0.2890493,0.27720693,0,0.18828571428571428,HOLD
0.40934017,0.37343964,0,0.06497142857142857,HOLD
0.43785864,0.39625442,0,0.10821538461538462,HOLD
0.6036252,0.52886766,0,0.18976666666666667,HOLD
0.29121733,0.27894136,0,0.46552,REJECT
0.4012167,0.36694086,0,0.09744444444444444,HOLD
0.46689495,0.41948345,0,0.1979142857142857,HOLD
0.33242747,0.31190947,0,0.23215555555555556,HOLD
0.016539691,0.059199255,0,0.42208,REJECT
0.7988163,0.68502057,0,0.07537142857142858,REJECT
0.20289166,0.20828082,0,0.2082544020372038,HOLD
0.36069572,0.33452407,0,0.1,HOLD
0.4676462,0.42008448,0,0.25616666666666665,HOLD
0.123550884,0.1448082,0,0.1514888888888889,APPROVE
0.12224452,0.14376311,0,0.34933333333333333,APPROVE
0.020959808,0.06273535,0,0.11533333333333333,APPROVE
0.51405406,0.45721075,0,0.19895,HOLD
0.7766345,0.66727513,1,0.23729268292682926,REJECT
0.7870037,0.6755705,0,0.23224,REJECT
0.7504757,0.6463481,0,0.11008571428571429,HOLD
0.42374682,0.38496494,0,0.23774285714285714,HOLD
0.207637,0.2120771,0,0.23985714285714285,HOLD
0.6696155,0.5816599,0,0.10413333333333333,HOLD
0.40626132,0.37097657,0,0.16575757575757577,HOLD
0.79085845,0.6786543,1,0.15676923076923077,REJECT
0.6747025,0.58572954,0,0.2262962962962963,HOLD
0.087153226,0.11569009,0,0.1223764705882353,APPROVE
0.052728333,0.088150166,0,0.24604,APPROVE
0.51256627,0.4560205,0,0.08136923076923076,HOLD
0.48531777,0.4342217,0,0.07016,HOLD
0.022687795,0.06411774,0,0.1,APPROVE
0.43001416,0.38997883,0,0.2155,HOLD
0.26306808,0.25642195,0,0.13,HOLD
0.040175777,0.078108124,0,0.06442222222222223,APPROVE
0.3912957,0.35900405,0,0.05,HOLD
0.3249187,0.30590245,0,0.23023333333333335,HOLD
0.80204135,0.6876006,0,0.5516923076923077,REJECT
0.30752394,0.29198664,0,0.17462162162162162,HOLD
0.13668755,0.15531753,0,0.34353333333333336,HOLD
0.40591127,0.3706965,0,0.1,HOLD
0.04457052,0.08162392,0,0.31272222222222223,APPROVE
0.12364465,0.14488322,0,0.1375,APPROVE
0.5775626,0.5080176,0,0.06599,HOLD
0.51598257,0.45875356,0,0.20616,HOLD
0.44940186,0.40548897,0,0.1094,HOLD
0.045235533,0.08215593,0,0.1453818181818182,APPROVE
0.062222466,0.095745474,0,0.15041666666666667,APPROVE
0.124625616,0.14566799,0,0.070875,APPROVE
0.43531558,0.39421996,0,0.2836666666666667,HOLD
0.27280587,0.2642122,0,0.220025,HOLD
0.3237338,0.30495453,0,0.1125,HOLD
0.4297013,0.38972855,0,0.15182857142857142,HOLD
0.34168237,0.3193134,0,0.2517142857142857,HOLD
0.8007921,0.6866012,0,0.08062105263157894,REJECT
0.7199612,0.6219365,1,0.11256666666666666,HOLD
0.18660747,0.19525346,0,0.11255,HOLD
0.73806113,0.63641644,1,0.1827,HOLD
0.48692423,0.43550688,0,0.23203333333333334,HOLD
0.13930434,0.15741096,0,0.1044,HOLD
0.54648405,0.48315474,1,0.22471428571428573,HOLD
0.31869394,0.30092263,0,0.153,HOLD
0.118912056,0.14109714,0,0.026043023074118443,APPROVE
0.197152,0.2036891,0,0.1594888888888889,HOLD
0.13527894,0.15419064,0,0.26524444444444445,HOLD
0.53736365,0.47585842,0,0.20606666666666668,HOLD
0.042390622,0.07988,0,0.1077,APPROVE
0.23474245,0.23376144,0,0.11256,HOLD
0.25709733,0.25164536,0,0.13333333333333333,HOLD
0.21344113,0.2167204,0,0.27386666666666665,HOLD
0.8490179,0.7251819,1,0.149275,REJECT
0.9186193,0.7808629,0,0.15437777777777778,REJECT
0.42448235,0.38555336,1,0.12174074074074075,HOLD
0.80268645,0.68811667,1,0.22165714285714286,REJECT
0.014360128,0.057455603,0,0.2892,APPROVE
0.09991385,0.12589857,0,0.26974,APPROVE
0.49446812,0.441542,0,0.109475,HOLD
0.025964104,0.066738784,0,0.11538461538461539,APPROVE
0.022312379,0.063817404,0,0.3891090909090909,APPROVE
0.5781624,0.5084974,0,0.13333333333333333,HOLD
0.06471583,0.097740166,0,0.13172,APPROVE
0.34599924,0.3227669,0,0.201225,HOLD
0.44009122,0.39804047,0,0.29823333333333335,HOLD
0.15480065,0.16980802,0,0.11073333333333334,HOLD
0.20875114,0.21296841,0,0.10526315789473684,HOLD
0.38132998,0.35103148,0,0.06666666666666667,HOLD
0.4941291,0.44127077,1,0.19744,HOLD
0.2641609,0.25729623,1,0.05,HOLD
0.33410436,0.313251,0,0.04477611940298507,HOLD
0.43501714,0.39398122,0,0.3184230769230769,HOLD
0.35338548,0.32867587,0,0.309575,HOLD
0.18764588,0.1960842,0,0.24491428571428572,HOLD
0.40207708,0.36762917,0,0.3844,HOLD
0.2753551,0.2662516,0,0.12775555555555557,HOLD
0.5596551,0.49369156,0,0.1845,HOLD
0.22757894,0.22803064,0,0.21132,HOLD
0.87248677,0.7439569,0,0.20005,REJECT
0.051013235,0.08677809,0,0.146925,APPROVE
0.28663126,0.27527252,0,0.14,HOLD
0.07979316,0.10980203,0,0.2996,APPROVE
0.2592551,0.2533716,0,0.24864,HOLD
0.17076996,0.18258347,0,0.23086,HOLD
0.39673787,0.36335778,0,0.10422222222222222,HOLD
0.20864548,0.21288387,1,0.3600857142857143,HOLD
0.52479535,0.46580377,0,0.24713333333333334,HOLD
0.0602091,0.094134785,1,0.06487179487179487,APPROVE
0.49374843,0.44096625,1,0.19373333333333334,HOLD
0.48791775,0.4363017,0,0.2312,HOLD
0.04427204,0.08138513,0,0.43466101694915255,REJECT
0.5108077,0.45461366,0,0.14005,HOLD
0.32200423,0.30357087,0,0.15793333333333334,HOLD
0.06280772,0.096213676,0,0.08212954333643989,APPROVE
0.07621853,0.106942326,0,0.10891666666666666,APPROVE
0.15570892,0.17053464,0,0.0337,HOLD
0.14131014,0.15901561,0,0.1479,HOLD
0.09808573,0.12443609,0,0.3514333333333333,APPROVE
0.17351687,0.18478099,0,0.15,HOLD
0.5458789,0.4826706,0,0.25833333333333336,HOLD
0.07242426,0.10390691,0,0.11256666666666666,APPROVE
0.28295913,0.2723348,0,0.06914285714285714,HOLD
0.41914713,0.3812852,0,0.114875,HOLD
0.53734016,0.4758396,0,0.1552,HOLD
0.17773804,0.18815793,0,0.32106666666666667,HOLD
0.5461457,0.48288405,0,0.22946666666666668,HOLD
0.38431585,0.35342017,1,0.045,HOLD
0.75332946,0.6486311,0,0.0914,HOLD
0.06959604,0.10164433,0,0.07102222222222222,APPROVE
0.09570171,0.12252887,0,0.09915,APPROVE
0.21628895,0.21899866,0,0.1974,HOLD
0.61607546,0.5388279,0,0.09262903225806451,HOLD
0.2243341,0.22543478,0,0.1348181818181818,HOLD
0.29562706,0.28246915,0,0.10737142857142858,HOLD
0.31141314,0.295098,0,0.24,HOLD
0.4066218,0.37126493,0,0.1586,HOLD
0.4180215,0.38038468,1,0.16795454545454547,HOLD
0.03789382,0.07628255,0,0.09419152276295134,APPROVE
0.23860486,0.23685138,0,0.094325,HOLD
0.40209204,0.36764112,0,0.21185,HOLD
0.0312532,0.07097006,0,0.29988888888888887,APPROVE
0.49962732,0.44566935,0,0.3358,HOLD
0.24073206,0.23855314,0,0.222575,HOLD
0.62093234,0.5427134,0,0.173,HOLD
0.18014392,0.19008262,0,0.31153125,HOLD
0.005933231,0.050714087,0,0.25895,APPROVE
0.39695084,0.36352816,0,0.10776,HOLD
0.46644393,0.41912264,0,0.17487692307692307,HOLD
0.6267086,0.54733443,0,0.10590909090909091,HOLD
0.13576323,0.15457807,0,0.12435,HOLD
0.11006469,0.13401926,0,0.12326666666666666,APPROVE
0.50272447,0.44814706,0,0.203,HOLD
0.35718352,0.3317143,0,0.1217,HOLD
0.069299795,0.10140734,0,0.23428888888888888,APPROVE
0.672822,0.5842251,0,0.0878,HOLD
0.019599639,0.061647214,0,0.5084666666666666,REJECT
0.5402261,0.47814837,0,0.23533333333333334,HOLD
0.16307794,0.17642984,0,0.2281,HOLD
0.22039698,0.22228508,0,0.13951666666666668,HOLD
0.062181547,0.09571274,0,0.19689285714285715,APPROVE
0.45825815,0.41257402,0,0.08388,HOLD
0.63786584,0.5562602,1,0.10298,HOLD
0.54393995,0.48111945,0,0.14495,HOLD
0.58601665,0.5147809,0,0.1758125,HOLD
0.5945413,0.5216006,0,0.19411111111111112,HOLD
0.16958597,0.18163627,0,0.28685,HOLD
0.44938487,0.40547538,0,0.1894255319148936,HOLD
0.79620486,0.6829314,0,0.10242857142857142,REJECT
0.077065185,0.10761965,0,0.07142857142857142,APPROVE
0.09542244,0.12230546,0,0.26785714285714285,APPROVE
0.1353138,0.15421852,0,0.17562857142857144,HOLD
0.45262295,0.40806586,0,0.10241666666666667,HOLD
0.2302597,0.23017526,0,0.386,HOLD
0.079980366,0.1099518,0,0.09710526315789474,APPROVE
0.57998776,0.50995773,0,0.19753333333333334,HOLD
0.23377529,0.23298772,0,0.12,HOLD
0.11952692,0.14158903,0,0.24023076923076922,APPROVE
0.3923976,0.35988557,0,0.06745454545454546,HOLD
0.34725273,0.3237697,0,0.13894,HOLD
0.3107831,0.29459396,0,0.07238,HOLD
0.36176544,0.33537984,0,0.20837209302325582,HOLD
0.63907456,0.5572272,0,0.12308,HOLD
0.5201508,0.4620881,0,0.20534285714285713,HOLD
0.35715824,0.3316941,0,0.11,HOLD
0.7177499,0.62016743,0,0.2372142857142857,HOLD
0.18605477,0.1948113,0,0.17225,HOLD
0.09891288,0.1250978,0,0.14785714285714285,APPROVE
0.21025798,0.21417387,0,0.08717142857142857,HOLD
0.4397157,0.39774007,0,0.1824,HOLD
0.13788372,0.15627447,0,0.215325,HOLD
0.51828945,0.46059906,0,0.193225,HOLD
0.8196983,0.70172614,0,0.09997142857142857,REJECT
0.19465275,0.20168969,0,0.13882857142857144,HOLD
0.28298062,0.272352,0,0.11145882352941176,HOLD
0.6604488,0.5743266,0,0.21023529411764705,HOLD
0.022278534,0.06379033,0,0.08344375,APPROVE
0.64287615,0.56026846,0,0.13424,HOLD
0.28944638,0.27752462,0,0.1864,HOLD
0.1828232,0.19222605,0,0.05325333333333333,HOLD
0.057397015,0.09188511,0,0.16945,APPROVE
0.12187008,0.14346355,0,0.03333333333333333,APPROVE
0.33671516,0.31533962,1,0.30922727272727274,HOLD
0.5550734,0.4900262,0,0.13975,HOLD
0.4682176,0.42054158,0,0.18828,HOLD
0.49754035,0.44399977,0,0.28136,HOLD
0.26997745,0.26194945,0,0.109075,HOLD
0.6432524,0.5605694,0,0.21509090909090908,HOLD
0.27621615,0.26694041,0,0.16331666666666667,HOLD
0.38220233,0.35172936,0,0.07917142857142857,HOLD
0.35257334,0.32802618,0,0.25675,HOLD
0.4575962,0.41204447,0,0.078975,HOLD
0.19880408,0.20501076,0,0.15612,HOLD
0.5404858,0.47835612,0,0.044444444444444446,HOLD
0.18239884,0.19188656,0,0.04401851851851852,HOLD
0.2611891,0.25491878,0,0.1,HOLD
0.4379114,0.39629662,0,0.17646666666666666,HOLD
0.1389032,0.15709005,0,0.42,REJECT
0.056977887,0.09154981,0,0.291,APPROVE
0.7886991,0.6769268,0,0.24762857142857142,REJECT
0.1738679,0.18506181,0,0.06734285714285715,HOLD
0.60956395,0.5336187,0,0.07028,HOLD
0.42547953,0.3863511,0,0.1053,HOLD
0.5780308,0.5083922,0,0.15448275862068966,HOLD
0.152063,0.16761789,0,0.11,HOLD
0.38749665,0.3559648,0,0.1085,HOLD
0.24143597,0.23911627,0,0.09363157894736843,HOLD
0.2585078,0.25277373,0,0.14153333333333334,HOLD
0.1786512,0.18888845,0,0.254,HOLD
0.34749123,0.32396048,0,0.18325,HOLD
0.6200095,0.54197514,0,0.2,HOLD
0.39491242,0.36189744,0,0.16286206896551725,HOLD
0.7939565,0.68113273,1,0.04203076923076923,REJECT
0.49583378,0.44263452,0,0.1735846153846154,HOLD
0.12795538,0.14833179,0,0.13175,APPROVE
0.038544573,0.076803155,0,0.17824,APPROVE
0.026547223,0.06720528,0,0.08910714285714286,APPROVE
0.5151993,0.45812693,0,0.07668,HOLD
0.7428716,0.6402648,0,0.1613,HOLD
0.23173201,0.2313531,0,0.3031,HOLD
0.48745894,0.43593466,0,0.23827777777777778,HOLD
0.17503212,0.1859932,0,0.2245,HOLD
0.49870387,0.44493058,1,0.08,HOLD
0.0772894,0.10779902,0,0.28145,APPROVE
0.26845104,0.26072833,0,0.10001666666666667,HOLD
0.46233705,0.41583714,0,0.07256923076923077,HOLD
0.65144724,0.5671253,0,0.1946,HOLD
0.6378845,0.5562751,0,0.19873333333333335,HOLD
0.2920049,0.27957144,0,0.26544,HOLD
0.41361225,0.37685728,0,0.04538,HOLD
0.3423014,0.3198086,0,0.2760444444444444,HOLD
0.30030313,0.28621,0,0.06378571428571428,HOLD
0.5677776,0.5001896,0,0.2299142857142857,HOLD
0.7962859,0.6829963,0,0.23156666666666667,REJECT
0.52917814,0.46931002,0,0.32785,HOLD
0.70307195,0.6084251,1,0.1659,HOLD
0.17305323,0.18441008,0,0.2643,HOLD
0.35451964,0.3295832,0,0.12376,HOLD
0.27661172,0.2672569,0,0.13653333333333334,HOLD
0.04396274,0.081137694,0,0.380625,APPROVE
0.06834063,0.10064001,0,0.19923529411764707,APPROVE
0.3735888,0.34483853,1,0.256,HOLD
0.4151267,0.37806886,1,0.09731666666666666,HOLD
0.6688464,0.5810447,0,0.23864,HOLD
0.03772903,0.07615072,0,0.08076666666666667,APPROVE
0.53887427,0.4770669,1,0.203575,HOLD
0.31839046,0.30067986,0,0.20413333333333333,HOLD
0.49667075,0.4433041,0,0.29188888888888886,HOLD
0.14885211,0.16504918,0,0.1264,HOLD
0.7672198,0.65974337,0,0.0816,REJECT
0.056444827,0.091123365,0,0.13715384615384615,APPROVE
0.6372819,0.55579305,0,0.1666111111111111,HOLD
0.112301506,0.1358087,0,0.08620689655172414,APPROVE
0.3018645,0.2874591,0,0.35604,HOLD
0.6380051,0.55637157,0,0.19026666666666667,HOLD
0.61603457,0.5387952,0,0.24025,HOLD
0.03931618,0.07742045,0,0.1875,APPROVE
0.20130481,0.20701134,0,0.07692307692307693,HOLD
0.53288066,0.47227204,0,0.1783125,HOLD
0.20758344,0.21203424,0,0.15626666666666666,HOLD
0.005463732,0.050338484,0,0.46596,REJECT
0.6105941,0.53444284,0,0.10634042553191489,HOLD
0.11941783,0.14150175,0,0.14123333333333332,APPROVE
0.4364573,0.39513335,0,0.1906578947368421,HOLD
0.7513857,0.6470761,0,0.2478,HOLD
0.027612276,0.06805732,0,0.13925,APPROVE
0.14013302,0.15807392,0,0.12481333333333333,HOLD
0.5247987,0.46580645,1,0.07294285714285714,HOLD
0.33457658,0.31362876,0,0.14812857142857142,HOLD
0.81479627,0.6978046,0,0.17637142857142857,REJECT
0.50640416,0.4510908,0,0.14806,HOLD
0.055530608,0.090391986,0,0.5495833333333333,REJECT
0.43220973,0.3917353,0,0.06890769230769231,HOLD
0.575726,0.50654835,1,0.16406666666666667,HOLD
0.7127944,0.61620307,0,0.315027027027027,HOLD
0.30514485,0.29008338,0,0.22504,HOLD
0.2186966,0.22092476,0,0.3927,HOLD
0.59866196,0.5248971,0,0.08837142857142857,HOLD
0.077783614,0.10819439,0,0.016666666666666666,APPROVE
0.24300481,0.24037135,0,0.10086046511627907,HOLD
0.713367,0.61666113,1,0.17413333333333333,HOLD
0.28739232,0.27588135,0,0.07916,HOLD
0.08523705,0.11415715,0,0.20730909090909092,APPROVE
0.33277002,0.3121835,0,0.21860714285714286,HOLD
0.4238582,0.38505405,0,0.10298850574712644,HOLD
0.51638573,0.45907608,0,0.125,HOLD
0.88642454,0.75510716,1,0.1841,REJECT
0.39887577,0.3650681,0,0.0868,HOLD
0.6583915,0.5726807,0,0.18306666666666666,HOLD
0.7723143,0.66381896,1,0.11966666666666667,REJECT
0.29354236,0.2808014,0,0.208,HOLD
0.3358178,0.31462175,0,0.39840740740740743,HOLD
0.036712065,0.07533715,0,0.2016875,APPROVE
0.5772059,0.5077323,0,0.15228571428571427,HOLD
0.6207647,0.5425793,0,0.13263333333333333,HOLD
0.32603106,0.30679235,0,0.08035714285714286,HOLD
0.31518933,0.29811895,0,0.34072,HOLD
0.35589346,0.33068228,0,0.213525,HOLD
0.381355,0.35105148,0,0.20212,HOLD
0.32206902,0.30362272,0,0.10557333333333334,HOLD
0.36997163,0.3419448,0,0.19373333333333334,HOLD
0.458161,0.4124963,0,0.15,HOLD
0.7345007,0.6335681,0,0.11242222222222223,HOLD
0.43035257,0.39024955,0,0.2226857142857143,HOLD
0.4200558,0.38201213,0,0.20683333333333334,HOLD
0.39714065,0.36368,0,0.1,HOLD
0.76743686,0.659917,0,0.30775,REJECT
0.21886376,0.2210585,1,0.6122,REJECT
0.17672169,0.18734485,0,0.16582857142857144,HOLD
0.2450473,0.24200533,0,0.25895,HOLD
0.5092558,0.45337215,0,0.17886666666666667,HOLD
0.83523804,0.71415794,0,0.08685714285714285,REJECT
0.33683947,0.31543908,0,0.209,HOLD
0.13050036,0.15036778,0,0.43402857142857143,REJECT
0.13426039,0.1533758,0,0.189075,HOLD
0.21805012,0.22040759,0,0.10346153846153847,HOLD
0.21446145,0.21753664,0,0.40185185185185185,REJECT
0.6474308,0.56391215,0,0.08291666666666667,HOLD
0.67868984,0.5889194,0,0.17661538461538462,HOLD
0.53421974,0.47334328,0,0.059333333333333335,HOLD
0.286,0.27476752,0,0.05330434782608696,HOLD
0.65229,0.5677995,0,0.27125,HOLD
0.16521339,0.17813821,0,0.26793333333333336,HOLD
0.123805396,0.14501181,0,0.10162105263157895,APPROVE
0.088835806,0.11703614,0,0.08381666666666666,APPROVE
0.10211362,0.1276584,0,0.5084666666666666,REJECT
0.4529489,0.40832663,0,0.235475,HOLD
0.6491006,0.565248,1,0.09375,HOLD
0.07983518,0.10983565,0,0.13384444444444443,APPROVE
0.28696057,0.27553597,0,0.10364,HOLD
0.33529374,0.3142025,0,0.19215,HOLD
0.41059592,0.37444425,0,0.06366666666666666,HOLD
0.09379791,0.121005826,0,0.13479634590287795,APPROVE
0.5809122,0.5106973,0,0.18042857142857144,HOLD
0.27371407,0.26493874,0,0.26572222222222225,HOLD
0.41853207,0.38079315,0,0.10505,HOLD
0.37035823,0.34225407,0,0.19382857142857143,HOLD
0.60973054,0.53375196,0,0.36433333333333334,HOLD
0.413395,0.37668347,0,0.15382222222222222,HOLD
0.5322968,0.47180492,0,0.12,HOLD
0.043580987,0.080832295,0,0.1007,APPROVE
0.13828072,0.15659207,0,0.10211111111111111,HOLD
0.45751724,0.41198128,0,0.2014,HOLD
0.13791624,0.15630049,0,0.11666666666666667,HOLD
0.3459207,0.32270408,0,0.55825,REJECT
0.44554806,0.40240595,1,0.1963,HOLD
0.4274954,0.3879638,0,0.16273333333333334,HOLD
0.062556766,0.09601291,0,0.22585454545454545,APPROVE
0.76969206,0.66172117,0,0.2717777777777778,REJECT
0.27573094,0.26655224,0,0.14518333333333333,HOLD
0.26419908,0.25732675,0,0.1042,HOLD
0.32605812,0.306814,0,0.22753333333333334,HOLD
0.26134682,0.25504497,0,0.18277142857142858,HOLD
0.28528967,0.27419925,0,0.35026666666666667,HOLD
0.30167547,0.2873079,1,0.1301375,HOLD
0.35310304,0.32844993,0,0.16887272727272729,HOLD
0.1248881,0.14587797,0,0.08796,APPROVE
0.624882,0.5458731,0,0.19,HOLD
0.12877357,0.14898635,0,0.21197619047619048,APPROVE
0.6453125,0.56221753,0,0.12,HOLD
0.116454795,0.13913134,0,0.0425531914893617,APPROVE
0.04416972,0.081303276,0,0.37016,APPROVE
0.48351434,0.43277895,0,0.15977142857142856,HOLD
0.20683974,0.21143928,0,0.12412,HOLD
0.24668859,0.24331836,0,0.04,HOLD
0.2247642,0.22577885,0,0.2219,HOLD
0.69094735,0.59872544,0,0.2885,HOLD
0.4477644,0.404179,0,0.11966666666666667,HOLD
0.3266406,0.30727997,0,0.09,HOLD
0.06469566,0.09772403,0,0.132825,APPROVE
0.60257554,0.52802795,0,0.1154,HOLD
0.39672467,0.36334723,0,0.1800277777777778,HOLD
0.19299588,0.20036419,0,0.13333333333333333,HOLD
0.35526055,0.33017594,0,0.16476,HOLD
0.45131722,0.40702128,0,0.11942857142857143,HOLD
0.45096144,0.40673664,0,0.35970588235294115,HOLD
0.47763282,0.42807376,1,0.11357142857142857,HOLD
0.36049977,0.3343673,0,0.21790588235294117,HOLD
0.100967884,0.1267418,0,0.1442,APPROVE
0.23195289,0.2315298,0,0.10185185185185185,HOLD
0.32835355,0.30865034,0,0.22613333333333333,HOLD
0.41799358,0.38036236,0,0.13032,HOLD
0.32519782,0.30612576,0,0.29196,HOLD
0.7802815,0.6701927,1,0.2388,REJECT
0.87448543,0.7455559,0,0.10364444444444444,REJECT
0.7114779,0.61514986,0,0.2555217391304348,HOLD
0.30040896,0.28629467,0,0.1376,HOLD
0.0844903,0.113559745,0,0.21846153846153846,APPROVE
0.6900722,0.59802526,0,0.11666666666666667,HOLD
0.28977838,0.27779022,0,0.38083333333333336,HOLD
0.38648656,0.35515675,0,0.23742307692307693,HOLD
0.83755636,0.7160126,1,0.2564230769230769,REJECT
0.6956957,0.6025241,0,0.18210344827586206,HOLD
0.49570566,0.44253203,0,0.11652,HOLD
0.73463786,0.63367784,0,0.12316666666666666,HOLD
0.18068969,0.19051924,0,0.14285714285714285,HOLD
0.2734243,0.26470694,0,0.20675714285714286,HOLD
0.08511473,0.11405929,0,0.04619230769230769,APPROVE
0.022012904,0.06357782,0,0.072325,APPROVE
0.39233738,0.3598374,0,0.04285714285714286,HOLD
0.23458968,0.23363924,0,0.280625,HOLD
0.15296313,0.168338,0,0.07828125,HOLD
0.35883942,0.33303905,0,0.49,REJECT
0.35930398,0.33341068,0,0.13754545454545455,HOLD
0.5682947,0.5006033,1,0.13542857142857143,HOLD
0.314444,0.2975227,0,0.13555,HOLD
0.49137232,0.43906534,0,0.075,HOLD
0.51171196,0.45533705,0,0.11565714285714286,HOLD
0.11664243,0.13928144,1,0.158,APPROVE
0.4839152,0.43309966,0,0.34975,HOLD
0.12583199,0.14663309,0,0.187,APPROVE
0.57918125,0.50931257,0,0.08764,HOLD
0.30387983,0.28907135,0,0.3016666666666667,HOLD
0.7195183,0.62158215,0,0.5180666666666667,REJECT
0.5007661,0.44658038,0,0.04448,HOLD
0.2296798,0.22971132,0,0.1564,HOLD
0.5737362,0.5049565,1,0.17837037037037037,HOLD
0.050715856,0.086540185,0,0.25908,APPROVE
0.51105165,0.45480883,0,0.246,HOLD
0.29163915,0.2792788,0,0.14925,HOLD
0.07770595,0.108132266,0,0.12787142857142858,APPROVE
0.10619416,0.13092282,0,0.2393191489361702,APPROVE
0.062165465,0.09569987,0,0.1434153846153846,APPROVE
0.29554737,0.2824054,0,0.24825,HOLD
0.0894923,0.11756135,0,0.11973333333333333,APPROVE
0.12164325,0.1432821,0,0.1712,APPROVE
0.60116833,0.5269022,0,0.19463333333333332,HOLD
0.6543271,0.5694292,0,0.1726551724137931,HOLD
0.042729355,0.080150984,0,0.3504,APPROVE
0.7355444,0.63440305,0,0.27176,HOLD
0.09684567,0.12344404,0,0.12971,APPROVE
0.31006002,0.29401553,0,0.07407407407407407,HOLD
0.20720886,0.21173458,0,0.20163333333333333,HOLD
0.4693261,0.42142838,0,0.16146,HOLD
0.68829465,0.5966033,1,0.16036,HOLD
0.22243962,0.22391918,0,0.06893333333333333,HOLD
0.24540871,0.24229446,0,0.20433333333333334,HOLD
0.066768914,0.09938263,0,0.13025,APPROVE
0.4234167,0.38470086,0,0.18350617283950618,HOLD
0.84022903,0.71815073,1,0.444,REJECT
0.27416846,0.26530227,0,0.109,HOLD
0.8045844,0.68963504,1,0.15757142857142858,REJECT
0.045965593,0.08273997,0,0.14065714285714287,APPROVE
0.13069785,0.15052578,0,0.08291,HOLD
0.34584296,0.32264185,0,0.14785,HOLD
0.22059633,0.22244455,0,0.20386666666666667,HOLD
0.2647875,0.2577975,0,0.2618,HOLD
0.15166879,0.16730252,0,0.07812,HOLD
0.2385019,0.23676902,1,0.09518,HOLD
0.6471408,0.5636802,0,0.08784615384615385,HOLD
0.6664529,0.5791298,0,0.28375,HOLD
0.5270759,0.4676282,0,0.2418,HOLD
0.16180517,0.17541163,0,0.20742857142857143,HOLD
0.07447531,0.10554775,0,0.11945,APPROVE
0.5137996,0.45700717,0,0.22842105263157894,HOLD
0.76201785,0.65558183,0,0.24588,REJECT
0.51465636,0.4576926,0,0.12559375,HOLD
0.47933823,0.42943808,0,0.17848571428571428,HOLD
0.18566142,0.19449663,0,0.12806666666666666,HOLD
0.0936402,0.12087966,0,0.15714285714285714,APPROVE
0.064455815,0.09753215,0,0.25657575757575757,APPROVE
0.5033089,0.4486146,0,0.4106111111111111,REJECT
0.17767034,0.18810377,0,0.12236,HOLD
0.09116705,0.11890114,0,0.26264,APPROVE
0.59573156,0.5225528,0,0.1708,HOLD
0.18630154,0.19500872,0,0.09632,HOLD
0.086356916,0.115053035,0,0.1764,APPROVE
0.15907589,0.1732282,0,0.08903,HOLD
0.21449156,0.21756074,0,0.35125,HOLD
0.09945561,0.12553199,0,0.4874,REJECT
0.09391604,0.121100344,0,0.0735,APPROVE
0.30615112,0.2908884,0,0.1101,HOLD
0.3674119,0.33989704,0,0.16520833333333335,HOLD
0.4053901,0.37027958,1,0.16747619047619047,HOLD
0.57185274,0.50344974,0,0.109,HOLD
0.1388337,0.15703446,0,0.4618333333333333,REJECT
0.69867045,0.6049039,0,0.08151428571428572,HOLD
0.23167157,0.23130475,0,0.11602222222222222,HOLD
0.05223546,0.08775587,0,0.25018,APPROVE
0.21247438,0.21594699,0,0.16666666666666666,HOLD
0.4108931,0.37468198,0,0.12971428571428573,HOLD
0.4502276,0.40614957,0,0.3127333333333333,HOLD
0.5847049,0.5137314,0,0.29124,HOLD
0.14822775,0.1645497,0,0.15914285714285714,HOLD
0.248459,0.24473469,0,0.39003333333333334,HOLD
0.49258864,0.4400384,0,0.15916,HOLD
0.48941863,0.43750238,1,0.2879,HOLD
0.17538379,0.18627453,0,0.17246052631578948,HOLD
0.21087213,0.21466519,0,0.17815,HOLD
0.12872812,0.14895,0,0.0756,APPROVE
0.32125604,0.30297232,0,0.21405,HOLD
0.3983073,0.36461332,0,0.20644444444444446,HOLD
0.41556156,0.37841675,0,0.4764074074074074,REJECT
0.3863515,0.3550487,0,0.36437142857142857,HOLD
0.18718861,0.19571838,0,0.14508474576271185,HOLD
0.22013584,0.22207616,0,0.2666,HOLD
0.019851513,0.06184871,0,0.17245,APPROVE
0.08017929,0.11011093,0,0.13686,APPROVE
0.36286664,0.3362608,0,0.05263157894736842,HOLD
0.11625119,0.13896845,0,0.14936666666666668,APPROVE
0.17820819,0.18853404,0,0.150425,HOLD
0.7841449,0.67328346,0,0.15,REJECT
0.43122032,0.39094377,0,0.08850909090909091,HOLD
0.16319957,0.17652716,0,0.030090909090909092,HOLD
0.70003814,0.60599804,0,0.39096,HOLD
0.23567483,0.23450735,0,0.249575,HOLD
0.57721263,0.50773764,0,0.09242,HOLD
0.4985162,0.44478047,0,0.2306857142857143,HOLD
0.5670634,0.4996182,0,0.23316666666666666,HOLD
0.25522873,0.25015047,0,0.1121111111111111,HOLD
0.3578777,0.33226967,0,0.3102666666666667,HOLD
0.14633279,0.16303372,0,0.16035555555555556,HOLD
0.34031925,0.31822288,0,0.06666666666666667,HOLD
0.102377824,0.12786976,0,0.24742424242424244,APPROVE
0.12050894,0.14237465,0,0.22486666666666666,APPROVE
0.2791834,0.2693142,0,0.2243,HOLD
0.41932783,0.38142976,0,0.5561467376085131,REJECT
0.18343192,0.19271304,0,0.1388888888888889,HOLD
0.1093454,0.13344382,0,0.0754,APPROVE
0.5452205,0.48214388,0,0.13746666666666665,HOLD
0.31158325,0.2952341,0,0.11428571428571428,HOLD
0.056057118,0.0908132,0,0.046153846153846156,APPROVE
0.06915178,0.10128892,0,0.10048571428571429,APPROVE
0.39418828,0.3613181,0,0.22697142857142857,HOLD
0.03395456,0.07313115,0,0.09844,APPROVE
0.7486724,0.64490545,0,0.14202222222222222,HOLD
0.3061207,0.29086405,0,0.21124,HOLD
0.41134113,0.3750404,0,0.2024,HOLD
0.79495573,0.6819321,1,0.1569375,REJECT
0.43245035,0.39192778,0,0.1375,HOLD
0.111760154,0.13537562,0,0.1804,APPROVE
0.25465015,0.24968761,0,0.1431,HOLD
0.19651818,0.20318204,0,0.07012121212121213,HOLD
0.15176126,0.1673765,0,0.07407407407407407,HOLD
0.27465025,0.2656877,0,0.12695555555555554,HOLD
0.078542404,0.10880143,0,0.11,APPROVE
0.1128397,0.13623926,0,0.24693333333333334,APPROVE
0.36563987,0.3384794,0,0.12625,HOLD
0.30564576,0.2904841,0,0.19708571428571428,HOLD
0.32063147,0.30247268,0,0.10251666666666667,HOLD
0.749016,0.64518034,0,0.17944,HOLD
0.5386646,0.47689915,0,0.1414,HOLD
0.08290216,0.11228923,0,0.0849,APPROVE
0.26973876,0.2617585,0,0.1375,HOLD
0.19273318,0.20015404,0,0.46291666666666664,REJECT
0.20442306,0.20950593,0,0.118,HOLD
0.41701967,0.37958324,0,0.1136,HOLD
0.24471669,0.24174084,0,0.2018,HOLD
0.6195862,0.5416365,0,0.17213333333333333,HOLD
0.19204767,0.19960563,0,0.1527777777777778,HOLD
0.6154927,0.5383617,0,0.1939375,HOLD
0.48828605,0.43659633,0,0.17065,HOLD
0.103417136,0.12870121,0,0.15,APPROVE
0.4461681,0.40290198,0,0.12073333333333333,HOLD
0.10745945,0.13193506,0,0.1,APPROVE
0.5571734,0.4917062,0,0.22613333333333333,HOLD
0.7083541,0.6126508,0,0.33471428571428574,HOLD
0.19528301,0.2021939,0,0.16236666666666666,HOLD
0.5323086,0.47181436,0,0.09866666666666667,HOLD
0.25353202,0.24879311,0,0.15671052631578947,HOLD
0.291113,0.2788579,0,0.1328125,HOLD
0.30332556,0.28862795,0,0.28136,HOLD
0.28896043,0.27713585,0,0.16453846153846155,HOLD
0.66265136,0.5760886,1,0.16006666666666666,HOLD
0.6035985,0.5288463,0,0.1421346153846154,HOLD
0.36145595,0.33513224,0,0.13535714285714287,HOLD
0.51830834,0.46061417,0,0.2730666666666667,HOLD
0.58490413,0.51389086,0,0.22336666666666666,HOLD
0.3522229,0.3277458,0,0.17568333333333333,HOLD
0.38399407,0.35316277,1,0.2036,HOLD
0.21040778,0.21429372,0,0.10814,HOLD
0.17168678,0.18331692,0,0.346375,HOLD
0.20402196,0.20918506,0,0.07142857142857142,HOLD
0.6060851,0.5308356,0,0.09440625,HOLD
0.70274085,0.6081602,0,0.10752631578947368,HOLD
0.35339397,0.32868266,0,0.1328888888888889,HOLD
0.3338511,0.31304836,0,0.37264,HOLD
0.34917355,0.32530633,0,0.1,HOLD
0.26702443,0.25958705,0,0.19746666666666668,HOLD
0.070595,0.10244351,0,0.25384444444444443,APPROVE
0.6309143,0.55069894,0,0.19503333333333334,HOLD
0.80559266,0.69044167,0,0.1092888888888889,REJECT
0.28529677,0.2742049,0,0.1181578947368421,HOLD
0.15390375,0.1690905,0,0.2151,HOLD
0.09807513,0.12442761,0,0.05357142857142857,APPROVE
0.4991911,0.44532037,0,0.459,REJECT
0.28018942,0.27011904,0,0.13872,HOLD
0.3336014,0.3128486,0,0.138675,HOLD
0.38239467,0.35188323,0,0.21084444444444445,HOLD
0.5534648,0.4887393,0,0.13333333333333333,HOLD
0.12099069,0.14276005,0,0.1643111111111111,APPROVE
0.28840843,0.27669424,0,0.3025357142857143,HOLD
0.29150686,0.279173,1,0.3622758620689655,HOLD
0.3316228,0.31126574,0,0.13951666666666668,HOLD
0.39517048,0.36210388,0,0.1565625,HOLD
0.20265096,0.20808826,0,0.19313157894736843,HOLD
0.44785532,0.40425175,0,0.1941142857142857,HOLD
0.26344696,0.25672507,0,0.19680952380952382,HOLD
0.061247725,0.09496568,0,0.0615,APPROVE
0.071232595,0.102953576,0,0.2638,APPROVE
0.2223488,0.22384652,0,0.2662,HOLD
0.1573365,0.17183669,0,0.08695652173913043,HOLD
0.35941637,0.3335006,0,0.19733333333333333,HOLD
0.41747096,0.37994426,0,0.2120857142857143,HOLD
0.23243476,0.23191531,0,0.19565454545454544,HOLD
0.7280745,0.62842715,0,0.18968,HOLD
0.81873256,0.7009536,0,0.3451836734693878,REJECT
0.22226429,0.22377892,0,0.12075,HOLD
0.597487,0.52395713,0,0.148375,HOLD
0.46295196,0.41632906,0,0.15155555555555555,HOLD
0.38275483,0.35217136,0,0.2664,HOLD
0.40050372,0.36637047,0,0.121375,HOLD
0.63297504,0.55234754,1,0.10915,HOLD
0.07829113,0.108600415,0,0.0748,APPROVE
0.72523737,0.6261574,0,0.1532,HOLD
0.21197757,0.21554954,0,0.3528,HOLD
0.5207813,0.4625925,0,0.191475,HOLD
0.06267804,0.096109934,0,0.09366,APPROVE
0.4306093,0.39045492,0,0.09736,HOLD
0.32333934,0.30463898,1,0.10589,HOLD
0.17546083,0.18633616,0,0.21557777777777778,HOLD
0.21686262,0.21945758,0,0.11384444444444444,HOLD
0.8007612,0.6865765,1,0.1184,REJECT
0.06765683,0.10009297,0,0.18027272727272728,APPROVE
0.8797943,0.74980295,0,0.24436666666666668,REJECT
0.3281172,0.30846125,1,0.3146470588235294,HOLD
0.25735128,0.25184852,0,0.336,HOLD
0.2628053,0.25621176,0,0.08188333333333334,HOLD
0.3060204,0.29078382,0,0.080825,HOLD
0.26979282,0.26180175,0,0.07224,HOLD
0.88617676,0.7549089,1,0.19484,REJECT
0.3712884,0.3429982,1,0.2727,HOLD
0.40386567,0.36906004,0,0.06666666666666667,HOLD
0.67912465,0.58926725,0,0.0985,HOLD
0.13860874,0.15685448,0,0.06,HOLD
0.09990423,0.12589088,0,0.11865714285714286,APPROVE
0.38455746,0.35361347,0,0.12826666666666667,HOLD
0.35441563,0.3295,0,0.42506666666666665,REJECT
0.3911325,0.3588735,0,0.09844,HOLD
0.48414445,0.43328306,0,0.10325531914893617,HOLD
0.19316323,0.20049807,0,0.203975,HOLD
0.21684414,0.2194428,0,0.20963636363636365,HOLD
0.3685184,0.34078223,0,0.14823333333333333,HOLD
0.33434448,0.31344306,0,0.2183157894736842,HOLD
0.6435998,0.5608474,0,0.17797142857142856,HOLD
0.06490399,0.0978907,0,0.17428333333333335,APPROVE
0.2408542,0.23865086,1,0.14285714285714285,HOLD
0.11679165,0.13940081,0,0.14422222222222222,APPROVE
0.11661168,0.13925683,0,0.07108571428571428,APPROVE
0.45282203,0.40822512,0,0.21023809523809525,HOLD
0.010390407,0.054279827,0,0.2869736842105263,APPROVE
0.109638475,0.13367827,0,0.3263125,APPROVE
0.5909264,0.51870865,0,0.2906,HOLD
0.33572567,0.31454802,0,0.43555,REJECT
0.5955758,0.5224282,0,0.17724242424242423,HOLD
0.17112416,0.18286683,0,0.13426666666666667,HOLD
0.044986706,0.08195687,0,0.14033333333333334,APPROVE
0.095100954,0.122048266,0,0.4698695652173913,REJECT
0.24090542,0.23869182,0,0.046181818181818185,HOLD
0.13611904,0.15486273,0,0.0912,HOLD
0.78819114,0.67652047,0,0.10926666666666666,REJECT
0.4912811,0.43899238,0,0.36944444444444446,HOLD
0.79878616,0.6849965,0,0.3171428571428571,REJECT
0.3855662,0.35442045,0,0.04,HOLD
0.29365417,0.28089085,0,0.25,HOLD
0.15253079,0.16799213,0,0.21074285714285715,HOLD
0.44807273,0.40442568,0,0.3084857142857143,HOLD
0.31546456,0.29833913,0,0.16552,HOLD
0.16396071,0.17713606,0,0.06255294117647059,HOLD
0.29692793,0.28350985,0,0.1783,HOLD
0.108529605,0.13279118,0,0.19430555555555556,APPROVE
0.66669154,0.5793208,0,0.09741818181818182,HOLD
0.27650124,0.2671685,0,0.25124,HOLD
0.5717924,0.50340146,0,0.20885714285714285,HOLD
0.18352023,0.19278367,0,0.23044,HOLD
0.52368695,0.46491706,0,0.26528,HOLD
0.5361478,0.4748857,0,0.12280357142857143,HOLD
0.15818262,0.17251359,0,0.2165925925925926,HOLD
0.21407218,0.21722524,0,0.0496,HOLD
0.44165418,0.39929083,0,0.14068,HOLD
0.60221964,0.5277433,0,0.10417142857142857,HOLD
0.013939558,0.057119146,0,0.17945882352941175,APPROVE
0.40552098,0.37038428,0,0.23724,HOLD
0.07475398,0.105770685,1,0.20522,APPROVE
0.40380493,0.36901143,0,0.16213333333333332,HOLD
0.23703131,0.23559254,0,0.1375,HOLD
0.31923246,0.30135345,0,0.12858333333333333,HOLD
0.45081595,0.40662026,0,0.25,HOLD
0.10181996,0.12742347,0,0.34870833333333334,APPROVE
0.14136016,0.15905562,0,0.23116517825750652,HOLD
0.031820036,0.07142353,0,0.2856382978723404,APPROVE
0.16213827,0.1756781,0,0.12755555555555556,HOLD
0.19610022,0.20284767,0,0.14484,HOLD
0.4164474,0.37912542,0,0.22663636363636364,HOLD
0.44922787,0.4053498,0,0.1,HOLD
0.12619528,0.14692372,0,0.4366153846153846,REJECT
0.11509995,0.13804746,0,0.2164888888888889,APPROVE
0.83377355,0.71298635,1,0.12916666666666668,REJECT
0.31712562,0.29966798,0,0.3288,HOLD
0.11724875,0.1397665,0,0.23933333333333334,APPROVE
0.15955,0.17360748,0,0.18952,HOLD
0.051698335,0.08732617,0,0.15105,APPROVE
0.38038862,0.35027838,0,0.14466666666666667,HOLD
0.07415974,0.10529529,0,0.11576666666666667,APPROVE
0.13308449,0.1524351,0,0.20807142857142857,HOLD
0.4260315,0.3867927,0,0.1807,HOLD
0.005319951,0.050223462,0,0.2692,APPROVE
0.4625767,0.41602886,0,0.148425,HOLD
0.05295323,0.08833008,0,0.18294444444444444,APPROVE
0.56573904,0.49855873,1,0.19825,HOLD
0.9404835,0.7983543,0,0.19765714285714286,REJECT
0.4202557,0.38217205,0,0.22355,HOLD
0.20273201,0.2081531,0,0.10804545454545454,HOLD
0.7411838,0.6389146,0,0.16914285714285715,HOLD
0.5338017,0.47300884,0,0.0866,HOLD
0.3937376,0.3609576,0,0.14721153846153845,HOLD
0.1249264,0.14590862,0,0.18217142857142857,APPROVE
0.28992334,0.27790618,0,0.15046428571428572,HOLD
0.1532253,0.16854773,0,0.12852,HOLD
0.566999,0.4995667,0,0.165775,HOLD
0.048181325,0.08451256,0,0.10227272727272728,APPROVE
0.1423477,0.15984565,0,0.24896666666666667,HOLD
0.21283239,0.2162334,0,0.17078125,HOLD
0.22080728,0.22261332,0,0.1602,HOLD
0.16686475,0.17945929,0,0.20824137931034484,HOLD
0.18671072,0.19533606,0,0.17893103448275863,HOLD
0.65116847,0.5669023,0,0.25753333333333334,HOLD
0.12954795,0.14960586,0,0.23441176470588235,APPROVE
0.7404666,0.63834083,0,0.30345714285714287,HOLD
0.7166762,0.6193085,0,0.1678611111111111,HOLD
0.22998486,0.22995539,0,0.13523333333333334,HOLD
0.11512074,0.13806409,0,0.18275,APPROVE
0.14630842,0.16301423,0,0.13936666666666667,HOLD
0.50344396,0.44872266,0,0.1298857142857143,HOLD
0.11653358,0.13919435,0,0.09253488372093023,APPROVE
0.26446772,0.2575417,0,0.15594285714285713,HOLD
0.40259695,0.36804506,1,0.17372413793103447,HOLD
0.72337353,0.62466633,0,0.2618421052631579,HOLD
0.82417434,0.705307,0,0.2331304347826087,REJECT
0.4593144,0.413419,0,0.22665714285714286,HOLD
0.3407925,0.3186015,0,0.08732,HOLD
0.33029115,0.31020042,0,0.25527777777777777,HOLD
0.652312,0.5678171,0,0.0757,HOLD
0.028766667,0.068980835,0,0.146525,APPROVE
0.44264832,0.40008616,0,0.09108333333333334,HOLD
0.13103661,0.15079679,0,0.11005882352941176,HOLD
0.76348203,0.6567532,0,0.10394285714285714,REJECT
0.29235142,0.27984864,0,0.11596,HOLD
0.68590754,0.59469354,0,0.23152,HOLD
0.49086815,0.43866202,0,0.224,HOLD
0.26265252,0.2560895,0,0.28005,HOLD
0.07698018,0.10755164,0,0.19270454545454546,APPROVE
0.21812625,0.22046849,0,0.16,HOLD
0.50838214,0.4526732,0,0.24982222222222222,HOLD
0.6295275,0.5495895,0,0.12324,HOLD
0.5534351,0.48871556,0,0.204875,HOLD
0.085020505,0.11398391,0,0.08038571428571428,APPROVE
0.70668375,0.61131454,1,0.1135,HOLD
0.70527184,0.610185,0,0.22261111111111112,HOLD
0.32715046,0.30768788,0,0.15454545454545454,HOLD
0.24033388,0.2382346,0,0.24596,HOLD
0.098819464,0.12502307,0,0.325875,APPROVE
0.66590196,0.5786891,0,0.12869565217391304,HOLD
0.4336505,0.3928879,0,0.18333333333333332,HOLD
0.35700452,0.3315711,0,0.21412,HOLD
0.8097683,0.6937822,0,0.173725,REJECT
0.12545043,0.14632784,0,0.13535555555555556,APPROVE
0.31542435,0.29830697,0,0.2353,HOLD
0.54468435,0.48171496,0,0.22504,HOLD
0.22218801,0.2237179,0,0.14285714285714285,HOLD
0.23306361,0.23241837,0,0.1486,HOLD
0.07271873,0.10414249,0,0.19771,APPROVE
0.6375033,0.5559702,0,0.27032,HOLD
0.04076699,0.078581095,0,0.137825,APPROVE
0.7591621,0.65329725,0,0.24810714285714286,REJECT
0.099117406,0.12526143,0,0.09548387096774194,APPROVE
0.111377105,0.13506918,0,0.108825,APPROVE
0.46004784,0.41400576,0,0.05714285714285714,HOLD
0.22047333,0.22234616,0,0.132,HOLD
0.31571692,0.29854104,0,0.32103030303030305,HOLD
0.46594617,0.41872442,0,0.1052625,HOLD
0.06132615,0.09502842,0,0.13506666666666667,APPROVE
0.04687695,0.083469056,0,0.059533333333333334,APPROVE
0.41708133,0.37963256,0,0.05714285714285714,HOLD
0.4888497,0.43704724,0,0.11,HOLD
0.7642923,0.6574014,0,0.21303333333333332,REJECT
0.6846021,0.5936492,0,0.12675,HOLD
0.6037602,0.52897567,0,0.32042857142857145,HOLD
0.26135516,0.25505164,0,0.30433333333333334,HOLD
0.7309289,0.63071066,0,0.09166666666666666,HOLD
0.2576194,0.25206304,0,0.08889166666666666,HOLD
0.40406927,0.3692229,0,0.52625,REJECT
0.13151413,0.1511788,0,0.13760714285714284,HOLD
0.21038817,0.21427803,0,0.37156,HOLD
0.29795238,0.2843294,0,0.4259,REJECT
0.90066963,0.7665032,0,0.24084,REJECT
0.077289,0.1077987,0,0.16267567567567567,APPROVE
0.7464148,0.64309937,0,0.2438,HOLD
0.43275556,0.39217195,0,0.052434782608695656,HOLD
0.3645516,0.33760878,0,0.16333333333333333,HOLD
0.45508495,0.41003546,0,0.0994,HOLD
0.33535266,0.31424963,0,0.09426666666666667,HOLD
0.28252447,0.27198708,0,0.09982222222222223,HOLD
0.4302529,0.39016983,0,0.2808,HOLD
0.3844648,0.35353935,1,0.1106,HOLD
0.6058456,0.530644,0,0.32803333333333334,HOLD
0.37404865,0.3452064,0,0.1628,HOLD
0.56926143,0.5013767,0,0.08518,HOLD
0.28070894,0.27053466,0,0.10803100775193798,HOLD
0.41582173,0.3786249,0,0.238,HOLD
0.33764905,0.31608674,0,0.3873333333333333,HOLD
0.20333928,0.20863892,0,0.13493333333333332,HOLD
0.48196188,0.431537,0,0.30636,HOLD
0.049127467,0.08526947,0,0.143,APPROVE
0.5879706,0.516344,0,0.19965,HOLD
0.46683642,0.41943663,0,0.14134285714285713,HOLD
0.43557417,0.39442682,0,0.175,HOLD
0.3510655,0.3268199,0,0.1975,HOLD
0.39776972,0.36418328,0,0.22753333333333334,HOLD
0.65100884,0.5667746,1,0.162625,HOLD
0.052326772,0.08782892,0,0.08356923076923077,APPROVE
0.17306839,0.18442221,0,0.17288,HOLD
0.043382555,0.080673546,1,0.10846422338568935,APPROVE
0.46921536,0.42133978,0,0.0773,HOLD
0.18139334,0.19108216,0,0.11189285714285714,HOLD
0.19113632,0.19887654,1,0.15427142857142856,HOLD
0.120172806,0.14210574,0,0.23926923076923076,APPROVE
0.42098555,0.38275594,0,0.21744,HOLD
0.08563259,0.114473574,0,0.14678,APPROVE
0.33596894,0.31474265,0,0.1625,HOLD
0.06883545,0.10103586,0,0.06013888888888889,APPROVE
0.2245132,0.22557805,0,0.2913,HOLD
0.65606886,0.5708226,0,0.18576666666666666,HOLD
0.6255221,0.54638517,0,0.18333333333333332,HOLD
0.2584533,0.25273016,0,0.23445,HOLD
0.31928596,0.30139625,0,0.2865714285714286,HOLD
0.29857072,0.28482407,0,0.18014285714285713,HOLD
0.05217138,0.08770461,0,0.16704761904761906,APPROVE
0.503556,0.4488123,0,0.07898,HOLD
0.6672345,0.5797551,0,0.179275,HOLD
0.45719928,0.41172692,0,0.13205970149253732,HOLD
0.5991844,0.52531505,1,0.10714285714285714,HOLD
0.5585585,0.4928143,0,0.09523809523809523,HOLD
0.3536259,0.3288682,0,0.1,HOLD
0.20681576,0.2114201,0,0.08797777777777778,HOLD
0.28619772,0.27492568,0,0.15814285714285714,HOLD
0.33523658,0.31415677,0,0.17869491525423728,HOLD
0.3235889,0.30483863,0,0.2867142857142857,HOLD
0.15832734,0.17262937,0,0.12,HOLD
0.66565645,0.5784927,0,0.17748,HOLD
0.24369211,0.24092118,0,0.14744,HOLD
0.45381334,0.40901816,0,0.10597777777777778,HOLD
0.65289164,0.5682808,0,0.17823684210526317,HOLD
0.33611834,0.31486216,0,0.15714285714285714,HOLD
0.23745224,0.23592928,0,0.1677,HOLD
0.4934386,0.44071838,0,0.1803,HOLD
0.4121513,0.37568855,0,0.125,HOLD
0.010132746,0.0540737,0,0.11554022988505747,APPROVE
0.7559478,0.6507258,0,0.17596666666666666,REJECT
0.18117587,0.1909082,0,0.44326315789473686,REJECT
0.5160207,0.45878407,0,0.10915,HOLD
0.38213605,0.35167634,0,0.044444444444444446,HOLD
0.19659594,0.20324424,0,0.18717142857142857,HOLD
0.36560386,0.33845058,0,0.0582,HOLD
0.49558777,0.4424377,0,0.18264,HOLD
0.21053557,0.21439596,0,0.0727,HOLD
0.72755307,0.62801,0,0.10175,HOLD
0.76112276,0.65486574,0,0.15244,REJECT
0.6931843,0.600515,0,0.045,HOLD
0.006474952,0.05114746,0,0.4822,REJECT
0.16501586,0.17798018,0,0.09996,HOLD
0.67167777,0.58330977,1,0.159,HOLD
0.13579838,0.1546062,0,0.1068,HOLD
0.5058701,0.45066357,0,0.12,HOLD
0.12140191,0.14308903,0,0.1498,APPROVE
0.15178761,0.16739759,0,0.18803333333333333,HOLD
0.24724428,0.24376293,0,0.3868857142857143,HOLD
0.3163919,0.299081,0,0.1437258064516129,HOLD
0.7346245,0.6336671,0,0.0844,HOLD
0.619119,0.54126275,0,0.2428,HOLD
0.38800886,0.3563746,0,0.14657692307692308,HOLD
0.38055992,0.35041544,0,0.12236,HOLD
0.30840293,0.29268983,0,0.26296296296296295,HOLD
0.060827997,0.0946299,0,0.04592,APPROVE
0.46692947,0.41951108,0,0.1959,HOLD
0.04785411,0.084250785,0,0.04271666666666667,APPROVE
0.6531377,0.5684777,0,0.1164,HOLD
0.095565334,0.12241977,0,0.18325,APPROVE
0.21388216,0.21707322,0,0.181125,HOLD
0.22772239,0.2281454,0,0.3237391304347826,HOLD
0.382644,0.3520827,0,0.24255555555555555,HOLD
0.40586036,0.37065578,0,0.46953333333333336,REJECT
0.55715394,0.49169064,0,0.090075,HOLD
0.090446,0.1183243,0,0.150025,APPROVE
0.25893235,0.2531134,0,0.1296,HOLD
0.08353105,0.11279235,0,0.17142857142857143,APPROVE
0.2654405,0.25831988,0,0.10257142857142858,HOLD
0.27034116,0.26224044,0,0.08333333333333333,HOLD
0.06791296,0.10029787,0,0.12472,APPROVE
0.15344888,0.1687266,0,0.2144,HOLD
0.21741697,0.21990107,0,0.37034782608695654,HOLD
0.22326559,0.22457996,0,0.07798888888888889,HOLD
0.009154697,0.053291257,0,0.1670222222222222,APPROVE
0.7647281,0.65775,0,0.16272,REJECT
0.3893403,0.35743976,0,0.20092592592592592,HOLD
0.3373378,0.31583774,0,0.10343333333333334,HOLD
0.17504568,0.18600404,0,0.206975,HOLD
0.3397177,0.31774163,0,0.11679,HOLD
0.40069196,0.36652106,0,0.10776,HOLD
0.24319284,0.24052176,0,0.09219178082191781,HOLD
0.14070342,0.15853024,0,0.21166,HOLD
0.30814174,0.2924809,0,0.30294,HOLD
0.32616252,0.30689752,0,0.34086666666666665,HOLD
0.65225583,0.5677722,0,0.3091304347826087,HOLD
0.09618494,0.122915454,0,0.05651724137931034,APPROVE
0.37813577,0.3484761,0,0.10228358208955224,HOLD
0.24556006,0.24241555,0,0.07193333333333334,HOLD
0.5150447,0.45800325,1,0.23216,HOLD
0.4202468,0.38216496,0,0.28935714285714287,HOLD
0.23786996,0.23626347,0,0.09526666666666667,HOLD
0.29895875,0.2851345,0,0.09298,HOLD
0.19737081,0.20386414,0,0.1388888888888889,HOLD
0.68177575,0.5913881,0,0.38395,HOLD
0.19788592,0.20427622,1,0.11288,HOLD
0.20621522,0.21093966,1,0.140625,HOLD
0.080672026,0.11050513,0,0.21622857142857144,APPROVE
0.11687143,0.13946465,0,0.14504255319148937,APPROVE
0.221944,0.2235227,0,0.0915,HOLD
0.50294435,0.44832298,0,0.4215,REJECT
0.113394454,0.13668306,0,0.14068,APPROVE
0.6551478,0.57008576,0,0.26176666666666665,HOLD
0.6675406,0.58000004,0,0.13185,HOLD
0.14413714,0.1612772,0,0.21383076923076924,HOLD
0.4357148,0.39453936,0,0.12368,HOLD
0.21877062,0.220984,0,0.22356,HOLD
0.46097833,0.41475016,1,0.18204444444444445,HOLD
0.47137243,0.42306542,0,0.1125,HOLD
0.017737146,0.060157217,0,0.08126666666666667,APPROVE
0.35122433,0.32694697,0,0.187,HOLD
0.13958792,0.15763783,0,0.2748285714285714,HOLD
0.2763856,0.267076,0,0.33808571428571427,HOLD
0.63992286,0.5579058,0,0.10714285714285714,HOLD
0.21297236,0.21634538,0,0.125,HOLD
0.22632018,0.22702363,0,0.172025,HOLD
0.85302305,0.728386,0,0.19456,REJECT
0.06957393,0.10162664,0,0.1436,APPROVE
0.342116,0.3196603,0,0.27157777777777775,HOLD
0.40754786,0.3720058,0,0.08826666666666666,HOLD
0.59011924,0.51806295,0,0.1899,HOLD
0.3264353,0.30711573,0,0.19356,HOLD
0.17028216,0.18219322,0,0.44093333333333334,REJECT
0.7625496,0.6560072,1,0.16556521739130434,REJECT
0.7626063,0.6560526,0,0.15105,REJECT
0.7713691,0.6630628,1,0.15896666666666667,REJECT
0.9177931,0.78020203,1,0.1805217391304348,REJECT
0.25338638,0.2486766,0,0.0743529411764706,HOLD
0.18737836,0.19587018,0,0.29868181818181816,HOLD
0.50534916,0.4502468,0,0.21485714285714286,HOLD
0.6645142,0.5775789,0,0.24275,HOLD
0.28561515,0.27445963,0,0.1545,HOLD
0.36949646,0.34156466,0,0.18846666666666667,HOLD
0.37132093,0.34302425,0,0.35056,HOLD
0.2140987,0.21724646,0,0.20373076923076924,HOLD
0.18525608,0.19417235,0,0.23888,HOLD
0.39018604,0.35811633,1,0.09443333333333333,HOLD
0.5546583,0.48969412,0,0.16006666666666666,HOLD
0.37192166,0.34350482,1,0.15217391304347827,HOLD
0.61120045,0.5349279,0,0.16283333333333333,HOLD
0.047402106,0.08388919,0,0.08926315789473684,APPROVE
0.33813334,0.31647417,0,0.1658,HOLD
0.12551665,0.14638081,0,0.15375,APPROVE
0.37146822,0.34314206,0,0.1195,HOLD
0.4348226,0.39382556,0,0.148,HOLD
0.09994731,0.12592535,0,0.21412,APPROVE
0.6962574,0.60297346,0,0.1152,HOLD
0.2367195,0.2353431,0,0.081,HOLD
0.52660406,0.46725073,0,0.08606666666666667,HOLD
0.28727394,0.27578667,0,0.2829,HOLD
0.6429959,0.56036425,0,0.146525,HOLD
0.55731493,0.49181944,0,0.16103333333333333,HOLD
0.4107364,0.37455663,0,0.0815,HOLD
0.16235451,0.1758511,0,0.04285714285714286,HOLD
0.47890526,0.4290917,0,0.2543142857142857,HOLD
0.587611,0.51605636,0,0.32374285714285717,HOLD
0.19338165,0.20067282,0,0.1468,HOLD
0.35707662,0.3316288,0,0.18097142857142856,HOLD
0.6112237,0.5349465,0,0.30725,HOLD
0.87892425,0.74910694,1,0.19368,REJECT
0.052869618,0.08826319,0,0.16666666666666666,APPROVE
0.44366056,0.40089595,0,0.17262857142857144,HOLD
0.43346784,0.39274177,0,0.12188,HOLD
0.22546966,0.22634323,0,0.3593,HOLD
0.6757479,0.58656585,0,0.1548,HOLD
0.10144768,0.12712564,0,0.13177777777777777,APPROVE
0.68906975,0.59722334,0,0.08544444444444445,HOLD
0.2222984,0.22380622,0,0.05388,HOLD
0.74717987,0.64371145,0,0.17765714285714285,HOLD
0.49014923,0.43808687,1,0.0853,HOLD
0.43839008,0.39667955,0,0.08476,HOLD
0.7226281,0.62407005,0,0.175725,HOLD
0.12432097,0.14542428,0,0.15802,APPROVE
0.756186,0.65091634,0,0.3622,REJECT
0.5888399,0.5170395,1,0.0831,HOLD
0.2926982,0.28012607,0,0.2484090909090909,HOLD
0.16373351,0.1769543,0,0.15355555555555556,HOLD
0.4285701,0.38882357,0,0.19263333333333332,HOLD
0.22888413,0.22907479,0,0.2924,HOLD
0.36206603,0.3356203,0,0.08108108108108109,HOLD
0.23586726,0.2346613,0,0.2063448275862069,HOLD
0.212522,0.21598509,0,0.046490004649000466,HOLD
0.5865046,0.51517123,0,0.24465,HOLD
0.20018667,0.20611683,0,0.22936,HOLD
0.12224722,0.14376527,0,0.19893333333333332,APPROVE
0.09513937,0.12207899,0,0.13472527472527474,APPROVE
0.38813794,0.35647786,0,0.25704,HOLD
0.70139855,0.60708636,0,0.13492,HOLD
0.29852813,0.28479,0,0.1091090909090909,HOLD
0.2749801,0.26595157,0,0.14166666666666666,HOLD
0.1331926,0.15252158,0,0.16663333333333333,HOLD
0.43940884,0.39749455,0,0.20322,HOLD
0.46605366,0.41881043,0,0.10988888888888888,HOLD
0.6449132,0.5618981,0,0.2998571428571429,HOLD
0.12584668,0.14664485,0,0.045,APPROVE
0.5339318,0.47311294,0,0.11431428571428572,HOLD
0.3266823,0.30731332,0,0.10562264150943396,HOLD
0.24747726,0.24394931,0,0.14214285714285715,HOLD
0.5110599,0.4548154,0,0.3663181818181818,HOLD
0.20743772,0.21191767,0,0.1131,HOLD
0.12668617,0.14731643,0,0.2823333333333333,APPROVE
0.4014927,0.36716166,0,0.101275,HOLD
0.9124322,0.7759133,1,0.19404,REJECT
0.04407026,0.081223704,0,0.28221621621621623,APPROVE
0.10181307,0.12741795,0,0.0367,APPROVE
0.2107426,0.21456157,0,0.05,HOLD
0.054315887,0.08942021,0,0.13441666666666666,APPROVE
0.6540315,0.56919277,0,0.19468888888888888,HOLD
0.44265687,0.400093,0,0.17872340425531916,HOLD
0.5736497,0.5048873,1,0.18056666666666665,HOLD
0.4850389,0.4339986,0,0.22236,HOLD
0.27111486,0.26285937,0,0.09685714285714286,HOLD
0.4467896,0.40339917,0,0.21253846153846154,HOLD
0.11310004,0.13644752,1,0.496625,REJECT
0.07467139,0.10570461,0,0.14984285714285714,APPROVE
0.4789196,0.42910317,0,0.06089230769230769,HOLD
0.15419513,0.1693236,0,0.15178571428571427,HOLD
0.6226832,0.5441141,0,0.3856111111111111,HOLD
0.03959625,0.077644505,0,0.27558,APPROVE
0.095375136,0.12226761,0,0.28386666666666666,APPROVE
0.4484137,0.40469846,0,0.198425,HOLD
0.21279588,0.2162042,0,0.3035555555555556,HOLD
0.5417064,0.4793326,0,0.19806666666666667,HOLD
0.07150017,0.10316763,0,0.12225,APPROVE
0.38605437,0.35481098,0,0.22346428571428573,HOLD
0.11137639,0.13506861,0,0.39795,APPROVE
0.07394744,0.10512545,0,0.10753333333333333,APPROVE
0.35668606,0.33131635,0,0.27556,HOLD
0.3503043,0.32621095,0,0.23075,HOLD
0.5923632,0.51985806,0,0.09835555555555556,HOLD
0.06346679,0.09674093,0,0.19781428571428572,APPROVE
0.09676114,0.12337641,0,0.125,APPROVE
0.20742936,0.21191098,1,0.23088,HOLD
0.14338039,0.1606718,0,0.09716666666666667,HOLD
0.24696422,0.24353887,0,0.6184166666666666,REJECT
0.23574175,0.23456089,0,0.3191333333333333,HOLD
0.5427257,0.48014805,0,0.2946086956521739,HOLD
0.674879,0.58587074,0,0.30256666666666665,HOLD
0.1935617,0.20081685,0,0.027777777777777776,HOLD
0.3843563,0.35345253,0,0.18145714285714284,HOLD
0.4178829,0.38027382,0,0.14291176470588235,HOLD
0.28061768,0.27046165,0,0.19494594594594594,HOLD
0.20044132,0.20632054,0,0.1046375,HOLD
0.6764257,0.5871081,0,0.11025,HOLD
0.2811907,0.27092007,0,0.075,HOLD
0.545478,0.48234987,1,0.083,HOLD
0.709395,0.61348355,0,0.109,HOLD
0.54236114,0.4798564,0,0.12698,HOLD
0.34899062,0.32516,0,0.1946,HOLD
0.4525805,0.4080319,0,0.08455284552845528,HOLD
0.32844684,0.30872497,0,0.2704,HOLD
0.86791384,0.7402986,1,0.19,REJECT
0.10997471,0.13394727,0,0.11624,APPROVE
0.011170765,0.054904114,0,0.2175,APPROVE
0.5268235,0.4674263,0,0.22471428571428573,HOLD
0.71073925,0.61455894,1,0.2035142857142857,HOLD
0.51488477,0.4578753,1,0.18861818181818182,HOLD
0.62146366,0.54313844,0,0.14730909090909092,HOLD
0.3022487,0.28776646,0,0.26795,HOLD
0.022600675,0.064048044,0,0.04373464373464373,APPROVE
0.1971408,0.20368013,0,0.0848,HOLD
0.4469466,0.40352476,0,0.13686666666666666,HOLD
0.90505975,0.77001536,0,0.234,REJECT
0.40574118,0.37056044,0,0.17,HOLD
0.7935245,0.68078715,0,0.1672,REJECT
0.10260488,0.1280514,0,0.09268,APPROVE
0.18469253,0.19372152,0,0.18933333333333333,HOLD
0.29196307,0.27953795,0,0.0445,HOLD
0.11907642,0.14122863,0,0.2999,APPROVE
0.24513133,0.24207255,0,0.058782608695652175,HOLD
0.3343383,0.31343815,1,0.10386666666666666,HOLD
0.3332789,0.3125906,0,0.1099516129032258,HOLD
0.3635869,0.33683702,0,0.11628915662650602,HOLD
0.40312612,0.3684684,0,0.21855,HOLD
0.28961688,0.277661,1,0.7765,REJECT
0.092461884,0.11993701,0,0.08306,APPROVE
0.16755468,0.18001123,0,0.1093625,HOLD
0.16905041,0.18120782,0,0.1769111111111111,HOLD
0.08098277,0.11075372,0,0.15246,APPROVE
0.6324535,0.5519303,0,0.38266666666666665,HOLD
0.49759766,0.44404563,1,0.15,HOLD
0.83785236,0.7162494,0,0.2623333333333333,REJECT
0.27709946,0.26764706,0,0.2542857142857143,HOLD
0.38322297,0.35254586,1,0.17986,HOLD
0.468189,0.4205187,0,0.24751724137931033,HOLD
0.107294165,0.13180283,0,0.08571428571428572,APPROVE
0.11643049,0.13911189,0,0.2684,APPROVE
0.09935324,0.12545009,0,0.099,APPROVE
0.4535073,0.40877333,0,0.24463333333333334,HOLD
0.28837264,0.2766656,0,0.37022222222222223,HOLD
0.014383702,0.057474464,0,0.281125,APPROVE
0.35694644,0.33152464,0,0.214,HOLD
0.3179694,0.30034304,0,0.10888571428571428,HOLD
0.7604922,0.6543613,1,0.13168333333333335,REJECT
0.18914333,0.19728215,0,0.2369,HOLD
0.34166318,0.31929803,0,0.07,HOLD
0.2728387,0.26423848,0,0.14966666666666667,HOLD
0.27166906,0.26330274,0,0.05,HOLD
0.38083416,0.3506348,0,0.13846,HOLD
0.19517744,0.20210944,0,0.34356521739130436,HOLD
0.30351374,0.28877848,0,0.23514285714285715,HOLD
0.16478778,0.17779772,0,0.3516111111111111,HOLD
0.30511674,0.2900609,0,0.24395454545454545,HOLD
0.5081236,0.45246637,0,0.23364,HOLD
0.14987184,0.16586497,0,0.13266666666666665,HOLD
0.08834471,0.11664327,0,0.11635555555555556,APPROVE
0.06322508,0.09654757,0,0.09106666666666667,APPROVE
0.4680891,0.42043877,0,0.153775,HOLD
0.2265705,0.22722389,0,0.1,HOLD
0.22206503,0.22361952,0,0.1752,HOLD
0.2754388,0.26631853,0,0.36516666666666664,HOLD
0.40019855,0.36612633,0,0.04772727272727273,HOLD
0.77020967,0.66213524,0,0.20127272727272727,REJECT
0.031766634,0.07138081,0,0.17403333333333335,APPROVE
0.28755808,0.27601397,0,0.37125925925925923,HOLD
0.29497492,0.28194743,0,0.24,HOLD
0.023067774,0.06442172,0,0.14553333333333332,APPROVE
0.142124,0.15966669,0,0.08811428571428571,HOLD
0.39597863,0.3627504,0,0.20024,HOLD
0.060466684,0.09434085,0,0.4386818181818182,REJECT
0.5731986,0.50452644,0,0.10922,HOLD
0.11812839,0.1404702,0,0.2128,APPROVE
0.49235266,0.43984962,0,0.2674186046511628,HOLD
0.65442806,0.56951,0,0.2913,HOLD
0.07208549,0.1036359,0,0.240625,APPROVE
0.31414053,0.29727992,0,0.18025,HOLD
0.40649366,0.3711624,0,0.209,HOLD
0.14186907,0.15946275,0,0.10443333333333334,HOLD
0.6289906,0.54916,1,0.2083125,HOLD
0.067738675,0.100158446,0,0.1687857142857143,APPROVE
0.43309262,0.3924416,1,0.3062,HOLD
0.6204801,0.54235166,1,0.14735555555555555,HOLD
0.06858524,0.10083569,0,0.35046666666666665,APPROVE
0.21286419,0.21625884,0,0.184,HOLD
0.13766062,0.156096,0,0.09993333333333333,HOLD
0.23601392,0.23477863,0,0.07564912280701755,HOLD
0.27032354,0.26222634,0,0.341125,HOLD
0.18783982,0.19623935,0,0.10638571428571429,HOLD
0.69473994,0.6017595,1,0.14233333333333334,HOLD
0.66848326,0.58075416,1,0.222,HOLD
0.45350045,0.40876785,0,0.1892,HOLD
0.10237053,0.12786391,0,0.23566666666666666,APPROVE
0.34735885,0.32385457,0,0.1108,HOLD
0.7128327,0.6162337,0,0.22716,HOLD
0.2781147,0.26845926,0,0.1608,HOLD
0.33984706,0.31784514,0,0.1798,HOLD
0.24259023,0.24003968,0,0.125,HOLD
0.1298404,0.14983982,0,0.38182352941176473,APPROVE
0.41073295,0.37455386,0,0.32725714285714286,HOLD
0.555661,0.4904963,0,0.16282857142857143,HOLD
0.22661193,0.22725703,0,0.18273333333333333,HOLD
0.41684744,0.37944543,0,0.19472,HOLD
0.5040162,0.44918048,1,0.172225,HOLD
0.17024128,0.18216051,0,0.33965,HOLD
0.46462157,0.41766477,0,0.08863333333333333,HOLD
0.12718791,0.14771782,0,0.34612,APPROVE
0.18765931,0.19609495,0,0.2140689655172414,HOLD
0.4717273,0.42334935,0,0.13333333333333333,HOLD
0.5189035,0.4610903,0,0.2572,HOLD
0.14327455,0.16058713,0,0.13253846153846155,HOLD
0.35342145,0.32870466,0,0.12407894736842105,HOLD
0.17390096,0.18508826,0,0.22114814814814815,HOLD
0.5173483,0.45984614,0,0.21393939393939393,HOLD
0.2136264,0.21686861,0,0.15,HOLD
0.26165748,0.2552935,0,0.2970740740740741,HOLD
0.16789375,0.18028249,0,0.2913428571428571,HOLD
0.42919677,0.3893249,0,0.1375,HOLD
0.8007558,0.6865722,1,0.15854285714285715,REJECT
0.7324759,0.63194823,1,0.297375,HOLD
0.13728881,0.15579854,0,0.13032,HOLD
0.19287364,0.2002664,0,0.17966666666666667,HOLD
0.37037498,0.34226748,0,0.2351111111111111,HOLD
0.020427193,0.062309258,0,0.035875,APPROVE
0.27056712,0.2624212,0,0.201225,HOLD
0.29708973,0.28363928,0,0.15,HOLD
0.25792214,0.2523052,0,0.21184,HOLD
0.20491134,0.20989656,0,0.05555555555555555,HOLD
0.40198606,0.36755633,0,0.15882608695652173,HOLD
0.46303695,0.41639706,0,0.0678,HOLD
0.27329808,0.26460597,0,0.061573333333333334,HOLD
0.2843094,0.273415,0,0.1630888888888889,HOLD
0.09385622,0.12105248,0,0.22216,APPROVE
0.17186758,0.18346156,0,0.1053170731707317,HOLD
0.26671648,0.25934067,1,0.0487875,HOLD
0.07323672,0.10455688,0,0.14495,APPROVE
0.08415127,0.113288514,0,0.15631111111111112,APPROVE
0.743487,0.64075714,0,0.06789090909090909,HOLD
0.40767324,0.37210608,0,0.19495,HOLD
0.32941684,0.30950096,0,0.1151,HOLD
0.5523361,0.48783636,0,0.1564,HOLD
0.32891002,0.3090955,0,0.34136666666666665,HOLD
0.29819912,0.2845268,0,0.13908571428571428,HOLD
0.3510399,0.3267994,0,0.06,HOLD
0.32753283,0.30799377,1,0.06666666666666667,HOLD
0.36947682,0.34154895,0,0.097,HOLD
0.045149382,0.082087,0,0.182225,APPROVE
0.02096541,0.06273983,0,0.15675,APPROVE
0.75467306,0.649706,0,0.228125,HOLD
0.34165493,0.31929144,0,0.30563636363636365,HOLD
0.40205938,0.36761498,0,0.1667906976744186,HOLD
0.40993667,0.37391683,0,0.12617777777777778,HOLD
0.4632436,0.41656238,0,0.23906666666666668,HOLD
0.6159502,0.5387277,0,0.18496,HOLD
0.24843651,0.2447167,0,0.1820093457943925,HOLD
0.22671387,0.22733858,0,0.12912857142857143,HOLD
0.2251495,0.2260871,1,0.14851111111111112,HOLD
0.510299,0.4542067,0,0.15982222222222223,HOLD
0.5529732,0.48834607,1,0.1405142857142857,HOLD
0.16464654,0.17768472,1,0.2113,HOLD
0.3051858,0.29011613,0,0.08771929824561403,HOLD
0.8191014,0.70124865,0,0.32206666666666667,REJECT
0.39442903,0.36151072,0,0.20530434782608695,HOLD
0.7332713,0.6325846,0,0.14192,HOLD
0.7034963,0.6087645,0,0.16293333333333335,HOLD
0.36270043,0.33612785,0,0.2785,HOLD
0.19845378,0.20473053,0,0.24545,HOLD
0.39705768,0.36361364,0,0.0328,HOLD
0.5272734,0.46778622,0,0.16095,HOLD
0.18124907,0.19096674,1,0.18076,HOLD
0.57826865,0.5085825,0,0.12911111111111112,HOLD
0.05919023,0.093319684,0,0.158375,APPROVE
0.34826913,0.32458282,0,0.05708666666666667,HOLD
0.25179225,0.2474013,0,0.2418,HOLD
0.18202579,0.19158812,0,0.17403333333333335,HOLD
0.23233229,0.23183332,0,0.11441428571428572,HOLD
0.46124908,0.41496676,1,0.13333333333333333,HOLD
0.5546816,0.48971277,0,0.30904,HOLD
0.51893634,0.46111655,0,0.09525714285714286,HOLD
0.38881546,0.35701987,0,0.241925,HOLD
0.16784252,0.18024151,0,0.11728,HOLD
0.39871484,0.36493936,0,0.5341333333333333,REJECT
0.35873675,0.3329569,0,0.1923,HOLD
0.23359899,0.23284669,0,0.06428571428571428,HOLD
0.48439917,0.43348682,0,0.142,HOLD
0.20464016,0.20967962,0,0.21,HOLD
0.28669927,0.2753269,0,0.18093421052631578,HOLD
0.4088531,0.37304997,0,0.16625,HOLD
0.3203518,0.30224895,0,0.14568,HOLD
0.52556986,0.4664234,0,0.08482758620689655,HOLD
0.4541544,0.40929103,1,0.214925,HOLD
0.3196222,0.30166525,0,0.24376,HOLD
0.47684935,0.42744696,0,0.06666666666666667,HOLD
0.2828501,0.27224758,0,0.1398095238095238,HOLD
0.66385084,0.5770482,0,0.232,HOLD
0.13837048,0.15666388,0,0.15074545454545454,HOLD
0.46924108,0.42136037,0,0.151525,HOLD
0.6826837,0.5921145,0,0.15835,HOLD
0.13904785,0.15720578,0,0.1340888888888889,HOLD
0.3204403,0.30231974,0,0.07857142857142857,HOLD
0.32929942,0.30940703,1,0.24848571428571428,HOLD
0.3983105,0.36461592,0,0.07407407407407407,HOLD
0.43475023,0.39376768,0,0.1901081081081081,HOLD
0.11761523,0.14005968,0,0.13933333333333334,APPROVE
0.40706626,0.3716205,0,0.16465909090909092,HOLD
0.17655899,0.18721469,0,0.17093023255813952,HOLD
0.43237305,0.39186594,0,0.19018,HOLD
0.14804746,0.16440547,0,0.16403333333333334,HOLD
0.20676607,0.21138035,1,0.1679142857142857,HOLD
0.15984848,0.17384627,0,0.08,HOLD
0.079534285,0.10959493,0,0.1425,APPROVE
0.17501174,0.18597688,0,0.22061111111111112,HOLD
0.1465253,0.16318773,0,0.1691,HOLD
0.7842609,0.67337626,0,0.2700666666666667,REJECT
0.35383338,0.3290342,0,0.23364,HOLD
0.12046477,0.14233932,0,0.18638461538461537,APPROVE
0.328809,0.30901468,1,0.19989583333333333,HOLD
0.50086606,0.44666034,0,0.16914285714285715,HOLD
0.43650207,0.39516914,0,0.20462,HOLD
0.5947327,0.5217537,0,0.2004,HOLD
0.25497705,0.24994913,0,0.13631428571428572,HOLD
0.42366862,0.3849024,0,0.1379,HOLD
0.52249074,0.46396008,0,0.11003508771929825,HOLD
0.35901958,0.33318317,0,0.20882142857142857,HOLD
0.19977425,0.2057869,0,0.07225,HOLD
0.16956776,0.1816217,0,0.16244444444444445,HOLD
0.33490878,0.3138945,0,0.20633333333333334,HOLD
0.10736975,0.1318633,0,0.12572857142857144,APPROVE
0.6064225,0.5311055,0,0.11745,HOLD
0.24839373,0.24468248,0,0.1483,HOLD
0.1474272,0.16390926,0,0.17475555555555555,HOLD
0.3982327,0.36455366,0,0.07685,HOLD
0.7689259,0.66110826,1,0.18217142857142857,REJECT
0.2711417,0.26288086,0,0.1991923076923077,HOLD
0.6382405,0.5565599,0,0.26318170069785474,HOLD
0.3136966,0.29692477,0,0.06498,HOLD
0.26544023,0.25831968,0,0.16096428571428573,HOLD
0.16295494,0.17633145,0,0.15,HOLD
0.2848163,0.27382055,0,0.123675,HOLD
0.70287853,0.60827035,0,0.19632258064516128,HOLD
0.20241691,0.20790102,0,0.20855210139441743,HOLD
0.10889616,0.13308442,0,0.0762,APPROVE
0.30591688,0.290701,1,0.10714285714285714,HOLD
0.37989447,0.34988308,0,0.110375,HOLD
0.30785277,0.2922497,0,0.1959,HOLD
0.74199253,0.63956153,0,0.21636,HOLD
0.16654067,0.17920002,0,0.18862857142857142,HOLD
0.7910978,0.67884576,1,0.2762,REJECT
0.105734,0.13055469,1,0.09007142857142857,APPROVE
0.74718034,0.6437118,1,0.18651428571428572,HOLD
0.40022102,0.3661443,0,0.14826666666666666,HOLD
0.3052345,0.29015508,0,0.23156666666666667,HOLD
0.0631005,0.09644791,0,0.289625,APPROVE
0.05322383,0.08854657,0,0.3329756097560976,APPROVE
0.542714,0.4801387,0,0.12,HOLD
0.14614986,0.16288738,0,0.0312,HOLD
0.07558396,0.106434666,0,0.4449166666666667,REJECT
0.32164118,0.30328044,0,0.1816,HOLD
0.20626265,0.21097761,0,0.09534285714285715,HOLD
0.44134364,0.3990424,0,0.2924,HOLD
0.39672345,0.36334625,0,0.10246153846153847,HOLD
0.08050884,0.11037458,0,0.110375,APPROVE
0.11248125,0.1359525,0,0.1322,APPROVE
0.5035769,0.448829,0,0.13618181818181818,HOLD
0.15332286,0.16862579,0,0.1573,HOLD
0.21759574,0.22004409,0,0.1123,HOLD
0.10566109,0.13049637,0,0.12886666666666666,APPROVE
0.21690395,0.21949066,0,0.2759375,HOLD
0.56932765,0.5014297,1,0.1497777777777778,HOLD
0.06618262,0.0989136,0,0.20122222222222222,APPROVE
0.5232176,0.46454158,0,0.0748695652173913,HOLD
0.019682936,0.061713852,0,0.28246666666666664,APPROVE
0.2298285,0.2298303,1,0.18166666666666667,HOLD
0.3045393,0.28959894,0,0.15950877192982457,HOLD
0.5692787,0.5013905,0,0.19766666666666666,HOLD
0.34924427,0.32536292,0,0.17585,HOLD
0.43267527,0.39210773,0,0.1822,HOLD
0.38579702,0.3546051,0,0.09244,HOLD
0.19793709,0.20431717,0,0.12306666666666667,HOLD
0.17448169,0.18555285,0,0.14285714285714285,HOLD
0.30279744,0.28820544,0,0.11306666666666666,HOLD
0.31649286,0.2991618,0,0.12923076923076923,HOLD
0.16313905,0.17647873,0,0.04417777777777778,HOLD
0.6143398,0.5374394,0,0.20772727272727273,HOLD
0.28302613,0.2723884,0,0.11896,HOLD
0.39665765,0.36329362,0,0.1914,HOLD
0.32051763,0.3023816,0,0.12565454545454546,HOLD
0.3717517,0.34336886,0,0.1064,HOLD
0.17479262,0.18580158,0,0.07,HOLD
0.72491014,0.6258956,0,0.09296875,HOLD
0.18672225,0.1953453,0,0.19985714285714284,HOLD
0.35404333,0.32920218,1,0.1025,HOLD
0.50346035,0.44873577,0,0.31872222222222224,HOLD
0.8374889,0.71595865,0,0.1942,REJECT
0.8324963,0.71196455,1,0.19825,REJECT
0.5577866,0.49219677,1,0.1522,HOLD
0.602418,0.52790195,0,0.08796,HOLD
0.24603528,0.24279572,0,0.16586666666666666,HOLD
0.19038305,0.19827393,0,0.20255,HOLD
0.15240997,0.16789547,0,0.18392,HOLD
0.45705798,0.41161388,0,0.2943846153846154,HOLD
0.5568644,0.491459,0,0.17430434782608695,HOLD
0.085160114,0.11409559,0,0.0841125,APPROVE
0.18346095,0.19273625,0,0.1571578947368421,HOLD
0.3871921,0.35572118,0,0.23206666666666667,HOLD
0.46484882,0.41784656,0,0.1878,HOLD
0.28939137,0.2774806,0,0.12,HOLD
0.5742668,0.505381,0,0.17465,HOLD
0.20759812,0.21204598,0,0.16217142857142858,HOLD
0.17661728,0.18726131,0,0.24041666666666667,HOLD
0.15790153,0.17228872,0,0.17245333333333332,HOLD
0.14054893,0.15840665,0,0.32,HOLD
0.47720337,0.4277302,0,0.2181,HOLD
0.1340377,0.15319766,0,0.036923076923076927,HOLD
0.41532746,0.37822947,0,0.1827,HOLD
0.23244953,0.23192711,0,0.10635,HOLD
0.49293232,0.44031334,1,0.19453333333333334,HOLD
0.72199917,0.62356687,0,0.18285,HOLD
0.12699038,0.14755979,0,0.09728571428571428,APPROVE
0.18436529,0.19345972,0,0.24,HOLD
0.067966364,0.1003406,0,0.044644444444444445,APPROVE
0.45032838,0.4062302,0,0.05,HOLD
0.45161474,0.4072593,0,0.131025,HOLD
0.55746996,0.49194348,1,0.25584,HOLD
0.33385512,0.31305158,0,0.06601923076923077,HOLD
0.12952691,0.14958903,0,0.080625,APPROVE
0.3688517,0.34104884,0,0.3262,HOLD
0.2886631,0.27689797,0,0.2164390243902439,HOLD
0.4216637,0.38329846,0,0.05,HOLD
0.19168212,0.19931318,0,0.10608333333333334,HOLD
0.43105477,0.39081132,0,0.27865,HOLD
0.013930339,0.057111774,0,0.06,APPROVE
0.4218919,0.38348103,0,0.18718181818181817,HOLD
0.34171522,0.31933966,0,0.3109142857142857,HOLD
0.4856641,0.4344988,0,0.264675,HOLD
0.2484264,0.24470861,0,0.14765,HOLD
0.43636116,0.39505643,1,0.19876666666666667,HOLD
0.044501342,0.08156858,0,0.70852,REJECT
0.35003898,0.32599866,0,0.336,HOLD
0.06458345,0.09763426,0,0.1984,APPROVE
0.24596559,0.24273996,0,0.09293333333333334,HOLD
0.38133964,0.3510392,0,0.08,HOLD
0.17396246,0.18513747,0,0.24162,HOLD
0.17742206,0.18790515,0,0.10718518518518519,HOLD
0.3416466,0.3192848,0,0.198325,HOLD
0.73986197,0.6378571,0,0.27788,HOLD
0.87899417,0.74916285,0,0.1758888888888889,REJECT
0.29528758,0.28219756,0,0.02765,HOLD
0.2310282,0.23079005,0,0.0324,HOLD
0.17377117,0.18498443,0,0.1,HOLD
0.5744929,0.5055618,0,0.1942,HOLD
0.30957338,0.29362622,0,0.26313333333333333,HOLD
0.42208904,0.38363874,0,0.09214285714285714,HOLD
0.7429592,0.6403349,0,0.10682857142857143,HOLD
0.020268947,0.062182657,0,0.18356666666666666,APPROVE
0.40672797,0.37134987,0,0.10865,HOLD
0.4462805,0.4029919,0,0.28246666666666664,HOLD
0.3493573,0.32545334,0,0.11368571428571428,HOLD
0.5903827,0.5182737,1,0.058125,HOLD
0.21434091,0.21744022,0,0.10564,HOLD
0.11829189,0.14060101,0,0.1940625,APPROVE
0.24475875,0.2417745,0,0.2511333333333333,HOLD
0.7787169,0.6689411,0,0.28056,REJECT
0.55938494,0.49347544,0,0.11902,HOLD
0.14588544,0.16267584,0,0.04564,HOLD
0.23810193,0.23644903,0,0.16704,HOLD
0.13737826,0.15587011,0,0.07526666666666666,HOLD
0.10565931,0.13049495,0,0.18194285714285716,APPROVE
0.46714476,0.4196833,0,0.5524444444444444,REJECT
0.1620428,0.17560174,0,0.10625,HOLD
0.021212548,0.062937535,0,0.1227,APPROVE
0.18737748,0.19586948,0,0.0785,HOLD
0.16218619,0.17571644,0,0.14393333333333333,HOLD
0.14394538,0.1611238,0,0.22125373134328358,HOLD
0.69534194,0.6022411,0,0.2625,HOLD
0.10695601,0.13153231,0,0.287225,APPROVE
0.058234546,0.09255514,0,0.17133333333333334,APPROVE
0.27013722,0.26207727,0,0.2761142857142857,HOLD
0.5721647,0.5036993,0,0.34065384615384614,HOLD
0.24487779,0.24186972,0,0.32366666666666666,HOLD
0.087493785,0.11596253,0,0.08846666666666667,APPROVE
0.4775442,0.42800283,0,0.13121333333333332,HOLD
0.29773232,0.28415337,0,0.39875,HOLD
0.67576724,0.58658135,1,0.291375,HOLD
0.58864063,0.51688004,0,0.167925,HOLD
0.51295996,0.45633546,0,0.1824181818181818,HOLD
0.40229413,0.3678028,0,0.34388,HOLD
0.61135983,0.5350554,0,0.2624,HOLD
0.32133764,0.3030376,1,0.122325,HOLD
0.101839505,0.1274391,0,0.0517,APPROVE
0.37321308,0.34453797,0,0.2058888888888889,HOLD
0.32153916,0.3031988,0,0.14705882352941177,HOLD
0.3814217,0.35110486,0,0.0942,HOLD
0.6683109,0.58061624,0,0.005444186046511628,HOLD
0.3450512,0.32200846,0,0.05,HOLD
0.3541628,0.32929775,0,0.10591666666666667,HOLD
0.11605566,0.13881202,0,0.15677551020408162,APPROVE
0.40817234,0.37250537,0,0.3047,HOLD
0.50203395,0.44759464,0,0.17723333333333333,HOLD
0.1983143,0.20461893,0,0.21082857142857142,HOLD
0.3303218,0.31022492,0,0.03744897959183673,HOLD
0.22991712,0.2299012,0,0.20805882352941177,HOLD
0.19362795,0.20086986,0,0.21186666666666668,HOLD
0.2910346,0.27879518,1,0.1168076923076923,HOLD
0.7348459,0.63384426,0,0.1,HOLD
0.06653809,0.09919798,0,0.14716666666666667,APPROVE
0.04366635,0.08090059,0,0.13776,APPROVE
0.1881409,0.19648021,0,0.1650625,HOLD
0.076437555,0.10711754,0,0.11458333333333333,APPROVE
0.4148571,0.37785316,0,0.137,HOLD
0.35146883,0.32714257,0,0.31133333333333335,HOLD
0.40394068,0.36912003,0,0.12874285714285713,HOLD
0.5149916,0.45796075,0,0.14296666666666666,HOLD
0.7040714,0.6092247,0,0.10636,HOLD
0.46763813,0.420078,0,0.15652,HOLD
0.30287495,0.28826746,0,0.25142857142857145,HOLD
0.11675238,0.1393694,0,0.10739130434782608,APPROVE
0.76665586,0.6592922,0,0.2848,REJECT
0.1900827,0.19803365,0,0.11728,HOLD
0.5941442,0.5212829,0,0.22396296296296297,HOLD
0.01208546,0.05563587,0,0.278975,APPROVE
0.43549955,0.39436713,1,0.041666666666666664,HOLD
0.1862499,0.1949674,0,0.05714285714285714,HOLD
0.3202684,0.3021822,0,0.30695,HOLD
0.09993457,0.12591515,0,0.1763,APPROVE
0.58409315,0.51324207,0,0.12075555555555556,HOLD
0.09544055,0.122319944,0,0.21632727272727273,APPROVE
0.3074545,0.2919311,0,0.3066,HOLD
0.1379265,0.1563087,0,0.05,HOLD
0.3151429,0.29808182,0,0.09941025641025641,HOLD
0.23077874,0.23059048,0,0.08716,HOLD
0.19663215,0.2032732,0,0.1596969696969697,HOLD
0.39252353,0.3599863,0,0.0643,HOLD
0.60907644,0.5332287,1,0.07572,HOLD
0.26830605,0.26061234,0,0.14003333333333334,HOLD
0.4243918,0.38548094,0,0.26292857142857146,HOLD
0.38615686,0.35489297,0,0.05,HOLD
0.71615785,0.6188938,0,0.050525,HOLD
0.55807656,0.49242875,0,0.11632,HOLD
0.23877889,0.2369906,0,0.18252,HOLD
0.5254549,0.4663314,0,0.17745454545454545,HOLD
0.20038836,0.20627818,0,0.14008333333333334,HOLD
0.15857838,0.1728302,0,0.14444444444444443,HOLD
0.45214313,0.407682,0,0.3077142857142857,HOLD
0.13254097,0.15200028,0,0.10471111111111112,HOLD
0.67851937,0.588783,0,0.27788,HOLD
0.4108909,0.37468022,0,0.14945714285714284,HOLD
0.21717885,0.21971057,0,0.07407407407407407,HOLD
0.51303375,0.4563945,0,0.09858695652173913,HOLD
0.27271283,0.26413777,0,0.0658,HOLD
0.50403255,0.44919354,0,0.19231666666666666,HOLD
0.5025474,0.4480054,0,0.11766666666666667,HOLD
0.2155617,0.21841685,0,0.10723076923076923,HOLD
0.07276629,0.10418054,0,0.07653333333333333,APPROVE
0.23466206,0.23369713,0,0.083,HOLD
0.5094671,0.4535412,0,0.0971,HOLD
0.16318554,0.17651592,0,0.3782,HOLD
0.59261274,0.52005774,0,0.16612903225806452,HOLD
0.2025783,0.20803013,0,0.15,HOLD
0.1836458,0.19288413,0,0.05,HOLD
0.13555726,0.15441331,0,0.22443333333333335,HOLD
0.42310166,0.38444883,0,0.13326666666666667,HOLD
0.25980726,0.2538133,0,0.2320909090909091,HOLD
0.54297477,0.4803473,0,0.1,HOLD
0.534955,0.47393152,0,0.259925,HOLD
0.2683217,0.26062486,0,0.1412,HOLD
0.28109986,0.27084738,0,0.09815,HOLD
0.19918905,0.20531873,0,0.125,HOLD
0.6718476,0.5834456,0,0.20454545454545456,HOLD
0.25200826,0.2475741,0,0.10543333333333334,HOLD
0.43664432,0.39528295,1,0.14444444444444443,HOLD
0.73672885,0.6353506,1,0.17594594594594595,HOLD
0.276568,0.2672219,0,0.14618333333333333,HOLD
0.37509137,0.3460406,0,0.11873333333333333,HOLD
0.17511272,0.18605767,0,0.13077142857142857,HOLD
0.4161134,0.3788582,0,0.14592857142857144,HOLD
0.48125657,0.43097275,0,0.11605,HOLD
0.27070633,0.26253256,0,0.141390243902439,HOLD
0.14828594,0.16459624,0,0.1326551724137931,HOLD
0.19755481,0.20401134,0,0.2002,HOLD
0.12494912,0.14592679,0,0.019444444444444445,APPROVE
0.18622054,0.19494392,0,0.15508,HOLD
0.1701964,0.18212461,0,0.1796,HOLD
0.5604391,0.49431878,0,0.13218181818181818,HOLD
0.20842348,0.21270628,0,0.16,HOLD
0.2792038,0.26933053,0,0.23772,HOLD
0.31598982,0.29875934,0,0.21794117647058822,HOLD
0.49654222,0.44320127,0,0.1291304347826087,HOLD
0.17998478,0.18995531,0,0.16249056603773585,HOLD
0.26780948,0.26021507,0,0.0903375,HOLD
0.074988544,0.105958335,0,0.12035,APPROVE
0.5895552,0.5176117,0,0.22455,HOLD
0.69854283,0.6048018,0,0.2823,HOLD
0.21720994,0.21973544,0,0.16475555555555554,HOLD
0.28242022,0.27190366,1,0.1627846153846154,HOLD
0.80476105,0.68977636,0,0.2247,REJECT
0.50636905,0.45106274,0,0.30094444444444446,HOLD
0.02475302,0.06576992,0,0.10879310344827586,APPROVE
0.12270235,0.14412938,0,0.22415,APPROVE
0.016239183,0.058958847,0,0.158,APPROVE
0.48402137,0.4331846,0,0.19374545454545455,HOLD
0.69512737,0.60206944,0,0.26581818181818184,HOLD
0.11788251,0.14027351,0,0.1974875,APPROVE
0.7085164,0.6127807,0,0.151075,HOLD
0.20659085,0.21124017,0,0.08,HOLD
0.5711589,0.50289464,0,0.1784,HOLD
0.031022308,0.07078535,0,0.13459183673469388,APPROVE
0.12935232,0.14944935,0,0.13,APPROVE
0.385856,0.3546523,0,0.12765,HOLD
0.19633403,0.20303471,0,0.22170588235294117,HOLD
0.10128669,0.12699685,0,0.1023090909090909,APPROVE
0.764766,0.6577803,0,0.08123,REJECT
0.32299796,0.30436587,0,0.09603636363636364,HOLD
0.32198018,0.30355164,0,0.15585,HOLD
0.4288472,0.38904524,0,0.137,HOLD
0.4643694,0.417463,0,0.21297142857142856,HOLD
0.200389,0.2062787,0,0.0784313725490196,HOLD
0.40199947,0.36756706,0,0.144,HOLD
0.6708919,0.58268106,1,0.16286,HOLD
0.54412144,0.48126465,0,0.1909142857142857,HOLD
0.3674257,0.33990806,0,0.4237,REJECT
0.41318575,0.3765161,0,0.085175,HOLD
0.44584274,0.40264168,1,0.10934285714285714,HOLD
0.14518182,0.16211295,0,0.05657142857142857,HOLD
0.10552951,0.1303911,0,0.18764,APPROVE
0.74613595,0.64287627,0,0.15563333333333335,HOLD
0.2611588,0.25489452,0,0.22521052631578947,HOLD
0.61731046,0.5398159,0,0.17403333333333335,HOLD
0.40159953,0.3672471,0,0.1288857142857143,HOLD
0.39203668,0.35959685,0,0.11368571428571428,HOLD
0.3818421,0.35144117,0,0.192725,HOLD
0.16461374,0.17765848,0,0.11546666666666666,HOLD
0.28634536,0.2750438,0,0.12478260869565218,HOLD
0.44156986,0.3992234,0,0.06734,HOLD
0.028754074,0.06897076,0,0.302,APPROVE
0.48387578,0.43306813,0,0.13984,HOLD
0.35664627,0.33128452,0,0.07274,HOLD
0.65231526,0.5678197,0,0.09416,HOLD
0.38708237,0.35563338,1,0.16914285714285715,HOLD
0.5287132,0.46893808,1,0.3249666666666667,HOLD
0.6891211,0.5972644,1,0.06948333333333333,HOLD
0.6653849,0.57827544,1,0.19652173913043477,HOLD
0.10770027,0.13212772,0,0.11944,APPROVE
0.27280954,0.26421514,0,0.17622,HOLD
0.52198607,0.46355635,0,0.0922,HOLD
0.37515876,0.3460945,0,0.18806666666666666,HOLD
0.44046628,0.39834052,0,0.06085,HOLD
0.2623512,0.25584847,0,0.1094,HOLD
0.29753536,0.28399578,0,0.08928571428571429,HOLD
0.13065903,0.15049472,0,0.3786538461538462,HOLD
0.2811074,0.27085343,0,0.16115839243498817,HOLD
0.1837663,0.19298054,0,0.18895555555555554,HOLD
0.5509747,0.48674726,0,0.201625,HOLD
0.5909335,0.51871437,0,0.1994857142857143,HOLD
0.38380593,0.35301223,0,0.11265,HOLD
0.5139041,0.45709077,0,0.24126666666666666,HOLD
0.19177529,0.19938773,0,0.11,HOLD
0.7800358,0.66999614,1,0.235625,REJECT
0.25557822,0.25043008,0,0.21417142857142857,HOLD
0.64422476,0.56134737,0,0.13186666666666666,HOLD
0.14016332,0.15809815,0,0.1816,HOLD
0.28252628,0.27198854,0,0.31003105590062113,HOLD
0.027310308,0.06781574,0,0.1357142857142857,APPROVE
0.48276958,0.43218315,0,0.1375,HOLD
0.45192775,0.40750968,0,0.11913333333333333,HOLD
0.8136369,0.69687706,1,0.11176,REJECT
0.07442794,0.105509855,0,0.1775,APPROVE
0.10363658,0.12887676,0,0.3088666666666667,APPROVE
0.5526426,0.48808157,0,0.1971,HOLD
0.81346047,0.6967359,0,0.23702,REJECT
0.21905354,0.22121032,0,0.12272340425531915,HOLD
0.62360555,0.54485196,0,0.44283333333333336,REJECT
0.252231,0.2477523,0,0.20444,HOLD
0.11792151,0.1403047,0,0.04731111111111111,APPROVE
0.384625,0.3536675,0,0.4133157894736842,REJECT
0.16006668,0.17402084,0,0.3729166666666667,HOLD
0.26734635,0.25984457,0,0.3083666666666667,HOLD
0.10785368,0.13225044,0,0.23042857142857143,APPROVE
0.1205686,0.14242238,0,0.04748,APPROVE
0.6920128,0.5995778,0,0.23793103448275862,HOLD
0.27462134,0.26566458,0,0.18348571428571428,HOLD
0.320685,0.3025155,1,0.15066666666666667,HOLD
0.23943901,0.2375187,0,0.10615,HOLD
0.047861714,0.08425687,0,0.240625,APPROVE
0.22609438,0.226843,0,0.12857142857142856,HOLD
0.36403012,0.33719158,0,0.24949295774647887,HOLD
0.3845085,0.35357428,0,0.12775,HOLD
0.8905657,0.7584201,1,0.156375,REJECT
0.55043185,0.486313,0,0.1514,HOLD
0.1432839,0.16059461,0,0.10284444444444445,HOLD
0.47983533,0.42983577,0,0.34645,HOLD
0.5012266,0.44694877,0,0.1726923076923077,HOLD
0.3458658,0.32266012,0,0.1971488469601677,HOLD
0.5373873,0.47587734,0,0.21006666666666668,HOLD
0.43304178,0.39240092,0,0.11907142857142858,HOLD
0.3402311,0.31815237,0,0.11905,HOLD
0.29507047,0.28202388,0,0.09238,HOLD
0.041142087,0.07888117,0,0.10694444444444444,APPROVE
0.51550263,0.4583696,0,0.37948,HOLD
0.31389806,0.29708594,0,0.09545714285714285,HOLD
0.15486115,0.16985641,0,0.1446,HOLD
0.2160229,0.21878581,0,0.16251428571428572,HOLD
0.3486631,0.32489797,0,0.28705555555555556,HOLD
0.6062733,0.5309862,0,0.05378723404255319,HOLD
0.42250156,0.38396874,0,0.08255852842809365,HOLD
0.42280072,0.38420808,0,0.27612403100775196,HOLD
0.15412407,0.16926675,0,0.1356190476190476,HOLD
0.7042583,0.60937417,0,0.48583333333333334,REJECT
0.29130185,0.27900898,0,0.13984,HOLD
0.534228,0.47334993,0,0.15458,HOLD
0.67605966,0.58681524,0,0.11022857142857143,HOLD
0.069828026,0.10182992,0,0.19477142857142857,APPROVE
0.39507172,0.36202487,0,0.10356,HOLD
0.3157145,0.2985391,0,0.3087714285714286,HOLD
0.6063821,0.5310732,0,0.15894,HOLD
0.3397164,0.31774062,0,0.16774,HOLD
0.23877263,0.2369856,0,0.15716666666666668,HOLD
0.03317899,0.07251069,0,0.1173,APPROVE
0.18508984,0.19403936,0,0.17985,HOLD
0.5208859,0.4626762,0,0.1289047619047619,HOLD
0.6502952,0.5662037,1,0.21944444444444444,HOLD
0.057012316,0.09157736,0,0.19513333333333333,APPROVE
0.47070855,0.42253435,1,0.10157575757575757,HOLD
0.30357206,0.28882515,1,0.19794285714285714,HOLD
0.78624827,0.67496616,0,0.18685714285714286,REJECT
0.21688446,0.21947506,0,0.1461111111111111,HOLD
0.22231251,0.2238175,0,0.065,HOLD
0.21761814,0.220062,0,0.17226153846153847,HOLD
0.08217748,0.11170948,0,0.15826666666666667,APPROVE
0.24674055,0.24335994,0,0.1880952380952381,HOLD
0.22892626,0.2291085,0,0.029942857142857143,HOLD
0.17444669,0.18552484,0,0.20845,HOLD
0.3209829,0.3027538,0,0.29651428571428573,HOLD
0.20692462,0.21150719,0,0.21766666666666667,HOLD
0.64511526,0.56205976,0,0.19075,HOLD
0.36208877,0.33563852,0,0.23773333333333332,HOLD
0.4620503,0.41560772,0,0.24132,HOLD
0.52935094,0.46944824,0,0.08758,HOLD
0.32621497,0.30693948,0,0.11833333333333333,HOLD
0.26292273,0.2563057,0,0.23873913043478262,HOLD
0.23461692,0.23366103,0,0.1936,HOLD
0.2028397,0.20823926,0,0.1385,HOLD
0.24899696,0.24516506,0,0.13153333333333334,HOLD
0.26216176,0.25569692,0,0.23015,HOLD
0.32882744,0.30902946,0,0.16788235294117648,HOLD
0.44777453,0.4041871,1,0.1,HOLD
0.75810736,0.6524534,0,0.1341090909090909,REJECT
0.28693268,0.27551365,0,0.18764,HOLD
0.7326016,0.6320488,1,0.22103333333333333,HOLD
0.20147796,0.20714986,0,0.17282142857142857,HOLD
0.2547047,0.24973126,0,0.16446666666666668,HOLD
0.27570093,0.26652825,0,0.10628,HOLD
0.2951267,0.28206888,0,0.04597701149425287,HOLD
0.52175415,0.4633708,0,0.17746666666666666,HOLD
0.1125633,0.13601813,0,0.07781132075471699,APPROVE
0.033120457,0.07246386,0,0.181,APPROVE
0.4782477,0.42856565,0,0.33125,HOLD
0.3202036,0.30213037,0,0.13676767676767676,HOLD
0.20600355,0.21077032,0,0.3428888888888889,HOLD
0.46555313,0.41841,0,0.12606666666666666,HOLD
0.30455798,0.28961387,0,0.20384615384615384,HOLD
0.34563163,0.3224728,0,0.09166666666666666,HOLD
0.35581598,0.3306203,0,0.14628,HOLD
0.3273916,0.30788076,0,0.07536923076923077,HOLD
0.4188518,0.38104892,0,0.3138,HOLD
0.8166817,0.69931287,0,0.135625,REJECT
0.20440823,0.20949407,0,0.14253846153846153,HOLD
0.19351758,0.20078155,0,0.08422222222222223,HOLD
0.20986886,0.21386258,0,0.09375,HOLD
0.2690178,0.26118174,0,0.09896296296296296,HOLD
0.37730524,0.3478117,0,0.2552333333333333,HOLD
0.44054496,0.39840347,0,0.048725,HOLD
0.37800676,0.3483729,0,0.07991139240506329,HOLD
0.6037197,0.5289433,0,0.09524,HOLD
0.86066455,0.73449916,1,0.23564,REJECT
0.23561981,0.23446335,0,0.127225,HOLD
0.4273797,0.38787127,0,0.083525,HOLD
0.6560785,0.57083035,0,0.21043333333333333,HOLD
0.5539841,0.4891548,0,0.31433333333333335,HOLD
0.18665314,0.19529,0,0.13815,HOLD
0.29865035,0.2848878,0,0.12428,HOLD
0.71544933,0.618327,0,0.13153333333333334,HOLD
0.038247295,0.07656533,0,0.17717857142857144,APPROVE
0.11851032,0.14077576,0,0.55895,REJECT
0.30206883,0.28762257,0,0.22664705882352942,HOLD
0.47299576,0.4243641,0,0.06590588235294118,HOLD
0.79826313,0.68457806,0,0.09405,REJECT
0.6084885,0.53275836,0,0.23188,HOLD
0.04742989,0.08391141,0,0.0882,APPROVE
0.40824315,0.37256202,0,0.20893939393939395,HOLD
0.14812845,0.16447026,0,0.04,HOLD
0.22865586,0.22889218,0,0.0625,HOLD
0.01471969,0.05774325,0,0.0856,APPROVE
0.1644499,0.17752741,0,0.24646666666666667,HOLD
0.49752706,0.44398916,0,0.20884375,HOLD
0.7975261,0.68398845,0,0.23446666666666666,REJECT
0.40062,0.3664635,0,0.3195,HOLD
0.40974036,0.37375978,0,0.15866,HOLD
0.51183105,0.45543233,0,0.0971,HOLD
0.42812178,0.38846493,0,0.12857142857142856,HOLD
0.26020634,0.25413257,1,0.10726666666666666,HOLD
0.5617114,0.4953366,0,0.07241666666666667,HOLD
0.43497854,0.39395034,0,0.17994285714285715,HOLD
0.21885073,0.22104807,0,0.12566666666666668,HOLD
0.48127356,0.43098634,0,0.17370588235294118,HOLD
0.3347429,0.31376183,0,0.25645,HOLD
0.17086284,0.18265776,0,0.06522857142857143,HOLD
0.15215382,0.16769055,0,0.03265454545454546,HOLD
0.22068879,0.22251852,0,0.16328571428571428,HOLD
0.14742129,0.16390452,0,0.15777142857142856,HOLD
0.36666426,0.3392989,0,0.15953125,HOLD
0.6286613,0.54889655,0,0.18204444444444445,HOLD
0.5357531,0.47456995,0,0.15476666666666666,HOLD
0.76323086,0.6565522,0,0.369625,REJECT
0.7273696,0.6278632,0,0.11732,HOLD
0.7081283,0.61247015,0,0.162775,HOLD
0.7952264,0.68214864,0,0.22162222222222222,REJECT
0.700198,0.60612595,0,0.063825,HOLD
0.36278516,0.33619562,0,0.21166666666666667,HOLD
0.32274997,0.30416748,0,0.38853333333333334,HOLD
0.73027474,0.63018733,1,0.23772,HOLD
0.31141037,0.2950958,0,0.3108,HOLD
0.15987809,0.17386997,0,0.18065,HOLD
0.25894025,0.2531197,0,0.15001666666666666,HOLD
0.21586244,0.21865745,1,0.155,HOLD
0.61088955,0.5346792,0,0.23916,HOLD
0.44715166,0.40368882,1,0.14296666666666666,HOLD
0.6794034,0.5894903,0,0.0919,HOLD
0.10005118,0.12600844,0,0.07329411764705883,APPROVE
0.4507564,0.4065726,0,0.18381666666666666,HOLD
0.4004255,0.36630788,0,0.11565714285714286,HOLD
0.20663436,0.21127498,0,0.1696,HOLD
0.6935866,0.6008368,0,0.11607142857142858,HOLD
0.31081825,0.2946221,0,0.07668,HOLD
0.24104342,0.23880222,0,0.2957142857142857,HOLD
0.21007793,0.21402983,0,0.14664444444444444,HOLD
0.21426994,0.21738344,0,0.07,HOLD
0.48237327,0.4318661,0,0.26066666666666666,HOLD
0.1343107,0.15341607,0,0.16224,HOLD
0.44401568,0.40118003,0,0.14126666666666668,HOLD
0.36638337,0.3390742,0,0.17256,HOLD
0.7523532,0.6478501,0,0.09879166666666667,HOLD
0.08629735,0.11500538,0,0.10831428571428571,APPROVE
0.6990443,0.605203,0,0.174,HOLD
0.5608733,0.49466616,0,0.2488,HOLD
0.07626862,0.1069824,0,0.4009666666666667,REJECT
0.15468477,0.16971532,0,0.2699714285714286,HOLD
0.7991226,0.6852656,1,0.234375,REJECT
0.22073787,0.2225578,0,0.2458,HOLD
0.37629983,0.34700736,0,0.15174,HOLD
0.47810966,0.42845523,0,0.05255555555555556,HOLD
0.24387933,0.24107096,0,0.101275,HOLD
0.6555374,0.5703975,0,0.26481818181818184,HOLD
0.4268783,0.38747013,0,0.3446,HOLD
0.14923938,0.16535899,0,0.2239,HOLD
0.13138168,0.15107283,0,0.18303333333333333,HOLD
0.644011,0.56117636,0,0.10279166666666667,HOLD
0.28804743,0.27640545,0,0.254925,HOLD
0.52629155,0.46700072,0,0.2531875,HOLD
0.088742025,0.11696113,0,0.3884,APPROVE
0.6507174,0.56654143,1,0.20968571428571428,HOLD
0.22221468,0.22373924,0,0.1511142857142857,HOLD
0.59810966,0.52445525,0,0.1975,HOLD
0.27333185,0.26463297,1,0.1446888888888889,HOLD
0.3704504,0.34232783,0,0.38263636363636366,HOLD
0.47902712,0.4291892,0,0.16295555555555555,HOLD
0.044151828,0.08128896,0,0.2550625,APPROVE
0.22412026,0.2252637,0,0.08986666666666666,HOLD
0.3930226,0.36038557,0,0.20053125,HOLD
0.39926556,0.36537993,0,0.1353181818181818,HOLD
0.62110597,0.54285234,0,0.1184,HOLD
0.32849157,0.30876076,0,0.32540625,HOLD
0.766291,0.65900034,1,0.16528,REJECT
0.26772305,0.26014593,0,0.20624324324324325,HOLD
0.3686645,0.3408991,0,0.45136,REJECT
0.16223487,0.1757554,0,0.1748,HOLD
0.07465799,0.1056939,0,0.13384615384615384,APPROVE
0.1764173,0.18710133,0,0.1803076923076923,HOLD
0.5029607,0.44833604,0,0.08445,HOLD
0.32529002,0.30619952,0,0.12246,HOLD
0.6345274,0.55358946,0,0.3047,HOLD
0.3627235,0.3361463,0,0.18056666666666665,HOLD
0.18989001,0.19787951,0,0.253775,HOLD
0.20735638,0.2118526,0,0.29935,HOLD
0.28654993,0.27520743,0,0.1803,HOLD
0.15865666,0.17289282,0,0.21132,HOLD
0.21096253,0.21473752,0,0.084675,HOLD
0.6984041,0.6046908,0,0.06805714285714286,HOLD
0.33646733,0.31514135,0,0.09,HOLD
0.5758264,0.5066287,1,0.40368,REJECT
0.30487382,0.28986657,1,0.1375,HOLD
0.40387967,0.36907125,0,0.14064444444444443,HOLD
0.46894708,0.42112517,0,0.19094285714285714,HOLD
0.26793888,0.2603186,0,0.19996,HOLD
0.09787862,0.1242704,0,0.193225,APPROVE
0.27155745,0.26321346,0,0.09713333333333334,HOLD
0.446743,0.40336192,0,0.6073125,REJECT
0.5549996,0.48996717,0,0.18133333333333335,HOLD
0.24037427,0.2382669,0,0.09716,HOLD
0.48800665,0.43637282,0,0.095225,HOLD
0.46904814,0.421206,0,0.18471666666666667,HOLD
0.7751994,0.6661271,0,0.18983333333333333,REJECT
0.36002213,0.3339852,0,0.10088888888888889,HOLD
0.42549834,0.38636616,0,0.14668,HOLD
0.15557502,0.17042752,0,0.34521472392638036,HOLD
0.84249914,0.7199668,1,0.07868,REJECT
0.063518405,0.09678223,0,0.10484285714285714,APPROVE
0.31626078,0.29897612,1,0.4856153846153846,REJECT
0.6897156,0.59774005,0,0.19666666666666666,HOLD
0.34812954,0.32447112,0,0.21365,HOLD
0.590189,0.51811874,0,0.3226333333333333,HOLD
0.22977044,0.22978385,0,0.21045714285714287,HOLD
0.3330022,0.31236926,0,0.298875,HOLD
0.67430687,0.58541304,1,0.2155,HOLD
0.1686293,0.18087094,0,0.27853333333333335,HOLD
0.2716127,0.26325765,0,0.15888,HOLD
0.10038001,0.1262715,0,0.16176,APPROVE
0.8587911,0.7330004,0,0.2746470588235294,REJECT
0.30738595,0.29187626,0,0.18976923076923077,HOLD
0.43927234,0.39738536,0,0.13168,HOLD
0.16102557,0.17478795,0,0.057692307692307696,HOLD
0.4779301,0.4283116,0,0.140975,HOLD
0.14606166,0.16281682,0,0.1715,HOLD
0.29830372,0.28461048,0,0.13812,HOLD
0.257394,0.2518827,1,0.1675,HOLD
0.25983447,0.25383508,0,0.15639285714285714,HOLD
0.2077745,0.2121871,0,0.14166666666666666,HOLD
0.44738537,0.4038758,0,0.1196,HOLD
0.3082967,0.29260486,0,0.153025,HOLD
0.529912,0.4698971,0,0.1976,HOLD
0.5381962,0.47652447,0,0.0802,HOLD
0.26658773,0.25923768,0,0.16453333333333334,HOLD
0.26437408,0.25746676,0,0.14914285714285713,HOLD
0.13407569,0.15322804,0,0.1555217391304348,HOLD
0.16944973,0.18152727,0,0.125,HOLD
0.120945394,0.14272381,0,0.0877,APPROVE
0.59649855,0.52316636,1,0.0856,HOLD
0.19672541,0.20334782,1,0.14068,HOLD
0.30790684,0.29229298,0,0.25376,HOLD
0.5351872,0.47411725,0,0.23208333333333334,HOLD
0.082705155,0.11213163,0,0.2638666666666667,APPROVE
0.46109408,0.41484275,0,0.2924,HOLD
0.585179,0.51411074,0,0.21066666666666667,HOLD
0.6062908,0.5310002,0,0.11586,HOLD
0.2653225,0.2582255,0,0.062,HOLD
0.4651171,0.41806117,0,0.2657518361035949,HOLD
0.43264833,0.39208615,0,0.08454285714285714,HOLD
0.2891767,0.27730885,0,0.10714285714285714,HOLD
0.28869104,0.27692035,0,0.21117142857142857,HOLD
0.44885072,0.40504807,0,0.245,HOLD
0.70550555,0.61037195,0,0.1388888888888889,HOLD
0.63667786,0.55530983,0,0.2715714285714286,HOLD
0.63812244,0.5564655,0,0.29423333333333335,HOLD
0.14801334,0.16437817,0,0.18542857142857141,HOLD
0.6985951,0.6048436,0,0.24104,HOLD
0.12487875,0.14587049,0,0.24366666666666667,APPROVE
0.21385972,0.21705528,0,0.24566666666666667,HOLD
0.4835442,0.43280286,0,0.1219,HOLD
0.60050476,0.52637136,0,0.16204,HOLD
0.29303703,0.28039712,0,0.21853333333333333,HOLD
0.35972998,0.33375147,1,0.45013333333333333,REJECT
0.3404551,0.3183316,0,0.13464444444444446,HOLD
0.30927426,0.2933869,0,0.33505882352941174,HOLD
0.34093076,0.31871212,0,0.3904666666666667,HOLD
0.28251427,0.2719789,0,0.2126086956521739,HOLD
0.29737484,0.2838674,0,0.30151428571428573,HOLD
0.28633,0.2750315,0,0.20106,HOLD
0.34839126,0.3246805,0,0.14726666666666666,HOLD
0.13112813,0.15087,0,0.045761111111111114,HOLD
0.17526826,0.1861821,0,0.26408,HOLD
0.25652295,0.25118586,0,0.18216666666666667,HOLD
0.53215796,0.47169387,0,0.18199074074074073,HOLD
0.5217977,0.46340567,0,0.1,HOLD
0.14994265,0.16592161,0,0.14824,HOLD
0.21397725,0.21714929,0,0.14838333333333334,HOLD
0.05324654,0.08856473,0,0.26322666666666666,APPROVE
0.088772625,0.1169856,0,0.14096,APPROVE
0.3785304,0.34879184,0,0.21013333333333334,HOLD
0.42971495,0.38973945,0,0.05405405405405406,HOLD
0.09698534,0.12355577,0,0.17942857142857144,APPROVE
0.5771534,0.50769025,0,0.2700666666666667,HOLD
0.48785543,0.43625185,0,0.2742727272727273,HOLD
0.11300202,0.13636911,0,0.15736842105263157,APPROVE
0.46172556,0.41534793,0,0.07612,HOLD
0.53357923,0.4728309,0,0.21254,HOLD
0.7380696,0.63642323,1,0.314,HOLD
0.26538113,0.2582724,0,0.14481818181818182,HOLD
0.86733496,0.7398355,0,0.4238,REJECT
0.63241863,0.5519024,0,0.15834285714285715,HOLD
0.027040338,0.06759977,0,0.15254,APPROVE
0.35924885,0.33336657,0,0.13367441860465115,HOLD
0.18916321,0.19729806,0,0.222575,HOLD
0.39821857,0.36454237,1,0.3278235294117647,HOLD
0.72982234,0.6298254,0,0.16831428571428572,HOLD
0.21857336,0.22082618,0,0.1791,HOLD
0.12853836,0.14879818,0,0.11852857142857143,APPROVE
0.4976119,0.44405702,0,0.09041538461538462,HOLD
0.68518984,0.5941194,0,0.1079,HOLD
0.55645,0.4911275,0,0.13962222222222223,HOLD
0.26805007,0.26040757,0,0.14285714285714285,HOLD
0.2471487,0.24368645,0,0.19268,HOLD
0.6836904,0.5929199,0,0.131625,HOLD
0.8049465,0.6899247,0,0.23772,REJECT
0.31989068,0.30188003,0,0.05616,HOLD
0.33146498,0.31113946,0,0.16933333333333334,HOLD
0.4229936,0.38436237,0,0.11772857142857143,HOLD
0.71459246,0.6176415,1,0.26056,HOLD
0.22043143,0.22231264,0,0.26848,HOLD
0.46599028,0.4187597,0,0.04937,HOLD
0.22547352,0.22634631,0,0.23604761904761903,HOLD
0.34245613,0.3199324,0,0.13357142857142856,HOLD
0.33391848,0.31310228,0,0.1761,HOLD
0.744439,0.6415187,1,0.13388,HOLD
0.3073028,0.29180974,0,0.17533333333333334,HOLD
0.80195653,0.6875328,0,0.26232,REJECT
0.3084179,0.2927018,1,0.174075,HOLD
0.10517353,0.13010632,0,0.09553333333333333,APPROVE
0.09469883,0.121726565,0,0.36695,APPROVE
0.3547977,0.32980564,0,0.15553333333333333,HOLD
0.076778576,0.10739037,0,0.58375,REJECT
0.1679682,0.18034205,0,0.3554333333333333,HOLD
0.22827083,0.22858416,0,0.13247727272727272,HOLD
0.3680886,0.34043837,0,0.3265,HOLD
0.086074285,0.114826925,0,0.08794444444444445,APPROVE
0.20399585,0.20916417,0,0.16365714285714286,HOLD
0.16874205,0.18096113,0,0.1406909090909091,HOLD
0.26967254,0.26170555,0,0.24068,HOLD
0.17983775,0.1898377,0,0.2340909090909091,HOLD
0.34031543,0.31821984,0,0.23057777777777777,HOLD
0.49708927,0.44363892,1,0.12227142857142857,HOLD
0.47749302,0.42796192,0,0.223275,HOLD
0.3526959,0.32812423,0,0.24268,HOLD
0.45960966,0.41365522,0,0.07190909090909091,HOLD
0.19976021,0.20577566,0,0.1392857142857143,HOLD
0.27044708,0.26232517,0,0.15,HOLD
0.6709002,0.58268774,0,0.18265,HOLD
0.34735927,0.32385492,0,0.2013,HOLD
0.38524732,0.35416535,0,0.15437777777777778,HOLD
0.06750179,0.09996893,0,0.067,APPROVE
0.30330378,0.28861052,0,0.18165454545454546,HOLD
0.13398689,0.15315701,0,0.11958571428571428,HOLD
0.5813674,0.51106143,0,0.25638,HOLD
0.46888554,0.42107594,0,0.16565,HOLD
0.43206787,0.3916218,1,0.27136,HOLD
0.07267527,0.104107715,0,0.0886,APPROVE
0.41727605,0.37978834,0,0.1876,HOLD
0.009193321,0.05332216,0,0.12641,APPROVE
0.32545063,0.306328,0,0.14177551020408163,HOLD
0.5116951,0.45532358,0,0.3185625,HOLD
0.062411644,0.09589682,0,0.11303333333333333,APPROVE
0.26765525,0.2600917,0,0.2789375,HOLD
0.09500057,0.121967964,0,0.13843333333333332,APPROVE
0.5360747,0.47482726,0,0.25638,HOLD
0.22945608,0.22953236,0,0.15372093023255815,HOLD
0.49629304,0.44300193,0,0.17383333333333334,HOLD
0.06310016,0.096447624,0,0.09257142857142857,APPROVE
0.60974646,0.5337647,0,0.12561904761904763,HOLD
0.1414679,0.15914181,0,0.08884705882352942,HOLD
0.8127714,0.69618464,0,0.3065,REJECT
0.3240324,0.30519342,0,0.2275,HOLD
0.037213292,0.07573813,0,0.2116,APPROVE
0.43820766,0.3965336,0,0.1905,HOLD
0.26725456,0.25977114,0,0.109925,HOLD
0.24639079,0.24308012,0,0.08571428571428572,HOLD
0.13620375,0.1549305,0,0.19895,HOLD
0.63502705,0.5539892,0,0.1038,HOLD
0.11191006,0.13549554,0,0.3994,APPROVE
0.48599285,0.43476176,0,0.08571428571428572,HOLD
0.2938344,0.281035,0,0.1125,HOLD
0.49299687,0.440365,0,0.08046,HOLD
0.6415176,0.5591816,0,0.3333,HOLD
0.74122053,0.638944,0,0.12625,HOLD
0.17505027,0.18600771,0,0.1867,HOLD
0.4604186,0.41430238,0,0.22038888888888888,HOLD
0.8659119,0.73869705,0,0.1269,REJECT
0.29570258,0.28252956,0,0.06666666666666667,HOLD
0.2471184,0.24366221,0,0.2802857142857143,HOLD
0.27299199,0.26436108,0,0.0576,HOLD
0.31331882,0.29662254,0,0.237875,HOLD
0.23426238,0.2333774,0,0.1267,HOLD
0.45107174,0.4068249,0,0.11603703703703704,HOLD
0.43131942,0.39102304,0,0.10416666666666667,HOLD
0.26148653,0.25515673,1,0.3134,HOLD
0.1283016,0.14860877,0,0.2107857142857143,APPROVE
0.27775162,0.2681688,0,0.10235,HOLD
0.3106688,0.29450253,0,0.09806,HOLD
0.2364719,0.23514502,0,0.15631111111111112,HOLD
0.7560964,0.6508447,1,0.3668,REJECT
0.7329154,0.63229984,1,0.2399,HOLD
0.34308824,0.3204381,0,0.1436,HOLD
0.29564407,0.28248277,0,0.18125714285714287,HOLD
0.5841457,0.51328415,0,0.21654545454545454,HOLD
0.08718669,0.11571685,0,0.24943820224719102,APPROVE
0.5578458,0.49224412,0,0.08631428571428572,HOLD
0.1810473,0.19080533,0,0.14784285714285714,HOLD
0.5655186,0.4983824,0,0.057257142857142854,HOLD
0.4909863,0.43875653,1,0.06742727272727272,HOLD
0.11759155,0.14004074,0,0.03333333333333333,APPROVE
0.042783786,0.080194525,0,0.09568333333333333,APPROVE
0.80632275,0.69102573,0,0.08528888888888889,REJECT
0.7529475,0.64832556,0,0.296275,HOLD
0.23053591,0.23039623,1,0.16031428571428571,HOLD
0.28148755,0.27115753,0,0.19439414371026778,HOLD
0.12822698,0.14854908,0,0.11352,APPROVE
0.057427824,0.09190976,0,0.20856666666666668,APPROVE
0.3795402,0.34959966,0,0.14571111111111112,HOLD
0.7508982,0.6466861,0,0.2880333333333333,HOLD
0.3612536,0.33497036,0,0.1131,HOLD
0.34098873,0.3187585,0,0.107,HOLD
0.70335156,0.6086488,0,0.1188,HOLD
0.12606174,0.14681688,0,0.2309,APPROVE
0.5789254,0.5091078,0,0.12747777777777777,HOLD
0.48596302,0.43473792,0,0.4463666666666667,REJECT
0.14495368,0.16193044,0,0.1,HOLD
0.26118836,0.2549182,0,0.1151,HOLD
0.26637393,0.25906664,0,0.1849,HOLD
0.16379148,0.17700067,0,0.05,HOLD
0.32956582,0.30962014,0,0.08125714285714286,HOLD
0.22544272,0.22632167,0,0.0359375,HOLD
0.63510734,0.5540534,0,0.2683333333333333,HOLD
0.50744224,0.45192128,0,0.10536666666666666,HOLD
0.078799,0.10900671,0,0.10636666666666666,APPROVE
0.3433974,0.32068542,1,0.097,HOLD
0.18489979,0.19388732,0,0.179025,HOLD
0.60161924,0.5272629,0,0.053775,HOLD
0.40128347,0.36699426,0,0.11499,HOLD
0.62490606,0.5458924,0,0.15104347826086956,HOLD
0.71139514,0.61508363,0,0.28095,HOLD
0.66396254,0.5771376,0,0.23855555555555555,HOLD
0.025145996,0.066084296,0,0.22082857142857143,APPROVE
0.6360973,0.5548454,1,0.24553333333333333,HOLD
0.39227113,0.3597844,0,0.145525,HOLD
0.595423,0.5223059,0,0.16415,HOLD
0.4159856,0.378756,1,0.09946153846153846,HOLD
0.5298622,0.46985728,0,0.06784,HOLD
0.6231131,0.54445803,0,0.08935384615384616,HOLD
0.583968,0.51314193,0,0.11868888888888889,HOLD
0.5310883,0.47083813,1,0.2707,HOLD
0.3708763,0.34266853,0,0.144275,HOLD
0.50316435,0.44849896,0,0.13333333333333333,HOLD
0.4583212,0.41262448,0,0.2088918918918919,HOLD
0.6138358,0.5370362,0,0.2748333333333333,HOLD
0.15890412,0.17309079,0,0.2324,HOLD
0.5011298,0.44687134,0,0.2308,HOLD
0.2731768,0.26450893,0,0.6874,REJECT
0.10173019,0.12735164,0,0.10866666666666666,APPROVE
0.29474628,0.28176454,0,0.21668,HOLD
0.26980647,0.2618127,0,0.10493333333333334,HOLD
0.07926009,0.10937557,0,0.24088333333333334,APPROVE
0.05390307,0.08908995,0,0.13676666666666668,APPROVE
0.35454306,0.32960194,0,0.06534375,HOLD
0.6346522,0.5536893,0,0.15972,HOLD
0.45008883,0.40603855,0,0.17564444444444444,HOLD
0.7151747,0.61810726,0,0.1063,HOLD
0.091162145,0.11889722,0,0.1253875,APPROVE
0.30428696,0.28939706,0,0.2433,HOLD
0.49121505,0.43893954,0,0.10861702127659574,HOLD
0.049326252,0.0854285,0,0.044444444444444446,APPROVE
0.12640119,0.14708844,0,0.09895,APPROVE
0.52653664,0.46719682,0,0.08417142857142858,HOLD
0.36989862,0.3418864,0,0.0375,HOLD
0.6985647,0.6048193,0,0.23147058823529412,HOLD
0.62837416,0.54866683,0,0.194375,HOLD
0.54782045,0.48422384,0,0.07835294117647058,HOLD
0.20622051,0.2109439,0,0.09886666666666667,HOLD
0.31627402,0.2989867,0,0.45511111111111113,REJECT
0.36148703,0.33515713,0,0.3154,HOLD
0.76936233,0.6614574,1,0.1978,REJECT
0.07144086,0.103120185,0,0.15033333333333335,APPROVE
0.65517575,0.5701081,1,0.1574074074074074,HOLD
0.4307487,0.39056647,0,0.109875,HOLD
0.53615427,0.47489092,0,0.2718,HOLD
0.34684858,0.32344636,0,0.20056666666666667,HOLD
0.2807286,0.2705504,0,0.11444,HOLD
0.12630983,0.14701536,0,0.1977142857142857,APPROVE
0.2687455,0.26096392,1,0.3882857142857143,HOLD
0.54476655,0.48178074,0,0.10636666666666666,HOLD
0.22048095,0.22235225,0,0.08883529411764705,HOLD
0.21646988,0.2191434,0,0.19148,HOLD
0.64405257,0.56120956,0,0.19915,HOLD
0.5848809,0.51387227,0,0.24465,HOLD
0.31402272,0.29718566,0,0.28936,HOLD
0.29246113,0.2799364,0,0.16113333333333332,HOLD
0.46216494,0.41569945,0,0.29525,HOLD
0.6856621,0.5944972,0,0.16236,HOLD
0.532406,0.47189227,0,0.1720625,HOLD
0.73319703,0.63252515,0,0.11078787878787878,HOLD
0.76611876,0.65886253,0,0.21880952380952381,REJECT
0.3414019,0.31908903,0,0.08,HOLD
0.27637333,0.26706615,0,0.18806666666666666,HOLD
0.3798554,0.34985182,0,0.12340909090909091,HOLD
0.3178449,0.3002434,0,0.10125,HOLD
0.4187306,0.38095197,0,0.0579,HOLD
0.4350648,0.39401934,0,0.17896666666666666,HOLD
0.35940322,0.33349007,0,0.10656,HOLD
0.4388728,0.39706576,0,0.17253623188405798,HOLD
0.6719168,0.583501,0,0.31944,HOLD
0.6598236,0.57382643,0,0.14377142857142858,HOLD
0.4199487,0.38192645,1,0.36695,HOLD
0.33429268,0.31340164,1,0.2104,HOLD
0.31187183,0.29546496,0,0.084175,HOLD
0.46623337,0.4189542,0,0.11051666666666667,HOLD
0.30859944,0.29284707,0,0.20048076923076924,HOLD
0.16838764,0.18067761,0,0.06,HOLD
0.51061046,0.45445585,0,0.23304,HOLD
0.15391792,0.16910183,0,0.2065,HOLD
0.103295766,0.12860411,0,0.08125,APPROVE
0.06702702,0.09958912,0,0.12876,APPROVE
0.33197927,0.31155092,0,0.17583333333333334,HOLD
0.752604,0.6480507,0,0.14765,HOLD
0.25482112,0.24982439,0,0.12716,HOLD
0.25512296,0.25006586,0,0.19345,HOLD
0.3595985,0.3336463,1,0.15485,HOLD
0.24447078,0.24154411,0,0.1751,HOLD
0.24252585,0.23998816,0,0.5271,REJECT
0.43401828,0.39318213,1,0.143625,HOLD
0.053784546,0.08899514,0,0.25496,APPROVE
0.19143307,0.19911395,0,0.1831,HOLD
0.41292942,0.37631103,0,0.35845,HOLD
0.26215315,0.25569,0,0.14249,HOLD
0.32395968,0.30513525,0,0.08,HOLD
0.63735694,0.55585307,0,0.09797222222222222,HOLD
0.489183,0.4373139,0,0.07667857142857143,HOLD
0.16702269,0.17958565,0,0.3158666666666667,HOLD
0.7585313,0.6527926,0,0.14432,REJECT
0.3721724,0.34370542,0,0.09305,HOLD
0.43000984,0.38997537,0,0.075,HOLD
0.39633805,0.36303794,0,0.17385714285714285,HOLD
0.5233081,0.46461397,0,0.22874545454545456,HOLD
0.33264327,0.3120821,0,0.1608,HOLD
0.055302452,0.09020946,0,0.17644444444444443,APPROVE
0.33569396,0.31452265,0,0.1618,HOLD
0.74597716,0.64274925,0,0.1984857142857143,HOLD
0.13186066,0.15145603,0,0.321,HOLD
0.15665333,0.17129016,0,0.0515625,HOLD
0.21798979,0.22035933,0,0.2648780487804878,HOLD
0.06865707,0.10089316,0,0.2165,APPROVE
0.20919742,0.21332543,0,0.14872340425531916,HOLD
0.09423731,0.12135736,0,0.18356666666666666,APPROVE
0.21409658,0.21724476,0,0.25326666666666664,HOLD
0.18473038,0.1937518,0,0.07302222222222222,HOLD
0.5407699,0.4785834,0,0.08744444444444445,HOLD
0.092544734,0.12000329,0,0.18125,APPROVE
0.665409,0.57829475,0,0.11214285714285714,HOLD
0.7348089,0.6338147,1,0.25406666666666666,HOLD
0.19377331,0.20098615,0,0.15566666666666668,HOLD
0.16275541,0.17617182,0,0.15,HOLD
0.47882915,0.4290308,1,0.11142857142857143,HOLD
0.13887326,0.1570661,0,0.15743333333333334,HOLD
0.35555127,0.3304085,0,0.08396923076923077,HOLD
0.12642846,0.14711025,0,0.13174,APPROVE
0.042774804,0.08018734,0,0.03922727272727273,APPROVE
0.37445405,0.34553075,0,0.2648857142857143,HOLD
0.626745,0.5473635,0,0.28385,HOLD
0.12802085,0.14838418,0,0.2447,APPROVE
0.06331586,0.096620195,0,0.11269554753309266,APPROVE
0.20031245,0.20621745,0,0.15,HOLD
0.09972537,0.1257478,0,0.1828,APPROVE
0.41731644,0.37982064,0,0.1965,HOLD
0.6852608,0.5941762,0,0.22,HOLD
0.29547006,0.28234354,0,0.11166666666666666,HOLD
0.1951514,0.20208861,0,0.20097142857142858,HOLD
0.26069054,0.25451994,0,0.3045,HOLD
0.18207297,0.19162586,0,0.0697037037037037,HOLD
0.7242664,0.62538064,0,0.112,HOLD
0.2934255,0.2807079,0,0.2713125,HOLD
0.14666165,0.16329682,0,0.31288,HOLD
0.23842609,0.23670836,0,0.3656,HOLD
0.17611578,0.18686011,0,0.165,HOLD
0.6787611,0.58897644,0,0.21837037037037038,HOLD
0.13270742,0.15213344,0,0.166,HOLD
0.032070395,0.07162382,0,0.2493,APPROVE
0.53474224,0.4737613,0,0.08422857142857143,HOLD
0.12898284,0.14915377,0,0.14,APPROVE
0.39837602,0.3646683,1,0.13167777777777778,HOLD
0.06487391,0.09786663,0,0.06752941176470588,APPROVE
0.4371585,0.3956943,0,0.2164,HOLD
0.62071323,0.5425381,0,0.12806666666666666,HOLD
0.2023366,0.20783676,0,0.35426315789473684,HOLD
0.19474505,0.20176353,0,0.2,HOLD
0.2371548,0.23569132,0,0.1967,HOLD
0.24415436,0.24129099,0,0.17208695652173914,HOLD
0.015839934,0.058639448,0,0.18756666666666666,APPROVE
0.104775496,0.12978789,0,0.15,APPROVE
0.20927574,0.21338809,0,0.13043478260869565,HOLD
0.12753567,0.14799604,0,0.054594885862643286,APPROVE
0.21028343,0.21419424,0,0.1414453125,HOLD
0.83752275,0.7159857,0,0.143,REJECT
0.11732311,0.13982598,0,0.15294285714285713,APPROVE
0.1429652,0.16033965,0,0.37822222222222224,HOLD
0.09144529,0.119123735,0,0.448,REJECT
0.74053496,0.6383955,1,0.09513846153846153,HOLD
0.19706886,0.20362258,0,0.1101,HOLD
0.4436027,0.40084967,0,0.2683333333333333,HOLD
0.29638585,0.2830762,0,0.25803333333333334,HOLD
0.27832732,0.26862934,0,0.2919333333333333,HOLD
0.5501573,0.48609334,0,0.18563888888888888,HOLD
0.35838342,0.33267424,0,0.10248235294117647,HOLD
0.07325301,0.10456991,0,0.3306829268292683,APPROVE
0.19997275,0.20594569,0,0.1249,HOLD
0.13936454,0.15745912,0,0.15037142857142857,HOLD
0.62418246,0.54531354,0,0.2553,HOLD
0.10029326,0.1262021,0,0.0825625,APPROVE
0.19233704,0.19983712,0,0.17052941176470587,HOLD
0.3205696,0.30242318,0,0.4051,REJECT
0.5088249,0.4530274,0,0.06,HOLD
0.52301615,0.4643804,0,0.166375,HOLD
0.041663285,0.07929813,0,0.3699818181818182,APPROVE
0.40603757,0.37079754,0,0.07803333333333333,HOLD
0.58895504,0.51713157,1,0.12464615384615385,HOLD
0.4313955,0.3910839,0,0.23688,HOLD
0.20793366,0.21231443,1,0.05874074074074074,HOLD
0.09283423,0.120234884,0,0.10457,APPROVE
0.49787936,0.44427097,0,0.17355555555555555,HOLD
0.41124916,0.37496683,0,0.23125714285714286,HOLD
0.31049004,0.29435953,0,0.10206666666666667,HOLD
0.32319364,0.3045224,0,0.12614285714285714,HOLD
0.59359443,0.5208431,0,0.202,HOLD
0.51463205,0.45767313,0,0.2465757575757576,HOLD
0.17526403,0.18617871,0,0.044444444444444446,HOLD
0.33953878,0.31759852,0,0.2633333333333333,HOLD
0.23036382,0.23025854,0,0.168,HOLD
0.23089908,0.23068675,0,0.09751351351351352,HOLD
0.34796244,0.32433745,1,0.03671875,HOLD
0.09667724,0.12330929,0,0.0284,APPROVE
0.5299432,0.46992207,1,0.0497375,HOLD
0.24995549,0.24593188,0,0.1388695652173913,HOLD
0.43525046,0.39416787,0,0.21877777777777777,HOLD
0.33387047,0.31306386,0,0.051333333333333335,HOLD
0.20754455,0.21200313,0,0.16519642857142858,HOLD
0.18227123,0.19178447,0,0.21178125,HOLD
0.51828575,0.46059608,0,0.18004444444444445,HOLD
0.4774496,0.42792717,0,0.037952,HOLD
0.27312052,0.26446393,0,0.20454285714285714,HOLD
0.7014958,0.6071642,0,0.09455,HOLD
0.10308518,0.12843564,0,0.14344444444444446,APPROVE
0.24970777,0.24573371,0,0.08333333333333333,HOLD
0.42279518,0.38420364,0,0.1944,HOLD
0.30524,0.2901595,0,0.093875,HOLD
0.21561898,0.21846268,0,0.28115384615384614,HOLD
0.38924795,0.35736585,0,0.1781,HOLD
0.13394521,0.15312366,0,0.29984415584415586,HOLD
0.33229005,0.31179953,0,0.16645714285714286,HOLD
0.13974519,0.15776365,1,0.16325,HOLD
0.11540824,0.13829409,0,0.08308,APPROVE
0.27780387,0.2682106,0,0.28486666666666666,HOLD
0.69005287,0.5980098,0,0.23075,HOLD
0.09715847,0.12369428,0,0.0914,APPROVE
0.17769489,0.1881234,0,0.15058,HOLD
0.19881839,0.2050222,0,0.168,HOLD
0.42333797,0.38463786,0,0.27085,HOLD
0.049282826,0.085393764,0,0.11693333333333333,APPROVE
0.3929794,0.36035103,0,0.22565714285714286,HOLD
0.5485912,0.48484045,0,0.20606666666666668,HOLD
0.5395009,0.4775682,0,0.3478,HOLD
0.7467515,0.6433687,1,0.13541666666666666,HOLD
0.26616263,0.2588976,0,0.19687732342007436,HOLD
0.17471062,0.18573599,0,0.08964444444444444,HOLD
0.34307382,0.32042655,0,0.15528,HOLD
0.110981695,0.13475285,0,0.22103333333333333,APPROVE
0.2545381,0.24959797,0,0.03260869565217391,HOLD
0.40448725,0.3695573,0,0.093975,HOLD
0.5038282,0.44903007,0,0.1481851851851852,HOLD
0.19373967,0.20095922,0,0.3042666666666667,HOLD
0.7598161,0.6538204,0,0.24255,REJECT
0.24675125,0.24336849,0,0.40916,REJECT
0.32822976,0.3085513,0,0.17120167189132707,HOLD
0.076678485,0.10731029,0,0.176525,APPROVE
0.40640062,0.371088,0,0.3021,HOLD
0.2322906,0.23179998,0,0.25653333333333334,HOLD
0.20001082,0.20597614,0,0.1,HOLD
0.17608462,0.18683518,0,0.08311904761904762,HOLD
0.026410839,0.067096174,0,0.08571428571428572,APPROVE
0.24862982,0.24487135,0,0.20662,HOLD
0.52111804,0.46286193,0,0.1553125,HOLD
0.7505852,0.6464357,0,0.2541481481481481,HOLD
0.74425775,0.64137375,0,0.117025,HOLD
0.18541056,0.19429594,0,0.1392,HOLD
0.31866246,0.30089748,0,0.14056666666666667,HOLD
0.56130517,0.49501163,0,0.1835,HOLD
0.7141267,0.6172689,1,0.24735,HOLD
0.43953243,0.39759344,0,0.14873333333333333,HOLD
0.1329901,0.15235958,0,0.14474,HOLD
0.4571316,0.41167277,0,0.255725,HOLD
0.4497305,0.40575188,0,0.1046375,HOLD
0.42248684,0.38395697,0,0.24255,HOLD
0.42596874,0.38674247,0,0.10852941176470589,HOLD
0.5786197,0.50886333,1,0.26216666666666666,HOLD
0.47537506,0.42626753,0,0.09844,HOLD
0.28145432,0.27113095,1,0.09935555555555556,HOLD
0.6033642,0.5286589,0,0.1512,HOLD
0.521507,0.46317312,0,0.0606,HOLD
0.050177865,0.086109795,0,0.0431875,APPROVE
0.34922796,0.32534987,0,0.11764705882352941,HOLD
0.114437684,0.13751765,0,0.244625,APPROVE
0.3692463,0.34136453,1,0.19895,HOLD
0.07794112,0.10832039,0,0.12665714285714286,APPROVE
0.11523796,0.13815786,0,0.20827272727272728,APPROVE
0.06867343,0.100906245,0,0.228,APPROVE
0.6629554,0.57633185,1,0.311625,HOLD
0.26293084,0.25631216,0,0.1,HOLD
0.15148477,0.16715531,0,0.13043478260869565,HOLD
0.54468095,0.48171225,0,0.15,HOLD
0.12320971,0.14453526,0,0.30766666666666664,APPROVE
0.2973914,0.28388062,0,0.3545333333333333,HOLD
0.43223083,0.39175215,0,0.0983875,HOLD
0.1644423,0.17752133,0,0.14838333333333334,HOLD
0.36904746,0.34120548,0,0.2856,HOLD
0.4239438,0.38512254,0,0.13476666666666667,HOLD
0.3890316,0.35719275,0,0.1531,HOLD
0.2034257,0.20870806,0,0.09786,HOLD
0.050921086,0.086704366,0,0.19427272727272726,APPROVE
0.070626624,0.102468796,0,0.0565,APPROVE
0.31169498,0.2953235,0,0.165375,HOLD
0.07209635,0.10364458,0,0.07407407407407407,APPROVE
0.21955173,0.22160888,0,0.2339,HOLD
0.4338966,0.39308476,0,0.13132857142857143,HOLD
0.23898296,0.23715386,0,0.17923333333333333,HOLD
0.61914915,0.5412869,0,0.23299465240641712,HOLD
0.27611566,0.26686004,0,0.1758888888888889,HOLD
0.45047468,0.40634724,0,0.294,HOLD
0.7872244,0.67574704,0,0.2278,REJECT
0.23448245,0.23355345,0,0.13824324324324325,HOLD
0.1972638,0.20377854,0,0.266475,HOLD
0.598639,0.52487874,0,0.2697272727272727,HOLD
0.77033335,0.6622342,0,0.1312,REJECT
0.22752924,0.22799088,1,0.11106666666666666,HOLD
0.050101664,0.086048834,0,0.3006666666666667,APPROVE
0.57999146,0.5099607,0,0.17213333333333333,HOLD
0.14461625,0.16166049,0,0.14,HOLD
0.42857534,0.38882777,0,0.08364150943396226,HOLD
0.58901155,0.5171768,0,0.395,HOLD
0.5279986,0.46836638,0,0.3792,HOLD
0.7089559,0.61313224,1,0.1978125,HOLD
0.34376374,0.3209785,0,0.1722962962962963,HOLD
0.15170611,0.16733238,0,0.3342,HOLD
0.4126706,0.376104,0,0.288,HOLD
0.37265256,0.34408954,0,0.13155555555555556,HOLD
0.7356167,0.63446087,1,0.2714666666666667,HOLD
0.1961353,0.20287573,0,0.2332962962962963,HOLD
0.15585868,0.17065445,0,0.191475,HOLD
0.6823792,0.5918709,0,0.1586,HOLD
0.5331596,0.4724952,0,0.2582,HOLD
0.41457638,0.3776286,1,0.31695,HOLD
0.13384852,0.15304631,0,0.2721,HOLD
0.52249944,0.46396706,0,0.3095675675675676,HOLD
0.19729224,0.20380129,0,0.10768571428571429,HOLD
0.20971093,0.21373624,0,0.22556666666666667,HOLD
0.10162962,0.12727119,0,0.287925,APPROVE
0.10311147,0.12845667,0,0.1375,APPROVE
0.027881274,0.06827252,1,0.07544,APPROVE
0.18604639,0.19480461,0,0.10266666666666667,HOLD
0.28336707,0.27266115,0,0.11011111111111112,HOLD
0.19141039,0.1990958,0,0.06345,HOLD
0.43533725,0.39423728,0,0.19836666666666666,HOLD
0.05653478,0.09119532,0,0.075,APPROVE
0.18080258,0.19060956,0,0.08514,HOLD
0.06395914,0.097134806,0,0.1063,APPROVE
0.30408528,0.28923574,0,0.2521,HOLD
0.45990896,0.41389465,0,0.1398,HOLD
0.22120419,0.22293085,0,0.11698,HOLD
0.14810714,0.16445321,0,0.1,HOLD
0.21945699,0.22153307,0,0.18666666666666668,HOLD
0.09660281,0.12324975,0,0.0934,APPROVE
0.45385316,0.40905002,0,0.11906153846153845,HOLD
0.60218894,0.5277187,0,0.09403448275862068,HOLD
0.37162903,0.34327072,0,0.1203,HOLD
0.18142493,0.19110744,0,0.11764705882352941,HOLD
0.24098504,0.23875552,0,0.434,REJECT
0.56922,0.50134355,0,0.13908571428571428,HOLD
0.33627713,0.3149892,0,0.075,HOLD
0.27035454,0.26225114,0,0.3028666666666667,HOLD
0.47679842,0.42740622,0,0.11694,HOLD
0.32892236,0.3091054,0,0.13549090909090908,HOLD
0.041282035,0.078993134,0,0.27503125,APPROVE
0.7366529,0.63528985,0,0.178075,HOLD
0.14786156,0.16425674,0,0.25685294117647056,HOLD
0.13814661,0.15648478,0,0.15722727272727272,HOLD
0.18447326,0.1935461,0,0.13537142857142856,HOLD
0.6325698,0.55202335,0,0.13333333333333333,HOLD
0.32590705,0.30669314,0,0.21879245283018867,HOLD
0.30786082,0.29225615,0,0.13193333333333335,HOLD
0.027053207,0.06761006,0,0.05,APPROVE
0.5527597,0.48817527,1,0.12348,HOLD
0.25838578,0.25267613,0,0.14596666666666666,HOLD
0.44208947,0.39963907,0,0.45356,REJECT
0.6478905,0.5642799,0,0.19496,HOLD
0.67132,0.58302355,0,0.2243,HOLD
0.19662149,0.20326468,0,0.1859,HOLD
0.27846542,0.26873985,0,0.220025,HOLD
0.05790976,0.09229531,0,0.220025,APPROVE
0.3700604,0.34201583,0,0.040685,HOLD
0.7718891,0.6634788,0,0.2015185185185185,REJECT
0.36938637,0.3414766,1,0.17986363636363636,HOLD
0.8682494,0.7405671,1,0.10675,REJECT
0.8783879,0.74867785,0,0.1688181818181818,REJECT
0.13317254,0.15250553,0,0.1350923076923077,HOLD
0.07664531,0.10728375,0,0.1413,APPROVE
0.5615533,0.49521014,0,0.18285,HOLD
0.50379664,0.4490048,0,0.258225,HOLD
0.27626893,0.26698264,0,0.14381666666666668,HOLD
0.30904692,0.29320505,0,0.18186666666666668,HOLD
0.040284105,0.07819479,0,0.07692307692307693,APPROVE
0.22965404,0.22969073,0,0.21868,HOLD
0.80343956,0.68871915,0,0.17456666666666668,REJECT
0.36770052,0.34012792,0,0.148875,HOLD
0.5057284,0.45055023,0,0.13155555555555556,HOLD
0.21578214,0.2185932,0,0.1052,HOLD
0.15726599,0.17178029,0,0.1709,HOLD
0.6462317,0.5629529,0,0.165,HOLD
0.60603195,0.53079313,0,0.19966666666666666,HOLD
0.74904925,0.6452069,0,0.2255,HOLD
0.13676752,0.15538152,0,0.1858695652173913,HOLD
0.44851363,0.4047784,0,0.09098461538461539,HOLD
0.74807835,0.6444302,0,0.1947,HOLD
0.49005678,0.43801293,0,0.301125,HOLD
0.04727331,0.08378615,0,0.28733333333333333,APPROVE
0.13438036,0.15347178,0,0.22313636363636363,HOLD
0.022861354,0.064256586,0,0.069625,APPROVE
0.2903032,0.27821007,1,0.2800384615384615,HOLD
0.5717878,0.50339776,0,0.14705882352941177,HOLD
0.43873194,0.39695305,1,0.1697375,HOLD
0.2567765,0.2513887,1,0.1351,HOLD
0.13683996,0.15543947,0,0.061,HOLD
0.4141666,0.37730077,0,0.07864,HOLD
0.11780575,0.14021209,0,0.0674,APPROVE
0.15194227,0.16752131,0,0.2624090909090909,HOLD
0.36851355,0.34077835,0,0.24463333333333334,HOLD
0.7717795,0.6633911,0,0.17411428571428572,REJECT
0.25481588,0.24982019,0,0.06842105263157895,HOLD
0.43065512,0.3904916,0,0.12546666666666667,HOLD
0.3186822,0.30091324,0,0.5955,REJECT
0.112546846,0.13600497,0,0.1503582089552239,APPROVE
0.46537316,0.41826603,1,0.15066666666666667,HOLD
0.26431146,0.25741667,0,0.38257142857142856,HOLD
0.27449265,0.2655616,0,0.16091304347826088,HOLD
0.40429825,0.3694061,0,0.1748,HOLD
0.5165116,0.45917678,0,0.16866666666666666,HOLD
0.17749669,0.18796484,0,0.20531428571428573,HOLD
0.08457083,0.11362416,0,0.20442857142857143,APPROVE
0.64465743,0.5616935,1,0.1506,HOLD
0.3396037,0.31765044,0,0.21605,HOLD
0.16758774,0.18003769,0,0.09,HOLD
0.20540293,0.21028984,0,0.086975,HOLD
0.3847191,0.35374278,0,0.1112875,HOLD
0.3742334,0.3453542,0,0.20386666666666667,HOLD
0.08692511,0.115507595,0,0.1551891891891892,APPROVE
0.6939054,0.60109186,1,0.28823529411764703,HOLD
0.23431139,0.2334166,0,0.10704,HOLD
0.33147395,0.31114665,0,0.10233333333333333,HOLD
0.22597603,0.22674832,0,0.14655555555555555,HOLD
0.1492485,0.16536629,0,0.14391428571428572,HOLD
0.28860345,0.27685025,0,0.1679142857142857,HOLD
0.4234367,0.38471687,0,0.15085,HOLD
0.47168064,0.423312,0,0.1814,HOLD
0.5171755,0.4597079,0,0.14464285714285716,HOLD
0.4096124,0.3736574,0,0.224525,HOLD
0.3344996,0.31356716,0,0.14888679245283018,HOLD
0.35363165,0.3288728,0,0.11121153846153846,HOLD
0.22962731,0.22966935,0,0.2616111111111111,HOLD
0.41157168,0.37522483,0,0.1812,HOLD
0.5588601,0.49305558,0,0.1111111111111111,HOLD
0.2139646,0.21713917,0,0.1206,HOLD
0.1333871,0.15267718,0,0.26874,HOLD
0.6642474,0.57736546,0,0.3641333333333333,HOLD
0.4286738,0.38890654,0,0.1298529411764706,HOLD
0.09016277,0.118097715,0,0.36695,APPROVE
0.40315464,0.3684912,1,0.14705882352941177,HOLD
0.13965389,0.15769061,0,0.08836,HOLD
0.35938925,0.3334789,0,0.10637777777777778,HOLD
0.3073961,0.2918844,0,0.24275,HOLD
0.41129118,0.37500045,0,0.07357142857142857,HOLD
0.19907406,0.20522673,0,0.09471428571428571,HOLD
0.26396924,0.2571429,0,0.06801666666666667,HOLD
0.1978336,0.20423438,0,0.0910377358490566,HOLD
0.0037939583,0.049002666,0,0.06505555555555556,APPROVE
0.13410331,0.15325014,0,0.0745375,HOLD
0.046844456,0.08344307,0,0.11193333333333333,APPROVE
0.27482495,0.26582745,0,0.09928,HOLD
0.3862022,0.35492924,0,0.164025,HOLD
0.26058912,0.2544388,0,0.19321666666666668,HOLD
0.77569634,0.6665246,1,0.24465,REJECT
0.21397087,0.21714419,0,0.23304,HOLD
0.458846,0.4130443,0,0.07051282051282051,HOLD
0.37312555,0.34446794,0,0.15,HOLD
0.08984378,0.11784253,0,0.11963333333333333,APPROVE
0.08045497,0.11033148,0,0.0936,APPROVE
0.49298564,0.44035602,0,0.1706,HOLD
0.26616508,0.25889957,0,0.14585714285714285,HOLD
0.29669794,0.28332585,0,0.034725,HOLD
0.38954946,0.35760707,0,0.21408888888888888,HOLD
0.38436398,0.35345867,0,0.1,HOLD
0.47645295,0.42712986,1,0.11337333333333334,HOLD
0.3534912,0.32876045,0,0.18008,HOLD
0.19249178,0.19996092,0,0.06065333333333333,HOLD
0.44141695,0.39910105,0,0.2700666666666667,HOLD
0.27165177,0.26328892,0,0.10212857142857143,HOLD
0.110265486,0.13417989,0,0.3169666666666667,APPROVE
0.39804223,0.36440128,0,0.2952666666666667,HOLD
0.024631318,0.065672554,0,0.18284848484848484,APPROVE
0.21165434,0.21529096,0,0.065,HOLD
0.09895354,0.12513033,0,0.3514,APPROVE
0.46991834,0.42190218,0,0.29433333333333334,HOLD
0.18785752,0.19625351,0,0.17683333333333334,HOLD
0.3758098,0.3466153,0,0.16273076923076923,HOLD
0.7168169,0.61942106,0,0.22733333333333333,HOLD
0.38683054,0.3554319,0,0.17110714285714285,HOLD
0.40020397,0.36613068,0,0.25206666666666666,HOLD
0.455744,0.4105627,1,0.311275,HOLD
0.488378,0.4366699,0,0.15785454545454544,HOLD
0.09065116,0.11848844,0,0.25926,APPROVE
0.17592986,0.18671139,0,0.09259259259259259,HOLD
0.5367011,0.47532836,1,0.0877,HOLD
0.37272996,0.34415147,1,0.28344444444444444,HOLD
0.42173415,0.3833548,1,0.19105714285714287,HOLD
0.23856187,0.23681699,0,0.36341666666666667,HOLD
0.29323408,0.28055477,0,0.13015555555555555,HOLD
0.42132434,0.38302696,0,0.3234653465346535,HOLD
0.18571748,0.19454147,0,0.1972,HOLD
0.256282,0.2509931,0,0.0742,HOLD
0.20442289,0.20950581,0,0.13119607843137254,HOLD
0.22277892,0.22419062,0,0.09346511627906977,HOLD
0.5823864,0.51187664,0,0.19264,HOLD
0.30749422,0.2919629,0,0.17586666666666667,HOLD
0.12044709,0.14232516,0,0.14945714285714284,APPROVE
0.3744995,0.3455671,0,0.08223255813953488,HOLD
0.6992159,0.60534024,0,0.2282,HOLD
0.24803118,0.24439244,0,0.16881927710843372,HOLD
0.36923626,0.34135652,0,0.16488,HOLD
0.2675533,0.26001015,0,0.2048,HOLD
0.20894898,0.21312667,0,0.10862222222222222,HOLD
0.22967456,0.22970714,0,0.2134,HOLD
0.059924737,0.09390729,0,0.2527,APPROVE
0.16882206,0.18102515,0,0.2905,HOLD
0.42546096,0.38633627,0,0.1977,HOLD
0.34975833,0.32577416,0,0.13732307692307694,HOLD
0.71013767,0.6140777,0,0.20742857142857143,HOLD
0.067037106,0.099597186,0,0.4400625,REJECT
0.31299677,0.2963649,0,0.39593333333333336,HOLD
0.77721727,0.66774136,0,0.4659,REJECT
0.090724945,0.11854746,0,0.18842857142857142,APPROVE
0.40780383,0.37221056,0,0.18917142857142857,HOLD
0.27821708,0.26854116,0,0.18015,HOLD
0.42909333,0.38924217,0,0.08347368421052631,HOLD
0.12413087,0.1452722,0,0.12328571428571429,APPROVE
0.42558306,0.38643396,0,0.17360416666666667,HOLD
0.10486913,0.1298628,0,0.23414285714285715,APPROVE
0.44887105,0.40506434,0,0.23336206896551723,HOLD
0.49368614,0.44091642,0,0.1554,HOLD
0.54130447,0.47901106,0,0.14885,HOLD
0.18530707,0.19421315,0,0.08475,HOLD
0.66381,0.5770155,0,0.14095238095238094,HOLD
0.093390875,0.120680206,0,0.21505357142857143,APPROVE
0.13156681,0.15122095,0,0.09948888888888889,HOLD
0.24696454,0.24353912,0,0.08333333333333333,HOLD
0.24070169,0.23852885,0,0.18925714285714285,HOLD
0.04106294,0.07881785,0,0.0952,APPROVE
0.45678222,0.41139328,0,0.17908888888888888,HOLD
0.58749366,0.5159625,1,0.3026,HOLD
0.5930554,0.5204119,0,0.1582222222222222,HOLD
0.268405,0.2606915,0,0.11305333333333334,HOLD
0.56100637,0.49477258,0,0.34056,HOLD
0.16840158,0.18068875,0,0.15,HOLD
0.22284392,0.22424263,0,0.2111,HOLD
0.2342481,0.23336597,0,0.09627142857142858,HOLD
0.20324609,0.20856436,0,0.2757428571428571,HOLD
0.44138312,0.399074,1,0.1887391304347826,HOLD
0.70089775,0.60668576,1,0.11138333333333333,HOLD
0.59314185,0.52048105,0,0.1725263157894737,HOLD
0.26308054,0.25643194,0,0.0542,HOLD
0.027692126,0.0681212,0,0.104375,APPROVE
0.67067754,0.5825096,0,0.193,HOLD
0.4294962,0.38956445,0,0.2142,HOLD
0.21254423,0.21600288,0,0.10388888888888889,HOLD
0.600741,0.52656037,0,0.2716857142857143,HOLD
0.3676076,0.34005356,0,0.29806666666666665,HOLD
0.790225,0.67814755,0,0.12086,REJECT
0.10413948,0.12927908,1,0.10996666666666667,APPROVE
0.3372105,0.3157359,0,0.11696666666666666,HOLD
0.29352102,0.2807843,0,0.1985,HOLD
0.39120904,0.35893473,0,0.10339354838709677,HOLD
0.06468878,0.09771853,0,0.20825,APPROVE
0.7281395,0.6284791,1,0.1332,HOLD
0.04898644,0.08515666,0,0.07333333333333333,APPROVE
0.03685725,0.075453304,0,0.24947252747252746,APPROVE
0.25571302,0.2505379,0,0.07352941176470588,HOLD
0.12452323,0.14558607,0,0.1479264705882353,APPROVE
0.5743423,0.50544137,0,0.1963,HOLD
0.26591954,0.25870314,0,0.118375,HOLD
0.23316664,0.2325008,0,0.2573125,HOLD
0.15052798,0.16638988,0,0.04875,HOLD
0.25375715,0.2489732,0,0.18864516129032258,HOLD
0.5611486,0.49488637,0,0.1815531914893617,HOLD
0.7061014,0.61084867,0,0.21527272727272728,HOLD
0.25352764,0.24878961,0,0.10162857142857143,HOLD
0.68330336,0.59261024,1,0.09376,HOLD
0.3804781,0.35035,1,0.22704,HOLD
0.47190043,0.42348784,0,0.14166666666666666,HOLD
0.18669312,0.19532199,0,0.07455319148936171,HOLD
0.24804942,0.24440703,0,0.0560625,HOLD
0.07308215,0.104433216,0,0.1457,APPROVE
0.467248,0.4197659,0,0.07325,HOLD
0.7959703,0.6827438,0,0.108525,REJECT
0.047780838,0.08419217,0,0.17557446808510638,APPROVE
0.5135064,0.45677263,0,0.20046666666666665,HOLD
0.3074229,0.29190582,0,0.15631111111111112,HOLD
0.3538117,0.32901686,0,0.06666666666666667,HOLD
0.09344317,0.12072203,0,0.224,APPROVE
0.066669196,0.09930286,0,0.1681,APPROVE
0.43568176,0.3945129,1,0.21164444444444444,HOLD
0.026110703,0.066856064,0,0.15142857142857144,APPROVE
0.15413254,0.16927353,0,0.8474,REJECT
0.090885386,0.118675806,0,0.22,APPROVE
0.40486857,0.36986235,0,0.08294285714285714,HOLD
0.5941426,0.52128166,0,0.2336,HOLD
0.884037,0.75319713,1,0.32243333333333335,REJECT
0.19111204,0.19885713,0,0.21292857142857144,HOLD
0.40527043,0.37018383,0,0.19136666666666666,HOLD
0.0525613,0.08801655,0,0.2536875,APPROVE
0.30494297,0.28992188,0,0.3205,HOLD
0.660221,0.5741443,0,0.28485,HOLD
0.24585384,0.24265057,0,0.14746666666666666,HOLD
0.13102452,0.15078712,0,0.04,HOLD
0.5233722,0.46466523,0,0.18637142857142858,HOLD
0.0740952,0.10524366,0,0.1186,APPROVE
0.2735909,0.26484022,0,0.128,HOLD
0.3865891,0.3552388,0,0.23917142857142856,HOLD
0.34773535,0.32415578,0,0.12595744680851065,HOLD
0.045044065,0.08200275,0,0.2380983606557377,APPROVE
0.2999684,0.28594223,0,0.18806896551724137,HOLD
0.42867452,0.3889071,0,0.24053333333333332,HOLD
0.2144725,0.2175455,0,0.1936,HOLD
0.20629643,0.21100463,1,0.5580833333333334,REJECT
0.2012244,0.20694701,0,0.3226,HOLD
0.21992181,0.22190495,0,0.07745714285714286,HOLD
0.43241942,0.39190304,0,0.13552857142857141,HOLD
0.34288862,0.3202784,0,0.07758620689655173,HOLD
0.61510533,0.5380518,0,0.28492,HOLD
0.64170694,0.5593331,0,0.1994,HOLD
0.2239965,0.2251647,0,0.201,HOLD
0.32487056,0.30586395,0,0.18028,HOLD
0.39291018,0.36029565,0,0.16864615384615383,HOLD
0.55459225,0.4896413,0,0.4858,REJECT
0.87552756,0.74638957,0,0.19028571428571428,REJECT
0.4818597,0.43145525,0,0.4772,REJECT
0.2009279,0.20670982,0,0.20062,HOLD
0.05782712,0.092229195,0,0.22283333333333333,APPROVE
0.66253304,0.57599396,0,0.13364,HOLD
0.31751674,0.29998088,0,0.1702,HOLD
0.24092811,0.23870999,0,0.12128,HOLD
0.4497633,0.40577814,1,0.17995,HOLD
0.06342781,0.09670975,0,0.2222222222222222,APPROVE
0.30605292,0.29080984,0,0.236775,HOLD
0.19688918,0.20347883,0,0.15853333333333333,HOLD
0.6007459,0.5265643,0,0.0695625,HOLD
0.23385957,0.23305514,0,0.15631111111111112,HOLD
0.1142907,0.13740006,0,0.1,APPROVE
0.24999142,0.24596062,0,0.2612,HOLD
0.5376622,0.47609726,0,0.146875,HOLD
0.82437426,0.7054669,0,0.11555555555555555,REJECT
0.5278283,0.46823013,0,0.1123,HOLD
0.33054197,0.31040108,0,0.08933333333333333,HOLD
0.39366406,0.36089873,0,0.1266857142857143,HOLD
0.65350026,0.5687677,0,0.11756,HOLD
0.7401196,0.6380632,0,0.0738,HOLD
0.35434723,0.32944527,0,0.1464814814814815,HOLD
0.3517966,0.32740477,1,0.2126,HOLD
0.05035409,0.086250775,0,0.15,APPROVE
0.39290342,0.36029023,0,0.162025,HOLD
0.5815599,0.51121545,0,0.17068333333333333,HOLD
0.55181336,0.48741817,0,0.345,HOLD
0.35788897,0.33227867,0,0.20968571428571428,HOLD
0.11237071,0.13586406,0,0.10768571428571429,APPROVE
0.2703881,0.262278,0,0.15089473684210528,HOLD
0.35369018,0.32891965,0,0.20503333333333335,HOLD
0.08576095,0.11457626,0,0.09678888888888888,APPROVE
0.24511465,0.24205922,0,0.14284,HOLD
0.18483637,0.19383658,0,0.1,HOLD
0.26866016,0.26089564,0,0.24428571428571427,HOLD
0.78204745,0.67160547,1,0.233,REJECT
0.395322,0.3622251,0,0.1596,HOLD
0.61828256,0.54059356,0,0.039877777777777776,HOLD
0.17410034,0.18524776,0,0.17723333333333333,HOLD
0.4257625,0.3865775,0,0.42897142857142856,REJECT
0.5040239,0.44918662,0,0.15352,HOLD
0.68549186,0.594361,0,0.11105,HOLD
0.10645886,0.13113458,0,0.35835,APPROVE
0.28762448,0.27606708,0,0.21412,HOLD
0.7586954,0.6529239,1,0.1353,REJECT
0.3486852,0.32491565,0,0.29125,HOLD
0.6214607,0.54313606,0,0.10085454545454546,HOLD
0.24282232,0.24022534,0,0.15044,HOLD
0.16533437,0.178235,0,0.08685,HOLD
0.36851636,0.3407806,0,0.37133333333333335,HOLD
0.5076123,0.45205733,0,0.34728,HOLD
0.012762582,0.056177568,0,0.23883333333333334,APPROVE
0.52324414,0.4645628,1,0.3147333333333333,HOLD
0.2243528,0.22544974,0,0.08823333333333333,HOLD
0.17546928,0.18634291,0,0.36405,HOLD
0.09527463,0.122187205,0,0.20006,APPROVE
0.06969701,0.10172511,0,0.1896,APPROVE
0.31758642,0.30003664,0,0.1797,HOLD
0.16708986,0.17963938,0,0.04727777777777778,HOLD
0.26220384,0.25573057,0,0.09394285714285715,HOLD
0.3011044,0.28685102,0,0.10655555555555556,HOLD
0.77766496,0.6680995,0,0.13922916666666665,REJECT
0.84588236,0.7226734,0,0.07062,REJECT
0.7683029,0.66060984,0,0.12965714285714286,REJECT
0.30601835,0.29078218,0,0.11753333333333334,HOLD
0.3564374,0.33111742,0,0.17490625,HOLD
0.13689083,0.15548016,0,0.22685714285714287,HOLD
0.43911368,0.39725843,0,0.12675,HOLD
0.3219133,0.30349815,0,0.08768,HOLD
0.45079607,0.40660435,0,0.14552,HOLD
0.11286951,0.1362631,0,0.26122222222222224,APPROVE
0.4094386,0.37351838,0,0.2572394366197183,HOLD
0.1975551,0.20401157,0,0.227,HOLD
0.025854336,0.06665097,0,0.14495,APPROVE
0.32105938,0.302815,0,0.2552,HOLD
0.11993954,0.14191914,0,0.18654761904761905,APPROVE
0.116991356,0.13956058,0,0.09593333333333333,APPROVE
0.34924147,0.32536066,0,0.15516,HOLD
0.88032275,0.7502257,0,0.1716888888888889,REJECT
0.53354967,0.47280723,0,0.09365714285714286,HOLD
0.11849737,0.1407654,0,0.17606666666666668,APPROVE
0.6694754,0.58154786,0,0.10746666666666667,HOLD
0.4410302,0.39879167,0,0.13894,HOLD
0.33788922,0.31627887,0,0.14285714285714285,HOLD
0.13987349,0.15786628,0,0.11870588235294117,HOLD
0.23792216,0.23630522,0,0.1589076923076923,HOLD
0.64805067,0.56440806,0,0.36023529411764704,HOLD
0.04348003,0.08075153,0,0.21463636363636363,APPROVE
0.21909185,0.22124097,0,0.215925,HOLD
0.30259225,0.2880413,0,0.09364,HOLD
0.46211177,0.41565692,0,0.13103846153846155,HOLD
0.08782562,0.11622799,0,0.22508,APPROVE
0.74134684,0.639045,0,0.2537333333333333,HOLD
0.13639674,0.15508488,0,0.10468571428571428,HOLD
0.7327433,0.6321622,0,0.08416666666666667,HOLD
0.119733505,0.1417543,1,0.2017037037037037,APPROVE
0.15173955,0.16735914,0,0.23932857142857142,HOLD
0.09500466,0.12197123,0,0.16753333333333334,APPROVE
0.6921986,0.5997264,1,0.13616666666666666,HOLD
0.71191233,0.6154974,0,0.15016,HOLD
0.21030767,0.21421362,0,0.3846,HOLD
0.4647968,0.41780496,0,0.27235,HOLD
0.12960027,0.14964771,0,0.22075,APPROVE
0.17980589,0.1898122,0,0.20315,HOLD
0.77500093,0.6659683,0,0.1774,REJECT
0.47260195,0.42404905,1,0.1947,HOLD
0.11148133,0.13515256,0,0.15294285714285713,APPROVE
0.25421715,0.2493412,0,0.08842307692307692,HOLD
0.8125485,0.69600636,1,0.117,REJECT
0.61675555,0.53937197,0,0.2405142857142857,HOLD
0.7560716,0.65082484,0,0.20088,REJECT
0.111676075,0.13530836,0,0.20751666666666665,APPROVE
0.36008558,0.33403596,0,0.1875,HOLD
0.15162738,0.1672694,0,0.26628846153846153,HOLD
0.23127773,0.23098968,0,0.17428333333333335,HOLD
0.2271229,0.22766581,0,0.246,HOLD
0.57277995,0.5041915,0,0.3762962962962963,HOLD
0.18927231,0.19738534,0,0.125,HOLD
0.65018326,0.5661141,0,0.2054,HOLD
0.13611473,0.15485927,0,0.21766666666666667,HOLD
0.22051798,0.22238187,0,0.24739285714285714,HOLD
0.6003458,0.52624416,0,0.26951063829787236,HOLD
0.1969072,0.20349325,0,0.26556,HOLD
0.40469363,0.3697224,0,0.1671,HOLD
0.0144087,0.05749446,0,0.16965384615384616,APPROVE
0.33387664,0.3130688,0,0.13568,HOLD
0.29601836,0.2827822,0,0.0411,HOLD
0.22971876,0.2297425,0,0.17484,HOLD
0.5676446,0.5000832,0,0.2625,HOLD
0.30734748,0.29184547,0,0.1462,HOLD
0.1829807,0.19235206,0,0.17307692307692307,HOLD
0.15924343,0.17336224,0,0.16685714285714287,HOLD
0.1533026,0.16860957,0,0.09244444444444444,HOLD
0.54735655,0.48385274,0,0.21222222222222223,HOLD
0.33348966,0.31275922,0,0.14444444444444443,HOLD
0.358703,0.33292988,0,0.18184,HOLD
0.20054504,0.20640352,0,0.15045,HOLD
0.78880304,0.67700994,1,0.203,REJECT
0.40753683,0.37199697,0,0.1,HOLD
0.10466147,0.12969667,0,0.33440740740740743,APPROVE
0.78948975,0.6775593,0,0.08785,REJECT
0.28439972,0.27348727,0,0.14391428571428572,HOLD
0.04350847,0.08077428,0,0.1714875,APPROVE
0.46052134,0.41438457,0,0.209,HOLD
0.26888177,0.2610729,0,0.25665,HOLD
0.2902229,0.27814582,0,0.23005714285714285,HOLD
0.11028235,0.13419338,0,0.19233333333333333,APPROVE
0.12747994,0.14795145,0,0.22508,APPROVE
0.3638223,0.33702534,0,0.0611304347826087,HOLD
0.24044788,0.23832579,0,0.03076923076923077,HOLD
0.32756484,0.30801937,0,0.08,HOLD
0.12540591,0.14629222,0,0.202475,APPROVE
0.043980718,0.081152074,0,0.42368,REJECT
0.20509107,0.21004035,0,0.10811363636363637,HOLD
0.5738048,0.5050114,0,0.19733333333333333,HOLD
0.008723075,0.05294596,0,0.08078,APPROVE
0.7672177,0.6597417,0,0.16666666666666666,REJECT
0.42895794,0.38913384,0,0.15,HOLD
0.17556386,0.18641858,0,0.23594666666666667,HOLD
0.34173575,0.31935608,0,0.18542105263157896,HOLD
0.27792254,0.26830554,0,0.17285,HOLD
0.6590365,0.57319677,0,0.23116,HOLD
0.12925218,0.14936924,0,0.12147142857142858,APPROVE
0.5911126,0.51885766,0,0.21013793103448275,HOLD
0.018385414,0.060675833,0,0.177375,APPROVE
0.19157764,0.19922961,0,0.14953333333333332,HOLD
0.51898056,0.46115196,0,0.07985714285714286,HOLD
0.19624251,0.2029615,0,0.4077222222222222,REJECT
0.07343296,0.104713865,0,0.07777777777777778,APPROVE
0.09718836,0.123718195,0,0.16066666666666668,APPROVE
0.7395863,0.63763654,0,0.27076666666666666,HOLD
0.28924218,0.27736124,0,0.32666666666666666,HOLD
0.6499542,0.5659309,0,0.10465359659526965,HOLD
0.31803143,0.30039263,0,0.14285714285714285,HOLD
0.52288336,0.46427417,0,0.12183333333333334,HOLD
0.4646886,0.41771838,0,0.21951428571428572,HOLD
0.12833825,0.1486381,0,0.25305714285714287,APPROVE
0.5781563,0.5084926,0,0.17491428571428572,HOLD
0.016852047,0.05944914,0,0.0625,APPROVE
0.44782597,0.40422827,0,0.1792,HOLD
0.5895475,0.51760554,1,0.2727,HOLD
0.27892554,0.26910794,0,0.28434,HOLD
0.32312313,0.304466,0,0.15224324324324323,HOLD
0.24904718,0.24520524,0,0.04372,HOLD
0.41299582,0.37636414,0,0.23125,HOLD
0.7827667,0.6721809,0,0.10577142857142857,REJECT
0.36515656,0.33809274,0,0.12416666666666666,HOLD
0.60986316,0.53385806,0,0.25653333333333334,HOLD
0.6080723,0.53242534,0,0.11643333333333333,HOLD
0.074360535,0.10545593,0,0.21565,APPROVE
0.119515345,0.14157978,0,0.44,REJECT
0.06719174,0.099720895,0,0.15,APPROVE
0.7507236,0.6465464,0,0.144,HOLD
0.607032,0.53159314,1,0.13216279069767442,HOLD
0.6315899,0.55123943,1,0.14644444444444443,HOLD
0.32495624,0.3059325,0,0.19546666666666668,HOLD
0.40326616,0.36858043,1,0.08,HOLD
0.11938933,0.14147896,0,0.11193333333333333,APPROVE
0.2604831,0.25435397,0,0.14122222222222222,HOLD
0.11670391,0.13933063,0,0.28368,APPROVE
0.47112307,0.42286596,0,0.2700666666666667,HOLD
0.28287494,0.27226746,0,0.18814545454545453,HOLD
0.72011596,0.6220603,0,0.05758461538461539,HOLD
0.10766769,0.13210166,0,0.21184,APPROVE
0.16786936,0.18026298,0,0.1902258064516129,HOLD
0.35172254,0.32734552,1,0.09782608695652174,HOLD
0.42094868,0.38272643,0,0.35956521739130437,HOLD
0.4711164,0.42286062,0,0.0762,HOLD
0.3392109,0.3173362,0,0.08791891891891893,HOLD
0.25362074,0.24886408,0,0.1011764705882353,HOLD
0.6130034,0.5363702,0,0.2368,HOLD
0.2194128,0.22149773,0,0.16732,HOLD
0.3613537,0.33505046,0,0.1988999224777585,HOLD
0.39424008,0.36135957,0,0.10208,HOLD
0.7250119,0.62597704,0,0.14952,HOLD
0.16404523,0.17720367,0,0.07647058823529412,HOLD
0.39979038,0.36579978,0,0.19524,HOLD
0.42877355,0.38898635,0,0.12963333333333332,HOLD
0.14019816,0.15812603,0,0.1,HOLD
0.27121451,0.26293913,0,0.0904909090909091,HOLD
0.7024158,0.6079002,0,0.2518888888888889,HOLD
0.32217452,0.30370712,0,0.16063333333333332,HOLD
0.573178,0.5045099,0,0.0932,HOLD
0.50486207,0.44985715,0,0.2519777777777778,HOLD
0.08999089,0.11796022,0,0.11623333333333333,APPROVE
0.3709835,0.3427543,0,0.14092592592592593,HOLD
0.28163356,0.27127436,0,0.21641509433962264,HOLD
0.4009656,0.36674,0,0.15310344827586206,HOLD
0.4375788,0.39603055,0,0.2541481481481481,HOLD
0.26157877,0.25523052,0,0.08967213114754098,HOLD
0.80271894,0.68814266,1,0.11026666666666667,REJECT
0.12940393,0.14949064,0,0.1077,APPROVE
0.32438725,0.3054773,0,0.20945,HOLD
0.45096755,0.40674153,0,0.1,HOLD
0.7144122,0.6174973,0,0.3538,HOLD
0.47731182,0.42781696,1,0.21823529411764706,HOLD
0.23272604,0.23214832,0,0.22637142857142858,HOLD
0.18154372,0.19120248,0,0.20094736842105262,HOLD
0.02992354,0.06990633,0,0.2637846153846154,APPROVE
0.16442882,0.17751054,0,0.14285714285714285,HOLD
0.406931,0.3715123,0,0.32348571428571427,HOLD
0.48828843,0.43659824,0,0.4338,REJECT
0.36068785,0.33451778,0,0.32768,HOLD
0.0039536417,0.049130414,0,0.041666666666666664,APPROVE
0.58579445,0.5146031,0,0.14,HOLD
0.59797513,0.52434766,0,0.23304,HOLD
0.058367208,0.09266127,0,0.3782857142857143,APPROVE
0.6899037,0.5978905,0,0.23205882352941176,HOLD
0.33921808,0.31734195,0,0.1715,HOLD
0.9025726,0.7680256,0,0.3234,REJECT
0.38703454,0.3555951,0,0.18303076923076922,HOLD
0.10693685,0.13151698,0,0.09881481481481481,APPROVE
0.22180168,0.22340883,0,0.16895,HOLD
0.20587243,0.21066543,0,0.4006,REJECT
0.027568577,0.06802236,0,0.15,APPROVE
0.7239027,0.6250897,0,0.18273333333333333,HOLD
0.5978031,0.52421004,0,0.07634351949420443,HOLD
0.31608996,0.29883945,0,0.13792,HOLD
0.08606645,0.11482067,0,0.1493,APPROVE
0.25433427,0.2494349,0,0.22113953488372093,HOLD
0.583662,0.51289713,0,0.23685,HOLD
0.17086922,0.18266286,0,0.17936,HOLD
0.21416867,0.21730243,0,0.2476,HOLD
0.37996328,0.34993812,0,0.14502,HOLD
0.06436835,0.097462185,0,0.30711764705882355,APPROVE
0.71983707,0.6218372,0,0.19178,HOLD
0.21012278,0.21406572,0,0.10206666666666667,HOLD
0.5411833,0.47891414,0,0.20044,HOLD
0.40260398,0.3680507,0,0.19294444444444445,HOLD
0.036634825,0.07527536,0,0.17190196078431372,APPROVE
0.40041006,0.36629555,0,0.07643333333333334,HOLD
0.10418973,0.12931928,0,0.13275,APPROVE
0.3198566,0.3018528,0,0.06059615384615385,HOLD
0.012674852,0.056107383,0,0.14929411764705883,APPROVE
0.11337736,0.13666938,0,0.18952,APPROVE
0.2965022,0.28316927,0,0.21265957446808512,HOLD
0.4852545,0.43417108,0,0.173,HOLD
0.18845679,0.19673292,0,0.3346153846153846,HOLD
0.45953524,0.41359568,0,0.21163333333333334,HOLD
0.021582322,0.06323336,0,0.36048837209302326,APPROVE
0.700626,0.6064683,0,0.12746666666666667,HOLD
0.16338968,0.17667924,0,0.08701666666666667,HOLD
0.13944435,0.15752298,0,0.15,HOLD
0.12686208,0.14745715,0,0.17312,APPROVE
0.061493352,0.09516218,0,0.0768,APPROVE
0.44565284,0.40248978,0,0.218,HOLD
0.40280572,0.36821207,0,0.12942857142857142,HOLD
0.099241674,0.12536083,0,0.08211666666666667,APPROVE
0.35394555,0.32912394,0,0.2415,HOLD
0.1268375,0.1474375,0,0.21972,APPROVE
0.2555737,0.25042644,0,0.17843333333333333,HOLD
0.43428487,0.3933954,0,0.115475,HOLD
0.71355766,0.61681366,0,0.1422093023255814,HOLD
0.46133524,0.4150357,0,0.06395081967213115,HOLD
0.12646194,0.14713705,1,0.21873333333333334,APPROVE
0.42339063,0.38468,0,0.13456,HOLD
0.102814786,0.12821932,0,0.12,APPROVE
0.3194969,0.30156502,0,0.37085,HOLD
0.7135897,0.6168393,0,0.108475,HOLD
0.14560254,0.16244952,0,0.051975,HOLD
0.46871775,0.4209417,0,0.2125,HOLD
0.14115736,0.15889338,1,0.14223333333333332,HOLD
0.780954,0.6707307,0,0.2662,REJECT
0.63815826,0.5564941,0,0.10215,HOLD
0.3671862,0.33971643,1,0.144225,HOLD
0.10104313,0.126802,0,0.40226666666666666,REJECT
0.093654566,0.12089116,0,0.2957,APPROVE
0.20795758,0.21233356,0,0.1368,HOLD
0.60374594,0.5289643,0,0.24916666666666668,HOLD
0.04816752,0.08450151,0,0.1103125,APPROVE
0.33334514,0.31264362,0,0.183475,HOLD
0.08496017,0.11393564,0,0.10748,APPROVE
0.36581987,0.3386234,1,0.13603846153846152,HOLD
0.46545774,0.41833368,0,0.11596,HOLD
0.366493,0.33916187,0,0.30094444444444446,HOLD
0.39388916,0.36107883,0,0.2508235294117647,HOLD
0.47044942,0.42232704,0,0.0709111111111111,HOLD
0.17801888,0.1883826,0,0.3,HOLD
0.39340627,0.3606925,0,0.1942,HOLD
0.10227399,0.1277867,0,0.20006666666666667,APPROVE
0.0949961,0.12196439,0,0.21633333333333332,APPROVE
0.16227712,0.17578919,0,0.04862857142857143,HOLD
0.3703998,0.34228733,0,0.2116875,HOLD
0.7017745,0.6073871,0,0.19965,HOLD
0.3052668,0.29018095,0,0.12,HOLD
0.27191633,0.26350057,0,0.18468421052631578,HOLD
0.01892054,0.061103933,0,0.22031666666666666,APPROVE
0.64980984,0.5658154,0,0.0625,HOLD
0.8611447,0.7348833,0,0.21564,REJECT
0.20867509,0.21290757,0,0.17015555555555556,HOLD
0.52505815,0.46601403,0,0.21585714285714286,HOLD
0.26276785,0.25618178,0,0.12614285714285714,HOLD
0.5220507,0.46360803,0,0.8236,REJECT
0.7841506,0.673288,0,0.23156666666666667,REJECT
0.21589062,0.21867998,0,0.03,HOLD
0.371977,0.3435491,0,0.1696,HOLD
0.36890566,0.34109202,0,0.2570571428571429,HOLD
0.7350648,0.6340194,0,0.2486,HOLD
0.5293981,0.46948597,0,0.2568666666666667,HOLD
0.21176046,0.21537586,0,0.29391666666666666,HOLD
0.14173244,0.15935345,0,0.10654,HOLD
0.25220823,0.24773408,0,0.088275,HOLD
0.20863137,0.21287258,0,0.15834285714285715,HOLD
0.28903818,0.27719805,0,0.3101764705882353,HOLD
0.2498139,0.24581861,0,0.16365454545454544,HOLD
0.095312476,0.122217484,0,0.14545454545454545,APPROVE
0.44589403,0.40268272,0,0.288,HOLD
0.049771518,0.08578471,0,0.07562857142857143,APPROVE
0.2280977,0.22844566,0,0.15,HOLD
0.3346498,0.31368732,0,0.21896428571428572,HOLD
0.43045837,0.3903342,0,0.1509,HOLD
0.33471775,0.31374168,0,0.26826666666666665,HOLD
0.6911954,0.59892386,0,0.0882,HOLD
0.38083017,0.35063162,0,0.07142857142857142,HOLD
0.77359504,0.66484356,0,0.1431578947368421,REJECT
0.45077553,0.40658793,0,0.1372,HOLD
0.77096194,0.6627371,1,0.13526666666666667,REJECT
0.38031155,0.35021675,0,0.212225,HOLD
0.27471521,0.26573968,0,0.18007272727272727,HOLD
0.5841369,0.51327705,0,0.14885,HOLD
0.4814488,0.43112653,0,0.07033333333333333,HOLD
0.21186799,0.21546188,0,0.17852,HOLD
0.4216881,0.38331798,0,0.278475,HOLD
0.33769485,0.31612337,0,0.15408,HOLD
0.43163097,0.39127228,0,0.12380769230769231,HOLD
0.3130048,0.29637134,0,0.2659,HOLD
0.19462252,0.2016655,0,0.1254,HOLD
0.20217323,0.20770608,0,0.44116,REJECT
0.35480094,0.32980824,0,0.1688235294117647,HOLD
0.063414045,0.09669874,0,0.2566923076923077,APPROVE
0.57971853,0.5097424,0,0.209275,HOLD
0.08145046,0.111127876,0,0.2675,APPROVE
0.48809364,0.4364424,0,0.21518518518518517,HOLD
0.22044638,0.2223246,0,0.2978,HOLD
0.35492462,0.32990718,0,0.13715384615384615,HOLD
0.16574642,0.17856462,0,0.17602,HOLD
0.18053472,0.19039527,0,0.21160919540229886,HOLD
0.45908868,0.41323844,0,0.1112,HOLD
0.76176775,0.65538174,0,0.2426,REJECT
0.54167074,0.47930408,0,0.07072340425531914,HOLD
0.079493396,0.109562226,0,0.05555555555555555,APPROVE
0.6358412,0.5546405,0,0.202,HOLD
0.62221307,0.543738,0,0.1116,HOLD
0.472896,0.4242843,0,0.19043333333333334,HOLD
0.2383201,0.23662357,0,0.2562,HOLD
0.40452626,0.3695885,0,0.2610222222222222,HOLD
0.3125633,0.29601812,0,0.17422916666666666,HOLD
0.07357196,0.10482507,0,0.22443333333333335,APPROVE
0.3822718,0.35178494,0,0.14351351351351352,HOLD
0.34256473,0.32001927,0,0.25246153846153846,HOLD
0.78203094,0.6715923,0,0.25529411764705884,REJECT
0.1057714,0.13058461,0,0.07842,APPROVE
0.59722066,0.52374405,0,0.18216666666666667,HOLD
0.4348319,0.393833,0,0.18663333333333335,HOLD
0.27403307,0.26519397,0,0.2,HOLD
0.73930097,0.6374083,0,0.21183333333333335,HOLD
0.26453915,0.25759882,0,0.2986666666666667,HOLD
0.09108528,0.118835725,0,0.2003529411764706,APPROVE
0.2763752,0.26706767,0,0.4111666666666667,REJECT
0.7291229,0.62926584,0,0.1465142857142857,HOLD
0.060107525,0.09405352,0,0.23375510204081631,APPROVE
0.3975393,0.36399892,0,0.2834375,HOLD
0.30133203,0.2870331,0,0.25536,HOLD
0.606462,0.53113717,0,0.15145,HOLD
0.5498881,0.48587796,1,0.12366666666666666,HOLD
0.12640062,0.14708799,0,0.32317142857142855,APPROVE
0.69047976,0.59835136,0,0.15538,HOLD
0.10358876,0.12883851,0,0.29795698924731184,APPROVE
0.2706557,0.26249206,0,0.2947272727272727,HOLD
0.44403952,0.4011991,0,0.21785,HOLD
0.20834574,0.21264409,0,0.20552,HOLD
0.19013931,0.19807895,0,0.22506666666666666,HOLD
0.45579475,0.41060328,0,0.3844,HOLD
0.26264423,0.2560829,0,0.3316,HOLD
0.27249813,0.263966,0,0.06679166666666667,HOLD
0.030582305,0.07043334,0,0.06818181818181818,APPROVE
0.5636866,0.49691677,0,0.24056756756756756,HOLD
0.8744659,0.74554026,0,0.1332,REJECT
0.48616073,0.43489608,0,0.075,HOLD
0.5409252,0.47870767,1,0.2343529411764706,HOLD
0.08727374,0.1157865,0,0.29545454545454547,APPROVE
0.05045586,0.086332195,0,0.08784,APPROVE
0.56698906,0.49955875,0,0.43176,REJECT
0.4464775,0.4031495,1,0.08518,HOLD
0.2763459,0.26704422,0,0.11898333333333333,HOLD
0.29542714,0.2823092,0,0.15,HOLD
0.021842081,0.063441165,0,0.15968888888888888,APPROVE
0.51156163,0.4552168,0,0.12,HOLD
0.51796055,0.46033594,0,0.0904,HOLD
0.5494934,0.4855622,1,0.15,HOLD
0.15176566,0.16738002,0,0.06838888888888889,HOLD
0.3449974,0.32196543,0,0.10790697674418605,HOLD
0.43625772,0.39497367,0,0.21132,HOLD
0.0776018,0.10804894,0,0.81948,REJECT
0.32194716,0.3035252,0,0.19831428571428572,HOLD
0.5455979,0.48244584,0,0.27143333333333336,HOLD
0.18135504,0.19105153,0,0.1934776119402985,HOLD
0.06572701,0.098549105,0,0.1009,APPROVE
0.2439187,0.24110246,0,0.14083636363636365,HOLD
0.82672083,0.7073442,1,0.13216666666666665,REJECT
0.19302985,0.20039137,0,0.13795121951219513,HOLD
0.14109698,0.15884508,0,0.18948235294117646,HOLD
0.30654737,0.2912054,0,0.14444444444444443,HOLD
0.2116298,0.21527132,0,0.06358333333333334,HOLD
0.69540906,0.6022948,0,0.1926,HOLD
0.6228865,0.5442767,0,0.2924,HOLD
0.42533627,0.38623652,0,0.2585294117647059,HOLD
0.29716465,0.2836992,0,0.1842,HOLD
0.395348,0.36224592,0,0.14058,HOLD
0.08072786,0.110549785,0,0.2284,APPROVE
0.14106292,0.15881783,0,0.07944,HOLD
0.18777077,0.19618411,0,0.11913888888888889,HOLD
0.6276034,0.5480503,0,0.12491428571428571,HOLD
0.21914567,0.22128403,0,0.35808,HOLD
0.34807488,0.3244274,1,0.21706666666666666,HOLD
0.12344994,0.14472744,0,0.13402857142857144,APPROVE
0.19183405,0.19943473,0,0.10926666666666666,HOLD
0.5008171,0.44662118,0,0.12872,HOLD
0.20630985,0.21101537,0,0.20466666666666666,HOLD
0.6908278,0.5986298,0,0.051156521739130434,HOLD
0.2997141,0.28573877,0,0.17316666666666666,HOLD
0.6961488,0.60288656,0,0.2959333333333333,HOLD
0.14630131,0.16300854,0,0.11731111111111112,HOLD
0.30881152,0.2930167,0,0.10508,HOLD
0.12163708,0.14327717,0,0.25321875,APPROVE
0.7962672,0.6829813,0,0.13610714285714287,REJECT
0.14513262,0.16207358,0,0.3718666666666667,HOLD
0.5311694,0.47090304,1,0.2046111111111111,HOLD
0.6216997,0.5433273,0,0.26481818181818184,HOLD
0.7111055,0.61485195,0,0.3195,HOLD
0.086398005,0.11508591,0,0.1417142857142857,APPROVE
0.1080056,0.13237198,0,0.1618888888888889,APPROVE
0.26896715,0.2611412,0,0.24676,HOLD
0.4684719,0.42074502,1,0.2128157894736842,HOLD
0.4502186,0.40614235,0,0.4004666666666667,REJECT
0.2600222,0.25398526,0,0.12589595375722543,HOLD
0.6357111,0.5545364,1,0.1334,HOLD
0.10148315,0.12715402,0,0.23748,APPROVE
0.65892357,0.5731064,1,0.40844444444444444,REJECT
0.5948251,0.52182764,1,0.05573,HOLD
0.76883966,0.66103923,0,0.4389090909090909,REJECT
0.49423015,0.44135162,0,0.17,HOLD
0.25046456,0.24633914,0,0.16916666666666666,HOLD
0.35960063,0.333648,0,0.06877142857142857,HOLD
0.29827777,0.2845897,0,0.13333333333333333,HOLD
0.08539829,0.11428613,0,0.06845,APPROVE
0.21410733,0.21725336,0,0.114,HOLD
0.2061767,0.21090885,0,0.2898,HOLD
0.19959317,0.20564203,0,0.17585,HOLD
0.2326098,0.23205532,0,0.0985,HOLD
0.77728045,0.6677919,1,0.2473103448275862,REJECT
0.14918378,0.16531453,0,0.3927333333333333,HOLD
0.10009825,0.12604609,0,0.16422222222222221,APPROVE
0.5875404,0.51599985,0,0.21132,HOLD
0.5215217,0.46318483,0,0.23242857142857143,HOLD
0.36353984,0.33679938,0,0.1588,HOLD
0.29750133,0.28396857,0,0.19957142857142857,HOLD
0.64430434,0.561411,0,0.13525,HOLD
0.20986193,0.21385704,0,0.28325,HOLD
0.1872288,0.19575053,0,0.1356,HOLD
0.5116348,0.45527536,0,0.3116153846153846,HOLD
0.28904584,0.2772042,0,0.24693333333333334,HOLD
0.24145313,0.23912999,0,0.18244,HOLD
0.23286584,0.23226017,0,0.0678,HOLD
0.46222332,0.41574615,0,0.09355,HOLD
0.17324658,0.18456475,0,0.3358,HOLD
0.5086858,0.45291615,0,0.11874418604651163,HOLD
0.35257393,0.32802665,0,0.13043478260869565,HOLD
0.3923359,0.35983622,0,0.1712,HOLD
0.0807936,0.11060239,0,0.18952,APPROVE
0.34000772,0.31797367,0,0.13426275667879953,HOLD
0.61710507,0.5396516,0,0.27788,HOLD
0.07907623,0.109228484,0,0.13665,APPROVE
0.4736995,0.42492712,1,0.06236666666666667,HOLD
0.2658701,0.25866356,0,0.1428125,HOLD
0.3689588,0.34113455,0,0.27996666666666664,HOLD
0.43806332,0.39641815,0,0.13102857142857144,HOLD
0.1543136,0.16941836,0,0.06613636363636363,HOLD
0.6603351,0.5742356,0,0.0945,HOLD
0.37153205,0.34319314,0,0.137,HOLD
0.54320735,0.48053336,0,0.13874285714285714,HOLD
0.36882934,0.34103096,0,0.24165,HOLD
0.5161713,0.4589045,0,0.15248571428571428,HOLD
0.052720793,0.08814413,0,0.22513333333333332,APPROVE
0.098914936,0.12509945,0,0.06666666666666667,APPROVE
0.32848594,0.30875623,0,0.194575,HOLD
0.3418775,0.31946948,0,0.1755,HOLD
0.5940568,0.521213,0,0.1173157894736842,HOLD
0.026036598,0.06679678,0,0.12756,APPROVE
0.7282133,0.6285382,1,0.106175,HOLD
0.22245719,0.22393323,0,0.15472727272727274,HOLD
0.12270198,0.14412908,0,0.1452,APPROVE
0.1727172,0.18414125,0,0.214175,HOLD
0.3279017,0.30828884,0,0.2416,HOLD
0.08338489,0.112675406,0,0.15418333333333334,APPROVE
0.15480575,0.1698121,0,0.29336666666666666,HOLD
0.15780403,0.17221071,0,0.052514285714285715,HOLD
0.19301589,0.2003802,0,0.2183,HOLD
0.8309928,0.7107618,1,0.06631666666666666,REJECT
0.08176968,0.11138325,0,0.10714285714285714,APPROVE
0.21018597,0.21411628,0,0.1997375,HOLD
0.536839,0.4754387,1,0.09947142857142857,HOLD
0.3517475,0.32736552,1,0.4189333333333333,REJECT
0.3864903,0.35515973,1,0.12589583333333335,HOLD
0.030084824,0.07003536,0,0.1258,APPROVE
0.43238956,0.39187914,1,0.06565714285714286,HOLD
0.2266421,0.22728117,0,0.27873333333333333,HOLD
0.062866546,0.096260734,0,0.20912820512820512,APPROVE
0.39228147,0.35979268,0,0.18932142857142858,HOLD
0.5428453,0.48024374,0,0.41575,REJECT
0.22428733,0.22539736,0,0.17364,HOLD
0.010809481,0.054615088,0,0.064525,APPROVE
0.286429,0.2751107,0,0.23742857142857143,HOLD
0.20398216,0.20915322,0,0.38985714285714285,HOLD
0.54782104,0.48422432,0,0.20457777777777778,HOLD
0.06850811,0.10077399,0,0.15,APPROVE
0.44794458,0.40432316,0,0.148875,HOLD
0.27445087,0.2655282,0,0.06655555555555556,HOLD
0.23130849,0.23101428,0,0.1749111111111111,HOLD
0.6634105,0.5766959,0,0.48291666666666666,REJECT
0.72971016,0.62973565,0,0.20493333333333333,HOLD
0.062143818,0.095682554,0,0.16143333333333335,APPROVE
0.3389814,0.31715262,0,0.35604,HOLD
0.22439486,0.22548337,0,0.20596666666666666,HOLD
0.41885966,0.38105524,0,0.4057,REJECT
0.3117496,0.29536718,0,0.2,HOLD
0.36397636,0.33714858,0,0.2015,HOLD
0.18234682,0.19184496,0,0.25444285714285714,HOLD
0.81238353,0.69587433,1,0.1362,REJECT
0.259916,0.25390032,0,0.060828571428571426,HOLD
0.16845676,0.1807329,0,0.10597777777777778,HOLD
0.31304052,0.29639992,0,0.05714285714285714,HOLD
0.3232018,0.30452895,0,0.14356,HOLD
0.803488,0.68875796,1,0.07656,REJECT
0.051527664,0.08718964,0,0.0842,APPROVE
0.1982804,0.20459181,0,0.08193877551020408,HOLD
0.4696406,0.42167997,0,0.10533333333333333,HOLD
0.40356466,0.36881924,1,0.21128,HOLD
0.076863386,0.10745821,0,0.19173333333333334,APPROVE
0.6203874,0.54227746,0,0.2819090909090909,HOLD
0.6381572,0.5564933,0,0.149075,HOLD
0.45146316,0.40713802,0,0.11925714285714285,HOLD
0.24247156,0.23994474,1,0.11596,HOLD
0.6738054,0.58501184,0,0.1346875,HOLD
0.07502234,0.10598537,0,0.289125,APPROVE
0.6028747,0.5282673,0,0.2677727272727273,HOLD
0.5334315,0.47271267,1,0.24066,HOLD
0.35211328,0.32765812,0,0.13531428571428572,HOLD
0.15624304,0.17096193,0,0.084,HOLD
0.7044632,0.6095381,0,0.30105,HOLD
0.32430044,0.30540785,0,0.12585714285714286,HOLD
0.5852392,0.5141589,0,0.2913,HOLD
0.4874412,0.43592048,0,0.328375,HOLD
0.17154247,0.18320146,0,0.17895,HOLD
0.8303683,0.7102622,0,0.16914285714285715,REJECT
0.2119826,0.21555357,0,0.11594,HOLD
0.6277776,0.5481896,0,0.28894,HOLD
0.17142294,0.18310584,0,0.28135,HOLD
0.39169416,0.35932282,0,0.07937313432835821,HOLD
0.47451627,0.4255805,0,0.2718333333333333,HOLD
0.35776904,0.33218274,0,0.1630888888888889,HOLD
0.49506125,0.44201648,0,0.26836666666666664,HOLD
0.2578468,0.25224495,0,0.23919354838709678,HOLD
0.11983044,0.14183185,0,0.09671111111111111,APPROVE
0.36171472,0.33533928,0,0.051366666666666665,HOLD
0.3098537,0.29385045,0,0.25,HOLD
0.28846875,0.2767425,0,0.10398461538461538,HOLD
0.48603305,0.43479395,1,0.24155,HOLD
0.27956828,0.26962212,0,0.24136666666666667,HOLD
0.07664301,0.107281916,0,0.10482608695652174,APPROVE
0.09924234,0.12536137,0,0.10823333333333333,APPROVE
0.0930199,0.12038342,0,0.08265454545454545,APPROVE
0.14696303,0.16353792,0,0.08328888888888888,HOLD
0.19652155,0.20318474,0,0.12417647058823529,HOLD
0.2984179,0.28470182,0,0.1816,HOLD
0.1202926,0.14220157,0,0.07607142857142857,APPROVE
0.29025674,0.27817288,0,0.177775,HOLD
0.7673944,0.6598831,0,0.3087878787878788,REJECT
0.25360134,0.24884857,0,0.2727,HOLD
0.57883525,0.50903577,0,0.2559,HOLD
0.3370884,0.3156382,0,0.0799625,HOLD
0.4243693,0.38546294,0,0.06818181818181818,HOLD
0.1632697,0.17658325,0,0.10024242424242424,HOLD
0.1143437,0.13744245,0,0.362,APPROVE
0.5989132,0.5250981,0,0.2284857142857143,HOLD
0.62784374,0.5482425,0,0.28696666666666665,HOLD
0.66914713,0.58128524,0,0.1746,HOLD
0.3827172,0.35214126,0,0.1611,HOLD
0.49867338,0.4449062,0,0.09126666666666666,HOLD
0.39709756,0.36364555,0,0.20003333333333334,HOLD
0.5598113,0.49381652,0,0.27316,HOLD
0.15982138,0.1738246,0,0.08571428571428572,HOLD
0.4387833,0.3969941,0,0.1663,HOLD
0.03509762,0.0740456,0,0.13445714285714286,APPROVE
0.13852595,0.15678826,0,0.2744666666666667,HOLD
0.50629604,0.45100433,0,0.17861428571428573,HOLD
0.3501684,0.32610223,0,0.11213333333333333,HOLD
0.44026867,0.39818242,0,0.19995,HOLD
0.48663363,0.4352744,0,0.17609523809523808,HOLD
0.34932595,0.32542825,0,0.12931428571428571,HOLD
0.34543025,0.3223117,0,0.253,HOLD
0.20176661,0.20738079,0,0.1291,HOLD
0.18717857,0.19571035,0,0.34375,HOLD
0.29491183,0.28189698,0,0.1462,HOLD
0.3261947,0.30692327,0,0.16678947368421052,HOLD
0.27080172,0.2626089,0,0.29815,HOLD
0.44463366,0.40167442,0,0.219975,HOLD
0.9046762,0.7697085,0,0.06043333333333333,REJECT
0.029238716,0.069358476,0,0.24172727272727274,APPROVE
0.15592022,0.17070368,1,0.06735555555555556,HOLD
0.43607947,0.39483106,1,0.0875,HOLD
0.8867004,0.7553278,1,0.20313333333333333,REJECT
0.06761113,0.1000564,0,0.08375,APPROVE
0.04721378,0.08373853,0,0.12222222222222222,APPROVE
0.35018042,0.32611182,0,0.10622222222222222,HOLD
0.6678954,0.5802838,0,0.09528,HOLD
0.7212393,0.622959,0,0.27415,HOLD
0.30215192,0.28768903,0,0.2061,HOLD
0.5310888,0.47083855,0,0.16,HOLD
0.39282596,0.36022827,0,0.2942,HOLD
0.51193994,0.45551944,0,0.14588571428571429,HOLD
0.4237121,0.38493717,0,0.06666666666666667,HOLD
0.042533204,0.07999406,0,0.32518,APPROVE
0.19990994,0.20589544,1,0.5448,REJECT
0.3952692,0.36218286,0,0.20014285714285715,HOLD
0.38260835,0.35205418,0,0.09440384615384616,HOLD
0.6447668,0.561781,0,0.28632,HOLD
0.2816947,0.27132326,0,0.14145454545454544,HOLD
0.4098032,0.37381005,0,0.2247,HOLD
0.21770868,0.22013444,0,0.27117208672086723,HOLD
0.85070777,0.7265338,1,0.171325,REJECT
0.28402767,0.27318963,0,0.22025,HOLD
0.2883775,0.2766695,0,0.144175,HOLD
0.08701124,0.1155765,0,0.0375,APPROVE
0.519907,0.46189308,0,0.2616,HOLD
0.02056287,0.062417798,0,0.2806166666666667,APPROVE
0.6151996,0.53812724,1,0.318625,HOLD
0.5905851,0.51843566,1,0.07738,HOLD
0.64455104,0.5616084,0,0.11844,HOLD
0.67905545,0.5892119,0,0.21343333333333334,HOLD
0.2807935,0.2706023,0,0.119,HOLD
0.5880991,0.5164468,0,0.11,HOLD
0.1884386,0.19671836,0,0.12711111111111112,HOLD
0.6627793,0.57619095,0,0.3269244362762423,HOLD
0.1915677,0.19922166,0,0.14862068965517242,HOLD
0.3669244,0.339507,0,0.15,HOLD
0.2674154,0.25989982,0,0.1802,HOLD
0.42185968,0.38345525,0,0.0485,HOLD
0.33893535,0.31711578,0,0.1878,HOLD
0.3906783,0.35851014,0,0.3201333333333333,HOLD
0.5580802,0.49243164,0,0.1,HOLD
0.5198337,0.46183443,0,0.12765,HOLD
0.062530756,0.09599211,0,0.14741176470588235,APPROVE
0.5796815,0.50971276,1,0.16214285714285714,HOLD
0.67508835,0.58603823,0,0.37,HOLD
0.15426323,0.16937807,0,0.08683636363636364,HOLD
0.09793798,0.12431789,0,0.1478,APPROVE
0.2900863,0.27803653,0,0.06666666666666667,HOLD
0.24412149,0.24126469,0,0.17968,HOLD
0.28232297,0.27182588,0,0.11228888888888888,HOLD
0.075073816,0.10602655,0,0.3944666666666667,APPROVE
0.21971914,0.22174281,0,0.24216,HOLD
0.22775415,0.22817081,0,0.05714285714285714,HOLD
0.65774083,0.5721602,0,0.28852941176470587,HOLD
0.20306082,0.20841615,0,0.4308,REJECT
0.5843594,0.5134551,1,0.042725,HOLD
0.06900042,0.101167835,0,0.24636,APPROVE
0.22287479,0.22426732,0,0.06428571428571428,HOLD
0.1959663,0.20274054,0,0.07966666666666666,HOLD
0.5605341,0.49439478,0,0.15,HOLD
0.32459503,0.30564353,0,0.38652631578947366,HOLD
0.3361876,0.31491756,0,0.06464444444444445,HOLD
0.636636,0.55527633,0,0.2686,HOLD
0.09339146,0.12068067,0,0.3921428571428571,APPROVE
0.33546156,0.31433675,0,0.3589333333333333,HOLD
0.80482554,0.689828,1,0.3126,REJECT
0.4932537,0.44057047,1,0.08,HOLD
0.31494316,0.29792202,1,0.40415384615384614,REJECT
0.08030573,0.110212095,0,0.130525,APPROVE
0.5549484,0.48992622,0,0.165,HOLD
0.28399858,0.27316636,0,0.1572,HOLD
0.42749426,0.3879629,0,0.143,HOLD
0.17209846,0.18364626,0,0.23486666666666667,HOLD
0.35643148,0.33111268,0,0.079825,HOLD
0.55886817,0.49306202,1,0.189425,HOLD
0.5294971,0.46956515,0,0.10714285714285714,HOLD
0.19752003,0.20398352,0,0.1478,HOLD
0.7952381,0.682158,1,0.15235,REJECT
0.58081335,0.5106182,0,0.12465,HOLD
0.033737034,0.07295713,0,0.19904285714285713,APPROVE
0.35248777,0.32795772,0,0.217375,HOLD
0.60973644,0.5337567,1,0.146,HOLD
0.39193147,0.3595127,0,0.26829411764705885,HOLD
0.04847361,0.08474639,0,0.153875,APPROVE
0.5735061,0.5047724,0,0.249,HOLD
0.093559474,0.120815076,0,0.18385714285714286,APPROVE
0.52783084,0.46823215,0,0.38853333333333334,HOLD
0.6670372,0.5795973,0,0.31995238095238093,HOLD
0.061141692,0.09488086,0,0.14444444444444443,APPROVE
0.39591944,0.36270306,0,0.05848,HOLD
0.129139,0.1492787,0,0.1725813953488372,APPROVE
0.8527156,0.72814,0,0.21526666666666666,REJECT
0.7589142,0.6530989,0,0.2335813953488372,REJECT
0.283344,0.2726427,0,0.08989333333333334,HOLD
0.27280173,0.26420888,0,0.08369230769230769,HOLD
0.3737191,0.34494278,1,0.10170588235294117,HOLD
0.20124608,0.20696436,0,0.20308333333333334,HOLD
0.4210514,0.38280863,1,0.06750588235294118,HOLD
0.101907045,0.12749313,0,0.04845714285714286,APPROVE
0.20566462,0.21049918,0,0.22026923076923077,HOLD
0.35512522,0.33006766,0,0.18596,HOLD
0.5020252,0.44758764,0,0.059158333333333334,HOLD
0.38128546,0.35099587,0,0.25027027027027027,HOLD
0.41701546,0.37957987,0,0.0666,HOLD
0.57759464,0.5080432,0,0.086175,HOLD
0.25878927,0.25299892,0,0.088575,HOLD
0.66891485,0.5810994,0,0.19333333333333333,HOLD
0.25651616,0.25118044,0,0.07054736842105264,HOLD
0.1361075,0.1548535,0,0.17097142857142858,HOLD
0.33675617,0.31537244,0,0.26993333333333336,HOLD
0.37134972,0.34304726,0,0.10965,HOLD
0.50793535,0.45231578,0,0.05276,HOLD
0.13036753,0.15026152,0,0.20033333333333334,HOLD
0.042710003,0.0801355,0,0.16793939393939394,APPROVE
0.09035543,0.11825185,0,0.20821052631578948,APPROVE
0.058122523,0.09246552,0,1.3015,REJECT
0.09548823,0.12235809,0,0.09968181818181818,APPROVE
0.5286351,0.46887556,0,0.1954,HOLD
0.21168433,0.21531495,0,0.17296666666666666,HOLD
0.7427911,0.64020044,0,0.14283333333333334,HOLD
0.52999765,0.4699656,1,0.2379,HOLD
0.616914,0.53949875,0,0.28,HOLD
0.124084435,0.14523505,0,0.37335,APPROVE
0.5599684,0.49394223,0,0.3260344827586207,HOLD
0.8852415,0.75416076,0,0.17856,REJECT
0.037602857,0.07604978,0,0.40084615384615385,REJECT
0.58226,0.51177555,0,0.1784814814814815,HOLD
0.18988311,0.19787398,0,0.3993,HOLD
0.8327497,0.7121673,0,0.1526,REJECT
0.4603533,0.41425014,0,0.17236,HOLD
0.17867373,0.18890648,0,0.3345,HOLD
0.17238668,0.18387683,0,0.11489090909090909,HOLD
0.2801863,0.27011654,0,0.16728888888888888,HOLD
0.4269202,0.38750365,0,0.24353333333333332,HOLD
0.24587397,0.24266668,0,0.19845,HOLD
0.45566052,0.4104959,0,0.3625555555555556,HOLD
0.08818458,0.11651517,0,0.1058875,APPROVE
0.13630553,0.15501192,0,0.13044,HOLD
0.5968884,0.52347827,0,0.3033,HOLD
0.7149348,0.6179154,0,0.20596153846153847,HOLD
0.81525713,0.6981732,1,0.22105555555555556,REJECT
0.12924846,0.14936626,0,0.09166666666666666,APPROVE
0.28563297,0.27447388,0,0.3084857142857143,HOLD
0.4143218,0.37742496,0,0.15954285714285715,HOLD
0.05485786,0.089853786,0,0.18333333333333332,APPROVE
0.39706725,0.3636213,0,0.22333333333333333,HOLD
0.30183047,0.28743187,0,0.16664285714285715,HOLD
0.15814403,0.17248271,0,0.09736,HOLD
0.12696943,0.14754304,0,0.1507,APPROVE
0.10334988,0.1286474,0,0.09217142857142857,APPROVE
0.057647888,0.092085816,0,0.43196,REJECT
0.4387553,0.39697173,0,0.17578125,HOLD
0.3075826,0.29203358,0,0.43188,REJECT
0.037990548,0.076359935,0,0.037475,APPROVE
0.12969975,0.1497273,0,0.4096,REJECT
0.7540945,0.6492431,0,0.22386666666666666,HOLD
0.110006854,0.13397297,0,0.31716,APPROVE
0.58438253,0.5134736,0,0.21668,HOLD
0.0032300272,0.048551522,0,0.24593333333333334,APPROVE
0.28117645,0.27090865,0,0.10995555555555556,HOLD
0.40492758,0.36990955,0,0.284175,HOLD
0.62112993,0.5428715,0,0.1,HOLD
0.85277873,0.72819054,0,0.1755,REJECT
0.43578288,0.3945938,0,0.195,HOLD
0.15449135,0.16956058,0,0.13854,HOLD
0.050386194,0.08627646,0,0.13597142857142858,APPROVE
0.18412608,0.19326836,0,0.11984444444444445,HOLD
0.67555034,0.5864078,0,0.16625,HOLD
0.52642983,0.46711135,0,0.15,HOLD
0.24136412,0.2390588,0,0.3837353123067409,HOLD
0.13779575,0.15620409,0,0.2026,HOLD
0.13066973,0.15050328,0,0.21322222222222223,HOLD
0.1380012,0.15636846,0,0.14892,HOLD
0.16477893,0.17779064,0,0.1423,HOLD
0.54530567,0.48221204,0,0.2794375,HOLD
0.34870893,0.32493463,0,0.15,HOLD
0.19419113,0.2013204,0,0.1174,HOLD
0.13553044,0.15439186,0,0.1438,HOLD
0.61933064,0.5414321,0,0.17509333333333332,HOLD
0.49612674,0.4428689,0,0.0740421052631579,HOLD
0.18524975,0.19416729,0,0.3404,HOLD
0.6034472,0.5287253,0,0.2160857142857143,HOLD
0.37279287,0.3442018,0,0.07245454545454545,HOLD
0.6889334,0.5971142,1,0.1332,HOLD
0.3641037,0.33725047,0,0.2357142857142857,HOLD
0.29139432,0.27908295,0,0.1942,HOLD
0.6791717,0.58930486,0,0.17101666666666668,HOLD
0.39915052,0.3652879,1,0.27903333333333336,HOLD
0.27802762,0.2683896,0,0.18597142857142857,HOLD
0.1496478,0.16568574,0,0.05921052631578947,HOLD
0.29962838,0.2856702,0,0.17172,HOLD
0.2563805,0.2510719,0,0.14264,HOLD
0.22821072,0.22853607,0,0.0799,HOLD
0.48556346,0.43441826,0,0.12686666666666666,HOLD
0.46499628,0.41796452,0,0.13206666666666667,HOLD
0.74330014,0.64060766,0,0.22163333333333332,HOLD
0.820275,0.70218754,0,0.1085,REJECT
0.5048738,0.44986653,0,0.2342,HOLD
0.40546337,0.3703382,0,0.2008,HOLD
0.72738224,0.6278733,0,0.07853191489361702,HOLD
0.45034882,0.40624654,1,0.3197,HOLD
0.29126585,0.27898017,0,0.13715555555555556,HOLD
0.09068509,0.11851557,0,0.078475,APPROVE
0.5580585,0.4924143,0,0.18916666666666668,HOLD
0.68814665,0.59648484,0,0.2662,HOLD
0.09950221,0.12556927,0,0.22414285714285714,APPROVE
0.3409463,0.3187245,0,0.08834285714285714,HOLD
0.15113302,0.1668739,0,0.024133333333333333,HOLD
0.32171527,0.30333972,0,0.2240967741935484,HOLD
0.18675992,0.19537543,0,0.1125,HOLD
0.66977715,0.58178926,0,0.07655172413793103,HOLD
0.44795376,0.4043305,0,0.160525,HOLD
0.3032295,0.28855112,0,0.18396,HOLD
0.1298326,0.14983357,0,0.11632,APPROVE
0.31672814,0.29935002,0,0.220125,HOLD
0.46978402,0.4217947,0,0.12923076923076923,HOLD
0.4405528,0.39840972,0,0.18268571428571428,HOLD
0.71379596,0.6170043,0,0.28204,HOLD
0.24426207,0.24137715,0,0.14835,HOLD
0.105045766,0.13000411,0,0.19713333333333333,APPROVE
0.20603852,0.21079831,0,0.31603846153846155,HOLD
0.5938813,0.52107257,0,0.2104,HOLD
0.5932518,0.520569,0,0.3413888888888889,HOLD
0.38872892,0.35695064,0,0.1581142857142857,HOLD
0.47124174,0.42296088,1,0.1838,HOLD
0.40045875,0.3663345,0,0.22523333333333334,HOLD
0.28776243,0.27617744,0,0.21778571428571428,HOLD
0.83919394,0.7173227,0,0.10696666666666667,REJECT
0.27427697,0.26538908,0,0.19324,HOLD
0.63486534,0.55385983,0,0.196975,HOLD
0.33824903,0.3165667,0,0.18731111111111112,HOLD
0.111072235,0.13482529,0,0.19207272727272728,APPROVE
0.6820194,0.5915831,0,0.19028571428571428,HOLD
0.104939036,0.12991872,0,0.15,APPROVE
0.09249556,0.11996395,0,0.0682,APPROVE
0.5404465,0.4783247,0,0.140625,HOLD
0.2569336,0.25151438,1,0.35614285714285715,HOLD
0.606994,0.53156275,0,0.089,HOLD
0.54647595,0.48314825,0,0.1277090909090909,HOLD
0.49595612,0.4427324,0,0.19104,HOLD
0.352266,0.3277803,0,0.1083,HOLD
0.20665763,0.2112936,0,0.10926666666666666,HOLD
0.7043574,0.60945344,0,0.10732142857142857,HOLD
0.4975917,0.44404086,0,0.10344827586206896,HOLD
0.39871803,0.36494192,0,0.4192,REJECT
0.48077404,0.43058673,0,0.15203333333333333,HOLD
0.69100124,0.59876853,0,0.175,HOLD
0.31674135,0.29936057,0,0.31360714285714286,HOLD
0.28003436,0.269995,0,0.2802,HOLD
0.28695774,0.2755337,0,0.16065,HOLD
0.5925395,0.51999915,0,0.4069333333333333,REJECT
0.26063752,0.25447753,0,0.022222222222222223,HOLD
0.44781852,0.4042223,0,0.23797222222222222,HOLD
0.4121591,0.37569475,0,0.19517142857142858,HOLD
0.60134035,0.5270398,0,0.18635,HOLD
0.113251045,0.13656834,0,0.3010833333333333,APPROVE
0.27196223,0.2635373,0,0.09825714285714286,HOLD
0.26368895,0.25691867,0,0.12,HOLD
0.12120971,0.14293526,0,0.14926666666666666,APPROVE
0.3797897,0.34979928,0,0.05468571428571429,HOLD
0.40612504,0.37086752,0,0.18816666666666668,HOLD
0.28755322,0.27601007,0,0.19372,HOLD
0.02876342,0.068978235,0,0.23981176470588236,APPROVE
0.334069,0.3132227,0,0.16910526315789473,HOLD
0.14856033,0.16481575,0,0.1131,HOLD
0.18277505,0.19218753,0,0.403,REJECT
0.22057223,0.22242528,0,0.15671428571428572,HOLD
0.29993182,0.28591296,0,0.0584,HOLD
0.50748426,0.4519549,0,0.227,HOLD
0.34932464,0.3254272,0,0.17693333333333333,HOLD
0.49433315,0.44143403,0,0.23053333333333334,HOLD
0.34408736,0.3212374,0,0.17942857142857144,HOLD
0.082004204,0.11157087,0,0.17513636363636365,APPROVE
0.3543158,0.32942012,0,0.22526,HOLD
0.60036033,0.5262558,0,0.11792,HOLD
0.39002573,0.3579881,0,0.1353,HOLD
0.3808213,0.35062453,0,0.25766666666666665,HOLD
0.6575353,0.5719958,0,0.14406666666666668,HOLD
0.38684133,0.35544056,0,0.09998,HOLD
0.08838736,0.116677396,0,0.25785714285714284,APPROVE
0.1747241,0.18574677,0,0.15541428571428573,HOLD
