y_true,pd_score,pred_label
0,0.6460154561786882,1
0,0.1710986332513165,0
0,0.1283882244790219,0
0,0.10245077149428376,0
1,0.43580348266740115,1
0,0.21550995535547288,0
0,0.6597108176253877,1
0,0.32445157847375616,0
0,0.11983670845260294,0
0,0.5804767413498815,1
0,0.11419892866915163,0
0,0.1224541856198969,0
0,0.12743746759282965,0
0,0.09929549677861504,0
0,0.1980050127160417,0
0,0.24443787548063858,0
1,0.9255664071816951,1
0,0.2203681929843754,0
0,0.07943946380356333,0
0,0.09132712926787052,0
0,0.34824907895218865,0
0,0.568570604401337,1
0,0.10874998376687457,0
0,0.07838911783483522,0
0,0.847880289118889,1
0,0.771464204535169,1
0,0.507122863652362,1
0,0.27247224038508067,0
0,0.09602995222483486,0
0,0.2854564017586045,0
0,0.15090465579496082,0
1,0.8433248549847813,1
0,0.9648981224653396,1
1,0.7843409775864167,1
0,0.16418854582373427,0
0,0.5798204865038364,1
0,0.4767878508971948,1
1,0.8349950143964193,1
0,0.09191834276910245,0
0,0.20648091881779992,0
0,0.37338082626631247,1
0,0.06892768560299228,0
0,0.4259213255246715,1
0,0.26831718592643383,0
0,0.07059968903416662,0
0,0.16387727835952945,0
0,0.8089602073608227,1
0,0.2784188745678544,0
0,0.16596443300123598,0
0,0.7635127440549531,1
0,0.2612860460736772,0
0,0.46658689697356426,1
1,0.9631047594345263,1
0,0.5901220690362734,1
0,0.13136395822835734,0
1,0.3034495982349309,0
0,0.11836862455011783,0
1,0.6942126045548446,1
1,0.6078216365739615,1
0,0.8183159235171813,1
0,0.23551635896735437,0
0,0.1009761568020086,0
0,0.17255294509926858,0
0,0.10658072781410546,0
0,0.22342625944645653,0
0,0.06853246182677332,0
1,0.3462502288405116,0
0,0.08130991881230515,0
0,0.13281825300959332,0
0,0.6516037337227745,1
0,0.31638293056280065,0
0,0.13434039455469465,0
0,0.09857586304700619,0
0,0.0602283020324062,0
1,0.9594351613794839,1
0,0.3713575058389434,1
0,0.44297428224609176,1
0,0.1525658777200348,0
0,0.15237022818938234,0
1,0.6780397543251931,1
0,0.6044782150956601,1
0,0.05727162811515305,0
0,0.9581162387501722,1
0,0.10012498975801393,0
0,0.06087735312262028,0
0,0.5504960656570287,1
0,0.3013328702969284,0
1,0.15340054229128194,0
0,0.20522800752054285,0
0,0.09519943793619132,0
0,0.15452026128365576,0
0,0.14899650166152595,0
0,0.13731484736816774,0
1,0.9304122039407156,1
0,0.10052720828572922,0
0,0.47420579646446775,1
0,0.32706188942685316,0
0,0.14891593118877813,0
0,0.32486039387245313,0
0,0.7153169074966592,1
0,0.35851580817944817,1
0,0.1943555919725323,0
0,0.18788237387278942,0
0,0.09248199374383648,0
0,0.30860594836543775,0
0,0.3777469470514122,1
0,0.739173573295185,1
0,0.11360384600458957,0
0,0.13730980003221777,0
1,0.9169417637577351,1
1,0.1970622846770911,0
0,0.4100149964177103,1
0,0.14727817548489394,0
0,0.35304637150825985,1
0,0.3194823585609,0
0,0.16778482198081612,0
0,0.3285816779167487,0
0,0.1507299891856071,0
0,0.41321071380943825,1
0,0.11412715237402588,0
0,0.048021760913140366,0
0,0.4572801838779902,1
0,0.14402090260615524,0
0,0.12520241910235314,0
0,0.10803311992230602,0
0,0.1343832116581142,0
0,0.6261726158806707,1
0,0.7474978596857846,1
0,0.19583369050160346,0
0,0.11148371117090349,0
0,0.12060957087419318,0
0,0.4252288223852119,1
0,0.6324147020460064,1
0,0.42688724423143054,1
0,0.6277121038196485,1
0,0.18903728912231668,0
0,0.30491614851928855,0
0,0.3463793322600447,0
0,0.05520547655076735,0
0,0.11950317413414642,0
0,0.10421648271579305,0
0,0.38316474156697033,1
0,0.09351705993067762,0
0,0.3010625129766493,0
0,0.6148194159081861,1
1,0.5351107488179296,1
0,0.7545640226000485,1
1,0.46466957446601537,1
0,0.08885127800545674,0
0,0.38763804262843216,1
0,0.20790273031393092,0
0,0.06283707948855578,0
0,0.8607446208763044,1
0,0.956374862644844,1
0,0.12770188617558836,0
0,0.6745697110173429,1
0,0.5689690668001515,1
0,0.0680759323938021,0
0,0.0915951511590634,0
0,0.19057860353375966,0
0,0.24596089579799701,0
0,0.1113874532566284,0
0,0.07610501431665008,0
0,0.08048178395282901,0
0,0.11400674129744624,0
0,0.0792321657416905,0
1,0.786197765578925,1
0,0.1541683842693949,0
0,0.5351067305720624,1
0,0.18247297241572846,0
0,0.19714372850996723,0
0,0.7915497678793516,1
0,0.10382855952149131,0
0,0.13561202057615557,0
0,0.2076733291566946,0
0,0.1322041351259452,0
0,0.41011067031316983,1
0,0.7892149105477447,1
0,0.22844105822588678,0
0,0.1333270365513699,0
0,0.19926856665510956,0
0,0.27097700886494375,0
0,0.08625533657598067,0
0,0.10606117621444183,0
0,0.387954157669709,1
0,0.13110000056242735,0
0,0.0739205697662779,0
0,0.2311625703636066,0
0,0.387482031828554,1
0,0.1762550156762654,0
1,0.8912810116864841,1
0,0.17874948439406968,0
0,0.32024484165909234,0
0,0.09873977944446864,0
0,0.3604160794171015,1
0,0.12479567648942802,0
0,0.567099150520011,1
0,0.07743581336352004,0
0,0.4230806667723901,1
0,0.4976928153434352,1
0,0.5229599410547628,1
0,0.7935634518856113,1
0,0.0801286290751371,0
0,0.08392863477085816,0
0,0.656713802852622,1
0,0.09769004210684651,0
0,0.07450974106798482,0
0,0.1903918522745009,0
0,0.9209950915077699,1
0,0.08398542275465808,0
0,0.255815430060043,0
0,0.07833180512298656,0
0,0.46859375835715533,1
0,0.8145072646079833,1
0,0.155924371440879,0
0,0.13449848660281374,0
0,0.33224205785577166,0
0,0.19710714872843726,0
0,0.6465757139101022,1
0,0.5088370375320936,1
0,0.3124591015541909,0
0,0.13487103672628734,0
0,0.10870416876344734,0
0,0.06301264421687919,0
0,0.38937348328497257,1
0,0.2791922564940875,0
0,0.20641434098938927,0
0,0.3362469506438181,0
0,0.28420797281900295,0
0,0.6352772514073609,1
0,0.11359911890196299,0
0,0.37351609822578236,1
0,0.32048625835879047,0
0,0.8910754625668174,1
0,0.07197771638432783,0
0,0.17907859397125273,0
0,0.1342951919166426,0
0,0.0822703001345429,0
0,0.15344505137305783,0
0,0.08847537440207821,0
0,0.12703768135486443,0
0,0.20559746401348142,0
0,0.07375891118865148,0
0,0.47848739147866354,1
0,0.11636871772383034,0
0,0.23432649802311875,0
0,0.10836917797124417,0
0,0.31700502737487174,0
1,0.6745561909750165,1
0,0.3361938167257749,0
0,0.23284817010726366,0
1,0.7602644972263342,1
0,0.053978809924403515,0
0,0.05529215664648444,0
0,0.14418374810114648,0
0,0.3519909961168142,1
0,0.28835525123088057,0
0,0.24585429508201523,0
0,0.17713530033472868,0
0,0.23067733773912924,0
1,0.8808679824018194,1
0,0.11389091931761004,0
0,0.12990171427371885,0
0,0.22046386701714235,0
0,0.3670031579157819,1
0,0.1389112177480218,0
0,0.22074306154229717,0
0,0.3899256386864586,1
0,0.494273848441456,1
0,0.08469197504133996,0
0,0.31780474098634054,0
0,0.37034832635694787,1
0,0.2936714323569574,0
0,0.21816927007630454,0
0,0.3504244051300508,1
0,0.7006947302876186,1
0,0.10882825560818297,0
0,0.7689495902999187,1
0,0.07980066590810012,0
0,0.06438130343030987,0
0,0.12623664775844798,0
0,0.07299108758714891,0
0,0.2604897597872876,0
0,0.23680922838492657,0
1,0.8631888454407609,1
0,0.10614918503007102,0
0,0.1621220455404408,0
0,0.13073526679056968,0
0,0.4664812442358266,1
0,0.29254629039864727,0
0,0.12946336444656167,0
0,0.37759573774910754,1
0,0.0895555407330035,0
0,0.22698788111732962,0
0,0.47273606605041335,1
0,0.07708031600144348,0
0,0.09310585512726206,0
0,0.19561934492353622,0
0,0.09559127940671586,0
0,0.3073393267205769,0
0,0.2955493381689653,0
0,0.27691509013836757,0
0,0.1546784678685385,0
0,0.17573397581930583,0
0,0.06505101826397622,0
0,0.09049660826528481,0
0,0.060508726233363536,0
0,0.4371700383934936,1
0,0.153168901755538,0
0,0.09056040013703054,0
0,0.4229317682198394,1
0,0.5853080064192826,1
0,0.10337692104267825,0
0,0.09699483491721517,0
0,0.10831114859318289,0
0,0.20155566705573133,0
0,0.0563975058970856,0
1,0.8700305320061947,1
0,0.16669814677629652,0
0,0.09977446059471104,0
0,0.2739975562545443,0
0,0.6186236022149009,1
0,0.13504346706310086,0
1,0.7578227163701328,1
0,0.21341241938167946,0
0,0.3914252315047252,1
0,0.32366193475362565,0
0,0.2180516839316429,0
0,0.20902401954937314,0
0,0.10913216270962728,0
0,0.09815310785401875,0
0,0.17464066239114548,0
0,0.14195727634024427,0
0,0.13880391801555747,0
1,0.8471384052168522,1
0,0.08596910074485746,0
1,0.8355094255526758,1
0,0.05356550747963795,0
0,0.2222099340920487,0
0,0.2940861875825794,0
0,0.5696673049265562,1
0,0.6564382779789526,1
0,0.3079800845867858,0
0,0.09424434305253375,0
0,0.12741454805903693,0
0,0.07947937060428362,0
0,0.25950748710830474,0
0,0.21393237453449074,0
0,0.09969447351504128,0
0,0.3855881783360337,1
0,0.09236961518649914,0
0,0.11940865896094534,0
0,0.09336815082867246,0
0,0.07921789346000412,0
0,0.07113154488759305,0
0,0.42741639737084663,1
0,0.0956700946356004,0
1,0.8467769282826171,1
0,0.5697177555852814,1
0,0.1676127416201581,0
0,0.33098285807154587,0
0,0.25016663631133906,0
0,0.2545398334539686,0
0,0.13116440828544745,0
0,0.14851307500091296,0
0,0.19874937273015142,0
0,0.18730375588138157,0
0,0.25306538613450963,0
1,0.09879003216746282,0
0,0.19163893543679766,0
1,0.9083701929826125,1
0,0.22253974734813178,0
0,0.05388283016198764,0
0,0.10578899810835155,0
0,0.734094922000951,1
0,0.08948334590965999,0
0,0.14395501558977386,0
0,0.08434259318809235,0
0,0.25157070046332475,0
0,0.12202496808191865,0
0,0.5512895142546417,1
0,0.24117461127128023,0
0,0.4696289747632597,1
0,0.0798030874801613,0
1,0.5944840932296152,1
0,0.6493343590262806,1
0,0.5255638633218288,1
0,0.36078251075026574,1
0,0.7654600748704058,1
0,0.07470635387798746,0
0,0.1197570291976542,0
0,0.19446844162259794,0
0,0.15698550548969462,0
1,0.6318858615704261,1
0,0.33216991902655435,0
0,0.08276708229117044,0
0,0.3034427110136253,0
0,0.09002031284125907,0
0,0.18942660912164178,0
0,0.3064192752130898,0
0,0.525577701834703,1
0,0.11736315005593916,0
0,0.4726768718035107,1
0,0.4430131501193419,1
0,0.14456584857189636,0
0,0.07336440771007165,0
0,0.20002770313207244,0
0,0.13775660519652072,0
0,0.12501003685624315,0
0,0.8651319719645788,1
0,0.17564890895667754,0
0,0.3555564356567921,1
0,0.10054620884982879,0
0,0.3428452281393506,0
0,0.20403745415393296,0
0,0.11578090838895816,0
0,0.08874859041665743,0
0,0.2069091552861984,0
0,0.1576285615950465,0
0,0.8527041856991845,1
0,0.08590931701375894,0
0,0.13970515529750094,0
0,0.10641363412189189,0
0,0.04890215352916032,0
0,0.06951562093875105,0
0,0.5791469448160824,1
0,0.20107686850220013,0
1,0.7461150174969045,1
0,0.15359626813611596,0
0,0.3281336397800617,0
0,0.16112859160191786,0
0,0.09305746258070292,0
0,0.07211887680114279,0
0,0.529708281600943,1
1,0.49769459305575786,1
0,0.17261139912341222,0
0,0.4408076799171731,1
0,0.10525224117304462,0
0,0.4567272708820603,1
0,0.48974120508185914,1
0,0.7326289128631382,1
0,0.067995203825692,0
0,0.4254938238899125,1
1,0.8594051486108021,1
0,0.11459150216225446,0
0,0.11176143258236268,0
0,0.33364898922411995,0
0,0.2337286895247497,0
0,0.20259183254961896,0
0,0.9118810007345866,1
0,0.5293544559826477,1
0,0.7075926919438393,1
0,0.7208634014649377,1
0,0.14351806138690298,0
0,0.515003288223083,1
0,0.3314386769245598,0
0,0.19489948384066297,0
0,0.5390848182965168,1
0,0.12576088661707402,0
0,0.5019436854294373,1
0,0.10066598849666313,0
0,0.2780832806616551,0
0,0.12435540070312084,0
0,0.23645299298608416,0
0,0.14610346153016474,0
0,0.0898802064947059,0
0,0.05741906934187049,0
0,0.12070279961073065,0
1,0.9341975382419527,1
0,0.2430485327143888,0
0,0.9342342202076668,1
0,0.7950917943444318,1
0,0.10353004645420145,0
0,0.06576908574914409,0
0,0.3305075985654581,0
0,0.22541679538010703,0
0,0.1274043878908996,0
0,0.33613198602112654,0
0,0.15523190870189554,0
0,0.1395075125043917,0
0,0.3100253201313352,0
0,0.3940553792559542,1
0,0.3226220180590268,0
0,0.17263343151849753,0
0,0.3024449924004006,0
0,0.20028954955035297,0
0,0.32695177372870554,0
0,0.17345842183144522,0
0,0.4147373091971465,1
0,0.09794530145202646,0
0,0.5284201075118002,1
0,0.536152256665853,1
0,0.16572104630902942,0
0,0.19472848729559938,0
0,0.11893301838931208,0
0,0.19836385137936444,0
0,0.108815452637191,0
0,0.6958716731936867,1
0,0.17840334925075021,0
0,0.5326644221209592,1
1,0.5886551686695345,1
0,0.3962437889619087,1
0,0.4251858820850622,1
0,0.1427459740700801,0
0,0.15966160593991585,0
0,0.4652472479563583,1
0,0.21569296420506429,0
0,0.13441105513475793,0
0,0.3669304765607903,1
1,0.9629333382099736,1
0,0.12768001244409674,0
0,0.08025492805034946,0
0,0.07526561417203062,0
0,0.15097208022340095,0
0,0.4888322388853888,1
0,0.10847737710104748,0
0,0.24896741564192268,0
0,0.2497620124543827,0
0,0.8383551969764333,1
0,0.10965410401726897,0
0,0.27337811277735863,0
0,0.4603221957153593,1
0,0.1354435827801678,0
0,0.1732094709622688,0
0,0.8090419205376751,1
0,0.07365056047570313,0
0,0.7755243324997947,1
0,0.17714756039833876,0
0,0.2160230675001111,0
0,0.46087785328249575,1
0,0.3626812810057487,1
0,0.45844842704104766,1
0,0.7508182101251943,1
0,0.5326670331557953,1
0,0.7351683620839441,1
0,0.12694694396272968,0
0,0.2128285578665178,0
0,0.12496046075857571,0
0,0.3635160140311874,1
0,0.7587346171435594,1
0,0.4554903135082126,1
0,0.33394760501069576,0
0,0.483728538693672,1
0,0.17248426272228562,0
0,0.2814716406230222,0
1,0.41544706819042093,1
0,0.2534520051783144,0
0,0.8102837667745478,1
0,0.05858336835924338,0
0,0.3162043350595969,0
0,0.3595978502041733,1
0,0.746421136718159,1
0,0.18129868565586119,0
0,0.09689443710378128,0
0,0.31028080311183376,0
0,0.7873162621237677,1
0,0.1620525108573876,0
0,0.5764448515906198,1
0,0.904320472684683,1
0,0.10374901818673729,0
0,0.1355182566462314,0
0,0.3513003767565611,1
0,0.19074053019730672,0
0,0.10680561836570407,0
0,0.10460654805250624,0
0,0.19106117504128767,0
0,0.13030511152071894,0
0,0.12073007529356772,0
0,0.17838167454637474,0
0,0.22495177816773543,0
0,0.05669649795231031,0
0,0.12934538274091742,0
0,0.8231124508511971,1
0,0.7990685404789828,1
0,0.11527161493892994,0
1,0.5178680189978409,1
0,0.22768158661425592,0
0,0.14883662397210246,0
0,0.06531496019471048,0
0,0.09545952068063948,0
1,0.3208179410465207,0
0,0.09715248565980182,0
0,0.39113876206505693,1
0,0.16076986920919756,0
0,0.4826559361421815,1
0,0.09663785158465021,0
0,0.08836769504967863,0
1,0.9598586048218744,1
0,0.8560180940184413,1
0,0.5420664030911473,1
0,0.15157384027998816,0
0,0.209745846128186,0
0,0.09342378366277625,0
1,0.2593900847429635,0
0,0.6094491819924546,1
0,0.1466640365152537,0
0,0.3111755219012918,0
0,0.4321589245847603,1
0,0.7970527285138306,1
0,0.5713599240341416,1
0,0.3457212817690012,0
0,0.12887700818150769,0
0,0.14754246256305872,0
0,0.25751979874323827,0
0,0.1725443929084269,0
0,0.1312686744417969,0
0,0.5958264564711905,1
0,0.14135729420917725,0
0,0.08764276146165918,0
0,0.16201958830395108,0
0,0.0590384559964059,0
0,0.5423227742398349,1
0,0.20210303287802034,0
0,0.07567953355707158,0
0,0.1383523018196411,0
0,0.15014035582621799,0
0,0.12158416699662954,0
1,0.770625515350519,1
0,0.09495454018849077,0
0,0.122119248296704,0
0,0.3416737562101041,0
0,0.09733826163093497,0
0,0.07970393183003834,0
0,0.09819295957008652,0
0,0.15712733785926225,0
1,0.1168220032840033,0
0,0.09490067825324608,0
0,0.15742660672275227,0
0,0.4155265847630788,1
0,0.6341858550756069,1
0,0.5152627945700505,1
0,0.26963383213679254,0
0,0.3579068879676589,1
0,0.6189440932172072,1
0,0.10638210682832593,0
0,0.7701387746506033,1
0,0.1385444670760376,0
0,0.2852320171330977,0
0,0.1204637230469891,0
0,0.3760614704834694,1
1,0.0846367573014783,0
0,0.1467494715553931,0
0,0.18501788492426996,0
0,0.25673692871368925,0
0,0.17350770036908109,0
0,0.10287681065701591,0
0,0.09572573854981642,0
0,0.13946618389492463,0
0,0.06917373173593805,0
1,0.9288521970376943,1
0,0.3224946157483804,0
0,0.45179422653506607,1
0,0.583229546294822,1
0,0.1233417865797703,0
0,0.6259778699951281,1
0,0.12315195807092792,0
0,0.6751377937619942,1
0,0.21643202570984726,0
0,0.08459299183227818,0
0,0.13844423350638008,0
0,0.05349914578077789,0
0,0.1410382390025186,0
0,0.2775722015216752,0
0,0.3452119673756413,0
0,0.3013166518921812,0
0,0.346423242650135,0
0,0.12606213960347018,0
0,0.15895420328461193,0
0,0.42870423645621913,1
1,0.3404909001330863,0
0,0.14154504207154858,0
0,0.5142838230020242,1
0,0.5721507489393771,1
0,0.8493956206422091,1
0,0.17311479250292386,0
0,0.36670836562360437,1
0,0.08217932170291548,0
0,0.4948596820071891,1
0,0.16848803371409632,0
0,0.16966772787701506,0
0,0.4109977864762699,1
0,0.1764170635045231,0
0,0.13192204050659817,0
0,0.41350690526714423,1
0,0.11890032102792905,0
0,0.22560756766793483,0
0,0.555112635789392,1
0,0.3837794638512693,1
0,0.15259125221154607,0
0,0.5942324113952154,1
0,0.21599116565868162,0
0,0.108477227808963,0
0,0.5083620541042486,1
0,0.454451877380396,1
1,0.8426413862657401,1
0,0.11949753068855415,0
0,0.07203864059904531,0
0,0.12125661136464833,0
0,0.5493121775473552,1
0,0.30821791712706975,0
0,0.08669382647891405,0
0,0.29269177085102976,0
0,0.3385176481332761,0
0,0.12112469232247183,0
0,0.763590481089472,1
0,0.07439526508114332,0
0,0.31737967313072074,0
0,0.2081948713149724,0
0,0.7277884758633211,1
0,0.06742907287536742,0
0,0.08608471565392434,0
0,0.08850206728676409,0
0,0.23022110494497738,0
0,0.058591752208614296,0
0,0.07201156208121452,0
0,0.1072886873799271,0
0,0.18488686462746212,0
1,0.6369031531050837,1
0,0.1836142440674208,0
0,0.14619769436040803,0
0,0.09109482867738392,0
0,0.8160392526882516,1
0,0.13141091576567748,0
0,0.24031146283672386,0
0,0.05745753159077896,0
0,0.2504481768954017,0
0,0.09352024253849589,0
0,0.05693390192780858,0
1,0.8935853312511813,1
0,0.3206116864873027,0
0,0.2920636438483517,0
0,0.3053179656541017,0
0,0.17004632768877767,0
0,0.15803317930470406,0
0,0.12510778283582036,0
1,0.4937977058280728,1
0,0.20102718820918575,0
0,0.16278663595529227,0
0,0.08357782567453437,0
0,0.2878938657273709,0
0,0.14260743087806094,0
0,0.09519147459073163,0
0,0.0564396157855294,0
0,0.1869639841660723,0
0,0.5537446193462217,1
0,0.8964945740168622,1
0,0.32115748125782945,0
0,0.11497725983545891,0
0,0.11470997645202094,0
0,0.46381530121026543,1
0,0.17419665967138387,0
0,0.13530461469352784,0
1,0.8844914806027255,1
1,0.753957494464743,1
0,0.15164457907123408,0
0,0.49011196212114744,1
0,0.11596894610628525,0
0,0.4020231825651008,1
0,0.7518524765637316,1
0,0.13313887816279105,0
0,0.3292295816847147,0
1,0.19667284330592194,0
0,0.4669382542904351,1
0,0.08682997859270095,0
0,0.42473748571381725,1
0,0.08684595106225072,0
0,0.6132692637689388,1
0,0.13380000854658478,0
0,0.16452637384382976,0
0,0.180013502305823,0
0,0.08169132892649823,0
0,0.07486242164543193,0
0,0.1899788637047988,0
0,0.3495086353590021,0
0,0.10077302134414055,0
0,0.21051073548600072,0
0,0.2737776022167071,0
0,0.10345604888071615,0
0,0.36725383688757235,1
0,0.12674010635145574,0
0,0.5205260049212578,1
0,0.06857895935777668,0
1,0.6088139816508764,1
0,0.49971771187188535,1
0,0.6258755249348016,1
0,0.465641739875406,1
0,0.09187713608378252,0
0,0.1860373831933835,0
0,0.5862603944036906,1
0,0.11404194118869362,0
1,0.6936942834220033,1
0,0.10302762936195327,0
0,0.19969434370827205,0
0,0.1251998166628706,0
0,0.1311098424094601,0
0,0.26664496410676,0
0,0.5225514574590187,1
0,0.1300903640000494,0
0,0.07405793453071005,0
0,0.2188745289372752,0
0,0.29718334690885373,0
0,0.06965427401621771,0
0,0.05132902563568106,0
0,0.41820314699210004,1
0,0.2049682449883456,0
0,0.13502101364798802,0
0,0.12304011756519702,0
0,0.05618098330682597,0
0,0.10818451694791902,0
0,0.5561102843192183,1
1,0.9226957655631665,1
0,0.7556933852065435,1
0,0.601518726304886,1
0,0.5504784713519298,1
0,0.07986131871437409,0
0,0.06848867561426387,0
0,0.539242480425045,1
0,0.12003513111082839,0
0,0.14040243883273232,0
0,0.44952207261785254,1
0,0.24321681038325063,0
1,0.9344217662311552,1
0,0.7435798443872987,1
1,0.8632872203501031,1
0,0.1149025535346267,0
0,0.11105411304645858,0
0,0.17090540956327066,0
0,0.2630110477282641,0
0,0.05805477148678618,0
0,0.140572776387861,0
0,0.11953531483539613,0
0,0.15567898389781107,0
0,0.07653140288096073,0
0,0.1385461468651065,0
0,0.05633543657305769,0
0,0.10067281268929508,0
1,0.3292139493645426,0
0,0.23222099976023264,0
0,0.12627162456238794,0
0,0.7145367310734677,1
1,0.9285074355247857,1
0,0.08970059973519585,0
0,0.11338236601647564,0
0,0.09683331437674755,0
0,0.5196998851332424,1
0,0.20137688993494374,0
0,0.05498059157676201,0
0,0.07691665015261569,0
0,0.67442829698236,1
0,0.3573554445316946,1
0,0.7257170064361688,1
0,0.23889732520807588,0
0,0.059873018883956325,0
0,0.18122383241164752,0
0,0.1750048958509172,0
0,0.08467211061116249,0
0,0.14632409443927802,0
0,0.07064570958429804,0
0,0.07087383971315699,0
0,0.16577617739980346,0
0,0.058765913911715435,0
0,0.1124623068266394,0
0,0.11960489712857508,0
1,0.5982359516287531,1
0,0.601691195802848,1
0,0.1624352980458667,0
0,0.08613345824116173,0
0,0.09718474161336316,0
0,0.0858986874295108,0
0,0.9609298942494486,1
0,0.5451991834976214,1
0,0.34571109631603003,0
0,0.8957698946673542,1
0,0.11938870990748784,0
0,0.07662934129677765,0
0,0.337062479933382,0
0,0.058841386288482386,0
0,0.4748127272440804,1
0,0.13009335305123193,0
0,0.618711506035251,1
0,0.21422699045284468,0
0,0.0804665068753496,0
0,0.2823242285046702,0
0,0.14159956356116085,0
0,0.4567561221176146,1
0,0.08042642806446554,0
1,0.8458708962800443,1
0,0.31434624127395366,0
0,0.257196873869954,0
0,0.06304288384412254,0
1,0.9534905031397892,1
0,0.10433293817806573,0
0,0.40133956763215894,1
0,0.22700282242925135,0
0,0.09714849789534165,0
1,0.22775264534634895,0
0,0.18749697157308812,0
0,0.16819747177692293,0
1,0.9187586181538188,1
0,0.0596211476318859,0
0,0.561898129561963,1
0,0.43231168550236787,1
0,0.17046403738377627,0
0,0.08329798149313365,0
0,0.5798139214905214,1
0,0.4200620386596933,1
0,0.10871392246385113,0
0,0.12643505124095603,0
0,0.13539379269715582,0
0,0.22250414628696305,0
0,0.38920951939776127,1
0,0.08387863338125735,0
1,0.4943341986393601,1
0,0.3678949412182413,1
0,0.16038406029199356,0
0,0.6698911342193651,1
0,0.04755243325357227,0
0,0.18692453466531483,0
0,0.10647531263126173,0
0,0.4106143892545626,1
0,0.41500492954026147,1
0,0.23626462897289638,0
0,0.08526889662774158,0
0,0.7834266297168772,1
0,0.10819241401949718,0
0,0.05363787365576927,0
0,0.34353130972494866,0
1,0.4463398612112897,1
0,0.5140121516926722,1
1,0.925172171796786,1
0,0.8897463503822898,1
0,0.11446731596873043,0
0,0.15399133398281611,0
0,0.12400473834294239,0
0,0.6788661237733378,1
0,0.06120748827613123,0
0,0.18296461286532997,0
0,0.21223359563314587,0
0,0.6849260741186582,1
1,0.34826403921568533,0
0,0.6047680019726407,1
0,0.07558095892285682,0
0,0.16951602647458464,0
0,0.22323539254977737,0
0,0.5711509751715482,1
0,0.05325785701054358,0
0,0.4731873969781361,1
0,0.19342569026353987,0
0,0.616627333222468,1
0,0.10056539948310696,0
0,0.5043341825765915,1
0,0.6900798594099822,1
0,0.14020642620302662,0
0,0.3229421275823157,0
0,0.13854797071229824,0
0,0.10768785875176733,0
0,0.7895285391725464,1
0,0.27391572501310246,0
0,0.8290822651219943,1
0,0.13567705185855763,0
0,0.06992669687480965,0
0,0.08730392409789998,0
0,0.11370936358855652,0
0,0.8465057614653758,1
0,0.1103210436048905,0
1,0.7198949255026861,1
0,0.12748202028262803,0
0,0.06685567408756486,0
0,0.7029309133688396,1
0,0.2711202534442782,0
0,0.3241442885836872,0
0,0.11635741120215205,0
0,0.3725945833263685,1
0,0.594859891807675,1
0,0.24025465700743134,0
0,0.24057670678160098,0
0,0.08362158890827137,0
0,0.6315110673451426,1
0,0.11077371606034311,0
1,0.9040168173244019,1
0,0.5322533892350596,1
0,0.1324400443078893,0
0,0.15281621512781107,0
0,0.5724294330679519,1
0,0.5028572706212612,1
0,0.27265414702758395,0
0,0.13880647777666474,0
0,0.0756952413802169,0
0,0.7746446887726125,1
0,0.1484422413440478,0
1,0.624390614409094,1
0,0.32501365834717133,0
0,0.2011365374462826,0
1,0.5693381860187892,1
0,0.13442725504264558,0
0,0.3198732296491864,0
0,0.31296230517378426,0
0,0.14114192548322718,0
0,0.09884188411669212,0
0,0.6669236169080046,1
0,0.10423688941984978,0
0,0.36394076002291265,1
0,0.09861841248338686,0
0,0.8811707375243145,1
0,0.2846454740429394,0
0,0.2541650320993135,0
0,0.08149142516130614,0
0,0.7287882339364767,1
1,0.14291483284429482,0
0,0.44792526159701035,1
0,0.5203970417472124,1
0,0.12508176140774624,0
0,0.49915442768409674,1
0,0.11673766492210627,0
0,0.4344197894621646,1
0,0.6944967828970929,1
0,0.7427175165258616,1
0,0.2736208908571296,0
1,0.9649517982206661,1
0,0.1863265116772408,0
0,0.7023929530278253,1
0,0.8985851481928177,1
0,0.7220452668255971,1
0,0.36447551474227036,1
0,0.8642284935835485,1
1,0.8317886363608396,1
0,0.38177152048743473,1
0,0.12756149312224022,0
0,0.6606358320523579,1
0,0.1747778590205564,0
0,0.31898177686221074,0
0,0.19812707158068268,0
0,0.40842521235161283,1
0,0.11941630748370441,0
0,0.8273617017700728,1
0,0.1695881957725845,0
1,0.9081457214940211,1
0,0.1517237916448898,0
0,0.12179105020482903,0
0,0.07836885520217615,0
0,0.40892457983769365,1
0,0.10062397641293429,0
0,0.3705923210526879,1
0,0.8387146455264181,1
0,0.1873071739093722,0
0,0.14492848701842245,0
0,0.057308258677399616,0
0,0.6487063726097546,1
0,0.1634788509436667,0
0,0.06751392872457013,0
0,0.6700273028293405,1
0,0.07387041884723028,0
0,0.23097563376126218,0
0,0.21214199552152563,0
0,0.49997216007588957,1
0,0.6441600559600673,1
0,0.1450125303469922,0
0,0.9453310776184987,1
1,0.4072010372938517,1
0,0.077977226382133,0
0,0.5703584750301057,1
0,0.1184194580775933,0
0,0.19777729461845964,0
1,0.8594943775783201,1
0,0.11245989329827412,0
0,0.6649891498307554,1
0,0.15140222931393765,0
0,0.4818319213129693,1
0,0.10330381550505212,0
0,0.38653246159458593,1
0,0.40233439075690264,1
0,0.6545256306413427,1
0,0.4377023565496148,1
0,0.9296519082526402,1
0,0.08489908432504303,0
0,0.30669470297265217,0
0,0.3261599343093107,0
0,0.08119189321714233,0
1,0.932883066955128,1
0,0.10281548299858659,0
0,0.5435883166264924,1
0,0.06571736150160702,0
0,0.5153788472444067,1
0,0.06006876031691777,0
0,0.14239913696614698,0
1,0.9235090894567096,1
0,0.2077229139545771,0
1,0.5744811647017415,1
0,0.21218017367274294,0
0,0.6512551896086607,1
0,0.12454878545208324,0
0,0.08233760707451118,0
0,0.18044704805911774,0
0,0.2453659839716724,0
0,0.05790396628923519,0
0,0.7627091427578945,1
1,0.9374964980039686,1
0,0.14931470459894716,0
0,0.10326699907128438,0
0,0.09313753716011555,0
0,0.57068326938311,1
0,0.08094720703242439,0
0,0.3573939606317511,1
0,0.08689057005967452,0
1,0.7187849750746664,1
0,0.15223325706413035,0
0,0.6340790243232144,1
0,0.6576000810079295,1
0,0.30286270848149194,0
0,0.17334749906122754,0
0,0.11247733792741066,0
0,0.1916626076532789,0
0,0.6558657564523509,1
0,0.24924438482642078,0
0,0.12833483854843838,0
0,0.28139582960660947,0
0,0.11757763377243312,0
0,0.11465309964765873,0
1,0.9400447331234187,1
0,0.40732942981089937,1
0,0.17457535777809352,0
0,0.14497028098335163,0
0,0.08781557613293621,0
0,0.10499170436407418,0
0,0.43434841795440804,1
0,0.48832113383471115,1
0,0.8401378548104335,1
0,0.10994572170612799,0
0,0.21825886406388045,0
0,0.0926623480935665,0
0,0.6687885442047055,1
0,0.5349971387507606,1
0,0.2829491059091386,0
0,0.1544399467250803,0
0,0.6473139402588474,1
0,0.17635820443219752,0
0,0.48510038657074045,1
0,0.07476181141512832,0
0,0.5151482840534382,1
0,0.1516553876941984,0
0,0.5973581939738631,1
0,0.8796954528164241,1
0,0.19760897027525304,0
0,0.20227612573942924,0
0,0.7090763446356344,1
0,0.10309522604116493,0
0,0.721356251624874,1
0,0.18947351383217798,0
0,0.29627936174795,0
1,0.5464240480909952,1
0,0.5161234459974191,1
0,0.18790093988602777,0
0,0.18051872677945882,0
1,0.9716763086782965,1
0,0.13386768435048246,0
0,0.5762776506535385,1
0,0.24150409065123063,0
0,0.04942962866425629,0
0,0.3257968199175375,0
0,0.32088499730685166,0
0,0.6761769650219042,1
0,0.21556926222406958,0
0,0.1844680143461016,0
0,0.7964836065271025,1
1,0.8513283952291704,1
0,0.16894214807216965,0
0,0.9010330744403642,1
0,0.10458217791756019,0
0,0.11432659159380976,0
0,0.7946623746759677,1
0,0.22966876475245523,0
0,0.5027586928451497,1
0,0.09302285798207499,0
0,0.13014354468283548,0
1,0.6557985257920629,1
0,0.13520570483477132,0
0,0.1482397814384211,0
0,0.20557185466543812,0
1,0.6084079138818121,1
0,0.1344406641105017,0
0,0.16187551179999563,0
0,0.11972106348189827,0
0,0.09106102417275821,0
0,0.1193729510942821,0
0,0.7886012047600783,1
0,0.1981379554799895,0
0,0.2142845494277109,0
0,0.15526511468386023,0
0,0.05785244887499206,0
1,0.5817658614180723,1
0,0.3634922534813986,1
0,0.10463520860523631,0
0,0.11666523358120079,0
0,0.1382078677339206,0
0,0.6069993806835428,1
0,0.14518570690927932,0
0,0.5243704559158654,1
0,0.1394412894181834,0
0,0.11980432302587528,0
0,0.8098665241868818,1
0,0.1283186655531515,0
0,0.3125606271920259,0
0,0.558563561496506,1
0,0.08865897477102055,0
0,0.21805596763684376,0
0,0.16225745958685753,0
0,0.1193193217486447,0
0,0.511699623672113,1
0,0.0758539867567547,0
0,0.389173339903791,1
0,0.1435193069155776,0
0,0.18317502091553492,0
0,0.10268027119743368,0
0,0.1312723345878668,0
0,0.40859652616227143,1
0,0.1367997383586039,0
0,0.2746315160611602,0
0,0.5337255536531221,1
0,0.2202976892561134,0
0,0.5309190261018183,1
0,0.18296138467459427,0
0,0.16208506461643554,0
0,0.377131151069627,1
0,0.37991943532472483,1
0,0.09928070559780436,0
0,0.06081153390341545,0
0,0.429271826716905,1
0,0.20153059726558284,0
0,0.18058589842319692,0
0,0.10244166942308428,0
0,0.12597866365095892,0
0,0.3607340283108499,1
0,0.15666167240052883,0
0,0.11087449720715668,0
0,0.5839158890585591,1
0,0.15937554829371087,0
0,0.1975224880054328,0
0,0.08295907691661449,0
0,0.14516172004635627,0
0,0.8850451037060076,1
0,0.25340136724732054,0
0,0.8092252163672532,1
1,0.5670693907647374,1
0,0.10632730131398717,0
1,0.4562331416214886,1
0,0.2823148379839685,0
0,0.4865522852637624,1
0,0.15053859319954557,0
0,0.09997571254058465,0
0,0.24894525379535531,0
0,0.07829871307805705,0
0,0.1205496627287133,0
0,0.07221034588673933,0
0,0.13924081374211458,0
0,0.7731619477575731,1
0,0.15409239613345196,0
0,0.1104315521673439,0
0,0.482042185086983,1
0,0.11101940768527008,0
0,0.07192284390342281,0
0,0.7811993735365812,1
0,0.11027836850526572,0
0,0.1326317052947761,0
0,0.13003049492047777,0
0,0.2154850805270754,0
0,0.13806750070555016,0
0,0.4657096802140817,1
0,0.19651996792852527,0
0,0.619448769610059,1
0,0.7110123699395267,1
0,0.08604169244209997,0
0,0.11156613923671614,0
0,0.17878625585481953,0
0,0.0907284488878531,0
0,0.34756450807992845,0
1,0.9050336596378582,1
0,0.3120432615088229,0
1,0.8407635009686911,1
0,0.1490514728702594,0
0,0.07479694478081175,0
0,0.37973856297498976,1
0,0.16598818830362747,0
0,0.598780787311128,1
0,0.10765876173614851,0
0,0.11514484805557079,0
1,0.4744277305983466,1
1,0.376342132042679,1
0,0.09545444820874725,0
0,0.42012703907713095,1
0,0.09870214299012785,0
0,0.3401341056853705,0
0,0.5582467111006872,1
0,0.6974133395746569,1
0,0.22596466743322485,0
0,0.11478715563033427,0
0,0.0934321585503359,0
0,0.933753426211673,1
0,0.13845232072960822,0
0,0.3858827927846344,1
0,0.4595761072249235,1
0,0.19074515506277803,0
0,0.11908536196942598,0
0,0.25155273845301007,0
0,0.08229725717347135,0
0,0.13139046218098172,0
0,0.17344639966718692,0
0,0.15884820873427424,0
0,0.7886964023304536,1
0,0.08632477955571503,0
0,0.1915730018234306,0
0,0.28044508497251086,0
0,0.05419665289815421,0
0,0.07101908831626616,0
0,0.6002822640841359,1
0,0.10927708314510956,0
0,0.5592668041663077,1
0,0.8077316955888323,1
0,0.13286399017403117,0
0,0.14017261882371504,0
0,0.1136486291681995,0
0,0.49477106618324845,1
0,0.6297478829458166,1
0,0.09688694332144368,0
0,0.11475199777045861,0
0,0.45893883289059306,1
1,0.5434553882792993,1
1,0.37601027666527015,1
0,0.1384583357875197,0
0,0.3695164143450558,1
0,0.5741870314273879,1
0,0.22875948603393628,0
0,0.09028409929304258,0
0,0.1353385628807818,0
0,0.06399716873266832,0
0,0.17835821433684432,0
1,0.3662346403830989,1
1,0.755212467118487,1
0,0.25895502943642035,0
0,0.7351227556796456,1
1,0.9146091407866718,1
0,0.16322573239312774,0
0,0.191535439726228,0
0,0.6130624914530006,1
1,0.480400426444085,1
0,0.09246170968135718,0
0,0.11428317311881891,0
0,0.17387697866627547,0
0,0.08876317177135079,0
0,0.299700464471995,0
0,0.11946620990509656,0
0,0.17634330654877992,0
0,0.10914333128295875,0
0,0.11538013307808612,0
0,0.6113762336727857,1
0,0.1114212237484237,0
0,0.3744175406847204,1
0,0.10822517298146794,0
1,0.9664360251849538,1
0,0.12871773345401558,0
0,0.09317490454231765,0
0,0.5709767730699012,1
0,0.30702672929320696,0
0,0.12765058765690265,0
0,0.6407808389087732,1
0,0.11529819913971705,0
0,0.3137473040713898,0
0,0.11990922238045862,0
0,0.8700931042098379,1
0,0.1102407536514341,0
0,0.16575306002430656,0
0,0.5401019546817597,1
0,0.15438864044406223,0
0,0.33662942467483115,0
0,0.3155458908044775,0
0,0.5342585709176197,1
0,0.32296170251504286,0
0,0.18379747266253607,0
0,0.10340372955672227,0
0,0.14470741295955508,0
0,0.6270963026392357,1
0,0.2596686909836784,0
0,0.15857618764494377,0
0,0.09548711413159051,0
0,0.06904143335836264,0
0,0.3633674177409457,1
0,0.14472640297011355,0
0,0.11656529280837345,0
0,0.10983115437840711,0
0,0.22777053581054582,0
0,0.10196988312454298,0
0,0.4120961156277303,1
0,0.1293036708883557,0
0,0.6917748391238442,1
0,0.7970854065768198,1
0,0.4570469871335879,1
0,0.14174328161774444,0
0,0.1623461996081745,0
0,0.5089713740998719,1
0,0.2200460131619956,0
0,0.5627535268181886,1
0,0.3847968814479523,1
0,0.2801180603089844,0
0,0.45592274831523383,1
0,0.14881360754378048,0
0,0.6894892012455408,1
0,0.14777141031645052,0
0,0.5712778489777502,1
0,0.1798332831741647,0
1,0.9552892629616827,1
0,0.16881775238489694,0
0,0.4583993300136179,1
0,0.21131932457252448,0
0,0.3742255382463759,1
0,0.33667282481921224,0
0,0.38168858507139,1
0,0.3958827437633197,1
0,0.05599333838050048,0
0,0.3376643191049997,0
1,0.9348548996632512,1
0,0.08008260738669101,0
0,0.13452034128349444,0
0,0.1444482955277831,0
0,0.16679166912024898,0
0,0.225080179836959,0
0,0.22674917510288292,0
0,0.08098098065203771,0
0,0.07581916131845202,0
1,0.7960389157717307,1
0,0.20082193139509966,0
0,0.3070321273467238,0
0,0.0773417861054019,0
0,0.09061987641994626,0
0,0.11625388344388236,0
0,0.09841823335125206,0
0,0.158629104660568,0
0,0.2836311814415896,0
0,0.11423549547728738,0
0,0.09154753234872295,0
0,0.08055208552719277,0
0,0.1660181496685614,0
0,0.3842180172220472,1
0,0.33699491929033965,0
0,0.16701209321073174,0
0,0.8240581766821297,1
0,0.7023929530278253,1
0,0.6294097124055905,1
0,0.6219770898623664,1
0,0.1057420684786941,0
0,0.21744254898866383,0
0,0.14067574300185878,0
0,0.8081877169921348,1
1,0.4299538838869528,1
0,0.19263058357656918,0
0,0.14370367791964042,0
0,0.14305890048517167,0
0,0.3647950474697032,1
0,0.4700909513888853,1
0,0.569238320309227,1
0,0.14740517767198752,0
0,0.7150957206771845,1
1,0.596519768157899,1
0,0.06531220383072318,0
0,0.14565637592270417,0
0,0.37718711888212747,1
0,0.7690936457247592,1
1,0.7383453385416,1
0,0.1982423503809595,0
0,0.43194594281542115,1
0,0.3250163319512424,0
0,0.18442332927347677,0
0,0.06322155579325262,0
1,0.9086566208539206,1
0,0.6771060463876839,1
0,0.817103607584697,1
0,0.1034862252795465,0
1,0.8949853137745377,1
0,0.08733902284239546,0
0,0.07366580784639963,0
0,0.6997383694335381,1
0,0.11777745073901673,0
0,0.389191485822385,1
0,0.10324138251579168,0
0,0.08379094393893934,0
0,0.054306856789173706,0
0,0.7237479026109641,1
0,0.2973571342115316,0
0,0.13678538531439294,0
0,0.13165437275105446,0
0,0.6559558535441097,1
0,0.13792007006401893,0
0,0.3830990082558919,1
0,0.2230835442624446,0
0,0.11814434312655694,0
0,0.09682356222547724,0
0,0.08027710995743184,0
0,0.1179163147703927,0
0,0.07687066771675477,0
0,0.16372570124781402,0
0,0.7406663069549693,1
0,0.2963831618300889,0
0,0.23314978539373707,0
0,0.1995131512839223,0
0,0.7897905630339269,1
0,0.6197742425399801,1
0,0.5018101063838136,1
0,0.21416954641088173,0
0,0.18342816955099822,0
0,0.09551271313770743,0
0,0.1900902044225363,0
0,0.5603089392526562,1
0,0.19273136831795828,0
0,0.14632958484023093,0
0,0.13447060562944885,0
0,0.774049237001583,1
0,0.8961263305071159,1
0,0.24481792292225255,0
0,0.3984923349576703,1
1,0.8119992801629832,1
0,0.4413150560148088,1
0,0.11895310422757237,0
0,0.12234604340959533,0
0,0.055539429925579406,0
0,0.17669276131762537,0
1,0.5034115736038802,1
0,0.11375853971086189,0
0,0.12885078914629472,0
0,0.13337846623463853,0
0,0.11053747297468036,0
0,0.5651638207115719,1
0,0.43628824915823106,1
0,0.43197489506001463,1
0,0.3946767872117668,1
0,0.14535258583814994,0
0,0.1423866191813852,0
0,0.5011154707687121,1
1,0.8683575323220448,1
0,0.8581172074845856,1
0,0.1535465807757955,0
0,0.2480396284929437,0
0,0.2626786487664821,0
0,0.4534647504176733,1
0,0.07013819516697067,0
0,0.7996261224605898,1
0,0.06704619000970989,0
1,0.6398491036796169,1
1,0.8839715043491077,1
0,0.34577733529109417,0
0,0.2755474367502964,0
0,0.08326085198225182,0
0,0.23735826900333015,0
0,0.10236231036948928,0
0,0.29724637816114885,0
0,0.42970504465966275,1
0,0.21445540806914906,0
1,0.8488199346753089,1
0,0.15424421835860141,0
0,0.4371789767201367,1
1,0.9519471339717268,1
0,0.21591107283454833,0
0,0.8347137117880824,1
0,0.5434669400302681,1
1,0.3082674958749352,0
0,0.1709183650613688,0
1,0.9326455262939879,1
0,0.17667612510997113,0
0,0.15631343620295632,0
0,0.11798763231807075,0
0,0.5845926695819622,1
0,0.12937226725215928,0
0,0.05364681307979352,0
0,0.3429517350494889,0
0,0.12329777898992877,0
0,0.7962776227466903,1
0,0.842883681558174,1
0,0.08422851819026532,0
0,0.29339174981624716,0
0,0.12523041588609515,0
0,0.402424014655559,1
0,0.21729946864132013,0
0,0.3049703403789271,0
0,0.09635254986439373,0
0,0.554735741052685,1
0,0.3322372243323,0
1,0.8319962770387718,1
0,0.16273932762717416,0
0,0.9338852669621641,1
0,0.6024130267879623,1
0,0.14471774519465028,0
1,0.4379764351742903,1
0,0.10458408143120733,0
0,0.4299767567871294,1
0,0.46180854558956025,1
0,0.5520651373704095,1
0,0.11128640957580839,0
0,0.11138324042351916,0
0,0.4199564187393174,1
0,0.3650441761420584,1
0,0.4685914593242495,1
0,0.06035493153221701,0
0,0.13414874297163945,0
0,0.5074344547074129,1
0,0.2221509670856744,0
0,0.14616497137197898,0
0,0.358211873218949,1
0,0.5368464283739812,1
0,0.6690084420955692,1
0,0.2127254727407285,0
0,0.1405442624745589,0
0,0.6380481970835574,1
0,0.0728467826874212,0
0,0.30778999357999587,0
0,0.09076648639456097,0
0,0.16232983928296216,0
0,0.5321497387502803,1
0,0.154348960595973,0
0,0.8350858617922811,1
1,0.9270235842036876,1
0,0.13830990047241754,0
0,0.06612900352718984,0
0,0.4009011628037622,1
0,0.27610771531645656,0
0,0.14247249257283603,0
0,0.17549606317726607,0
1,0.8369790983603274,1
0,0.535091589426487,1
0,0.13884101789233966,0
0,0.12463673959708442,0
0,0.5575459046952683,1
0,0.16859253138754224,0
0,0.9470458628260655,1
0,0.4028196983737407,1
0,0.19204903118241634,0
0,0.13242738710698038,0
1,0.5141779550559255,1
1,0.6212199067548319,1
0,0.5738335515268246,1
0,0.40774144309630395,1
0,0.09290349738589031,0
0,0.16254160652246472,0
0,0.12561052473724307,0
0,0.11968187740250784,0
0,0.34381733532651226,0
0,0.39909106782711035,1
0,0.20496207276002187,0
0,0.11298957773400518,0
0,0.4079217945228299,1
0,0.27621537510300165,0
1,0.435472518768582,1
0,0.14702387962318744,0
1,0.5564880596817806,1
0,0.46275711419110316,1
0,0.06463086291576882,0
1,0.913923387799785,1
1,0.2260625890011868,0
0,0.4864322081532146,1
0,0.08687427330242131,0
0,0.09218131568684586,0
0,0.12380091533834575,0
1,0.8793217841278997,1
0,0.08241602815959817,0
0,0.7564348117627774,1
0,0.2964049782536979,0
0,0.34651107496048833,0
0,0.1938113093407545,0
0,0.11029865080875105,0
0,0.1382317953934554,0
0,0.08150753182128401,0
0,0.12288431055684328,0
0,0.23639254442438296,0
0,0.6287940303947895,1
0,0.0980833422179337,0
0,0.12986599657631315,0
0,0.35948994056470235,1
0,0.16642877663781458,0
1,0.9473531234219348,1
0,0.12307594184844103,0
0,0.26840650170059555,0
1,0.24594779379561435,0
0,0.5831911676620162,1
0,0.07754826931207207,0
0,0.12870478536883068,0
0,0.3219599500338513,0
0,0.6798671028883131,1
0,0.1274675084241791,0
0,0.7111239093421159,1
1,0.5263911302506957,1
0,0.1309044127244876,0
0,0.5468077610009352,1
0,0.5828871452859363,1
0,0.13237142099082103,0
0,0.07706642419846582,0
0,0.14822774051465212,0
0,0.5924288619897715,1
1,0.9635773478717184,1
0,0.2826359843483037,0
0,0.08183312946326513,0
0,0.3760822838665554,1
0,0.2456540881599668,0
0,0.13936342837987475,0
0,0.5513102527584612,1
0,0.09081402884978426,0
0,0.11793245380007465,0
0,0.29144446511961075,0
0,0.6163488411658883,1
0,0.4003697060432061,1
0,0.8319358814020559,1
0,0.6615596108865741,1
0,0.16083645038988645,0
0,0.0981737261848507,0
0,0.2578893078916696,0
0,0.10809179566254817,0
0,0.2611442349257895,0
1,0.7500785433702395,1
0,0.821313767406668,1
0,0.16939273403629304,0
0,0.133940997885335,0
1,0.6749661071667195,1
0,0.3875340145930673,1
0,0.33740879803974844,0
0,0.08565671690973184,0
0,0.14750588978197832,0
0,0.8062574897147389,1
0,0.1050978573685343,0
0,0.1026876027503528,0
0,0.2784627017497498,0
0,0.708142507062781,1
0,0.1351171810411742,0
0,0.11531393300416433,0
1,0.8860232733557317,1
0,0.5689389330414178,1
0,0.5293457819793881,1
0,0.1693638494360134,0
0,0.2915589744432754,0
0,0.13400883326120738,0
0,0.09863310289889324,0
0,0.18628297429689344,0
0,0.5218810706551704,1
0,0.0610372046403228,0
0,0.3562286441317867,1
0,0.07981024125226344,0
0,0.4612835907753053,1
0,0.7848717728605297,1
0,0.10612977624479855,0
0,0.19204808083221747,0
0,0.060772347251981614,0
0,0.09282287679634114,0
0,0.15664416960684116,0
0,0.4680010068619101,1
0,0.27534367022279926,0
0,0.34418466017305943,0
0,0.9207803179400692,1
0,0.22439788567767727,0
0,0.06686639086148721,0
0,0.08766778232037394,0
0,0.09260652261300274,0
1,0.6782360643743282,1
1,0.9419513527129181,1
0,0.14843597593966387,0
0,0.32949688218875023,0
0,0.25758868019167913,0
0,0.17315814359945791,0
1,0.5055810830338356,1
0,0.3130336787992222,0
0,0.7675536959148616,1
0,0.32453350509692486,0
0,0.9470856327161852,1
1,0.9463451830284464,1
0,0.1364554191437279,0
0,0.626022034632796,1
0,0.19956247239654468,0
0,0.4077974979031249,1
0,0.12191573950931582,0
0,0.7623880200048843,1
0,0.6274138934300736,1
0,0.13124739177755165,0
0,0.08752241926284943,0
1,0.8861006528554867,1
0,0.07860705747387818,0
0,0.20188735186158374,0
0,0.262940640580543,0
0,0.14683941084064706,0
0,0.17724117019586771,0
0,0.4396884527330831,1
1,0.5699566023123581,1
0,0.5991490508732225,1
0,0.22181176186559212,0
0,0.49289865374746844,1
0,0.2932097506508469,0
0,0.15576732598468065,0
0,0.22114664131862122,0
0,0.6407604277443963,1
0,0.1734090349559215,0
0,0.4474866963442892,1
0,0.5882125506542478,1
0,0.43269314347780324,1
0,0.4238981331332681,1
0,0.16330294922799427,0
0,0.8950927843750858,1
0,0.13566663124134268,0
0,0.1130903707232375,0
0,0.2388749792553658,0
0,0.10496465748117563,0
0,0.10402338386944415,0
1,0.5378863133380724,1
0,0.4786996810945062,1
0,0.11795999271058105,0
1,0.9021076669310759,1
0,0.13918373767185327,0
0,0.2046370539899648,0
0,0.1123582079900615,0
1,0.8770785304381669,1
0,0.15557221448260172,0
0,0.2139607817169096,0
0,0.3842224440066914,1
0,0.08748176201440667,0
0,0.17263748032571183,0
0,0.18579823563127096,0
0,0.15788011307543662,0
0,0.1546061529027165,0
0,0.5169752499616395,1
0,0.1511885854351438,0
0,0.16746347545615017,0
0,0.11499073800083612,0
0,0.7280455701975845,1
0,0.41768138055434234,1
0,0.6644531122482964,1
0,0.13332159237020186,0
0,0.1464022654254988,0
0,0.14845044559544612,0
0,0.9026680374517434,1
0,0.29883221883029276,0
0,0.5366697290203063,1
0,0.17241495418364264,0
0,0.28774129598617537,0
0,0.11918101223455536,0
0,0.06339885630632702,0
0,0.25789556484074305,0
0,0.16116123155209355,0
0,0.14158483622684007,0
0,0.1224554282878457,0
0,0.5700349805472703,1
0,0.13778178571506508,0
0,0.498460338190375,1
0,0.1911620393791441,0
0,0.4157154727516326,1
0,0.7651008800122882,1
0,0.07926913677281905,0
0,0.13077069763424187,0
0,0.5626594234084441,1
0,0.11928088593874575,0
0,0.48133070277775925,1
0,0.20066174418416444,0
0,0.39877538148800545,1
0,0.11931442964347605,0
1,0.7253024797352708,1
0,0.17351108454071926,0
0,0.11421186978486127,0
0,0.0804337905464426,0
0,0.5257159353633188,1
0,0.058320861769571956,0
0,0.21390202678659367,0
0,0.4995075871780125,1
0,0.22665419164517486,0
0,0.06121380598467317,0
0,0.11945405295678467,0
0,0.1263670928756315,0
0,0.2119326251711663,0
0,0.7339384253435433,1
0,0.3586630453681549,1
1,0.33724229315540616,0
0,0.1752523362276836,0
0,0.2162992919624467,0
0,0.9331517889520016,1
0,0.10002581159747091,0
0,0.09923963206867324,0
0,0.12020283813679047,0
0,0.15828063574451312,0
0,0.38288753407497816,1
0,0.11536211034260503,0
0,0.4161240290767462,1
0,0.44820110539063024,1
0,0.08267066316772849,0
1,0.5029726808244724,1
0,0.37517561136658273,1
0,0.8145689591407088,1
0,0.11785147966274778,0
0,0.0828878101823899,0
0,0.4814186158434493,1
0,0.080047957399101,0
0,0.11137163411548623,0
0,0.12693301679484595,0
0,0.07811282719156742,0
0,0.11121082100934013,0
0,0.08423330937492889,0
0,0.1846121868258511,0
0,0.11191019450098312,0
0,0.5268796718429027,1
0,0.20783886486973924,0
0,0.11978625105810459,0
0,0.19690993354491443,0
0,0.29523271174031385,0
0,0.44974716525261066,1
0,0.1647553909225892,0
0,0.3082893148241773,0
0,0.3247509019295377,0
0,0.5565072531509506,1
0,0.08090116588897198,0
0,0.337941068541042,0
0,0.23166163796376466,0
1,0.9561862308553735,1
0,0.1539738580171687,0
0,0.310642214095045,0
0,0.26073553409310296,0
0,0.22898442834010355,0
0,0.10303108901873287,0
0,0.2917900620395041,0
0,0.23696366343965777,0
0,0.09198090384945717,0
0,0.11197658948309169,0
0,0.26121700754342886,0
0,0.07659689473852396,0
0,0.05576477340470269,0
1,0.20893278442917435,0
0,0.12096682257998603,0
0,0.21014559848090975,0
0,0.4607516168715283,1
0,0.394198296407061,1
0,0.1730662534310062,0
0,0.5754827911437898,1
0,0.07732308915341153,0
0,0.22523064097501405,0
0,0.3039985333757734,0
0,0.15679733509838237,0
0,0.11519518848908769,0
0,0.39405670245925783,1
0,0.37577207821440517,1
1,0.7948532590157582,1
0,0.362301676807328,1
1,0.7607559226342431,1
0,0.5526191432276685,1
0,0.18940971994481232,0
0,0.15280929996630757,0
0,0.587130296280151,1
0,0.35844564776333887,1
0,0.49132471862464533,1
0,0.23156177843702305,0
0,0.4242209703839695,1
0,0.14518249494823968,0
0,0.649635109628226,1
0,0.3032463036951252,0
0,0.1797237924449127,0
0,0.14809417022665683,0
0,0.1614266056391664,0
0,0.27686958451154536,0
0,0.22293027206987054,0
0,0.2084888850685858,0
0,0.50057701070983,1
0,0.8613471351023779,1
0,0.11750106069097731,0
0,0.07698069892224027,0
0,0.2956732444025888,0
0,0.5572451488598932,1
0,0.47266572500775983,1
0,0.1256537139481416,0
0,0.46414167795627265,1
0,0.19701154885060182,0
0,0.08591272416554027,0
0,0.09015485501117877,0
0,0.5276457785818807,1
0,0.3746140098691702,1
0,0.3624054306497453,1
0,0.07315615566213615,0
0,0.1272049368011871,0
0,0.5626335286855232,1
0,0.13370991461786932,0
0,0.13086845523574328,0
0,0.3354478804288667,0
0,0.9363324760852203,1
0,0.09350136858488045,0
0,0.5569376296522501,1
0,0.3575994806177936,1
0,0.10474569398571991,0
0,0.09651800325111594,0
0,0.2594342511644102,0
1,0.6643681796423279,1
0,0.05264304727862759,0
0,0.8574165701319354,1
0,0.41398787189909886,1
0,0.582841248951775,1
0,0.41310966830371,1
0,0.16573728544085148,0
0,0.3327117231906895,0
0,0.08177881643091488,0
1,0.6432671698846429,1
0,0.15019639768710222,0
0,0.0839928736453019,0
0,0.18118849254672836,0
0,0.16501287894861827,0
0,0.9095362791145666,1
0,0.14070070511263033,0
0,0.2753783614796463,0
0,0.2812920954286677,0
0,0.09202174991451861,0
0,0.625316262360961,1
0,0.20867703187230255,0
0,0.6086645682182039,1
0,0.21627435938370534,0
0,0.10568527486550314,0
0,0.23475545762948813,0
0,0.4185302938014886,1
0,0.4966933872459501,1
0,0.062567989647766,0
0,0.09179854692361972,0
0,0.14724332262282194,0
0,0.09955066381641603,0
0,0.1765592232353142,0
0,0.25337983688684645,0
0,0.3889527306067017,1
0,0.18957892287696945,0
0,0.4953766293292491,1
0,0.17625426960079063,0
0,0.11587855944960711,0
0,0.35543193864222744,1
0,0.10264329235836357,0
0,0.3444261030792745,0
0,0.2278749438966707,0
0,0.07808141729270103,0
0,0.6080560178015522,1
0,0.3858883973455827,1
0,0.056573119887658896,0
0,0.14664005099871852,0
0,0.09476691296148551,0
0,0.390467353000769,1
0,0.26723862901399675,0
0,0.43323799744162933,1
0,0.7226328785261551,1
0,0.364556382527727,1
1,0.791527517862925,1
0,0.06556736058872814,0
0,0.3748576363413753,1
1,0.5851293294321664,1
0,0.14757193910078267,0
0,0.09827510073214682,0
0,0.8063075538909256,1
0,0.7665013864949863,1
0,0.7817089812694369,1
0,0.5384067281799597,1
0,0.052215911607451614,0
0,0.35088311827363644,1
0,0.09405674134872805,0
0,0.10399209513932484,0
0,0.20742636449275575,0
0,0.18565954115521044,0
0,0.4106155040549199,1
0,0.1753049222636487,0
0,0.3055425362273695,0
0,0.5557667086251287,1
0,0.21410407871561504,0
0,0.5714164018363302,1
0,0.7756549282313191,1
0,0.27100573008310996,0
0,0.18357765900179052,0
0,0.11872019604790349,0
0,0.23279453547105666,0
0,0.39217177639208456,1
0,0.1685801654785449,0
0,0.45266168714822413,1
0,0.12931885286741882,0
0,0.12597605475516402,0
0,0.056324797274759045,0
0,0.07996408511619134,0
0,0.17296954398283565,0
0,0.3192263400834107,0
0,0.076574674382744,0
0,0.44247249701577573,1
0,0.09071768810387086,0
0,0.4258525827760918,1
0,0.0837623951121475,0
0,0.12789069361910724,0
0,0.09701914018967962,0
0,0.15573364617748076,0
0,0.20220795771151567,0
0,0.09633978703232479,0
0,0.24008380795937043,0
0,0.09198349491243515,0
0,0.07795722930734367,0
0,0.13357471087107647,0
0,0.26702809827003277,0
0,0.2954000641701446,0
0,0.5911056332828966,1
0,0.14325491415843353,0
0,0.054189094245590305,0
0,0.09058194633752574,0
0,0.12170847474814579,0
0,0.05875668311019955,0
0,0.4379957438541093,1
0,0.3391943980176998,0
0,0.08530511980218512,0
0,0.11759949384700864,0
0,0.5155207526188254,1
0,0.3784651288119784,1
1,0.8791892880002075,1
0,0.17135383932938245,0
0,0.7051235393568686,1
0,0.6001983904497427,1
0,0.127716397934252,0
0,0.08626738743697529,0
0,0.2243693036611604,0
0,0.13332084741019537,0
0,0.24129707789723848,0
0,0.16203462677470182,0
0,0.1473998810082956,0
1,0.942266209302875,1
0,0.5041565123735755,1
0,0.1057566274688565,0
0,0.06808838956350385,0
0,0.10623370500330753,0
0,0.27609940685114215,0
0,0.2899657800431538,0
0,0.29083254922490154,0
0,0.2046843511329212,0
0,0.13771592694922258,0
0,0.5108735904118913,1
0,0.0821786189373524,0
0,0.542478668647922,1
0,0.4502942515940769,1
0,0.0764613942198311,0
0,0.2638384696569989,0
0,0.12170258547950115,0
0,0.2714772577950168,0
0,0.5354212570246927,1
0,0.21533809309552596,0
0,0.12933480290579166,0
0,0.8477664427678098,1
1,0.9227576449945154,1
0,0.7840429058986154,1
0,0.13332982596725138,0
0,0.6455463239150218,1
0,0.5116495614258514,1
0,0.3165937295986217,0
0,0.7367727045172546,1
0,0.08985825360972063,0
0,0.05637756884091798,0
0,0.2715802694417063,0
0,0.21101323327377855,0
0,0.29319200310317667,0
1,0.946914018734419,1
0,0.38184960438227566,1
0,0.09554918777321401,0
0,0.12276669951664332,0
0,0.9283970121344887,1
0,0.12548507985608018,0
0,0.18471221198697993,0
0,0.20362115636197917,0
0,0.44083064367236896,1
0,0.1686058966578281,0
0,0.12017325537199121,0
0,0.6076850762179951,1
0,0.35484335510468695,1
0,0.079551910815108,0
0,0.4638660945410976,1
0,0.11501692771108604,0
0,0.15234980501677936,0
0,0.42951757344762453,1
0,0.5505376547063582,1
0,0.6401816513257859,1
0,0.37608510516613225,1
0,0.524419974240024,1
0,0.09828960517893857,0
0,0.2807800569766226,0
0,0.1265805646736869,0
0,0.056454649953803414,0
0,0.19811352333938903,0
1,0.868633158635159,1
0,0.6310473030233623,1
0,0.0953731769108509,0
1,0.9121024559245214,1
1,0.06166534503363546,0
0,0.777216033370313,1
0,0.5970123486092149,1
0,0.189440685383598,0
0,0.37543991577324426,1
0,0.09567195228660437,0
0,0.9594648927593687,1
0,0.07965271670910969,0
0,0.29264350892932567,0
0,0.07540578531903985,0
0,0.7829920898735788,1
0,0.4260659983779359,1
0,0.36780347840878014,1
0,0.1851524133830892,0
0,0.2715945135730544,0
0,0.10311770498254572,0
0,0.12368918648693213,0
0,0.3391912054282946,0
0,0.39670282879443086,1
0,0.495926397406409,1
0,0.24518120882527006,0
0,0.0999656936192251,0
0,0.5191863649872316,1
0,0.9083637658684183,1
0,0.08309616880378334,0
0,0.614233006038147,1
0,0.25882342608353276,0
0,0.206436755740664,0
0,0.11242578366374928,0
0,0.48435847448656544,1
0,0.10384961167763862,0
1,0.8806669621278728,1
0,0.05550304611954676,0
0,0.340710549943231,0
0,0.8243559865612653,1
0,0.4285341814045362,1
1,0.5324474457691958,1
0,0.3403940797118069,0
0,0.17789446504620338,0
0,0.12863103746559593,0
0,0.36925336200617775,1
0,0.30445594216473887,0
0,0.09066636270816812,0
0,0.6004281951137925,1
0,0.3008818976272503,0
0,0.08807595563347814,0
0,0.6431173186937067,1
0,0.11699350098122714,0
1,0.3310812802549071,0
0,0.1337877528016051,0
0,0.6021163975247756,1
0,0.7821805404467805,1
0,0.8890187702760327,1
0,0.4450891209089902,1
0,0.09060630942261406,0
0,0.22650704374200326,0
0,0.057601235585830524,0
0,0.09588518310071141,0
0,0.9650946800912271,1
0,0.37321351321716906,1
0,0.4567388043692854,1
0,0.5785356657778155,1
0,0.9516042820793369,1
0,0.14857044567199948,0
0,0.49619815573204257,1
0,0.3681025310784838,1
0,0.5831142825935165,1
0,0.1376926650084706,0
0,0.95646939886931,1
0,0.06957921948307168,0
0,0.10345838747019882,0
0,0.24503473841094145,0
0,0.08720996158876734,0
0,0.1284477152212041,0
0,0.12288976873108325,0
0,0.40605790178193246,1
0,0.0934598452605723,0
0,0.5403231570546279,1
0,0.15387064040536053,0
0,0.41011014678654606,1
0,0.4854211397234451,1
0,0.21893728538012336,0
0,0.45313534199991923,1
0,0.08474867583624707,0
0,0.3855176120353589,1
0,0.11968837065755127,0
1,0.8662004900898779,1
0,0.10390052516186256,0
0,0.3644751288027242,1
0,0.08771621977065949,0
0,0.06302429291273502,0
0,0.18496132784224667,0
0,0.12306291010775518,0
0,0.16273157936412852,0
0,0.5988214684737956,1
0,0.4138381252206141,1
0,0.8891063745922814,1
0,0.44481856841225076,1
0,0.10062676488545319,0
0,0.12581077622071554,0
1,0.12985161283301896,0
0,0.13868367481571842,0
0,0.271374938809891,0
0,0.09209962998102611,0
1,0.9401981981626579,1
0,0.5307422948966567,1
0,0.4926530935224128,1
0,0.1064208195070693,0
0,0.1555332329793973,0
0,0.2706563390969268,0
0,0.08353068981433076,0
0,0.1538701763346286,0
0,0.3469977552324752,0
0,0.35170893157491795,1
1,0.8150059896867387,1
0,0.5246436836856149,1
0,0.13475823119713692,0
0,0.17797255533080414,0
0,0.09004342806600853,0
0,0.21613572374539208,0
0,0.13589202501280562,0
0,0.09342383020743819,0
1,0.9335614052587429,1
0,0.09498366588432924,0
0,0.17764532106220113,0
0,0.07310050050788476,0
0,0.3493087101392528,0
0,0.08878603370030051,0
0,0.18386671783162545,0
0,0.11372939949164568,0
0,0.43994929538388317,1
0,0.4471499844019683,1
0,0.12751909602882533,0
0,0.1343240799397166,0
0,0.10164603263254458,0
0,0.16456487669298306,0
0,0.40522280246832876,1
1,0.6804332637248722,1
0,0.1257256714336941,0
0,0.18462079330124267,0
0,0.08422367352346681,0
0,0.22683880345500398,0
0,0.5603395728552762,1
0,0.09338300020943334,0
0,0.11104080595799862,0
0,0.11598202218832311,0
0,0.4831691330258472,1
0,0.1298722532923791,0
0,0.211902943838441,0
0,0.16452634728606502,0
0,0.14167854915076888,0
0,0.09918141600068986,0
0,0.9249939094764871,1
0,0.33204697364028657,0
0,0.15029181701736724,0
0,0.19157396560067805,0
0,0.13925561197713357,0
0,0.2699012702825245,0
0,0.15670203639538088,0
0,0.12737733966088555,0
1,0.5017064833616943,1
0,0.2426671159167957,0
0,0.15496450794946395,0
1,0.9345181024322248,1
0,0.4436555301784993,1
0,0.7860276542125779,1
1,0.5632231991111687,1
0,0.32393943459440167,0
0,0.5673672974219492,1
0,0.09679913072607697,0
0,0.13663554457031,0
0,0.08526779113043777,0
0,0.23522872759657537,0
0,0.06886833058749268,0
0,0.34008262946574985,0
0,0.10995557490115627,0
0,0.14199832520760206,0
0,0.12318757763957798,0
0,0.7479446278177864,1
0,0.5457639024245281,1
0,0.11623331275945283,0
0,0.07392470575158913,0
0,0.12339306226770773,0
0,0.17626139412531697,0
0,0.4711014131869272,1
0,0.17402831214200806,0
0,0.33536154486887704,0
0,0.1026552326671705,0
0,0.1711340349635489,0
0,0.15476633854737107,0
0,0.13972895999527643,0
0,0.6317431292025483,1
0,0.10986084802521726,0
0,0.08441888918999225,0
0,0.12658538811859252,0
0,0.4182988159595277,1
0,0.05730854510681744,0
1,0.4245309132031154,1
0,0.16693397851408484,0
0,0.14379753103056095,0
0,0.1855910373914421,0
0,0.32289143194700337,0
0,0.11945835465942686,0
0,0.12776723528590772,0
1,0.9656552007230762,1
0,0.1427018778484429,0
1,0.3571287713750843,1
0,0.1064544019380613,0
0,0.05392421314573299,0
0,0.8527497211714298,1
0,0.1197695363198878,0
0,0.07791418742561232,0
0,0.5994526413940406,1
0,0.6758974654593054,1
0,0.11402054961647594,0
0,0.3530859359955248,1
0,0.10704146211266616,0
0,0.12982824750277244,0
0,0.09004647624182831,0
0,0.05774081054626503,0
0,0.4492212829771449,1
0,0.36641877393349837,1
0,0.17139541707414382,0
1,0.20661467694203065,0
0,0.2162929068064197,0
0,0.2538658481155795,0
0,0.1529411619079516,0
0,0.23229645914384225,0
0,0.3250695135714335,0
0,0.17106956647785126,0
0,0.21992657577379413,0
0,0.4630264363589274,1
0,0.2501028934731887,0
0,0.5417781159938759,1
0,0.12698020625153714,0
0,0.3919592596732661,1
0,0.07003727579713893,0
0,0.06110100959087808,0
0,0.07269740439086915,0
0,0.4545061436320326,1
0,0.07069337810231566,0
0,0.09768203998570003,0
0,0.2327794430056762,0
0,0.18533416246722056,0
0,0.16803507407506846,0
0,0.09884869801510734,0
0,0.2890442217670471,0
0,0.43465995668349516,1
0,0.46447057138867515,1
0,0.6504861710057631,1
0,0.18712546728870966,0
0,0.0817998197172368,0
0,0.1638772235592178,0
0,0.13209590545400543,0
0,0.13025791976881465,0
0,0.1626142167951027,0
0,0.1016305534552267,0
0,0.7457912300055675,1
0,0.10397931691175151,0
0,0.069977555909168,0
0,0.10100633859313847,0
0,0.1943535685208088,0
0,0.04942281373357821,0
1,0.9292856873645693,1
0,0.13332317357310597,0
0,0.07815809544567397,0
0,0.3306974557552937,0
0,0.1542575497255589,0
0,0.08610655037276899,0
0,0.18096999794805577,0
0,0.07332848121434651,0
0,0.21828016985737075,0
0,0.23675704444119428,0
1,0.8486234519995554,1
0,0.12220030962248013,0
0,0.2899576939963703,0
0,0.10552505709120129,0
0,0.14304103937964732,0
0,0.6120623898856068,1
0,0.4937566286835719,1
0,0.1901406691189123,0
0,0.8740221869270186,1
0,0.26314873077278167,0
0,0.1314835381419746,0
0,0.16891627978383528,0
0,0.9316023272620089,1
0,0.2856272596992167,0
0,0.5309214281244489,1
1,0.8975706892069544,1
0,0.06072894943790825,0
0,0.1778448024854807,0
0,0.1711722937824644,0
0,0.4583236979205579,1
0,0.1455899422158072,0
0,0.18618504291391785,0
0,0.3723188364373138,1
0,0.3009707897714806,0
0,0.05892445504284577,0
0,0.08156323298253271,0
0,0.17002929172260203,0
0,0.3965597710580397,1
0,0.652364322506452,1
0,0.5310304114568178,1
0,0.4187152031039995,1
0,0.4579552213193657,1
0,0.13022759045582882,0
0,0.6637064106745809,1
0,0.14833629354663708,0
0,0.226172699518817,0
0,0.8066504132222542,1
0,0.08904793912594146,0
0,0.32502924552261764,0
0,0.223567281132445,0
0,0.4046629793925805,1
0,0.1325967992438602,0
0,0.09764926825266959,0
0,0.8101350733121659,1
0,0.7222673416166562,1
0,0.19869008267853946,0
0,0.42304201906015854,1
0,0.0775191305562196,0
0,0.07139037976264229,0
0,0.07191285618441007,0
0,0.26779457521232347,0
0,0.16526522748808242,0
0,0.1485573604053147,0
0,0.4770957517798154,1
0,0.4059635646268122,1
0,0.5856733578339475,1
0,0.081708985245624,0
0,0.22878675414043073,0
0,0.07657943120486063,0
0,0.15126954723879296,0
0,0.38230235720957234,1
0,0.41336807469623676,1
0,0.32027822256106875,0
0,0.17795054139564773,0
0,0.7571175732699984,1
0,0.5684811721095099,1
0,0.09285662268599282,0
0,0.12622607341622935,0
0,0.20773436094230616,0
0,0.09958565856732514,0
0,0.48903817623779094,1
0,0.21329160975575584,0
0,0.14556615160608125,0
0,0.3894714367539601,1
0,0.1076501849668493,0
0,0.11284270988931525,0
0,0.7609778606891546,1
0,0.11649275551198776,0
0,0.5350778214779904,1
0,0.05750995367845751,0
0,0.7009227675088673,1
0,0.4442408946710959,1
1,0.3196520086902398,0
0,0.7365095020302648,1
0,0.17262139543607552,0
0,0.5263777459665814,1
0,0.43253659663708854,1
0,0.11825383955413615,0
0,0.6237763337864662,1
0,0.0746312441874601,0
0,0.08643210268841646,0
0,0.1268309111244309,0
0,0.05269239031203116,0
1,0.960115326620807,1
0,0.08921817588328193,0
0,0.5920370697914877,1
0,0.20294838038362858,0
0,0.1788706818626181,0
0,0.13444288503509885,0
0,0.3350982858906566,0
0,0.7640701827888733,1
0,0.07411933775950463,0
0,0.22425590059169973,0
1,0.5872491831356658,1
1,0.9110028779139255,1
0,0.21768885828819662,0
0,0.24192222972739486,0
0,0.18646647871265798,0
0,0.8348883186516473,1
0,0.1205206882034698,0
0,0.1763130812464778,0
0,0.09448534442052073,0
0,0.7883293953798014,1
0,0.11853741515278884,0
0,0.14545126066884245,0
0,0.1944295880844714,0
0,0.47856011608635307,1
1,0.9443621276533167,1
1,0.6676347944822268,1
0,0.051519707560167764,0
0,0.4210348872729405,1
1,0.824701621553377,1
0,0.3471859960279769,0
0,0.3861111338959903,1
0,0.09419586772607523,0
0,0.24492749146116446,0
1,0.5830301709032994,1
0,0.4193557747538771,1
0,0.2093267059087326,0
0,0.15625182086670372,0
0,0.24838838640074154,0
0,0.19063090375228495,0
0,0.7922607876738078,1
0,0.38927866323969074,1
0,0.11049712329087062,0
0,0.3601169969221443,1
0,0.10879094148759862,0
0,0.3663462880078706,1
0,0.18310972233259087,0
0,0.14162517772139285,0
0,0.48020728972869475,1
0,0.12189696535711794,0
0,0.07696318697836095,0
0,0.3313540406785698,0
0,0.16237899854227175,0
0,0.14504608565454846,0
0,0.503067379202708,1
0,0.14261909724538985,0
0,0.49323679038579504,1
0,0.12886544059488747,0
0,0.1712493234802192,0
0,0.08363947123106637,0
1,0.9394982655306715,1
0,0.11244932776286098,0
0,0.15589287997866852,0
0,0.36367318218753153,1
0,0.23458974108293396,0
0,0.3124162313014096,0
0,0.4949719134986205,1
0,0.6858464983622243,1
0,0.17000349462425685,0
0,0.10285604463564019,0
1,0.7658737506678891,1
0,0.24638448413027642,0
0,0.10171212274977719,0
0,0.13333534037024236,0
0,0.8872537430545132,1
0,0.13703512391767134,0
0,0.6069654885633808,1
0,0.15399209323282798,0
0,0.32409047744019553,0
0,0.09640823065133483,0
0,0.1306328117720588,0
0,0.3622120671430065,1
0,0.08499491799329331,0
0,0.11659718864707613,0
0,0.4373858854044536,1
0,0.3988257691812795,1
1,0.7883339841792603,1
0,0.18109329797691595,0
0,0.6913610980650993,1
0,0.12188982960672919,0
0,0.5503883963616274,1
0,0.07869949119772637,0
0,0.2223813350211429,0
0,0.3709615589656394,1
0,0.5111964372922496,1
0,0.2077310540879388,0
0,0.5373002771808191,1
0,0.4697258496105722,1
0,0.6254725300085819,1
0,0.1165302566523283,0
0,0.1746660644461131,0
0,0.20629391778366166,0
0,0.13289360535749634,0
0,0.5262002615844225,1
0,0.12825774757998906,0
0,0.20861569163959812,0
0,0.1906287782133678,0
0,0.8292005047354127,1
1,0.926631354963288,1
0,0.2461954845596215,0
0,0.10579757389064698,0
0,0.44985598419066225,1
0,0.09047248125824095,0
0,0.46111520637450554,1
0,0.13220451083342818,0
0,0.5884111403645409,1
0,0.23725454889412256,0
0,0.5502927427634611,1
1,0.5387596811962746,1
0,0.11452641485859295,0
0,0.11928368856385968,0
0,0.12416737049705812,0
0,0.5165428198905837,1
0,0.4742077166336346,1
0,0.058218269847994567,0
0,0.21638310589242069,0
0,0.3665963362193688,1
0,0.7063938267218371,1
0,0.2529581953563618,0
0,0.6032106452528682,1
0,0.12384001888126299,0
0,0.3517512129448472,1
0,0.1321174645250297,0
0,0.10553509005323805,0
0,0.145386402372771,0
0,0.8722887252437397,1
1,0.4560327633533542,1
0,0.17486897314222064,0
0,0.7630250115121173,1
0,0.4331824904694778,1
0,0.605781387846969,1
0,0.18022978469518103,0
0,0.3107812381608235,0
0,0.4918504489026553,1
0,0.13142482065182473,0
0,0.5534357440387861,1
0,0.0740834806450156,0
0,0.4895633364064355,1
0,0.3150837530275395,0
0,0.25327702990615814,0
0,0.3732439165679106,1
0,0.39688770498952997,1
0,0.13917596218099332,0
0,0.1435616060707263,0
0,0.6535870831661392,1
0,0.7252185182168552,1
0,0.16326785833745827,0
0,0.09980370053999862,0
1,0.7888621211990594,1
0,0.10364984037128307,0
0,0.403912906180401,1
0,0.8174742252348363,1
0,0.295804432466394,0
0,0.43457794912844944,1
1,0.5412547044875443,1
0,0.10303271486238706,0
0,0.12639819303517152,0
0,0.07427423947013237,0
0,0.17211428536062304,0
0,0.11881071417542738,0
0,0.07910877447535518,0
0,0.1274325684360086,0
0,0.09172835392353386,0
0,0.7494939979726875,1
0,0.07554280202207937,0
0,0.16550405645399757,0
0,0.2342114521179983,0
0,0.1108760202527938,0
0,0.7494970863948766,1
0,0.7389463803163553,1
0,0.2623643680641351,0
0,0.09312469096043374,0
0,0.10234123359131557,0
0,0.10786111798092592,0
1,0.7875355942914857,1
0,0.11560785984380456,0
0,0.15368854514118835,0
0,0.15759564321724123,0
0,0.5124091807000213,1
0,0.10187404648922103,0
0,0.23271177089273887,0
0,0.06907741704406517,0
0,0.1383975301210424,0
0,0.35916324544254224,1
0,0.2360910229968484,0
0,0.7902301326607708,1
0,0.1515678845332737,0
0,0.0673342536059498,0
0,0.121460937408337,0
0,0.11865654603764068,0
1,0.6540364767673505,1
0,0.5207475956155124,1
1,0.6617976807977172,1
0,0.10554420177045501,0
0,0.17579047845576654,0
0,0.37773623097193865,1
0,0.1010176528734978,0
0,0.2053887495210087,0
0,0.16027513889695172,0
0,0.11845329741617912,0
0,0.5620180820928244,1
0,0.17099227923183294,0
0,0.8889121715690494,1
0,0.3943762298149361,1
0,0.345049861984743,0
0,0.5382763522287194,1
0,0.10776630808314991,0
0,0.10569237909853,0
0,0.12868947359740365,0
0,0.48662370195670285,1
0,0.10506053772274236,0
0,0.15703316455811417,0
0,0.26450019936552055,0
0,0.08966771591400412,0
0,0.20404165894697016,0
0,0.5097501713390932,1
0,0.05316336910089769,0
0,0.49487473799921344,1
0,0.34897949705376285,0
0,0.16131280996080996,0
0,0.15849978107835247,0
0,0.07279345474335507,0
0,0.2476767248482701,0
0,0.21093148325525138,0
0,0.5952287615795856,1
0,0.3373543315256105,0
0,0.29587412795864776,0
0,0.11799726635736633,0
1,0.6127873084465016,1
0,0.7927064072739568,1
0,0.7192396987596961,1
0,0.8637854707724303,1
0,0.5500321183873106,1
0,0.055682883947496445,0
1,0.91046831871619,1
0,0.9396518635173295,1
0,0.07999975360501095,0
1,0.7925120479423307,1
0,0.10610490658070339,0
0,0.11221350878437825,0
0,0.6400504776110895,1
0,0.6832507323180974,1
0,0.8269800799586052,1
0,0.6549504789706341,1
0,0.34290017595254735,0
0,0.3414027154671301,0
0,0.08877432863380133,0
0,0.21725610112107907,0
0,0.15767769063370007,0
0,0.31260922024048055,0
0,0.2557809733107975,0
0,0.15416321636659083,0
0,0.07156605405109538,0
0,0.5133161533781248,1
0,0.14460247232890558,0
0,0.38453804158978167,1
0,0.37754906441013886,1
0,0.4981132870666073,1
0,0.14151184093070976,0
0,0.18451367604133767,0
0,0.25535401027522087,0
0,0.11463176319632686,0
0,0.22731188748449757,0
0,0.08808218849029512,0
0,0.6510783804024102,1
0,0.17423026551441484,0
0,0.20861322812838695,0
0,0.07556225383760665,0
0,0.5479171904511986,1
0,0.10864691819164446,0
0,0.07217057513910123,0
0,0.3266576515238988,0
0,0.4621092245544246,1
0,0.12324613058398744,0
0,0.19878083623830922,0
0,0.5361481687473423,1
0,0.26798374366133426,0
0,0.12017456863614578,0
0,0.07516073350219028,0
0,0.17676627797902003,0
0,0.47838107529366664,1
0,0.8237132973586864,1
0,0.4500397838685391,1
0,0.2034883343904111,0
0,0.0921679319184574,0
0,0.46234565014936274,1
0,0.1302791264146972,0
0,0.5727422408776397,1
0,0.18075664736866617,0
0,0.05621525971871686,0
0,0.8013802144700588,1
0,0.7334036897609847,1
0,0.14132573983527275,0
0,0.20853732880572617,0
0,0.5830416090965295,1
1,0.9578342831557177,1
0,0.22836027524538366,0
0,0.22524160550050568,0
0,0.09404386030141092,0
0,0.11680554536555836,0
0,0.6277001796721303,1
0,0.15624683223617764,0
0,0.14024952104641933,0
0,0.46849497766655096,1
0,0.08214712940333446,0
0,0.4408859709142989,1
0,0.08803137115663554,0
0,0.08505141709443646,0
0,0.13327549147777948,0
0,0.09130779926574165,0
0,0.3870968166896205,1
0,0.34701188049125326,0
0,0.12333435632692916,0
0,0.10836595059699539,0
0,0.09442891987223144,0
0,0.08281640099257975,0
0,0.05077785467518433,0
0,0.22209968515950942,0
0,0.3161275426522743,0
0,0.15046207357484304,0
0,0.539416262782545,1
0,0.31778410004960134,0
0,0.377144024645156,1
1,0.2582088189464311,0
0,0.18816656738958973,0
0,0.37021559020540407,1
0,0.12475388981040238,0
0,0.7577112245852694,1
0,0.09204162494207986,0
0,0.054939465070145486,0
0,0.420640404850776,1
0,0.37458664581924334,1
0,0.12162840193976102,0
0,0.12554722442194177,0
0,0.1795478171153396,0
0,0.08411192559617013,0
1,0.7156122330932639,1
0,0.10826713855332858,0
0,0.19811510155391276,0
0,0.5080439635897035,1
0,0.10536496676127452,0
0,0.6006664076669057,1
0,0.10900899731654522,0
0,0.2144957177197269,0
0,0.4954335728836,1
0,0.8950756354318999,1
0,0.21337857424705053,0
0,0.09398951176528514,0
0,0.2873228326344141,0
0,0.06836433260638966,0
0,0.08292578127901466,0
0,0.07273906255704574,0
0,0.07617431046681326,0
0,0.21678261432748575,0
0,0.21069848177259962,0
0,0.14967012287365078,0
0,0.3833829036934343,1
0,0.15327719277652832,0
0,0.31581576504410264,0
1,0.9236648294619424,1
0,0.4957021279236536,1
0,0.5964713907708907,1
0,0.12785052816878312,0
0,0.28572322435302494,0
0,0.14066492410602055,0
0,0.06725690130065938,0
0,0.17526126920155566,0
0,0.2053699694090047,0
0,0.3352820893547915,0
0,0.07788525117855843,0
0,0.2839438421499984,0
0,0.1531521781311199,0
0,0.5376972826812972,1
0,0.05976077613222884,0
0,0.5435484993466911,1
0,0.5110477771619466,1
0,0.20006078205164868,0
0,0.37474564479609224,1
0,0.23061073680745348,0
1,0.14950121124734822,0
0,0.2105498552786034,0
0,0.357597930351717,1
0,0.10173626423425464,0
0,0.3353957974989024,0
0,0.8661421088992408,1
0,0.1201495751241544,0
0,0.4764259422454138,1
0,0.5539146193639513,1
1,0.9098186197914883,1
0,0.31118218075299714,0
0,0.12976940867918474,0
1,0.20643339027738936,0
0,0.4308233185676789,1
0,0.15265216835667428,0
0,0.08415526514941267,0
0,0.17808373506051192,0
0,0.7140097631516287,1
0,0.15837239443613638,0
0,0.12580882150335337,0
0,0.2273588392515973,0
0,0.2128804230473211,0
0,0.13541233487775442,0
0,0.3963308779952029,1
0,0.08617009123337878,0
0,0.8687824908712036,1
0,0.2634625361572529,0
0,0.799407287351101,1
0,0.08117043582196988,0
0,0.30378475519379633,0
0,0.06013691864650808,0
0,0.11721011131358078,0
0,0.556189163265936,1
0,0.408206416066951,1
0,0.13334582840947648,0
0,0.4534508249344215,1
0,0.7592799387740812,1
0,0.47474395240994444,1
0,0.7038936127310904,1
0,0.4074636104593035,1
0,0.5546534823226067,1
0,0.17721192488889803,0
0,0.14834290927277605,0
0,0.17167925029809036,0
0,0.07334309882864419,0
0,0.14499653290245237,0
0,0.09055374421252389,0
0,0.8816778732107925,1
0,0.19154327724630413,0
0,0.80330151226985,1
0,0.10823198176236257,0
0,0.07862227959060286,0
0,0.6994667423698272,1
0,0.2266266998039586,0
0,0.1049519187860522,0
0,0.11051711931823308,0
0,0.5778011786394144,1
1,0.35663398706900135,1
0,0.2794862584476798,0
0,0.3683899156728885,1
0,0.2794306722394976,0
0,0.12271923734111446,0
0,0.10783614054082484,0
0,0.5276208151287156,1
0,0.08290732227956682,0
0,0.3421021006118806,0
0,0.33084361418086056,0
0,0.1981724993391774,0
0,0.36321845915246925,1
0,0.7242472328314473,1
0,0.28641327476362655,0
0,0.18468662871381625,0
0,0.20642393052524058,0
0,0.2793064867409159,0
0,0.12160398289405305,0
0,0.21347357650077123,0
0,0.3273861245889456,0
0,0.10275066202364948,0
0,0.0905479246077973,0
0,0.43249402579130164,1
0,0.23396486502490854,0
1,0.944937869604388,1
0,0.5069701359511953,1
0,0.8637221542720387,1
0,0.4767393879200847,1
0,0.2541436651536584,0
0,0.08269465587419515,0
0,0.05751481287452538,0
0,0.0844582846459057,0
0,0.07299867882548224,0
0,0.09343486577254688,0
0,0.1021732601475764,0
0,0.22084224437930422,0
0,0.09080115214023497,0
0,0.39708790770484087,1
0,0.16665823656765077,0
0,0.2340586471809148,0
0,0.13925476829814612,0
0,0.7255308015455033,1
0,0.21577936196566058,0
0,0.26862515107742074,0
0,0.14400238884589503,0
0,0.8689623925813538,1
0,0.15966577033699692,0
1,0.4235085344559968,1
0,0.10903380174945876,0
0,0.1957554141342646,0
0,0.21035673306811883,0
0,0.12033505959028937,0
0,0.10481856293893041,0
0,0.09227594046330675,0
0,0.15243494192982907,0
0,0.37543416274946056,1
1,0.8670543797274884,1
0,0.4576680654397264,1
0,0.05321140169352993,0
0,0.16955474783752897,0
0,0.42825738753643794,1
0,0.3409686245517105,0
0,0.12657047297755078,0
1,0.9449763077567594,1
0,0.5886025267527806,1
0,0.491029264693754,1
0,0.4176909042980198,1
0,0.2953100216477051,0
0,0.22439829126993496,0
0,0.10334973269356222,0
0,0.0659602074733596,0
0,0.612828228146203,1
0,0.4306610204994928,1
0,0.1517415763429325,0
0,0.19126039729351485,0
0,0.07726273314110253,0
0,0.5619559668584891,1
0,0.3058750853939208,0
0,0.8893027117857208,1
0,0.9480587185832864,1
0,0.41878974462491586,1
0,0.08460541883483996,0
1,0.8776174394037802,1
0,0.49912133838526707,1
0,0.15309194034408166,0
0,0.3999478606603857,1
0,0.3403530094747076,0
0,0.0819354746575629,0
0,0.39238637530486126,1
0,0.07568424552335205,0
0,0.2614495311652502,0
0,0.06381070809557954,0
0,0.15364462987330346,0
0,0.10116932154778037,0
0,0.0953816953527287,0
0,0.23959271845750152,0
0,0.9316114002837458,1
0,0.16756692313888433,0
0,0.30193117864858315,0
0,0.7874717468425064,1
0,0.15517455587053283,0
0,0.35572983612294434,1
0,0.5263738250474265,1
0,0.35918975090469685,1
0,0.36828730521369657,1
0,0.17159459994036746,0
0,0.10807565050197465,0
1,0.8441216026795965,1
0,0.309312413915425,0
0,0.820645519016728,1
0,0.19358430961488976,0
0,0.8299667067664369,1
0,0.32928868069238687,0
0,0.42517015181871176,1
0,0.08249616744853255,0
0,0.19666068598753664,0
0,0.1853179723541525,0
0,0.1622018252745691,0
0,0.06780559931215067,0
1,0.8634829732513616,1
0,0.2066264348998725,0
0,0.3809839980189256,1
0,0.0924637963505267,0
0,0.5850076636912483,1
1,0.7881624142569211,1
0,0.3688773000242286,1
0,0.12918698114043628,0
0,0.4350083789088923,1
0,0.8140245326369091,1
0,0.13392104938751598,0
0,0.22407839524153525,0
0,0.9344073700916831,1
1,0.5818536505412741,1
0,0.6036546594800547,1
0,0.23210735833219,0
0,0.07061352616626437,0
0,0.11504532281977398,0
0,0.17939520688594257,0
0,0.13863891307660636,0
0,0.10680121116550194,0
0,0.08740752040950146,0
0,0.5175018472535671,1
0,0.13005355259361176,0
0,0.06156283009173032,0
0,0.1348516070459044,0
0,0.35926012657249273,1
0,0.07312400849633795,0
0,0.09861035428397075,0
0,0.5559588627315464,1
0,0.28880940856001674,0
0,0.19951904159488595,0
0,0.10362032797437576,0
0,0.06325134439531209,0
0,0.7124341620331804,1
0,0.5447154277148543,1
1,0.16457268155276727,0
0,0.09826520561503761,0
0,0.4104449110668441,1
0,0.38371171565518336,1
0,0.0791909099042646,0
0,0.08535445924630435,0
1,0.9066069556694868,1
1,0.900745551598484,1
0,0.5005484411555942,1
0,0.07485225157455082,0
0,0.061193873737721394,0
0,0.08075476756401213,0
0,0.15152477136023207,0
0,0.23332959046356844,0
0,0.05264304727862759,0
0,0.12453850383288781,0
0,0.6599085645770922,1
0,0.5742979013936048,1
0,0.09822083387805282,0
0,0.145302083611506,0
0,0.10057081556861713,0
0,0.10912620181679372,0
0,0.09524576168258657,0
0,0.4691522044218243,1
0,0.10689229262069534,0
0,0.16403448683819996,0
0,0.16099046616816415,0
1,0.9333348485098236,1
0,0.1974367624426194,0
0,0.35487525438722956,1
0,0.7483518510307132,1
0,0.6179080830699238,1
0,0.8204122838708178,1
1,0.5510041623975911,1
0,0.19042674397680953,0
0,0.2107530493038816,0
0,0.1425649081847425,0
0,0.24851880854165984,0
0,0.34382104040884076,0
0,0.12242784539125715,0
0,0.18637267913765102,0
0,0.15627916762240066,0
0,0.800627039257753,1
1,0.8818501977293446,1
0,0.1697009067181811,0
0,0.11595330366468111,0
1,0.5219538731058881,1
0,0.13387244072645427,0
0,0.5368577770596125,1
0,0.21739177219971897,0
0,0.4712306752918862,1
0,0.08321694859219657,0
0,0.8918291547012285,1
0,0.08619210034402017,0
0,0.5099182296857,1
0,0.36300532513046924,1
0,0.11982799825358562,0
1,0.9284854233672367,1
0,0.0860687086755493,0
0,0.17008002868363006,0
0,0.07967870713435786,0
0,0.20657328003783346,0
0,0.0812271741766243,0
1,0.8328008433663139,1
0,0.11873616564833964,0
0,0.12835905484900587,0
0,0.13814474908096414,0
0,0.24046778857806592,0
0,0.062340750431463345,0
0,0.18691731291403824,0
0,0.7755802705967759,1
0,0.12518078207740538,0
0,0.5932335942035274,1
0,0.08116788280053573,0
0,0.08483967456752381,0
0,0.30033928222141343,0
1,0.8104639332160045,1
0,0.45545829609032096,1
1,0.9146096713496924,1
0,0.05786983373526617,0
0,0.3236725133009841,0
0,0.1784477278926298,0
1,0.49434442268031414,1
0,0.1276756971709916,0
0,0.37187196489837254,1
0,0.11457460640401657,0
0,0.06856462140701275,0
0,0.1284305399059927,0
0,0.0582736757982776,0
0,0.3599209342923027,1
0,0.22270689509342,0
1,0.8895132698059833,1
0,0.16624621815315485,0
0,0.10910647603700868,0
0,0.5699264295675565,1
0,0.20964201255915363,0
0,0.14354257617588254,0
0,0.38322921319667863,1
0,0.08888932717033114,0
0,0.1384928459197071,0
0,0.059245689847420804,0
0,0.48480312272292064,1
1,0.5723858379478427,1
0,0.15052033195743503,0
0,0.09564701827748788,0
0,0.17247815557443236,0
0,0.10313377481552861,0
0,0.0766493848102123,0
0,0.4761902770701235,1
0,0.36978732962528343,1
0,0.09633417574342258,0
0,0.8146710037503284,1
0,0.17513277795787044,0
0,0.19581014590030202,0
0,0.14577171947617165,0
1,0.9293440102613953,1
0,0.1373616790785943,0
0,0.26976638340404363,0
0,0.15842745756981402,0
0,0.11353734609034388,0
0,0.16151675753385453,0
0,0.18006132185246929,0
0,0.7601754419173316,1
0,0.5637974355154418,1
0,0.12123870467414068,0
0,0.58461127861598,1
1,0.23072766306694548,0
0,0.8012341718384624,1
0,0.4676306197346804,1
0,0.7545019049825343,1
0,0.08545997173356576,0
0,0.14639475014412984,0
0,0.313854196932154,0
0,0.37288141816788356,1
0,0.1608568140100672,0
0,0.203672471824877,0
0,0.45919303741202344,1
1,0.9503153952523473,1
0,0.24948522276927723,0
0,0.33975889752616856,0
0,0.11141240606170809,0
0,0.7844853809190802,1
0,0.4685454489001318,1
0,0.09136128323333771,0
0,0.2131768278342444,0
0,0.05534537360302928,0
0,0.10608458528251388,0
0,0.21107350115869838,0
0,0.06793684424208715,0
0,0.5784749999926694,1
0,0.14225040564779165,0
0,0.701541922280212,1
0,0.22613645812272992,0
0,0.09678225914348873,0
0,0.582081325797824,1
0,0.11389329545730573,0
0,0.36869338629813275,1
1,0.6208591926071876,1
0,0.3681707067202141,1
0,0.1733785532201835,0
0,0.14073814387046762,0
0,0.6656743579020424,1
0,0.1324861027805268,0
0,0.16485486944185784,0
0,0.0954486256800831,0
0,0.05949512871949719,0
0,0.2180849859454833,0
1,0.22423732157489976,0
0,0.12873294574770072,0
0,0.6570318467652992,1
0,0.34398960967536996,0
0,0.8554545324517947,1
0,0.23264057136608665,0
0,0.1715146538677117,0
0,0.13434387632590017,0
0,0.12083731158882093,0
0,0.3077174077527233,0
0,0.22192274045839652,0
0,0.7626801306247796,1
0,0.16940847055424665,0
0,0.3406457651245042,0
0,0.24444239492582762,0
0,0.08812655482425745,0
0,0.3410668870618987,0
0,0.13415511534851357,0
1,0.14222218556958946,0
0,0.3113819391969031,0
1,0.8410898772668284,1
0,0.13726949095911714,0
0,0.10892428699539927,0
0,0.8273096033792582,1
0,0.06940414133100624,0
0,0.5616140388267256,1
0,0.07518983774061316,0
0,0.5561542118187041,1
0,0.10087519938984132,0
0,0.48861071078915025,1
0,0.15090884163015256,0
0,0.2393555092850147,0
0,0.39991476048789515,1
0,0.3343195661125305,0
0,0.5066188529005275,1
0,0.19629535613927732,0
0,0.07215139872587976,0
0,0.380392142625286,1
0,0.10592556511783566,0
0,0.1198738163647027,0
0,0.425758665079089,1
0,0.14130116279918795,0
0,0.07500041313682584,0
0,0.11959518900903864,0
0,0.32111195948493704,0
0,0.20646160997101948,0
0,0.8243523475376436,1
0,0.5316533129536697,1
0,0.5037297563326628,1
1,0.9478663009609737,1
0,0.3114938308528348,0
0,0.07171729543893485,0
0,0.2962491669778196,0
0,0.1092430863294491,0
0,0.2126799298209922,0
0,0.35252128935621585,1
0,0.1452294124896215,0
0,0.10624146790678744,0
0,0.09242250043043966,0
0,0.6284768931755412,1
0,0.08765953405800754,0
0,0.5716880680640825,1
0,0.48288462078183897,1
0,0.46029990332841747,1
0,0.3602757432454407,1
0,0.11549351932667297,0
0,0.2301397319409343,0
0,0.10075383822982932,0
0,0.8399967431378736,1
0,0.13783994142958306,0
1,0.27100277220106184,0
0,0.05565080373669126,0
0,0.12185265425270456,0
0,0.4678153490850926,1
0,0.10835438216694146,0
0,0.11549283880974677,0
0,0.11053442352377907,0
0,0.39364606640863053,1
0,0.13240103763938146,0
0,0.4070784012884224,1
0,0.468614626588816,1
0,0.13798600687665954,0
0,0.13382264821443643,0
0,0.14910533266243034,0
0,0.1383529466197123,0
0,0.20438704308912625,0
0,0.14731055860894648,0
0,0.34808027337687925,0
1,0.7781534382079535,1
0,0.12079332543822666,0
0,0.25757388560733396,0
0,0.0902319563705328,0
0,0.1422100398610655,0
0,0.16265700891014162,0
0,0.14575530251434535,0
0,0.3525620886458235,1
0,0.8294039128883735,1
0,0.08658719301977591,0
0,0.16617627437795374,0
0,0.5280257350553186,1
0,0.5144617280967893,1
0,0.3092000963112959,0
0,0.34032375590279856,0
0,0.07703898455987362,0
0,0.06345716104567761,0
0,0.7228391205322919,1
0,0.07303935438126863,0
1,0.1385778810915007,0
0,0.0826672833910666,0
1,0.5809935585603097,1
1,0.9547441323394692,1
0,0.19994357183319894,0
0,0.5404191534250855,1
0,0.05601176684350639,0
0,0.49392871447157793,1
0,0.2350369849279461,0
0,0.15722587483696454,0
0,0.18548087954270015,0
0,0.8665348239091901,1
0,0.922375015552719,1
0,0.3142326454516931,0
0,0.881641751073478,1
0,0.7609753175333499,1
0,0.6820676314329307,1
0,0.8403408220857019,1
0,0.7236942288375736,1
0,0.5448414860021186,1
0,0.23473851674546603,0
0,0.5581579707192216,1
0,0.3108679328955205,0
0,0.08753395596205665,0
0,0.4125648790170701,1
0,0.1606779815694687,0
0,0.5691789413725447,1
0,0.2572217049770446,0
0,0.37697440534102916,1
0,0.11401491594370476,0
0,0.09400667446961225,0
0,0.9372506796098728,1
0,0.4580082068292366,1
0,0.12296491587247248,0
0,0.1228786960429241,0
0,0.1839564434842599,0
0,0.07397259083429165,0
0,0.5916194390376995,1
0,0.2375181375159494,0
0,0.510755867848719,1
0,0.10443580188258977,0
0,0.09725732980216356,0
0,0.468990781483681,1
0,0.1733437168157891,0
0,0.22345074671501014,0
0,0.14141642266926685,0
0,0.0913919930716009,0
0,0.3437985405434139,0
0,0.07648668612873256,0
0,0.2743455833978546,0
0,0.07116208084998851,0
0,0.3842422553400016,1
0,0.0740484129823991,0
0,0.5865205105030514,1
0,0.41911390031407286,1
0,0.162655779410298,0
0,0.13180824923043227,0
0,0.13614079721472305,0
0,0.4916067631486066,1
0,0.39488952356819546,1
0,0.0815143783740255,0
0,0.10713479366237581,0
0,0.07810892622321519,0
0,0.2524486083654565,0
0,0.45057572025687276,1
0,0.06379591861385184,0
0,0.16586134521013107,0
0,0.3557642798344211,1
0,0.14095123344572993,0
0,0.0977800516768321,0
0,0.8374213165053231,1
0,0.07691526105038701,0
0,0.19368700251977353,0
0,0.603137237073387,1
0,0.43362289002245374,1
0,0.16625014175556427,0
0,0.87434019630313,1
0,0.07852850908987115,0
0,0.7607215441698681,1
0,0.09977973954609737,0
0,0.4375003538634036,1
0,0.1781474222146564,0
1,0.19753403840331016,0
0,0.11993624144833798,0
0,0.29964005254581294,0
0,0.11705092602839137,0
0,0.08153219880799094,0
0,0.05930963506956723,0
0,0.14429075178052272,0
0,0.5223239014571072,1
0,0.20172961275542892,0
0,0.11453201558647547,0
0,0.15189495172354253,0
0,0.21617081547988637,0
0,0.19359714034533024,0
0,0.08376235677510536,0
0,0.376508984225218,1
0,0.3235400629603347,0
0,0.20821295669835066,0
0,0.10648530755627168,0
0,0.564837919036138,1
0,0.5022043517279899,1
0,0.17184172705666667,0
0,0.12032930588507035,0
0,0.09074606202467526,0
1,0.9644310209254748,1
0,0.25263273425765603,0
0,0.10833527569337383,0
0,0.08404066814724993,0
0,0.1900769529756359,0
0,0.43555853771873737,1
0,0.20582396996528157,0
0,0.3330917754760098,0
0,0.552398608613482,1
0,0.43837991139534543,1
0,0.06078650096316634,0
0,0.12110577213316612,0
0,0.2294367329413141,0
0,0.3426783057223021,0
0,0.5696465544363477,1
1,0.5510522534911114,1
0,0.10515806480302614,0
0,0.10914543724825608,0
0,0.41480928999225536,1
0,0.2104361915572537,0
0,0.5910661504922923,1
0,0.2783053129797533,0
0,0.1332893222135822,0
0,0.31523868521231924,0
0,0.05736882138835655,0
0,0.4090641986060065,1
0,0.3220411738955588,0
0,0.7914341616789645,1
0,0.15472008473384563,0
0,0.3735557606926326,1
0,0.26143999048455796,0
0,0.3111264680219071,0
0,0.13723226008451445,0
0,0.1118345147718144,0
0,0.18126790862877554,0
0,0.1632076329801081,0
0,0.11170615666663555,0
0,0.37366063342933087,1
0,0.14016956511523176,0
0,0.1417819334098778,0
0,0.8198389147124265,1
0,0.2663658625520051,0
0,0.10791545838619414,0
0,0.10574844191193328,0
0,0.5462456814477715,1
0,0.11675589645336759,0
0,0.128671118048571,0
0,0.09336379913166243,0
0,0.1251706979186381,0
0,0.15039516408129833,0
0,0.07238579370636467,0
0,0.21736565307926942,0
0,0.25336316167188555,0
0,0.09545369331514261,0
0,0.2055428911566997,0
0,0.12687266517603737,0
0,0.7571609194212369,1
0,0.665660914900434,1
0,0.19145772976542078,0
0,0.24622648181552928,0
0,0.14878290752075243,0
0,0.09219418562905596,0
0,0.5385059259867038,1
1,0.9041867685815356,1
0,0.5059752402520699,1
0,0.11811248900529073,0
0,0.12456124287108426,0
1,0.8274579395089179,1
0,0.058722107464084905,0
1,0.912628803861272,1
0,0.08770679152463795,0
0,0.23218727397422834,0
0,0.29338592771510413,0
0,0.11455951325677693,0
0,0.805607712219938,1
0,0.6516704657764522,1
0,0.509607515575953,1
0,0.26391095376535384,0
0,0.6312585619975675,1
0,0.10350438675995208,0
0,0.3257645070098631,0
0,0.09701876588149316,0
0,0.17514010757351986,0
0,0.4477564662401859,1
0,0.17877058687115477,0
0,0.521633571780047,1
0,0.12922488503375865,0
0,0.07211643522042917,0
0,0.1467724575954886,0
0,0.5346139340896577,1
0,0.11686737066622797,0
0,0.07269888875275683,0
0,0.07666720447272984,0
0,0.3910212605569601,1
1,0.6263625767117987,1
0,0.18253186134470747,0
0,0.43848393431587956,1
0,0.12375865392356043,0
0,0.19284860242136193,0
1,0.8436572739665347,1
0,0.1401263638383316,0
0,0.146046755934706,0
0,0.5379503979299185,1
0,0.15688210430157556,0
0,0.30936439343353117,0
0,0.21323069588144153,0
0,0.34611310374220483,0
1,0.9111598724644652,1
1,0.888189670816429,1
0,0.2348586591832463,0
0,0.12836529839221011,0
0,0.6814155676378686,1
0,0.3706027909113171,1
0,0.2708128184474921,0
1,0.8120330232885112,1
0,0.06799682226094984,0
0,0.3798448958665361,1
0,0.41473309921393864,1
0,0.08405121586926982,0
0,0.08967560708255165,0
0,0.3807295779239067,1
0,0.5485141792022231,1
0,0.2414716899969173,0
0,0.13590695407525966,0
0,0.7834266297168772,1
0,0.11916199630547275,0
0,0.07400189145428135,0
0,0.10412704766218396,0
0,0.5815479493253073,1
1,0.15729344994762434,0
0,0.10328545749717662,0
0,0.07754851678214561,0
0,0.12263423138959997,0
0,0.08074267322303959,0
0,0.7942814405608652,1
0,0.07021000789500953,0
0,0.513604190612474,1
0,0.2936917503398835,0
0,0.09246176550090449,0
0,0.0716709368879301,0
0,0.4982772191770789,1
0,0.3701069202709557,1
0,0.19586617125403077,0
0,0.09867244842538403,0
0,0.42306355967490866,1
0,0.09114196455138579,0
0,0.7327233675092347,1
0,0.10127043592329978,0
0,0.14496687528016103,0
0,0.35080053922795196,1
0,0.10169918374420069,0
0,0.18034581810190028,0
0,0.21642686714442694,0
0,0.14749723168263829,0
0,0.2109180435205975,0
0,0.2742920139363943,0
0,0.09277580824958993,0
0,0.4517759499249241,1
0,0.2136950801996382,0
0,0.15955234003539637,0
0,0.3214153991136125,0
0,0.17243241940489681,0
0,0.11207333661563458,0
0,0.754352026365156,1
0,0.9128814281513741,1
0,0.1285869535555101,0
0,0.1209714925135855,0
0,0.39538049069047876,1
0,0.13874121902727563,0
0,0.17918085033549383,0
0,0.7417701836147915,1
0,0.1651352589157128,0
0,0.39536920732211506,1
0,0.3085486168037807,0
0,0.17860600970435714,0
0,0.6872600549087327,1
0,0.5069123100664569,1
0,0.15972781166664904,0
0,0.07763446749501117,0
0,0.1608259650323468,0
0,0.08888308538565579,0
0,0.3203978474989802,0
0,0.08238472117561647,0
0,0.3431683490392203,0
0,0.13701969821191892,0
0,0.12755422361175126,0
0,0.7083154720768494,1
0,0.1295217189285962,0
0,0.5235939241818137,1
1,0.8960650784825109,1
0,0.25303828637740217,0
0,0.38676744732076596,1
0,0.13751166800722664,0
0,0.19649756346341732,0
0,0.3714673956378532,1
0,0.07222163740906216,0
0,0.1272781482709417,0
0,0.12756727309938742,0
0,0.11279671408338425,0
0,0.130703988312932,0
0,0.13939454260177822,0
0,0.7616515895533384,1
0,0.16289408385201828,0
0,0.6252864314916876,1
0,0.42868458165434914,1
0,0.11926409378852942,0
0,0.32617026743295213,0
0,0.156372247800732,0
0,0.1552521554902558,0
0,0.06514479979587459,0
0,0.22378687820561793,0
0,0.09894963426059723,0
0,0.047512800510389384,0
0,0.216270602017504,0
0,0.6300765355393335,1
1,0.42918399469217916,1
0,0.08668221383650858,0
0,0.06465485137621381,0
0,0.616098793060408,1
0,0.1516308521178158,0
0,0.12188963059005854,0
0,0.24304692748970955,0
0,0.1746032341802984,0
0,0.35237391379366084,1
0,0.41582122253118636,1
0,0.2600736436167864,0
0,0.6419888515289767,1
0,0.3748047999406964,1
0,0.5708154024728233,1
0,0.8229349362755656,1
0,0.48625806102676006,1
0,0.401719646877693,1
0,0.11455116908985355,0
0,0.35540878561181977,1
0,0.10876910707389903,0
0,0.11552379179328859,0
0,0.46013718508991447,1
0,0.08563652260989608,0
0,0.3758937744420162,1
0,0.14902387080780977,0
0,0.1756669111312318,0
0,0.12147580564846798,0
0,0.057640484593555204,0
0,0.05161055124951215,0
0,0.09322406962018048,0
0,0.3758242968995474,1
0,0.5195131200972024,1
0,0.12370578129614301,0
0,0.13011306519912655,0
0,0.06263612730450359,0
0,0.8277377329763214,1
0,0.1516458945399147,0
0,0.12095800460975736,0
0,0.11745992211984024,0
0,0.45464114031228303,1
0,0.315943747764828,0
0,0.29078396265784273,0
0,0.15247535481448687,0
0,0.23206407780901547,0
0,0.08160658996862485,0
0,0.43168118857693355,1
0,0.09737974007219051,0
0,0.30582770392764286,0
0,0.7073015097373142,1
0,0.14276538679714668,0
0,0.4886504735029385,1
0,0.11692123362728725,0
0,0.43189839625380233,1
0,0.46770686776604936,1
0,0.6733691106088895,1
0,0.1032857879639974,0
0,0.15528903791489743,0
0,0.07393909332770895,0
0,0.37270284745410265,1
0,0.40914928378010273,1
0,0.7998393308069858,1
0,0.12454986501990144,0
0,0.1386978650078148,0
0,0.15564333199213462,0
0,0.2910971925955252,0
0,0.3777118612555247,1
0,0.054030763991609734,0
0,0.39328163946681627,1
1,0.6276504090188045,1
0,0.5037005767558653,1
0,0.18142363780310114,0
0,0.7722254994863083,1
0,0.6489763471521757,1
0,0.26731504418490865,0
0,0.30792989515892955,0
0,0.10110815129818668,0
0,0.14910012210194143,0
0,0.511170646131354,1
0,0.7770997786018171,1
0,0.31057396109620644,0
0,0.1157153173095317,0
0,0.13170728755337585,0
0,0.3257776096921085,0
0,0.19338063226437013,0
0,0.6448920057434506,1
0,0.1755331548742963,0
0,0.5035928696911582,1
0,0.20842102632750592,0
1,0.375857741269477,1
0,0.18459120378738625,0
0,0.1705062234594099,0
0,0.09534284627881279,0
0,0.10285642281894897,0
0,0.8623940390752934,1
0,0.1985446623893024,0
0,0.08237162559740532,0
0,0.36712723616675136,1
0,0.3216339109285669,0
0,0.20140827032256833,0
0,0.26962296284543047,0
0,0.08878280969692025,0
0,0.14663298514294423,0
0,0.5528669439665226,1
0,0.8819572940280473,1
0,0.5322302122777959,1
0,0.06585489809216376,0
0,0.4215190297311562,1
0,0.520476170967119,1
0,0.5254996559423112,1
0,0.2508246128417176,0
0,0.10349206022490536,0
0,0.21995772784313905,0
0,0.16471713289867398,0
0,0.4685968010750195,1
0,0.14493455462247978,0
0,0.36473544280470943,1
0,0.330244941174853,0
0,0.5676626895031516,1
0,0.13240028590265168,0
0,0.48507939479434803,1
0,0.07432473664456123,0
0,0.8904094386971517,1
1,0.4147890907348281,1
0,0.18114384357189897,0
0,0.8020743230542938,1
0,0.07792161378528663,0
0,0.11751915859505743,0
0,0.4544503574491063,1
0,0.17093235387873532,0
0,0.11830329774335281,0
0,0.5822646975686916,1
0,0.18475285617876214,0
1,0.4555588218885749,1
0,0.9321411562694449,1
0,0.055636963877801635,0
1,0.10778229791340756,0
0,0.07241508325224626,0
0,0.30499351664650015,0
0,0.06601611208523635,0
0,0.1487780227871798,0
0,0.06177786144409988,0
0,0.07962660876789229,0
0,0.15702207077527153,0
0,0.2770653744509214,0
0,0.3117224866103835,0
0,0.12175603721327803,0
0,0.08491171757770967,0
0,0.13442010230990561,0
0,0.5098947346186797,1
0,0.6166995883668303,1
0,0.07081890620350773,0
0,0.7418074395350731,1
0,0.11120216126176037,0
0,0.09419426581042717,0
0,0.08373127115044073,0
1,0.8764097671334115,1
0,0.21276503361633647,0
0,0.270241643632768,0
0,0.05473162949445784,0
0,0.19534333451711505,0
0,0.7076915690079597,1
0,0.11308516847713937,0
0,0.8041448381085439,1
0,0.17321740314991996,0
0,0.5202331494223137,1
0,0.3551866455543588,1
0,0.46525406067297953,1
0,0.6259967909367159,1
0,0.11450431997268282,0
0,0.0939057852792109,0
0,0.1843108015108337,0
0,0.48246886379161213,1
0,0.05646880854602989,0
0,0.42346135151203373,1
0,0.5459030228240774,1
0,0.10168745889468038,0
0,0.3392915799389976,0
0,0.27009122648541967,0
0,0.29535621140585877,0
0,0.5417624597448059,1
0,0.08145924351169673,0
0,0.13884910420503938,0
0,0.2898299674440787,0
0,0.19318491052668033,0
0,0.1230837158627374,0
0,0.27527365629892664,0
0,0.8895118471397077,1
0,0.1221441741894881,0
0,0.0667697622943852,0
0,0.06928189192806809,0
0,0.10015399751830167,0
0,0.48591953026308404,1
0,0.09131943284434604,0
0,0.14122864118763254,0
0,0.18113548486149297,0
0,0.08391347168526697,0
0,0.07617569738392375,0
0,0.5165230247200882,1
1,0.6862531958981919,1
0,0.06972520036382727,0
0,0.06623837189261361,0
0,0.16453805800053212,0
1,0.5331069849125829,1
0,0.11840055525234641,0
0,0.21677410404484054,0
0,0.14423970773072076,0
0,0.3199053416797812,0
0,0.2088447960219852,0
0,0.1118992406154507,0
0,0.3813923611400227,1
0,0.3916831953982451,1
0,0.1781713318362668,0
0,0.12284005432225258,0
0,0.11296064382613323,0
0,0.8339841439174493,1
0,0.35406452378971776,1
0,0.08536024492237071,0
0,0.11810827301633126,0
0,0.07525681896933024,0
0,0.1434856626577079,0
0,0.05521036316529012,0
1,0.8072687549410706,1
1,0.868717614204872,1
0,0.34967219128822485,0
0,0.37951556908870626,1
0,0.1370434040559014,0
0,0.2531288083415969,0
0,0.08295489355448439,0
1,0.2166732687681726,0
0,0.12322996230047775,0
0,0.8246770272963622,1
0,0.18709052022063785,0
0,0.08710892494617059,0
0,0.7217460196552592,1
0,0.12420801115367207,0
0,0.10305802808354633,0
0,0.28189030402498116,0
0,0.5789096990965771,1
0,0.1401163650457592,0
0,0.19951649863310092,0
0,0.16877415187857533,0
0,0.32967482020779165,0
0,0.09159412113565528,0
1,0.7154752229878579,1
0,0.17351334572282062,0
0,0.1414974234789309,0
0,0.22491981176817488,0
0,0.10313431306993923,0
0,0.12728242886147917,0
0,0.15394694238167955,0
0,0.45583612273514557,1
0,0.09509685836639077,0
0,0.7941023858232205,1
0,0.19815889039100662,0
0,0.22255531090311284,0
0,0.08791488583018055,0
0,0.06603178178165732,0
0,0.14135333572456152,0
0,0.4124194700210372,1
0,0.11691721124843951,0
0,0.09073991815266402,0
0,0.2289585631638784,0
0,0.11835657769751672,0
0,0.2584392944643643,0
0,0.11558471614681695,0
0,0.46545980579164137,1
0,0.33180023106341616,0
0,0.5539382457160577,1
0,0.12854372322372104,0
0,0.15737063977624796,0
1,0.5270664690443688,1
0,0.8518242279169191,1
0,0.11547698750941784,0
0,0.09483788463205745,0
0,0.8942142690043509,1
0,0.12455413759405506,0
1,0.8229367522066446,1
0,0.12222544933977175,0
0,0.33926906684375396,0
0,0.07168899734147303,0
0,0.664437826998133,1
0,0.13037754882630836,0
0,0.396881710114006,1
0,0.8117101885583442,1
0,0.30903305051672914,0
0,0.1823606163652266,0
0,0.05907574573839148,0
0,0.12443250230048067,0
0,0.5098920698324343,1
0,0.13187235705952025,0
0,0.880060556509855,1
0,0.08949837333428133,0
0,0.07022037705169519,0
0,0.1410878533633242,0
0,0.5366866958737975,1
0,0.10656517788676827,0
1,0.9248199474659128,1
1,0.15488081056026445,0
0,0.10739966202993521,0
0,0.18546800740262667,0
0,0.19309525708289876,0
0,0.16247408615128095,0
0,0.1269928559026572,0
0,0.158905381932938,0
0,0.059281013785697854,0
0,0.40379301166697423,1
0,0.44992980019409495,1
0,0.09763666819996392,0
0,0.13567631038487324,0
0,0.1944793108665204,0
0,0.59414747753947,1
0,0.6974595667580776,1
0,0.3322447363240017,0
0,0.14621295339016727,0
1,0.4953074273849244,1
0,0.3206869171987697,0
0,0.23599880000914544,0
0,0.07221726601334398,0
0,0.6992856402958006,1
0,0.5261130301590894,1
0,0.1423963538586922,0
0,0.501193356425453,1
0,0.08682008381336516,0
0,0.5302478757030759,1
0,0.5154376206965149,1
0,0.7389560319686329,1
0,0.1105740537259445,0
0,0.6734749235482418,1
0,0.8169956784070544,1
0,0.1070984469828533,0
0,0.5957187116189583,1
0,0.16492985047589898,0
0,0.07477328162631997,0
0,0.42778518346095346,1
0,0.7337767818979165,1
0,0.10308276254485502,0
0,0.7689171015673605,1
0,0.20922482246686774,0
0,0.27065578876467017,0
0,0.25007650739865256,0
0,0.20139037893545178,0
0,0.053398795605956596,0
0,0.1285409340471639,0
0,0.27960971832475034,0
0,0.18630709392267375,0
0,0.8265334301681965,1
1,0.8333795286877199,1
0,0.1074867064335255,0
0,0.32506897134486434,0
0,0.8619034047909336,1
0,0.8469827500115702,1
0,0.32143708203198385,0
0,0.39560179304657606,1
0,0.0742386975313533,0
1,0.12736754431206943,0
0,0.6949887613232895,1
0,0.0875828778178603,0
0,0.11888440059512191,0
0,0.13638345623539752,0
0,0.4762951804911248,1
0,0.3074956915759507,0
0,0.15883627843383444,0
0,0.1378577519524679,0
0,0.15968940708370497,0
0,0.19180985813420218,0
0,0.08500469133065473,0
0,0.3386795150757387,0
0,0.47811713882242896,1
0,0.4587020517079838,1
0,0.7230386168620737,1
1,0.9403182289741062,1
0,0.20855144274054846,0
0,0.4609758141528111,1
0,0.16855434353098558,0
0,0.259172774513875,0
0,0.3433423933258809,0
0,0.09099639179765452,0
0,0.13506014784396114,0
0,0.28067751164816807,0
0,0.5059398906573924,1
0,0.26247899700704685,0
0,0.08648506242985168,0
0,0.07000898379160739,0
0,0.17134093793282593,0
0,0.5561686487400275,1
0,0.08752676302062462,0
0,0.15872338880235465,0
0,0.5029330029478388,1
0,0.14517410787179447,0
0,0.07280643455588627,0
0,0.4360038690577511,1
0,0.051885344984015536,0
0,0.590877996602215,1
0,0.41869004925902525,1
0,0.24110766354688054,0
0,0.25563011691341364,0
1,0.694797404498622,1
1,0.793219590399631,1
0,0.08791287602869285,0
0,0.26103510928348944,0
0,0.522523816131528,1
0,0.588806842162068,1
0,0.322399616406483,0
0,0.13122162666495904,0
0,0.35129319501398654,1
0,0.08204519922890022,0
0,0.3320359186079776,0
0,0.14899080512159274,0
0,0.07092565622057223,0
1,0.8454810783029391,1
0,0.234137402507512,0
0,0.10625619904518091,0
0,0.0891092572994045,0
0,0.14389517966853377,0
1,0.11422838015676506,0
0,0.13223493611155773,0
0,0.38787112365598914,1
0,0.14352174996505965,0
0,0.4562220291625587,1
0,0.27944313777983465,0
0,0.12288355350103977,0
0,0.4199425398224323,1
0,0.07338046740891603,0
0,0.42843757860033,1
0,0.19332370333731694,0
0,0.18111845207605523,0
0,0.4392569205871025,1
0,0.17553187066521095,0
0,0.45261773968429386,1
0,0.26883971841476334,0
0,0.08753906172089587,0
0,0.327323411499415,0
0,0.2137357201806655,0
0,0.1940292095573151,0
0,0.125377002379366,0
0,0.24869271556270736,0
0,0.8212792830518213,1
0,0.5443806535503983,1
0,0.3270719065896178,0
0,0.12694587598377485,0
0,0.10376788270223458,0
0,0.9398738105981668,1
0,0.4951759259932026,1
0,0.09907037634973097,0
0,0.7155291814997181,1
0,0.26182053583953935,0
0,0.15219679545102904,0
0,0.10047732155054091,0
0,0.14267929850442085,0
0,0.6568653336109012,1
0,0.6040540664982353,1
0,0.9058736207961503,1
0,0.32371624249770503,0
0,0.17723431699267408,0
0,0.2707790203532443,0
0,0.19199258682387865,0
0,0.25709646221070326,0
0,0.6191153820846403,1
0,0.11153812995080964,0
0,0.07654773785266195,0
0,0.37800386127270996,1
1,0.9464857984627273,1
0,0.10972992531205392,0
0,0.12652176331872453,0
0,0.8260446168297044,1
0,0.5898429290314346,1
0,0.11154495958046252,0
0,0.13220081498490424,0
0,0.3114975620902598,0
0,0.12309035603496542,0
0,0.41322658440938764,1
0,0.21425731228878991,0
1,0.4469966874610328,1
0,0.17013946203968003,0
0,0.34401648624662884,0
0,0.2802900005888317,0
0,0.3728692644260847,1
0,0.2847186455961377,0
0,0.13846365621806106,0
0,0.3452656748203127,0
0,0.24064915309490417,0
0,0.08905997901996283,0
0,0.28077642029376143,0
0,0.07783154073942436,0
0,0.07481287092804939,0
0,0.12201882163272863,0
1,0.8319877155640241,1
0,0.3064193840183161,0
0,0.073356141383083,0
0,0.4291872617599125,1
0,0.05520088815251241,0
0,0.24544625880166313,0
0,0.18191133404659368,0
0,0.14116256332498162,0
0,0.11583523600107151,0
0,0.8162366651819897,1
0,0.22173532543884125,0
0,0.24204745116047352,0
0,0.35722024111862477,1
0,0.4314694919202299,1
0,0.5808189541122765,1
0,0.09511707070149639,0
0,0.18784075765721486,0
0,0.14006693682510124,0
0,0.17306476608935795,0
1,0.9061203705939356,1
0,0.0830025462429083,0
0,0.12986242727692607,0
0,0.18913049046303732,0
0,0.08140750768604631,0
0,0.09097175223168186,0
0,0.17769270202543194,0
0,0.11612390362373641,0
0,0.13908422830485812,0
0,0.1006761130337822,0
0,0.10354422838385272,0
0,0.6865826756656452,1
0,0.5493219961931496,1
0,0.1885051778687859,0
0,0.7912000772962029,1
0,0.1531586191590736,0
0,0.41050418202996825,1
0,0.4946145954492949,1
0,0.5817619351135292,1
0,0.8550075489252873,1
0,0.07827146481012856,0
0,0.20026564107372447,0
0,0.19398651554724056,0
0,0.1542140895322843,0
0,0.5358142197795654,1
0,0.3852124369752464,1
0,0.5966999130103837,1
0,0.1862088175408275,0
0,0.3069293239330395,0
1,0.5695789685935476,1
0,0.05805662709973985,0
0,0.1192257620868605,0
0,0.05852878710818845,0
0,0.29059875197937246,0
0,0.11427589106352302,0
0,0.12281792495930141,0
0,0.11954040940406689,0
0,0.07722223981954852,0
0,0.1693308538499483,0
0,0.18785899787147645,0
0,0.17160077437635385,0
1,0.3194475233881969,0
0,0.08096357014018656,0
0,0.2456527500274979,0
0,0.27342204497515893,0
0,0.9179958341109026,1
0,0.6602002736632505,1
0,0.4255030351029031,1
0,0.0976559131539239,0
1,0.6615285590026001,1
0,0.5881144682743992,1
0,0.43817683482326203,1
0,0.25906980417109265,0
1,0.6401903543132028,1
0,0.3610943512746098,1
0,0.05433931524001745,0
0,0.05502283611751776,0
0,0.06525372822174957,0
0,0.342775852932456,0
0,0.08733440195668456,0
0,0.1019279760605922,0
0,0.4604279781607345,1
0,0.35852714494479626,1
0,0.13688996430940678,0
0,0.10132184101320592,0
0,0.10598010848233223,0
1,0.6342602514181278,1
0,0.9525602342017617,1
0,0.1903727816169461,0
1,0.9079902354082073,1
0,0.36536873508454665,1
0,0.25652836735807505,0
1,0.9307206253990054,1
0,0.30423331456971375,0
0,0.7438985567366115,1
0,0.08258236524697166,0
0,0.8666870911241714,1
0,0.29439282229674024,0
0,0.5125813816054596,1
0,0.6146350115271263,1
1,0.7701163981643923,1
0,0.07822998182595313,0
0,0.4669614030910919,1
0,0.3602697512468895,1
0,0.48755439822089425,1
0,0.2036152261652718,0
0,0.05871879455551498,0
0,0.15816153658156365,0
0,0.5348840958716325,1
0,0.383649695409446,1
1,0.9123177989135589,1
0,0.1688620225032316,0
0,0.8522639855342982,1
0,0.2908642503308792,0
0,0.3534442075936919,1
0,0.2652322846166266,0
0,0.36548137212441606,1
0,0.2600906134799202,0
0,0.1554595452698515,0
0,0.2832908120366758,0
0,0.5622385441366334,1
0,0.8831781862933771,1
0,0.253159880000591,0
0,0.08043553400776783,0
0,0.41439982661242575,1
0,0.563261759534072,1
0,0.7423907831853553,1
0,0.6765369955345483,1
0,0.586310604730106,1
0,0.12957931636508224,0
0,0.05817722946308183,0
0,0.07591270213839846,0
0,0.23532466077525407,0
0,0.15459925295816593,0
1,0.39856200473052456,1
0,0.2811960035027305,0
0,0.3521590365827751,1
0,0.23223505649515416,0
0,0.23618774523753727,0
0,0.35880496727617367,1
0,0.5345775068968893,1
0,0.6652846394652489,1
0,0.10341388583047258,0
0,0.3373857021295411,0
1,0.13353259975827736,0
0,0.08398087736030427,0
0,0.10962360081693857,0
0,0.09394620645106903,0
0,0.13968434167057,0
0,0.17076583244597715,0
0,0.8201181056791965,1
0,0.09846222802940317,0
0,0.07062105185445988,0
0,0.17876564705395612,0
0,0.3803456274624559,1
0,0.14674342591902492,0
0,0.5090929038251591,1
0,0.1458721758538513,0
0,0.08349637586388017,0
0,0.09049732705953772,0
0,0.10895353006504163,0
0,0.10571743664339837,0
0,0.17435062215103644,0
0,0.4076483669267956,1
0,0.08170576767227453,0
0,0.25994564584649427,0
0,0.13032118138208457,0
0,0.3856106528542364,1
0,0.2584222812220754,0
0,0.548551135355832,1
1,0.5749600027381712,1
0,0.34223869581660865,0
0,0.09283388702599948,0
0,0.07363216200108677,0
0,0.32199238509805533,0
0,0.13736801250439706,0
0,0.18677498558473365,0
0,0.644928489959697,1
0,0.7350787844575855,1
0,0.3600461502266704,1
0,0.08527103180435175,0
0,0.0748770384524156,0
0,0.11896377600673022,0
0,0.38851786824925566,1
0,0.16193931520079238,0
0,0.15819519438870192,0
0,0.13069960277052792,0
0,0.08221637617665693,0
0,0.3178868752150111,0
0,0.1307558576412029,0
0,0.43921195821136516,1
0,0.22224703364866438,0
0,0.07841562447980979,0
0,0.1274444281254493,0
1,0.5175999568342516,1
0,0.11569874255260605,0
0,0.2876925064448663,0
0,0.08740752040950146,0
0,0.4291622867136356,1
0,0.5791280837872531,1
0,0.13400033936445208,0
0,0.29531403362961756,0
0,0.0886403245106583,0
0,0.43086593406341905,1
0,0.8752017877122313,1
0,0.0809923214828604,0
1,0.46084492378340314,1
0,0.525091563045928,1
0,0.10437452924805818,0
0,0.5575805805523546,1
0,0.2498884720807538,0
1,0.4571813072615391,1
0,0.21435930081133933,0
0,0.13588611430767922,0
0,0.17942289295590547,0
0,0.4535009642132904,1
0,0.08704926410032408,0
0,0.07627602067395685,0
0,0.177392288836187,0
0,0.05676085265909109,0
0,0.7158215329968003,1
1,0.7547936793051726,1
0,0.12639459534360514,0
0,0.24438277058221083,0
1,0.8844651199913911,1
0,0.07767238184825347,0
0,0.10681624538061898,0
1,0.3252701285107196,0
0,0.09479438324605115,0
0,0.7845148029424484,1
1,0.6478432138701596,1
0,0.42798734897655993,1
0,0.12964528016722415,0
0,0.5201248058798247,1
0,0.2988999938175423,0
0,0.5806833651078914,1
0,0.5374273362254391,1
0,0.16319042577353496,0
0,0.40737541784769876,1
0,0.27435709933676383,0
0,0.13425354286351585,0
0,0.09074448506201688,0
0,0.08277942502780093,0
0,0.13853593632300007,0
0,0.30691053676080526,0
0,0.5198757154833727,1
0,0.8180243155078236,1
1,0.3981794384659263,1
0,0.10182578263267636,0
0,0.05715486582235877,0
0,0.5249873104433639,1
0,0.3437865009994886,0
0,0.7057203771503977,1
0,0.459068589296117,1
0,0.26779191910397543,0
0,0.5174137437638099,1
0,0.3580299818440437,1
0,0.5733541811652161,1
0,0.13443694383397445,0
0,0.24478700642231857,0
0,0.12516904297796347,0
0,0.07729103632395772,0
0,0.09949322855006465,0
0,0.27964144900058585,0
0,0.29771838429322145,0
0,0.3727403904411233,1
0,0.0640959298002908,0
0,0.14379079293421385,0
0,0.27606363201297324,0
0,0.6889475708553182,1
0,0.9452816575535304,1
0,0.16760997426680355,0
0,0.6234173738984992,1
1,0.7829451660104481,1
0,0.11684073107852472,0
0,0.20344033199977776,0
0,0.13482731237479684,0
0,0.5368687596559645,1
1,0.7595076126155836,1
0,0.07386411659296357,0
0,0.3787923980211356,1
0,0.9249800402590315,1
0,0.12277362432980563,0
0,0.6024937449149119,1
0,0.10664580009668281,0
0,0.8099664051724311,1
0,0.3706325573370401,1
0,0.2940513332769415,0
0,0.09959938801697757,0
0,0.3498676103058226,0
0,0.28553019054735945,0
0,0.13092672087851884,0
0,0.23258258485643907,0
1,0.358815501772322,1
0,0.8063710897023756,1
0,0.3291913391312964,0
0,0.14521453026197043,0
0,0.4004157210676577,1
0,0.5176896627331345,1
0,0.18295649006329884,0
0,0.14078883748416043,0
1,0.8532423428084722,1
0,0.27776856388954746,0
0,0.2676313409246012,0
0,0.29739723335648843,0
0,0.3569094623175159,1
0,0.7478381098238603,1
0,0.809009377058841,1
0,0.23821374592998348,0
0,0.11331517886797289,0
0,0.0935458364851521,0
1,0.1273838929190326,0
0,0.10251312759007147,0
0,0.30028985356015386,0
0,0.18212895066377985,0
1,0.6128796488003434,1
0,0.08498226189769106,0
0,0.15672916539361775,0
0,0.435842486736463,1
0,0.5678491658438232,1
0,0.33390754555696184,0
0,0.5965778633012231,1
0,0.5517302374813564,1
0,0.8012755959374925,1
0,0.05873730379984289,0
0,0.11824459608162054,0
0,0.09347458977605433,0
0,0.12334283525671012,0
0,0.07251106787704305,0
0,0.31572289923943697,0
0,0.33311473295719474,0
0,0.17122994723607696,0
1,0.9477718470788393,1
0,0.13443535107770507,0
0,0.10067942626759427,0
0,0.0809952650182757,0
0,0.07950474789771388,0
0,0.176134692092081,0
0,0.46679476861896557,1
0,0.15740864662808188,0
0,0.1604364622069424,0
0,0.14167833074531067,0
0,0.0880251192157281,0
0,0.13158045665878607,0
0,0.9478054735221211,1
0,0.2328909649734951,0
0,0.13616752329885118,0
0,0.14928409543064297,0
0,0.2034831294813065,0
0,0.10976971677137343,0
0,0.5425008311627056,1
0,0.12829994200049433,0
0,0.18635746886572457,0
1,0.5768460376360631,1
0,0.36075383927389015,1
0,0.23707332759873403,0
0,0.23262539938604168,0
0,0.7889614891880102,1
0,0.4340177524835258,1
0,0.3706396688352989,1
0,0.3414610553463878,0
0,0.11400521401655427,0
0,0.6947078070264943,1
0,0.12807395737621735,0
0,0.2456763056231683,0
0,0.7908671688130637,1
0,0.1411154714741732,0
0,0.5140086332120094,1
0,0.16363413396446347,0
0,0.4538421840067233,1
0,0.22476249502644327,0
0,0.23842182987692864,0
0,0.3784264799049735,1
0,0.3847446167775902,1
1,0.9204484432724989,1
0,0.21371938848424976,0
0,0.2735953339781388,0
0,0.5459319840955359,1
0,0.08883042975711701,0
1,0.7361839028005306,1
0,0.08297968482501375,0
0,0.1034663049142145,0
0,0.37443131748913827,1
0,0.16913428492541333,0
0,0.08379988844541962,0
0,0.14931106612743125,0
0,0.10796077308757303,0
0,0.10453876421022472,0
0,0.45774392784409146,1
0,0.11464470618089725,0
0,0.2346996917869823,0
0,0.06272214667483011,0
0,0.2568027208671266,0
0,0.20455211165071374,0
0,0.07746206134983205,0
0,0.5623283711923512,1
0,0.2091081091018916,0
0,0.3493082301227908,0
0,0.06470199750585548,0
0,0.19559196170413037,0
0,0.15421247188552678,0
0,0.3224348058975551,0
0,0.3307169503558674,0
0,0.22886604722045648,0
0,0.4057753126603807,1
0,0.9245576576544784,1
0,0.47557131625144583,1
0,0.5210373252981381,1
0,0.49458918135269064,1
0,0.7545545752757268,1
0,0.18267414466459594,0
0,0.22382620521289662,0
0,0.31905094366007297,0
1,0.677688937523807,1
1,0.9082613950786722,1
0,0.43704553108299393,1
0,0.13072613795248783,0
0,0.787889777719647,1
1,0.9464146510330564,1
0,0.18832534461356112,0
0,0.7845258072484044,1
0,0.09464219073421877,0
0,0.4082198380777668,1
0,0.11635435908551268,0
0,0.5915778469424166,1
0,0.6193078368268539,1
0,0.38323892890606376,1
1,0.9443227449408429,1
0,0.09697948246518541,0
1,0.15477969227853147,0
0,0.11509525551068542,0
0,0.09682667193301943,0
0,0.09734137027532198,0
0,0.15462515024859286,0
0,0.5730137077279386,1
0,0.15536919918551043,0
0,0.3365595193253738,0
0,0.1021502184990199,0
0,0.44552159061741636,1
0,0.18390016651324534,0
0,0.7118301004491032,1
0,0.3902965939845556,1
0,0.46519345347225993,1
0,0.08794182912075754,0
0,0.12147160100712474,0
0,0.32098056457418295,0
0,0.42970574458912875,1
1,0.15043980235566484,0
0,0.21292000867328872,0
0,0.10583197154848324,0
0,0.13181925746692086,0
1,0.9379489386327239,1
0,0.1984704655080798,0
0,0.08203165437039951,0
0,0.7790394865308302,1
0,0.05189505243867613,0
0,0.3805653442912211,1
0,0.13064142517857988,0
0,0.30412309949852606,0
0,0.19122997788162396,0
0,0.2487270928571762,0
0,0.07971529287581267,0
0,0.3094834755474741,0
0,0.3346289604881308,0
0,0.2044529792344357,0
0,0.3433415209615151,0
0,0.5809693060905168,1
0,0.22506155070824221,0
1,0.26157823175856926,0
0,0.8229751341417678,1
0,0.6927023392125867,1
0,0.16323098460405175,0
0,0.5501972729415581,1
0,0.09001918676709049,0
0,0.1398733393807646,0
0,0.5485416519947472,1
0,0.08463966577877492,0
0,0.09967319258721896,0
0,0.6275969711521511,1
0,0.2861935206926985,0
0,0.6222349039128282,1
0,0.5613769614283897,1
0,0.3924429518988601,1
0,0.15561566401717597,0
0,0.12622509286645842,0
0,0.7185888225531236,1
0,0.25346038698410867,0
0,0.2752041915192521,0
0,0.26564770386976433,0
0,0.28789931947297687,0
0,0.40160846668484984,1
0,0.7561032499143832,1
0,0.2588795584222829,0
0,0.06102643823731801,0
0,0.24095418269772756,0
0,0.8064091365350984,1
0,0.10662014547086042,0
0,0.23712761068910682,0
0,0.48013974737001464,1
0,0.12384876423310356,0
0,0.2594026923109509,0
0,0.792736489918217,1
0,0.783236173266179,1
0,0.10847379685216973,0
0,0.07773678257318097,0
0,0.3820781376433962,1
0,0.5846021245553364,1
0,0.09100983901474129,0
0,0.05279889942737336,0
0,0.3485791212646982,0
0,0.24191000365169207,0
0,0.19706267091562799,0
0,0.5090727181927771,1
0,0.5632662442327678,1
0,0.2533872164201791,0
0,0.37924509462925776,1
0,0.2759577902118501,0
0,0.1329675966813427,0
0,0.17321364873127784,0
0,0.4957213764795064,1
0,0.0824997067141363,0
0,0.09599163132266028,0
0,0.8606088006211629,1
0,0.09460916759871392,0
0,0.12860761592531647,0
0,0.15412742531165377,0
0,0.2618198573926027,0
0,0.2507522700844446,0
0,0.09905388965891229,0
0,0.12396688042617371,0
0,0.9373136344955888,1
0,0.06276433710454302,0
0,0.10721379783309436,0
0,0.5970712488599678,1
0,0.19115650528277683,0
1,0.25822815364003904,0
0,0.24613366825678049,0
0,0.1743970741207131,0
0,0.08179235677872763,0
0,0.08201303007169868,0
0,0.13208191285097295,0
1,0.9295350227865422,1
0,0.10748626953342189,0
0,0.1089965426609141,0
0,0.07966149429341421,0
1,0.5164837536731401,1
0,0.12076836224423407,0
0,0.1377695337917986,0
0,0.23777120812971517,0
0,0.5445487478226068,1
0,0.1544569167363801,0
0,0.07065856942440213,0
0,0.1953594759123008,0
0,0.3451158805591091,0
0,0.5605462394368476,1
0,0.11573897818285524,0
0,0.8522208945456258,1
0,0.1900831494061571,0
0,0.8484961077941668,1
1,0.6129422251253569,1
0,0.08771536778109026,0
0,0.7909469931161663,1
0,0.12602541266887177,0
0,0.10342650927079869,0
0,0.15143687909524206,0
0,0.13614463518627087,0
0,0.17747341702745767,0
0,0.10261479893663304,0
0,0.6663542011480931,1
0,0.42128960023446926,1
0,0.36323889486895716,1
0,0.30774361601918787,0
0,0.3430270005973129,0
0,0.828234007165228,1
1,0.8137762644898526,1
0,0.4051124634298523,1
0,0.39590395050518157,1
0,0.26847887092155576,0
0,0.22152182681744828,0
0,0.13804221580705275,0
0,0.5255889473792733,1
0,0.2573353574750739,0
0,0.62331148908994,1
0,0.08264696193946296,0
0,0.31711046731674436,0
0,0.5765315201301673,1
0,0.09774396440165177,0
0,0.14662058475891723,0
0,0.14850597866866225,0
0,0.3130038594100507,0
0,0.0986719302026184,0
0,0.5565163685427783,1
0,0.38616731799242304,1
0,0.7683543718865025,1
0,0.64922768418558,1
0,0.536571793229615,1
0,0.7411441112509397,1
0,0.8726860858067228,1
0,0.16186170253580462,0
0,0.06340319705928045,0
0,0.26652301032927933,0
0,0.08384435456213236,0
0,0.20052133284881382,0
0,0.3247552971199774,0
0,0.7382917941282879,1
0,0.18546968612691322,0
0,0.540115648750987,1
0,0.6243856731802591,1
0,0.2398662397559554,0
0,0.08130232587172845,0
0,0.0986360022628535,0
0,0.6271020087946307,1
0,0.09795884943656884,0
0,0.1296477630453211,0
1,0.5260350244520189,1
0,0.09495424551913331,0
0,0.14247560833994474,0
0,0.14544455540679124,0
0,0.38913632845629964,1
0,0.12204439450593356,0
0,0.11878660021019956,0
0,0.13027692041822464,0
0,0.2506742056884139,0
0,0.1338696390140079,0
0,0.3553157370175817,1
0,0.4165334489486968,1
0,0.22885518747301328,0
0,0.4788642919692734,1
0,0.11547532495985893,0
0,0.53612859573066,1
0,0.3025147070664072,0
0,0.13011172062591564,0
0,0.26128708682264884,0
0,0.09016969940057433,0
0,0.10110890650489282,0
0,0.5861494182075494,1
0,0.5024465760378927,1
0,0.187875941639906,0
0,0.5955496231596016,1
0,0.07283713174628849,0
0,0.15302111693218978,0
0,0.1681593651016119,0
0,0.42091325011704855,1
0,0.13064863706623805,0
0,0.2341801086953282,0
0,0.08467189635343937,0
0,0.6661545436072656,1
0,0.35494702395225874,1
1,0.8303451829159637,1
0,0.11764378584089613,0
0,0.24151167371870438,0
0,0.12360637852606753,0
0,0.5231886437269422,1
0,0.08600845540824012,0
0,0.6275841700026867,1
0,0.11692502528283358,0
0,0.1442254798445351,0
0,0.9377832541496266,1
0,0.8096973904729184,1
0,0.14872204322793348,0
0,0.30470943927943717,0
0,0.14188244591454022,0
0,0.13704872435870696,0
0,0.3600239858374911,1
0,0.059857471991076244,0
0,0.4231833921497177,1
0,0.18460561015262164,0
0,0.12401190565904625,0
0,0.12281919216913259,0
0,0.9333583683235663,1
0,0.08156486827727182,0
0,0.5058003347714158,1
0,0.25232869015086806,0
0,0.3635794858066578,1
0,0.746559749173794,1
0,0.24481388679176125,0
0,0.14537367333672646,0
0,0.12270711541896118,0
0,0.43569790330335145,1
0,0.538433064228503,1
0,0.16517977246021662,0
0,0.11662489289721956,0
0,0.17705555464597886,0
0,0.5574675323460486,1
0,0.3201037073926079,0
1,0.6590163292182826,1
0,0.5274203686567379,1
0,0.1437505198363821,0
0,0.46929992667009807,1
1,0.5753305915206194,1
0,0.19320137321714795,0
0,0.07992955914121115,0
0,0.0735907244092435,0
0,0.29773504409523943,0
0,0.11096015151427688,0
0,0.18356238445923997,0
0,0.10016915786940772,0
1,0.9573482986510293,1
0,0.14656313399126458,0
0,0.7542780049279773,1
0,0.4551104474468128,1
0,0.12617451437409782,0
1,0.9485555587347005,1
0,0.425550778216094,1
0,0.09922793521851556,0
0,0.1270080977701361,0
0,0.16866675639700748,0
0,0.8880000605658176,1
0,0.5112670952354783,1
0,0.15074319484478255,0
0,0.11678552448223706,0
0,0.3973550244504631,1
0,0.13189554602854517,0
0,0.1661822984157367,0
0,0.15445103223000742,0
0,0.11289843294278498,0
0,0.4552119804485819,1
0,0.8583647339141091,1
0,0.30835607827656103,0
0,0.40645416163251274,1
0,0.14384173116901788,0
0,0.3794483679730148,1
0,0.8141005950555167,1
0,0.2726664141614665,0
1,0.5925959431333179,1
0,0.06446082681767368,0
0,0.6146659797415702,1
0,0.17332483283687036,0
0,0.07485934001530986,0
0,0.5292610274796278,1
0,0.11117026111923058,0
0,0.2067335786102331,0
0,0.12099019411507506,0
0,0.09476125147510037,0
0,0.14353510741397482,0
0,0.8549289626305362,1
0,0.11085918577258906,0
0,0.20839215709192135,0
0,0.09878789993976426,0
0,0.32626744452926093,0
0,0.2999473778326179,0
0,0.09534077045981464,0
0,0.08517302162453165,0
0,0.13065779085426665,0
1,0.19896828068380137,0
0,0.17746977957840723,0
0,0.1130696865017448,0
0,0.6067319648304016,1
0,0.13734688392030509,0
0,0.5579048447577674,1
0,0.14806061393276007,0
0,0.1827410591504497,0
0,0.10637454779867946,0
0,0.11211197151540807,0
0,0.437600883197247,1
0,0.23645295783810974,0
0,0.12152901689166327,0
0,0.1718319239926208,0
0,0.7041370896051905,1
0,0.5778561098046338,1
0,0.10366134970570817,0
0,0.14419769710499442,0
0,0.46911965643201453,1
0,0.10318928560150668,0
0,0.14127546736961646,0
0,0.6396952717535201,1
0,0.09475977494338657,0
0,0.15858496794895,0
0,0.142724896230657,0
0,0.18109892794456403,0
0,0.5664906584376447,1
0,0.07194701595973067,0
0,0.058946097848846496,0
0,0.33646737943880756,0
0,0.21700323341009456,0
0,0.08102141261574257,0
0,0.08911253809641675,0
0,0.7197809403924782,1
0,0.112244294267594,0
0,0.1363457202953256,0
1,0.9202424475465385,1
0,0.11299597307480544,0
0,0.18192006555610957,0
0,0.14463160666603678,0
0,0.2566826251152791,0
0,0.09051215435280925,0
0,0.37537651310443754,1
0,0.8309634521987465,1
0,0.7063380252591543,1
0,0.13394315610181623,0
0,0.0886464150366885,0
0,0.20796120766049944,0
0,0.15572278563461361,0
0,0.09914558938572293,0
0,0.1972451662853513,0
0,0.10452274378014145,0
0,0.09129668453014236,0
0,0.2796813016250973,0
0,0.46955584104960196,1
0,0.239182626427242,0
0,0.1256067518615189,0
0,0.3049571172258246,0
0,0.5723544214647488,1
0,0.0706026793351363,0
0,0.13004479134924768,0
0,0.25309984049852496,0
0,0.11439767895946616,0
0,0.12312551618695056,0
0,0.12473113347221038,0
0,0.32686858870065477,0
0,0.07059270545053821,0
0,0.33782834974370873,0
0,0.829219546260772,1
0,0.23057493612878918,0
0,0.5386846442613554,1
0,0.09623585585667327,0
0,0.08321146344236312,0
0,0.178608182974578,0
0,0.13421896472678968,0
0,0.17989321377217285,0
0,0.13986168550055034,0
0,0.265288127768751,0
0,0.2246975066794333,0
0,0.1722132902575483,0
0,0.39414449923470757,1
0,0.1472519133497397,0
0,0.5825380120131033,1
0,0.1152537765348844,0
0,0.609115797563124,1
0,0.7928665534708866,1
0,0.8795959053141805,1
0,0.8663333015071547,1
0,0.14816435202723946,0
0,0.5600476912364718,1
0,0.2944571892053203,0
0,0.06204938600619903,0
0,0.09828517812750873,0
0,0.3297496970812286,0
0,0.1260619997810327,0
0,0.5744977502466035,1
0,0.3251990733468488,0
0,0.12701167925443518,0
0,0.12984901488355083,0
0,0.7636637167601872,1
0,0.13258036231614387,0
0,0.4753925422747631,1
0,0.28774376150505815,0
0,0.2224389878320484,0
0,0.15726813373664383,0
0,0.1874884051372161,0
0,0.21981807804337317,0
0,0.86771661827939,1
0,0.5430402364740665,1
1,0.713701518320551,1
0,0.061529909794235484,0
0,0.1406011962344018,0
0,0.6261034268514786,1
0,0.10524842190374954,0
0,0.14268980151578803,0
0,0.12267760806123174,0
0,0.1457762534677483,0
0,0.38160024531356773,1
0,0.1334571708726617,0
0,0.14786126916929085,0
0,0.19580635280564812,0
0,0.1773014929383384,0
0,0.3542077263633308,1
0,0.612141703462584,1
0,0.11754506073996529,0
0,0.06543455652658217,0
0,0.09135484616186185,0
0,0.6759496660365473,1
0,0.8140081358902044,1
0,0.4581352433254927,1
0,0.23390163797719282,0
0,0.5371154628461033,1
0,0.35979396209497977,1
0,0.16620838910836724,0
0,0.10375354229503934,0
0,0.17116394755232725,0
0,0.4963589681182485,1
0,0.10833718089999403,0
0,0.11151594633148451,0
0,0.15819893752898875,0
0,0.17311565527545553,0
0,0.9574079124147173,1
0,0.42127046848716737,1
0,0.13330199656196956,0
1,0.47138934706150515,1
0,0.06743886676358653,0
1,0.8295331979506687,1
0,0.40348068942076226,1
0,0.12696533094572277,0
0,0.17262212402257454,0
0,0.08531527259149214,0
0,0.07292001968809513,0
0,0.4140734403102769,1
0,0.73789758581515,1
0,0.4446294265630311,1
0,0.10521284752605788,0
0,0.08980246560823282,0
0,0.15507707936197032,0
0,0.18399858856236945,0
0,0.4623946947605134,1
0,0.25251744496042067,0
0,0.3878521043215706,1
0,0.1461219443091289,0
0,0.19421985537133876,0
0,0.6171062282865234,1
0,0.1029455989573957,0
0,0.10961861274122815,0
0,0.12261088554802385,0
0,0.08612214689748686,0
0,0.37077951954680394,1
0,0.06850241665859728,0
0,0.05361435850776948,0
0,0.09692216180149152,0
0,0.8073526931285623,1
0,0.2008553524972711,0
0,0.10038792056728447,0
0,0.18676711537709864,0
0,0.2012539378612203,0
1,0.05891651962766323,0
0,0.13429506643808456,0
0,0.6158796761791664,1
0,0.33850392841774024,0
0,0.1908341560492326,0
0,0.7073724208562238,1
0,0.9102410432601291,1
0,0.1549232023420973,0
0,0.06118319782140586,0
0,0.18541613408394955,0
0,0.08565905720584151,0
0,0.13101065708160595,0
0,0.3756950985221132,1
0,0.12336728839308934,0
0,0.8203863741606419,1
0,0.12531476386776785,0
0,0.4221290989698635,1
0,0.1524965583572227,0
0,0.2607553381370317,0
0,0.18867687891928692,0
0,0.693535292089043,1
0,0.16352072912510732,0
0,0.21845359680021734,0
0,0.2528695008987555,0
0,0.17592336473727832,0
0,0.5139329037687781,1
0,0.11948809669242089,0
0,0.08111127426430631,0
0,0.22005907760136778,0
0,0.0913621368762666,0
0,0.05819511118800862,0
0,0.8070004121138644,1
0,0.43330480669237725,1
0,0.17408389288833886,0
0,0.12258317490613872,0
0,0.9255535902390112,1
1,0.3804691578586974,1
0,0.12187408660280241,0
0,0.2621230150460281,0
0,0.5838301198359573,1
0,0.08991663546255033,0
0,0.5274824114408777,1
0,0.253694470011027,0
0,0.10509236753262184,0
0,0.20061008513598752,0
0,0.21293433098372516,0
0,0.7113061585724412,1
0,0.10782587758990227,0
0,0.07528721268007253,0
0,0.3564780746829245,1
0,0.3509988271166117,1
0,0.11712025536265304,0
0,0.37406641266893126,1
0,0.056089233048181766,0
0,0.06436237280332936,0
0,0.23999035558749016,0
0,0.10427379200258485,0
0,0.41940058868704844,1
0,0.21737847438136057,0
0,0.5688365177913958,1
0,0.5743766146139154,1
0,0.7888585691950514,1
0,0.5885940381707114,1
0,0.1372185361941081,0
0,0.08176684439217867,0
0,0.652199807268053,1
0,0.07191014632698907,0
0,0.10507703426214382,0
0,0.35672688852175705,1
0,0.8781542330726911,1
0,0.08323632437841534,0
0,0.8319148519065566,1
0,0.12445417415864045,0
0,0.061468452351387474,0
0,0.07118540470800858,0
1,0.8175379851346191,1
0,0.7506334174021003,1
0,0.157505652270857,0
0,0.634214981928778,1
0,0.07901240003059667,0
0,0.20267815230763633,0
0,0.5048609680328007,1
0,0.2743505730742576,0
0,0.11702008778092636,0
0,0.17710799684872233,0
0,0.15531126084748287,0
0,0.25698852908611003,0
0,0.1510758908044305,0
0,0.06406582914980387,0
0,0.1621688699633546,0
0,0.11161875356585159,0
0,0.3356255581293693,0
0,0.15248005039535997,0
0,0.6425384018851586,1
0,0.5073475131345273,1
0,0.4922690341628792,1
0,0.06499325531165927,0
0,0.09966460327973113,0
0,0.4722244533509821,1
0,0.14128794636023448,0
0,0.06647014415182328,0
0,0.48862221669039835,1
0,0.8289442251463248,1
0,0.18254104052802775,0
0,0.18430567779436338,0
0,0.12166578806438386,0
0,0.094942022911578,0
0,0.2627633320983423,0
0,0.2824759141924654,0
0,0.09348514170071916,0
0,0.3122519218761844,0
0,0.2096324393876455,0
0,0.8521350384186112,1
1,0.9275055641740838,1
0,0.3223847033508515,0
0,0.28930420009022684,0
0,0.13071105166147615,0
0,0.24894329100849666,0
0,0.23492972621454924,0
0,0.454481119349376,1
0,0.11216595038489051,0
0,0.2022679426130276,0
0,0.10717319654130508,0
0,0.18778957625912804,0
0,0.10649312222466914,0
0,0.09238800260004866,0
0,0.10471016809441024,0
0,0.07367957520767009,0
0,0.529961828757025,1
0,0.6697576732579694,1
0,0.14408605238385752,0
1,0.5146992591155178,1
0,0.1526023727614122,0
0,0.6893256654697465,1
0,0.10373717243589396,0
0,0.37755714157576914,1
0,0.23133327760644556,0
0,0.1100503773785915,0
0,0.09605286704148593,0
0,0.44294895605017226,1
0,0.08557400985676618,0
0,0.9260706289526297,1
0,0.417168602094145,1
0,0.34897980838823806,0
0,0.20307949493923838,0
0,0.3534183163387768,1
0,0.08861953573621335,0
0,0.10599987084646843,0
0,0.4670669976693836,1
0,0.4545507028687577,1
0,0.13578510108494501,0
0,0.3585923005962949,1
1,0.6575029735767643,1
0,0.27212847423908837,0
0,0.1299150931763633,0
0,0.16885784347123342,0
0,0.18496888810167272,0
0,0.33288174636128975,0
0,0.23764342379007658,0
0,0.13291054087210172,0
0,0.9121147238636632,1
0,0.1042021266712859,0
0,0.44430368731368475,1
0,0.12432415638151165,0
0,0.4277385431947253,1
0,0.24813730578445012,0
0,0.8197870433834203,1
0,0.46929268153497605,1
0,0.1554121798887089,0
0,0.13286684982505398,0
0,0.174771930018865,0
0,0.09738342908438974,0
0,0.4530641670121913,1
0,0.16406383904919394,0
0,0.09078809350190281,0
0,0.12799703598682416,0
0,0.49323300093416084,1
0,0.5610262195975622,1
0,0.28477213453060524,0
0,0.2728958936497827,0
0,0.37348422891215166,1
0,0.573771155700337,1
0,0.06894795496185709,0
0,0.15092091398675303,0
0,0.34062388111412223,0
0,0.15037093447990196,0
0,0.12934644636689083,0
0,0.26907981854118207,0
0,0.2391584491106454,0
0,0.10412269916988638,0
0,0.130101061524022,0
0,0.11821865713271949,0
1,0.4717007731368784,1
0,0.832709139277548,1
0,0.09561358252964282,0
0,0.8550037939683005,1
0,0.3695957679235118,1
0,0.31260091803472817,0
0,0.46812530393533736,1
0,0.12350559673911353,0
0,0.0936445475882048,0
0,0.3833431587171824,1
0,0.33055391093120323,0
1,0.9615838705900298,1
0,0.09558657672432695,0
0,0.06153001520116099,0
0,0.12701636914166534,0
0,0.7575778818187818,1
1,0.15922971872558958,0
0,0.7640109982802595,1
0,0.26246889774952825,0
0,0.0984715661348997,0
0,0.5037006564766691,1
0,0.3370448937720616,0
0,0.08726048765306564,0
0,0.21207131066670817,0
0,0.7930101839061205,1
0,0.160992430180671,0
1,0.9530399741867666,1
0,0.12518611024844878,0
0,0.5542559794500318,1
0,0.20383382679403247,0
0,0.6338653036426646,1
0,0.10053763466046511,0
0,0.446919263151589,1
0,0.6513693468042372,1
0,0.4475128922807338,1
0,0.10931210633115951,0
0,0.051329397786902056,0
0,0.10865191169254947,0
0,0.1252407605493661,0
1,0.8383217130466091,1
0,0.10595285098643666,0
0,0.8317905248475378,1
0,0.10791784619779442,0
0,0.19248344315657293,0
0,0.10987004618214447,0
0,0.1230404018968294,0
0,0.7246901126421652,1
0,0.2151671807189048,0
0,0.18742005464391498,0
0,0.5941345241234832,1
0,0.7730407164810777,1
0,0.05775169349468933,0
0,0.05477091288151749,0
0,0.3988466027812578,1
0,0.8166482906420622,1
0,0.1926253938823425,0
0,0.23056730278817814,0
0,0.1887162085276345,0
0,0.27438471291093663,0
0,0.09073629248781281,0
0,0.18602925940632645,0
1,0.38916380971086517,1
0,0.520695895668171,1
0,0.20198038349398792,0
0,0.48748405675651924,1
0,0.20161986112050498,0
0,0.24303707049429563,0
0,0.20151402247232775,0
0,0.3157579852800151,0
0,0.22131783450026854,0
0,0.5970552604786428,1
0,0.13705242374657767,0
0,0.952626905464921,1
0,0.4592523668172634,1
0,0.1522543711115362,0
0,0.13318713681962507,0
0,0.3199887506564078,0
0,0.14532215610501878,0
0,0.18993459328250056,0
0,0.3212720985866517,0
0,0.38432588307290944,1
0,0.059604751497693835,0
0,0.09799494243374345,0
1,0.1060574745594339,0
0,0.27134656313470645,0
0,0.3905232961924824,1
0,0.23866134726840382,0
0,0.4912988224535286,1
0,0.10454821342922267,0
0,0.44327941467469884,1
0,0.9640250005420294,1
0,0.9071846491935237,1
0,0.8638519492171468,1
0,0.49342013442422294,1
0,0.11402093806474042,0
0,0.35035046858799945,1
0,0.2039196535715589,0
0,0.12830463184059565,0
0,0.13989007521969155,0
0,0.6414299237791508,1
0,0.35980548763370035,1
0,0.669447542640855,1
0,0.29455030428555334,0
0,0.09551698455823358,0
0,0.5599041280827709,1
0,0.5868315809233332,1
0,0.21256830828467932,0
1,0.8253094668560627,1
0,0.07189400287356622,0
0,0.1623802579142048,0
0,0.09767055084578329,0
0,0.2608890664014547,0
0,0.9343573566572115,1
0,0.27563956149328767,0
0,0.5703794550909471,1
0,0.29596233997127946,0
0,0.42707505363974757,1
0,0.4450929864021719,1
0,0.0648449561945803,0
0,0.37734414234903196,1
0,0.20352067246199468,0
0,0.4416077406367981,1
0,0.12631579402931925,0
0,0.18746409214519055,0
0,0.19917178875738595,0
0,0.14753784779989426,0
0,0.18352076546251406,0
1,0.4895413604222949,1
0,0.11377751636861885,0
0,0.09617512777345393,0
0,0.4123562817496819,1
0,0.37128765395187396,1
0,0.07479956548839863,0
0,0.8955789471520391,1
0,0.44854863965244257,1
0,0.11555540780085433,0
0,0.21709884399497573,0
0,0.10480091460276565,0
0,0.4170497987026245,1
0,0.10795833275289679,0
0,0.183398743197612,0
0,0.09463926257334224,0
0,0.45491005862221207,1
0,0.853774821220003,1
0,0.09528944126120448,0
0,0.2732139796362711,0
0,0.12351710290422666,0
0,0.3112690443649484,0
0,0.18306169102572734,0
0,0.2055845576015529,0
0,0.06959544506581257,0
0,0.4141287761252768,1
0,0.7032464846081935,1
0,0.14406265373760127,0
0,0.08058227017309051,0
0,0.5828843521990091,1
0,0.1701360568801959,0
0,0.12582036607162864,0
0,0.9240883427222664,1
0,0.1895815695067279,0
0,0.6237780454856928,1
0,0.22736926576156022,0
0,0.21671278707485725,0
0,0.15293277847279294,0
0,0.37628054111073406,1
0,0.5240772140311782,1
0,0.13167608007010873,0
0,0.11923475952058757,0
0,0.4708637583875627,1
0,0.06833941418646321,0
0,0.09481150353911143,0
0,0.2105857916295569,0
0,0.0503333939166714,0
0,0.07411962255188312,0
0,0.1213521806435075,0
0,0.2685109761608941,0
1,0.876134262515098,1
0,0.12318043730237534,0
0,0.07297268475253145,0
0,0.19840865564443957,0
0,0.1061557877420311,0
0,0.0763191734796172,0
0,0.11910411270698135,0
0,0.11452502563263289,0
0,0.09763128573086902,0
0,0.5874494744560455,1
0,0.29690929625507056,0
0,0.07966169893973314,0
0,0.15019097479458013,0
0,0.12595752617409053,0
1,0.9374278397190376,1
0,0.1307476360333393,0
0,0.18430449467010684,0
0,0.13037719752442334,0
0,0.3112173497153728,0
0,0.14191589985746064,0
0,0.08452207099743549,0
0,0.5146931588859627,1
1,0.6891405776445539,1
0,0.6997813825378579,1
0,0.3181390455647527,0
0,0.4294168776376232,1
0,0.10682255255259432,0
0,0.5703268791889584,1
0,0.0764133664362162,0
0,0.12993478664426023,0
0,0.2113179218958643,0
0,0.8982628343929349,1
0,0.865719461556721,1
0,0.27312737429211975,0
0,0.8380492661945591,1
0,0.10694190342962387,0
0,0.04951376193848141,0
0,0.1540465224235346,0
0,0.12196834888315022,0
0,0.07372380471821852,0
0,0.7418400726400167,1
0,0.181230089742279,0
0,0.08375568132812479,0
0,0.2138503416036158,0
0,0.11055173773193808,0
0,0.39024841852718745,1
0,0.1781200699954056,0
1,0.5796990535394471,1
0,0.596850114737114,1
0,0.1145818654934719,0
0,0.19960624309808164,0
0,0.05250243994942104,0
0,0.1469795386536839,0
0,0.3252924553248248,0
0,0.09741827681963312,0
0,0.42264927492305726,1
0,0.04998723817399673,0
0,0.13265156149115293,0
0,0.442834121287604,1
0,0.11984146807335383,0
0,0.07019905558922052,0
0,0.3550102570021011,1
0,0.6222545111308364,1
0,0.8075125829860258,1
0,0.23221699651598235,0
0,0.22600201185409582,0
0,0.17558751163562247,0
0,0.4913674224283186,1
0,0.09553054477085401,0
0,0.11630232091818231,0
0,0.20622911043116662,0
0,0.6097261833267404,1
0,0.24030468537559968,0
0,0.15242854240166678,0
0,0.7301590640674782,1
0,0.1319421357794061,0
0,0.06157747858954463,0
0,0.12342957502623271,0
0,0.37299379977722275,1
0,0.1461851594202191,0
0,0.5341217950814635,1
0,0.9177061376142083,1
0,0.1219834109277266,0
0,0.2527289473980756,0
0,0.14023971015040837,0
0,0.12380215988752208,0
0,0.3564850648919315,1
0,0.17574876801433423,0
0,0.3587544860770595,1
0,0.12040778975805218,0
0,0.20009964992144638,0
0,0.14208138390555186,0
0,0.5474927932164592,1
0,0.17653686395447704,0
0,0.442641170225095,1
0,0.42475498597641664,1
0,0.4579712884475465,1
0,0.1174044152632455,0
0,0.2473292001375215,0
0,0.5282728892480826,1
0,0.057248544529898845,0
0,0.24095622273570982,0
0,0.8204059017944856,1
0,0.05160917335318546,0
0,0.3577416083065097,1
0,0.2920081215952653,0
0,0.8536929927305107,1
0,0.1162240338059671,0
0,0.2563373527407121,0
0,0.0797650721819083,0
0,0.21741968542885318,0
1,0.5940346305232033,1
0,0.5472936127188206,1
0,0.15113403764036665,0
0,0.6118411828344388,1
0,0.12066705097035912,0
0,0.3394666548173988,0
1,0.8921184814306145,1
0,0.13315036244145617,0
0,0.7178207514980908,1
0,0.06230006151778085,0
0,0.4881438059684127,1
0,0.18969730359486614,0
0,0.14963620851823245,0
0,0.11900394774751878,0
0,0.5219476766036915,1
0,0.1691639907223044,0
0,0.10778594029045924,0
0,0.23185286112021336,0
0,0.4884641248710531,1
1,0.550027310959561,1
0,0.35010195516969606,1
0,0.513881808947595,1
0,0.12013455263627645,0
0,0.5466049599487861,1
0,0.8834144959290271,1
0,0.5301362496993705,1
0,0.2301396806991775,0
0,0.4834114529137441,1
0,0.12776639867439538,0
0,0.12827786915353742,0
0,0.5590440014031393,1
0,0.21731750754474974,0
0,0.2974337958623566,0
0,0.10666563849903289,0
0,0.1476321155313786,0
0,0.3814663436640105,1
0,0.46737805168934604,1
0,0.13795883311236296,0
0,0.9334027754806088,1
0,0.5948915806028353,1
0,0.5917210328452389,1
0,0.11735201199867099,0
0,0.13698036777116548,0
0,0.33987296123261335,0
0,0.5945048348949022,1
0,0.11499674503395528,0
0,0.08602070724518329,0
0,0.41432106331287644,1
0,0.355708502808241,1
0,0.09122434491351965,0
0,0.08116770519040405,0
0,0.3920906142728118,1
0,0.6332460102763542,1
0,0.3022341622089047,0
0,0.405640307143689,1
0,0.10839337192687071,0
0,0.14917889652337607,0
0,0.07010948504759397,0
0,0.4793369597357438,1
0,0.37013822708821403,1
0,0.1277149321511885,0
0,0.4576886019455524,1
0,0.12535427558952544,0
0,0.8245234856914565,1
0,0.17441760143144436,0
0,0.18536547400883238,0
0,0.21331773216704988,0
0,0.08747754626653802,0
0,0.14672929056359643,0
1,0.9063823217797601,1
0,0.2451931569560968,0
0,0.5182363250169669,1
0,0.5428295616835784,1
0,0.7731262752507341,1
0,0.13994272885510878,0
0,0.4420248352919229,1
0,0.35848240867663717,1
0,0.6450207707840557,1
0,0.07267819942998657,0
0,0.5925080614665985,1
0,0.2994018588098047,0
0,0.29916882075165313,0
0,0.17100533164724258,0
0,0.11286787560963954,0
0,0.6020702572881409,1
0,0.2772470931609061,0
0,0.2226382722105574,0
0,0.1430459953876898,0
0,0.8736230645627504,1
0,0.1795426939099345,0
0,0.16386820781008368,0
0,0.17353029610712267,0
0,0.1667708255743072,0
0,0.419013710975163,1
0,0.08083111249148288,0
0,0.07612347787869148,0
0,0.13353617247237434,0
0,0.2660037665532417,0
0,0.09326826685871357,0
0,0.1868786944642461,0
0,0.1726407670620903,0
0,0.14136448456077436,0
0,0.14843149724246604,0
0,0.35204676610586383,1
0,0.05238129395755533,0
0,0.1871024871801403,0
0,0.11013704605866065,0
0,0.8345624691138266,1
0,0.3433411059716235,0
0,0.1219428659191675,0
0,0.22501521106179767,0
0,0.7626550309200437,1
0,0.05886855514216767,0
0,0.2618848934674535,0
0,0.10873549857784305,0
0,0.09041877266832939,0
0,0.45869694531058836,1
1,0.7890752504054438,1
0,0.10502956550693421,0
0,0.05604060785072133,0
0,0.09806673804778707,0
0,0.5679557111789454,1
0,0.1313204439970493,0
0,0.599491539332849,1
1,0.8728670175462079,1
0,0.8263311915689887,1
0,0.11438752352428025,0
0,0.13584080666542853,0
1,0.8729793983217352,1
0,0.05962160872020494,0
0,0.3548270168831544,1
0,0.13017905333998206,0
0,0.2259105236096604,0
0,0.6040972346993373,1
0,0.16439376303574804,0
0,0.1618500441293151,0
0,0.3033965975156704,0
0,0.1446600020571688,0
0,0.2173868397084164,0
0,0.40825901843928714,1
0,0.09151703942995958,0
0,0.17898722265879294,0
0,0.6859976520712828,1
0,0.1948507667563373,0
0,0.0823249619911068,0
0,0.2907095008950224,0
0,0.47600507604495507,1
0,0.07956721029982299,0
0,0.10578061373470674,0
0,0.11954083688003836,0
0,0.13213312945265734,0
0,0.2883625372904669,0
0,0.1702612928551245,0
0,0.09797151002287562,0
0,0.6493019756418188,1
0,0.10225987203689452,0
0,0.10537679316159543,0
0,0.3361365961495257,0
0,0.27270098450873254,0
0,0.20538482738543068,0
0,0.5345515430154022,1
0,0.18326482403585453,0
0,0.4206337789178733,1
0,0.2272218238682657,0
0,0.1122170924784302,0
0,0.25514937055944903,0
0,0.0927106824961261,0
0,0.8829199550389819,1
0,0.23573724819162697,0
0,0.893936281849559,1
0,0.13653611021348483,0
0,0.374157035834459,1
0,0.11400891825658206,0
0,0.8516765744495525,1
0,0.16760069045030535,0
0,0.15726727336799026,0
0,0.13743042966630126,0
0,0.10421233803020916,0
0,0.1345059018104579,0
0,0.7797755245574558,1
0,0.1061949730691041,0
1,0.6755602159335087,1
0,0.09317432985919653,0
0,0.34595932158297504,0
0,0.4091552203058356,1
0,0.05728562628166147,0
0,0.14600664783992465,0
0,0.12922158981874682,0
0,0.2704153877283662,0
0,0.4761363108137838,1
0,0.14208593699232552,0
0,0.11484746333310253,0
0,0.1244638442810926,0
0,0.05207726683151458,0
0,0.22517223675106096,0
0,0.21839954843949944,0
0,0.0720370513609425,0
0,0.19787588596261213,0
0,0.3833627779316417,1
0,0.7886012047600783,1
0,0.3691672642963903,1
1,0.915669250887922,1
0,0.4999964998341641,1
0,0.11119419217430902,0
0,0.30673194292356937,0
0,0.15606206984292803,0
0,0.07357086048277268,0
0,0.16575532163626344,0
0,0.3276737590107972,0
0,0.4227549568103395,1
0,0.4876140169317825,1
0,0.5135657884511649,1
0,0.7978494949755072,1
0,0.543344703570743,1
0,0.2316214581032589,0
0,0.34587717475103436,0
0,0.10897124609538357,0
0,0.2589735689751981,0
0,0.5602805203743073,1
0,0.24144392113670554,0
0,0.20942880118687296,0
1,0.565811725833159,1
0,0.11071343663677131,0
1,0.9584770732647602,1
0,0.3082525086541864,0
0,0.39260155711637607,1
0,0.20274061920297098,0
0,0.12060846319480248,0
0,0.5159994210103442,1
1,0.8476096011533044,1
0,0.1755163668255181,0
1,0.37505833957189655,1
0,0.13088895542435441,0
0,0.3634757982809955,1
0,0.8969211716013954,1
1,0.8787797492799277,1
0,0.33849347477381614,0
0,0.23610913492198535,0
0,0.7886012047600783,1
0,0.11149573156871352,0
0,0.4184096319241122,1
1,0.5887659288453637,1
0,0.07770190474188762,0
0,0.2965277693402307,0
0,0.2814268184514177,0
0,0.13733080455967633,0
0,0.3492949278735457,0
0,0.7496818713632616,1
0,0.2477450212871166,0
0,0.10012443859441371,0
0,0.07881251291513394,0
0,0.11455708638239448,0
0,0.062036835975648116,0
0,0.5108098013162639,1
0,0.24633520556692076,0
0,0.8277999524841745,1
0,0.27546156059430094,0
0,0.2251558758309811,0
0,0.3791165886512266,1
0,0.13849194289412717,0
0,0.5669082791936126,1
0,0.23367546104387998,0
0,0.230794074606191,0
0,0.08537921758538189,0
1,0.19282279211479017,0
0,0.32727399155887266,0
0,0.09399787449936292,0
0,0.28544066319908895,0
0,0.24555350538235138,0
0,0.5985183419061827,1
0,0.592360939172313,1
0,0.6962427555721691,1
0,0.7778807458776466,1
0,0.3366062201381687,0
0,0.4894365480154237,1
0,0.3465579243846812,0
0,0.07429468559661356,0
0,0.12568244822264,0
0,0.2863887408597106,0
0,0.11256459012577577,0
0,0.3337922932072716,0
0,0.1221497600197809,0
0,0.6564929009808729,1
0,0.3737782886677338,1
0,0.1692996647655838,0
0,0.15151195326647002,0
0,0.4543171245814699,1
0,0.12763430221037877,0
0,0.11266330417385123,0
0,0.5371262940653148,1
0,0.4319187933532182,1
0,0.2166720796282913,0
0,0.5490274606000117,1
0,0.32589257354477846,0
0,0.1935261815410252,0
0,0.1564507932906578,0
0,0.8596769721168968,1
0,0.09081634393783734,0
0,0.21620864600104303,0
0,0.9370078639314166,1
0,0.32938875726794714,0
0,0.7414376826907779,1
0,0.879814194177201,1
0,0.2237965951728917,0
0,0.25393839297903426,0
0,0.5970725783101486,1
0,0.5142762614757103,1
0,0.12261768817428503,0
0,0.13058240805486657,0
0,0.32483916668591034,0
0,0.16685109759137168,0
0,0.09828671782212198,0
0,0.41632310904678016,1
0,0.3376980640320891,0
0,0.08249135801122462,0
0,0.326424480551418,0
0,0.6196866057709323,1
0,0.17283202815481088,0
0,0.874236182475136,1
0,0.10891636132398957,0
0,0.15795287551390996,0
0,0.11619631101657961,0
0,0.39135841389251935,1
0,0.17828764778696357,0
0,0.2852652502605198,0
0,0.2751827486633005,0
0,0.12384360644732745,0
0,0.11061742346122515,0
0,0.10001394819793653,0
0,0.3358568402651604,0
0,0.19170789542822086,0
0,0.4410397243827712,1
0,0.09564247592628489,0
0,0.1479578657706565,0
0,0.4103329918869016,1
0,0.37207302732526587,1
0,0.11105503157932925,0
0,0.0741118696611285,0
0,0.14520283268437198,0
0,0.12621105958539824,0
0,0.09376911399742086,0
0,0.1086829233519762,0
0,0.11092984008415994,0
0,0.5361795549770318,1
0,0.32494821861989737,0
0,0.17326694285934868,0
0,0.12761364116849813,0
0,0.7108803494108282,1
0,0.3139305524366065,0
1,0.8666854945148316,1
0,0.17800595362637056,0
0,0.0971269366097523,0
0,0.07612466606448305,0
0,0.1919873730371089,0
0,0.45014400795668885,1
0,0.07677229514380647,0
0,0.20510555263814537,0
0,0.1284309712445066,0
0,0.36135985639181895,1
0,0.580536056298625,1
0,0.12471769854170503,0
0,0.1904428587783774,0
0,0.06525372822174957,0
0,0.1206329950359744,0
0,0.29638405049514804,0
0,0.13633430622548,0
0,0.2582618050535137,0
0,0.08516299333579337,0
0,0.1714758245972173,0
0,0.8304943612420588,1
0,0.41397812349655366,1
0,0.16601382376751012,0
1,0.6007028013520216,1
0,0.11331473529747524,0
0,0.5084670398012292,1
0,0.32988230831972115,0
0,0.4685062102938345,1
0,0.06992669687480965,0
1,0.1944906102967282,0
0,0.08134117845268045,0
0,0.06891611614420408,0
0,0.3693655440272368,1
0,0.9492809804823829,1
0,0.19150326771190887,0
0,0.3652333014542641,1
0,0.08698224873401122,0
0,0.3042028102365327,0
0,0.21774764063160754,0
0,0.6166949546465645,1
0,0.08942345012494184,0
0,0.5904813844237059,1
0,0.09075491828050444,0
0,0.4461874548095715,1
0,0.22049108301295037,0
0,0.4533130650398467,1
0,0.474242704753102,1
0,0.6346878672317657,1
0,0.14757820970419583,0
0,0.3908953149622164,1
1,0.822073173022179,1
0,0.24123636772445223,0
0,0.8310164115575642,1
0,0.5777652000693112,1
0,0.5152733846839656,1
0,0.407426426048469,1
0,0.34113306632617957,0
0,0.3802669665080608,1
0,0.43392687484634657,1
0,0.4292320239312144,1
0,0.19074991702671895,0
0,0.12717326365615764,0
0,0.134691419616759,0
0,0.6802680128769123,1
0,0.9359805502248052,1
0,0.6135586555977148,1
0,0.1300637990613852,0
0,0.39870584739228976,1
0,0.34081025602389897,0
0,0.13795599108638637,0
0,0.1516016474122942,0
0,0.9272133116631565,1
0,0.7481663131175086,1
0,0.4984541420989182,1
0,0.14355952356559046,0
0,0.5900893655302712,1
0,0.33602000931786324,0
0,0.13207603153343653,0
0,0.24372483630050265,0
0,0.40727031007448095,1
0,0.07751787991032263,0
0,0.2403956111074782,0
1,0.9550383319330638,1
0,0.07175183634682426,0
0,0.16231147691124434,0
0,0.23118866029164972,0
0,0.2191937652236002,0
1,0.09789634044149376,0
0,0.07722554360237159,0
0,0.3780438956871822,1
0,0.32952145726933113,0
0,0.1491552989161532,0
0,0.10816902101413256,0
1,0.9121345911787906,1
0,0.8076322701712366,1
0,0.8274888797802815,1
0,0.07764714697779483,0
0,0.13861295129866238,0
0,0.1085757033969057,0
0,0.661917082291723,1
0,0.1404372105336129,0
0,0.6542986291047782,1
0,0.20775107640671722,0
0,0.13911443649984478,0
0,0.09171722414115456,0
0,0.275228109482106,0
0,0.16888005351627583,0
0,0.5537281015754054,1
0,0.061043194905794684,0
0,0.07092506742074293,0
0,0.46792331108858726,1
0,0.7331760752184353,1
0,0.7568394960992868,1
0,0.05424145520099724,0
0,0.5748461495062717,1
0,0.20150416679890204,0
1,0.7845148029424484,1
0,0.6426648123877569,1
0,0.07968520994072405,0
0,0.21615538423054417,0
0,0.4043747641494107,1
0,0.85506495840091,1
0,0.06853892984212702,0
0,0.11548772404453106,0
1,0.933820492241172,1
0,0.8549736860730367,1
0,0.47432592942739954,1
0,0.4617950320711677,1
0,0.09110369414052859,0
0,0.35617661140183615,1
0,0.21579256766103677,0
0,0.3672170621039678,1
0,0.20030928416222016,0
0,0.12040620540674701,0
1,0.7046067778753942,1
0,0.5782967420392199,1
0,0.10867251567441626,0
0,0.9217383714057572,1
0,0.23447741474190512,0
0,0.37495287381039955,1
0,0.32332675310949305,0
1,0.9226409504477093,1
0,0.09790147885128457,0
0,0.12799284343303255,0
0,0.11886394377840195,0
0,0.10320842846526232,0
0,0.5202717245596712,1
0,0.37254927074426086,1
0,0.0998666000710177,0
1,0.3741754097749167,1
0,0.8933055488851501,1
1,0.9064387977673743,1
0,0.5713944973822261,1
0,0.4116525290303341,1
0,0.11993522782187936,0
0,0.21001874124639044,0
0,0.15396180975636092,0
0,0.6631420806914882,1
0,0.18412867968070412,0
0,0.1437533121210902,0
0,0.15643991689946796,0
0,0.12944637983016757,0
0,0.5652906743482123,1
0,0.153731771438811,0
0,0.09727871744508017,0
0,0.11487018798561621,0
0,0.07395299893163583,0
0,0.08431941363417489,0
0,0.367726787169355,1
0,0.35505762937291535,1
0,0.08391313126153145,0
0,0.05581204814214642,0
0,0.1220169603891205,0
0,0.098100442420069,0
0,0.11333100342803619,0
0,0.4130390516895067,1
1,0.36655076952152865,1
0,0.13492322978220694,0
0,0.6745692457112826,1
0,0.9105425344990056,1
0,0.6610446467603123,1
0,0.797297701345743,1
0,0.22470370185885719,0
0,0.2725887610958725,0
0,0.13001658076875064,0
0,0.40981508453460197,1
0,0.16171125943659115,0
0,0.13868623606046887,0
0,0.3922099362858756,1
0,0.16022987611113287,0
0,0.7162325105713866,1
0,0.09103093447526274,0
0,0.07930731400886701,0
0,0.9076226736311018,1
0,0.38870949253706644,1
0,0.088996723888793,0
0,0.4032193590637619,1
0,0.1421694754284602,0
0,0.17127810182456932,0
0,0.23495968993853247,0
0,0.10179486255979855,0
0,0.7771203067014182,1
0,0.4338716932986646,1
0,0.1465378491412384,0
0,0.16561899843480427,0
0,0.13998539161481333,0
0,0.07164813602663742,0
0,0.7677956018689726,1
0,0.09921645859922044,0
0,0.10616718507688759,0
0,0.07521718043688877,0
0,0.19288395655572768,0
0,0.25751292422672545,0
0,0.17177391970945222,0
0,0.10723476123833815,0
0,0.054615131546028754,0
0,0.9485027484891172,1
0,0.24352462511067208,0
0,0.42449968702702856,1
0,0.17382413195331156,0
0,0.5395694048283463,1
0,0.15614985052956964,0
0,0.21959827332208784,0
0,0.09835867593320574,0
0,0.16530636434098497,0
0,0.12958762826964,0
0,0.23056899774233044,0
0,0.12402180158702655,0
0,0.11713927412336758,0
0,0.2845613974644196,0
0,0.28166132529157417,0
0,0.6651741822404927,1
1,0.3648212990766343,1
0,0.6010544933103927,1
0,0.3328882437813567,0
0,0.1272174215682018,0
0,0.3396543095432258,0
0,0.5568524726409174,1
0,0.12473763428645476,0
0,0.11558684564887133,0
0,0.13868886279158663,0
0,0.07113325675090837,0
1,0.8586694312692779,1
0,0.1587853974820115,0
0,0.12606115944325333,0
0,0.3293447947361416,0
0,0.09524342627425857,0
0,0.5895503470014264,1
0,0.15457489631408775,0
0,0.8958222700321138,1
0,0.12310011514506397,0
0,0.6323990185499765,1
0,0.07836389907718376,0
0,0.27528195059216537,0
1,0.4469334208593327,1
0,0.20263745646687711,0
0,0.4371717363610915,1
0,0.3349332523466908,0
0,0.4830903513824551,1
1,0.8051644827604515,1
0,0.1443587571299235,0
0,0.08533401807112767,0
0,0.5501826333339114,1
0,0.2958069098464227,0
0,0.24499143462231573,0
0,0.1895689107567792,0
0,0.21075167073581588,0
0,0.23111962266321698,0
0,0.5788844463776637,1
0,0.19002597072583047,0
0,0.15256138775855163,0
0,0.41276859469454374,1
0,0.07001328694268559,0
0,0.09453371733330537,0
0,0.3661855761646421,1
0,0.14412995959635574,0
0,0.19614035716586678,0
0,0.16892972275262794,0
0,0.45012960267463487,1
0,0.49432008671594785,1
0,0.3860647442767487,1
0,0.5392061841417755,1
0,0.5238031532427695,1
0,0.5269522069029079,1
0,0.8186115063691473,1
0,0.096525343229421,0
0,0.6201523802933857,1
0,0.24252967726228614,0
0,0.11004045674118529,0
0,0.17938760133148648,0
0,0.4707249721308239,1
0,0.09454429302978672,0
0,0.14363700629173526,0
0,0.1337752587677426,0
0,0.10878953442557304,0
0,0.30332729662843183,0
0,0.657773955504396,1
0,0.1768482814941029,0
0,0.10641352709213582,0
1,0.6276712394282561,1
1,0.7121789912539204,1
0,0.3151722760094426,0
0,0.08173318711418252,0
0,0.4336996064957612,1
0,0.9508387864987345,1
0,0.13668742946250562,0
0,0.2981022867221281,0
0,0.20616192191087318,0
0,0.14613974708812244,0
0,0.1164898653849375,0
0,0.08687486624721562,0
0,0.14253013473925882,0
0,0.17321531211071892,0
0,0.2878394243515994,0
0,0.5002238618420067,1
0,0.116883319729947,0
0,0.18794299721807184,0
0,0.38164589858364545,1
0,0.16485700226005787,0
0,0.15044361337695167,0
1,0.8459605183970136,1
0,0.1422632714888094,0
0,0.325212176402837,0
0,0.37256380908958,1
0,0.3205009232753141,0
0,0.2556689700411233,0
0,0.12102194658881044,0
0,0.15618285825990655,0
0,0.44308562166418675,1
0,0.3435499244438939,0
0,0.4248122197261057,1
0,0.08229088380038646,0
0,0.6083017914423589,1
0,0.640468386175993,1
0,0.07946771475222184,0
0,0.36601456158651585,1
0,0.5242933436573872,1
0,0.10116820966334096,0
0,0.5997332793200064,1
1,0.8545042612539169,1
0,0.11601895273272689,0
0,0.22128842996014966,0
0,0.08510324484678179,0
0,0.08649297397676135,0
0,0.0634423390718645,0
0,0.30699769583569575,0
0,0.11353796038712415,0
0,0.558981528747702,1
0,0.29818691637536116,0
0,0.17033856607601985,0
0,0.24536623301613134,0
0,0.1537023265880706,0
0,0.3088813115336908,0
0,0.11345687163310025,0
0,0.5407279626141356,1
0,0.7177229813064707,1
0,0.14160125815530447,0
0,0.16718388630737513,0
0,0.06787477622937901,0
0,0.10249785134014815,0
1,0.2608022380875734,0
0,0.105566182142366,0
0,0.14033412149452706,0
0,0.15220457136078575,0
0,0.39653798932449563,1
0,0.09209005076508418,0
0,0.12417515206719432,0
0,0.13553609073970843,0
0,0.06938469304886266,0
0,0.060481627386771895,0
1,0.8936524798449197,1
0,0.057023639919535365,0
0,0.09987946060632806,0
0,0.07179753852753659,0
0,0.1634070713812153,0
0,0.14422643946128524,0
0,0.14355856096384398,0
1,0.9221705156065273,1
0,0.2927487572304966,0
0,0.18014666060065304,0
0,0.95219504698809,1
0,0.6047680131108593,1
0,0.821841815754254,1
0,0.1280950229885103,0
0,0.14921375740784815,0
0,0.05197216260528636,0
0,0.47325105387823213,1
0,0.11749027800977557,0
0,0.16382961190273024,0
0,0.6178793018950182,1
0,0.07507557040602326,0
0,0.1466222452814356,0
0,0.10274659070765473,0
0,0.0959588219138931,0
0,0.25696573663027933,0
0,0.14089514971074243,0
0,0.11195974779363929,0
0,0.7980280663421586,1
0,0.8632989946795226,1
0,0.0805827456933992,0
0,0.1348887261733903,0
0,0.17645279378404574,0
0,0.11193885944464396,0
0,0.27972900443583776,0
0,0.7076284989591808,1
0,0.7638635327695281,1
0,0.2649246715744047,0
0,0.1712018162470925,0
1,0.5230548484500381,1
0,0.18706831480315317,0
0,0.24389075701227564,0
0,0.5484616669618644,1
0,0.4215040999720272,1
0,0.13177542323697564,0
0,0.1037787867459855,0
0,0.08224576520982979,0
0,0.7781815581399392,1
0,0.6006859770869446,1
0,0.40844385391280247,1
0,0.333707454392033,0
0,0.0565867872188498,0
0,0.10339062952890725,0
0,0.5374103862909027,1
0,0.09415857930713444,0
0,0.3501650194367612,1
0,0.45280048293597164,1
0,0.10469487475853394,0
0,0.4140980604822738,1
0,0.9561187465000481,1
0,0.14608280049222877,0
0,0.16361196414529153,0
0,0.3565695408582018,1
0,0.0557804832296428,0
0,0.4802806670434245,1
0,0.1413150177773853,0
0,0.05985046515137862,0
0,0.08176006822701161,0
0,0.13316506414968782,0
0,0.29132804942405544,0
0,0.2706825759543573,0
0,0.38308881012731744,1
1,0.9214380016740711,1
0,0.4427560020089096,1
0,0.12685075181682498,0
0,0.5900618873109064,1
0,0.15431464654990792,0
0,0.24662652615011155,0
0,0.22975864954217712,0
0,0.1081593420576237,0
0,0.10068542417765389,0
0,0.13773554642059796,0
0,0.42814963371072773,1
0,0.0648457751605859,0
0,0.3622520885797149,1
0,0.315181375446878,0
0,0.1520864104366745,0
0,0.12461344044051699,0
0,0.07324605057634168,0
0,0.5267887585441282,1
0,0.16204113178879612,0
0,0.1828807806569513,0
0,0.07127429703678018,0
0,0.19318638848298514,0
0,0.0921444910997562,0
0,0.3841016960179592,1
0,0.17415601730023356,0
0,0.20283771558164682,0
0,0.623905732965899,1
0,0.07310050050788476,0
0,0.71377935575033,1
0,0.32557778618118866,0
0,0.22149787705883345,0
0,0.43085013613719403,1
0,0.1200056864581687,0
0,0.19626505454804183,0
0,0.10145102105981949,0
0,0.08152275517173198,0
0,0.5132897976269457,1
1,0.5896997942003079,1
0,0.38741384199105555,1
0,0.1325822356551371,0
0,0.31532706732122806,0
0,0.5256726718666906,1
0,0.42212960084444895,1
0,0.5093205550440633,1
0,0.12948203241186487,0
0,0.08768570127751268,0
0,0.09337045838354864,0
0,0.3261523797928952,0
1,0.9316151297001667,1
0,0.671972032765673,1
0,0.43838811080913076,1
0,0.1597690292466386,0
0,0.4133630955526867,1
0,0.18258422152263154,0
0,0.10889706816045698,0
0,0.2942415548686949,0
1,0.6008311043485652,1
0,0.06281682289873079,0
0,0.7218878533232023,1
0,0.18408449908951843,0
0,0.07065677251726706,0
0,0.0901371565896828,0
1,0.4943247940281712,1
0,0.8558535584323332,1
0,0.17290421350441154,0
0,0.5796947952250963,1
0,0.8867405399079524,1
1,0.5412716513268007,1
0,0.12446104774484847,0
0,0.06488190818408433,0
0,0.17173564941694244,0
0,0.49455224164153655,1
0,0.184874386025026,0
0,0.2368563748867262,0
0,0.16196417498711074,0
0,0.28636335620829206,0
0,0.3002535334435591,0
0,0.11126013026860777,0
0,0.23285372529500042,0
1,0.8473331521772852,1
0,0.3025231876480284,0
0,0.1417000583684734,0
0,0.11448139598870836,0
0,0.4594281508308761,1
0,0.08576763087436057,0
0,0.11614956666276124,0
0,0.09707153611474593,0
0,0.4236612773639132,1
0,0.054287828727786286,0
0,0.09547060972924186,0
0,0.5407036064070319,1
0,0.09752810447986492,0
0,0.07975084855297931,0
0,0.14122558477176053,0
0,0.10206233457754689,0
0,0.5523261359478235,1
0,0.10778429387324666,0
0,0.41584558339770045,1
0,0.08135914297771439,0
0,0.9179408781805779,1
0,0.8268928658554283,1
0,0.17242383853236024,0
0,0.48720598292993655,1
0,0.06053213143319449,0
0,0.5846978496671045,1
0,0.1350524245583069,0
0,0.12611330097987786,0
0,0.09960240525156516,0
0,0.5136768520779429,1
0,0.11253525982085831,0
0,0.09696065303142949,0
0,0.11745798353300373,0
0,0.0964104807624207,0
0,0.15840523444871366,0
1,0.17277836540967448,0
0,0.1112572149211475,0
0,0.1197974570084241,0
0,0.24405407331122875,0
0,0.09574465650433517,0
0,0.3438220797126281,0
0,0.13051771347398444,0
0,0.5258592642284772,1
0,0.8889717059038624,1
0,0.15417969902365938,0
0,0.32874550247484513,0
0,0.4154648310740849,1
0,0.7229883590417915,1
0,0.21521311764936688,0
0,0.1471964632889307,0
0,0.09566097563171812,0
0,0.839500156338067,1
0,0.09529072447624976,0
0,0.14927074141597643,0
0,0.1933068899912001,0
0,0.10507320349429342,0
0,0.12628956610920908,0
0,0.149680690601499,0
0,0.1079846239016405,0
0,0.18672999241803281,0
1,0.8950061130260792,1
0,0.11577243810360874,0
0,0.5215665144193643,1
0,0.5649626810030306,1
0,0.13930228933453132,0
0,0.5170419520022034,1
0,0.20673820527776704,0
0,0.06604055955683708,0
0,0.1260172870302367,0
0,0.4010676771303136,1
0,0.10139564702011758,0
0,0.05370355850967228,0
0,0.10453772442126062,0
0,0.4435544700831407,1
1,0.7979664920142056,1
0,0.17190265580653685,0
0,0.11565933276689654,0
0,0.06849343246041469,0
0,0.5096445882174808,1
0,0.14036015768377308,0
0,0.07813761194883236,0
0,0.21558528292828238,0
0,0.13345227625353423,0
0,0.13388751265584606,0
0,0.11233924534547933,0
0,0.7774826289208328,1
0,0.7924783147494254,1
0,0.07243214118726196,0
0,0.07004340249862843,0
0,0.2664580334725678,0
1,0.5344343659747641,1
1,0.503139447624202,1
0,0.3877392638563427,1
0,0.09134703096413888,0
0,0.7255669565619416,1
0,0.17091277878333297,0
0,0.17289826361413085,0
0,0.5598405738856038,1
0,0.10979722304307664,0
0,0.7288911403431088,1
0,0.10844009165156933,0
0,0.2475686038534113,0
0,0.08605118044259108,0
0,0.06119904666744001,0
0,0.38637335128304134,1
0,0.09483490280651585,0
1,0.708782041052586,1
1,0.8535724786881239,1
0,0.11347241531518759,0
0,0.4821858955160159,1
0,0.08616337158419553,0
0,0.055504258589104655,0
0,0.37846823600698537,1
0,0.46355060351859295,1
0,0.5386557478666965,1
0,0.08134835663026295,0
0,0.44404683088575003,1
0,0.09733888613496168,0
1,0.9383235875967335,1
0,0.08366829344378358,0
0,0.518600129931761,1
1,0.9165553479609377,1
0,0.5344446180129276,1
0,0.09915752929466731,0
0,0.25419312149496176,0
0,0.22852005270189996,0
0,0.1279067458787514,0
0,0.3524048916853443,1
0,0.06071287023730294,0
0,0.12748143598139997,0
0,0.629218243587209,1
1,0.44515874158173696,1
0,0.15806696874353557,0
0,0.09679595736152855,0
0,0.26957237980889603,0
0,0.12376396434438124,0
0,0.816414659126017,1
0,0.12590996598331544,0
1,0.318531156361619,0
0,0.14319586075652077,0
0,0.0943618805395381,0
0,0.27221755446678697,0
0,0.5495797696044552,1
0,0.07524156613057474,0
0,0.8729661650800017,1
0,0.44225987361375124,1
0,0.09179013456254492,0
0,0.15513754984015987,0
0,0.1678484715301091,0
0,0.5153038452425918,1
0,0.07891798125002727,0
0,0.08148589525937357,0
0,0.3417996501663761,0
0,0.21158375269831228,0
1,0.9303268667364555,1
0,0.19463935777011562,0
0,0.41072223470064,1
0,0.8733171087424988,1
0,0.29109159499392834,0
0,0.13230059025451193,0
0,0.15190888372516645,0
0,0.3352803263885759,0
0,0.09508847661637722,0
0,0.17749573818213926,0
0,0.24223746912683264,0
0,0.4408076799171731,1
0,0.8003708914389749,1
0,0.1862179215865543,0
0,0.9493019497817926,1
0,0.12502165677773802,0
0,0.3688990054541897,1
0,0.09613228284884469,0
0,0.5039089424303745,1
0,0.4031021195098386,1
0,0.08351862812120107,0
0,0.40547413199907617,1
0,0.36914611625941407,1
0,0.14237048651165918,0
0,0.13918974623526645,0
0,0.08499308852854424,0
0,0.5433617217266147,1
0,0.34061372455519934,0
0,0.4362972441383786,1
0,0.18206032911076972,0
0,0.7042511147338092,1
0,0.5254221701762019,1
0,0.4706456604473034,1
0,0.1504793971318658,0
0,0.09498083647866523,0
0,0.3420892503914494,0
0,0.11693624093192968,0
0,0.25018976666425646,0
0,0.37207672780357903,1
0,0.2913425919924271,0
0,0.835008108538911,1
0,0.30160265382496354,0
0,0.5864725427403291,1
1,0.8018518113074303,1
0,0.16373867030016134,0
0,0.9104515076287991,1
0,0.23510927920207,0
0,0.11929519927758378,0
0,0.05975194462123859,0
0,0.35755306726478076,1
0,0.14347552623173151,0
0,0.4770628010982552,1
0,0.8791638842355112,1
0,0.1889106502741171,0
1,0.5065439774276129,1
0,0.6018306198388376,1
0,0.14581463808108575,0
0,0.13099234274382926,0
0,0.17507150280099845,0
0,0.10299741968356516,0
0,0.2697700324732306,0
0,0.7869399133136642,1
0,0.1357877056058313,0
0,0.3910348495754789,1
0,0.084280272518244,0
0,0.21452699450814564,0
0,0.14839198549216054,0
0,0.11316240356764971,0
0,0.1765315296632382,0
0,0.19582498646274618,0
0,0.34694318346294406,0
0,0.4644772778052707,1
0,0.07579862986908725,0
0,0.2593434041919621,0
0,0.09992553441694906,0
0,0.3857761992462421,1
0,0.41593036709104747,1
0,0.1569016609683486,0
1,0.8201166604977975,1
0,0.3348918469911716,0
0,0.22666286675294492,0
0,0.09524275169951513,0
0,0.2710275946611489,0
0,0.3699562492993364,1
0,0.6719231905273895,1
0,0.25888151872478815,0
0,0.13874498764545334,0
0,0.31420829737605094,0
0,0.3541836010437581,1
0,0.1102929686134496,0
0,0.21285126437562346,0
0,0.14484871084598527,0
0,0.0971410947253488,0
0,0.1731908193754197,0
0,0.16082783313312782,0
0,0.23778535880127294,0
0,0.14620867337991858,0
1,0.9417395838608186,1
0,0.1348834663452413,0
0,0.228824300458769,0
0,0.08258962828474124,0
0,0.190154114046273,0
0,0.2881684192465867,0
0,0.12372682571068369,0
0,0.3923256245990141,1
0,0.8687428426224346,1
0,0.06396221693805117,0
0,0.08755029926622279,0
0,0.8259262927643882,1
0,0.6558036617760225,1
0,0.100889254996009,0
0,0.531026475126554,1
0,0.05581204814214642,0
0,0.18722990160722003,0
0,0.05916025315889891,0
0,0.09617605266414177,0
0,0.10715146553662463,0
0,0.13452399867638828,0
0,0.21038670678230625,0
0,0.1578653639458777,0
0,0.401668849390113,1
0,0.09249570970495248,0
0,0.11801248225830105,0
0,0.38343760204288607,1
0,0.08305317173729403,0
1,0.8601449625853184,1
1,0.26213320387034933,0
0,0.5209955750674697,1
0,0.07322887473443246,0
0,0.1149053422225456,0
0,0.0761894921792534,0
0,0.23752569416991817,0
0,0.44126321118834727,1
0,0.1551601796235836,0
1,0.8427696710054314,1
1,0.9665779279930985,1
0,0.5168927831343678,1
0,0.368521131193504,1
0,0.2719697745587759,0
0,0.07156024214162197,0
0,0.5542145763466954,1
0,0.16375646990249146,0
0,0.14198252298288028,0
0,0.3273750062770642,0
0,0.06403821743951058,0
0,0.16175140130276755,0
0,0.16004758866370983,0
0,0.1095158658144972,0
0,0.5758027249815241,1
0,0.21559970827943634,0
1,0.11051244117470027,0
0,0.31303742984924116,0
0,0.1374791422312953,0
0,0.11967370542524002,0
0,0.2601621138814313,0
0,0.7915497678793516,1
0,0.15984781338215756,0
1,0.38647533074073354,1
0,0.05566879375609627,0
0,0.8145547036084466,1
0,0.551869524126694,1
0,0.08583767084774087,0
0,0.7891211177579297,1
0,0.06328971507923728,0
0,0.4519386984347485,1
0,0.13583325017118536,0
0,0.2137292782534221,0
0,0.12089771340521144,0
0,0.08168770379052753,0
0,0.11863027796588055,0
0,0.08985935791575644,0
1,0.9092212760411077,1
0,0.14091221213038552,0
0,0.15377728192531315,0
0,0.14636819698493214,0
0,0.41234114108845155,1
0,0.34586121234122336,0
0,0.1474407384850517,0
0,0.40971975015714013,1
0,0.4648228545165042,1
0,0.2644340249212148,0
0,0.4088340076608697,1
0,0.33861821393112185,0
1,0.9198064405611183,1
0,0.356333125726683,1
0,0.6903101794300198,1
0,0.43774790125078683,1
0,0.3090329526543342,0
0,0.14077511231847756,0
0,0.5905165011688437,1
0,0.5057465019436442,1
0,0.3523866977214214,1
0,0.12469272390633494,0
0,0.09875054329422038,0
0,0.9518481536216372,1
0,0.12375870711156421,0
0,0.05731765101792391,0
0,0.20742028789730452,0
0,0.23296321597580483,0
0,0.31303037644544024,0
0,0.3074423060396757,0
0,0.6947103029232157,1
0,0.1263443457961137,0
0,0.1346330086986402,0
0,0.5677264654344744,1
0,0.07190966253502458,0
0,0.2565605096329885,0
0,0.11740404850519302,0
0,0.7064060095653523,1
0,0.15156618856381254,0
0,0.14259667877219212,0
0,0.37597328564356614,1
0,0.2491673652857691,0
0,0.5602998672485949,1
0,0.10385419926116933,0
0,0.2746191886563382,0
0,0.10867001548893378,0
0,0.11989058748605563,0
0,0.14590737638441822,0
0,0.1336159927883973,0
0,0.11149459880632996,0
0,0.11097701404167078,0
0,0.30343196338814904,0
0,0.5046431694561038,1
0,0.5990787633756999,1
0,0.2699702865993271,0
0,0.11263399020722792,0
0,0.05951094167910083,0
0,0.12411281530063635,0
0,0.2802753262789397,0
0,0.08292695545947708,0
0,0.14948980471552753,0
0,0.07851811730345275,0
0,0.14807927943969088,0
0,0.38107163477437483,1
0,0.27599349246901095,0
0,0.5739873950868298,1
0,0.07712864446754684,0
0,0.061531496468140066,0
0,0.3911306286874227,1
1,0.8635769730948315,1
0,0.1080881888340597,0
0,0.1299865982725332,0
0,0.0969399950361482,0
0,0.09347212687570278,0
0,0.13580062334663842,0
0,0.37079498096888164,1
0,0.07871287342899207,0
0,0.21147468482622395,0
0,0.1561979861480293,0
0,0.10082583622688565,0
0,0.20747733813875743,0
0,0.08203389835372578,0
1,0.13169992200099595,0
0,0.1800831020701471,0
0,0.10849342986672146,0
0,0.16502796751037535,0
0,0.1615528433528323,0
0,0.15744868693216305,0
0,0.49258520052195903,1
0,0.4615305739971358,1
0,0.13390591696711895,0
0,0.08723362095398625,0
0,0.3051848458312704,0
0,0.11086505512728943,0
0,0.10899244264706506,0
0,0.3078459545105127,0
0,0.10581153515038909,0
0,0.0605975474498865,0
0,0.3461596320486553,0
0,0.1955721451088227,0
0,0.11941984357701302,0
0,0.08270512455510193,0
0,0.25443599257037597,0
1,0.6238087719157621,1
0,0.3204702652988917,0
1,0.9635328836947038,1
0,0.4510007868213772,1
0,0.26773345669885573,0
0,0.07621773940279672,0
0,0.49115872345048006,1
0,0.18396114685473763,0
0,0.31947568905412543,0
0,0.37979360839460113,1
0,0.11855147995752419,0
0,0.1389520558012199,0
1,0.4207112442415657,1
1,0.6651410564948707,1
1,0.5175671922175085,1
0,0.24341100772997487,0
0,0.12838594973951675,0
1,0.7747706573989565,1
0,0.2991700340294116,0
0,0.08621186255320792,0
0,0.16400606516987926,0
0,0.30910585423791387,0
0,0.11784387009565324,0
0,0.8857972707561667,1
0,0.10998256215840432,0
1,0.10061804819803974,0
0,0.6917597940638902,1
0,0.39621645569283387,1
0,0.08829345742599762,0
0,0.10401475760932498,0
0,0.1036367305532337,0
0,0.40307364719089056,1
0,0.3252269983785221,0
0,0.10106359059171242,0
0,0.16247908239589606,0
0,0.11453011327345587,0
1,0.9241034168825619,1
0,0.6768600548184608,1
0,0.631766127691166,1
0,0.43002766554924726,1
0,0.10483515177000699,0
1,0.5253341948928192,1
0,0.10877197268960555,0
0,0.10657154521834805,0
0,0.314512778518587,0
0,0.5370357520166441,1
0,0.35700517410891713,1
0,0.15930849734441252,0
0,0.28989614265579194,0
0,0.09660468645076667,0
0,0.134551327394087,0
0,0.2708635512282008,0
0,0.07102982200369808,0
0,0.5805953169081588,1
0,0.0930097071533603,0
0,0.47784755547912067,1
0,0.10479212172267163,0
0,0.23733829801799952,0
0,0.1001731112021713,0
0,0.1123617342933482,0
0,0.17540957655070605,0
0,0.3205664542187176,0
0,0.45267071035678924,1
0,0.20442231075978567,0
0,0.9077149237104142,1
0,0.23979112172549294,0
0,0.3767725597395341,1
1,0.9288395816323506,1
0,0.22080282840958973,0
0,0.19859871807346585,0
0,0.10134582965376204,0
0,0.174709137345547,0
0,0.0828086573374913,0
0,0.4070351238843226,1
0,0.10036495594389437,0
0,0.2965790638339798,0
0,0.22491529074914898,0
0,0.2448557715556655,0
1,0.9123435232905035,1
0,0.09045858824548496,0
0,0.1301041114216025,0
0,0.24058026340017852,0
0,0.2995359917825477,0
0,0.7128094069591073,1
0,0.15123982058481703,0
0,0.31231931034041416,0
0,0.29762318431759666,0
0,0.14873586090732807,0
0,0.1686575219088747,0
0,0.5703799341147942,1
0,0.08566572191869583,0
0,0.0835872251605466,0
0,0.11527651359504414,0
0,0.09831592185980063,0
0,0.16081538024029582,0
0,0.09187531329888565,0
0,0.2934375638690423,0
1,0.40549464562507326,1
0,0.11540040386570448,0
0,0.26421365810951886,0
0,0.08213170150494284,0
0,0.34978704094165813,0
0,0.42646613964995256,1
0,0.24118633063187758,0
0,0.9552319567042455,1
0,0.9191134423403802,1
0,0.050978992865413,0
0,0.5614845343089253,1
1,0.8175223828705741,1
0,0.13965195156147103,0
0,0.9161554346715256,1
0,0.09856952691473413,0
1,0.7705141929478454,1
0,0.14800834246832467,0
0,0.15666233293442142,0
0,0.593157095471084,1
0,0.08386882431568317,0
0,0.9279758876497105,1
0,0.07796470179403596,0
0,0.31345062441449517,0
0,0.3289044078355046,0
0,0.057424325030153336,0
0,0.10397301267896925,0
1,0.8493957217864322,1
0,0.11852635403213166,0
0,0.29594641098745145,0
0,0.055462002326147355,0
0,0.27381014410083776,0
0,0.14942654351160628,0
0,0.10653687777000173,0
0,0.14403658104749123,0
0,0.2653944942932306,0
0,0.22520382785300172,0
0,0.2110426819011236,0
0,0.1640544955931685,0
0,0.5121141960497371,1
0,0.07586742858492272,0
0,0.14426133588229567,0
0,0.18173871417177548,0
0,0.14429822358985842,0
0,0.12289104354419554,0
0,0.8669974843031163,1
0,0.43004426437597215,1
1,0.9377424329713389,1
0,0.09489514869042016,0
1,0.5635910039540823,1
0,0.0960984152235742,0
0,0.5830800956185099,1
1,0.6777438793318477,1
0,0.13396080535737068,0
0,0.0910764511057899,0
1,0.2564562403789161,0
0,0.940153997903337,1
0,0.237299970272816,0
0,0.14378036829021423,0
0,0.10240297364840222,0
0,0.10934121435029885,0
0,0.2975849199157672,0
0,0.5634157159124137,1
0,0.2626473199187061,0
0,0.31735658744862844,0
0,0.5528464697249273,1
0,0.2104582885260361,0
0,0.08240460521302387,0
0,0.47270063481251545,1
0,0.11149271887031285,0
0,0.08202861466517813,0
0,0.8279533639634712,1
0,0.7405294329135875,1
0,0.27635585318340744,0
0,0.10409783624299447,0
0,0.16626032650361314,0
0,0.6299374678182823,1
0,0.12077704515781387,0
0,0.15738955185198208,0
0,0.5099191070980632,1
0,0.17651442402835052,0
0,0.0635178805423407,0
0,0.5288008291697887,1
0,0.10436473029462907,0
0,0.29333787400658556,0
0,0.5445751863773318,1
0,0.19292257826129763,0
0,0.22067478381304853,0
0,0.741511627605483,1
0,0.5204586735626965,1
0,0.5276258863835384,1
0,0.12597608480878153,0
0,0.20425180869635032,0
0,0.14983116644295774,0
0,0.1231156384997517,0
0,0.1657057473751176,0
0,0.20119542602534576,0
1,0.9255192289845572,1
0,0.17371840229056798,0
0,0.574983256243997,1
0,0.08623802682774664,0
0,0.6006901898276392,1
0,0.1829025925031958,0
0,0.5342347385067103,1
0,0.06687155056985626,0
0,0.23913449993415004,0
0,0.2173170278454146,0
0,0.10848003998344938,0
0,0.11784324080325234,0
0,0.11338076271062413,0
0,0.089239117120603,0
0,0.859526537750783,1
0,0.09963594400672347,0
0,0.23721101989730742,0
0,0.3339736217332937,0
1,0.6682308243471973,1
0,0.14965026048503427,0
0,0.13740793826534747,0
0,0.21904191424666639,0
0,0.20937467081672645,0
0,0.21479909289726795,0
0,0.13802432669541906,0
0,0.5624289556870636,1
0,0.1944788485283736,0
0,0.11207459627519159,0
0,0.6131892246469743,1
0,0.136331009403574,0
0,0.17700049080592137,0
0,0.10876482796445984,0
0,0.1460607878430019,0
1,0.9439621175397159,1
0,0.19656737052105008,0
0,0.7924021531572153,1
0,0.2537139635139194,0
0,0.6120658238952267,1
0,0.17696445163904936,0
0,0.3432142370244411,0
0,0.7249081798379757,1
0,0.08762336421503075,0
0,0.11294497676603871,0
0,0.09325963876447639,0
0,0.43401826627778245,1
0,0.5488394125353002,1
0,0.27677020958455517,0
1,0.5884959433860427,1
0,0.2057542235560536,0
0,0.08774123090128615,0
0,0.4976603770978964,1
0,0.4304805055353258,1
0,0.0994165286668111,0
0,0.10751701846435623,0
0,0.20713277996192964,0
0,0.11192514525028621,0
0,0.06875866852215343,0
0,0.6128531859530636,1
0,0.1248241426830282,0
0,0.5425146848229052,1
0,0.11595342161893513,0
0,0.7067645327544594,1
0,0.7538279302821755,1
0,0.118773330473243,0
0,0.3136788510935496,0
1,0.4720154226798235,1
0,0.15716643902548008,0
1,0.8700357167122942,1
0,0.7734732887933788,1
0,0.5468610259519283,1
0,0.11895189043032146,0
0,0.33201036014896207,0
0,0.5930013373199303,1
0,0.9351017252566362,1
0,0.13856891112294242,0
0,0.4817524953502696,1
0,0.09421062200655675,0
0,0.20302335861554316,0
0,0.12544676913477953,0
0,0.10512402907989009,0
0,0.06326221633150905,0
0,0.40534673450967756,1
0,0.5308141088848206,1
0,0.16597731523818357,0
0,0.463818290662337,1
0,0.630464993765995,1
0,0.5247714953084887,1
0,0.8245690976402825,1
0,0.9227518814411365,1
0,0.04763656652779739,0
0,0.14130638165312223,0
0,0.392534585654616,1
0,0.5510659813850195,1
0,0.1180098372495715,0
0,0.08516163309089457,0
0,0.8025068045432436,1
0,0.04997962604134429,0
0,0.09566225901824107,0
0,0.11113948885994468,0
0,0.1295458245995547,0
1,0.4055947269054713,1
0,0.09887391225344853,0
0,0.09832483335806673,0
0,0.12219557983605156,0
0,0.20709856903037074,0
0,0.314415181576899,0
0,0.53137685666094,1
1,0.8634799397043929,1
0,0.5755999864296863,1
0,0.12661462120473405,0
0,0.5473179148994741,1
0,0.4795315755643109,1
0,0.13995689679967305,0
0,0.1775006853960495,0
0,0.23391733731783618,0
0,0.0902579837010841,0
0,0.3135102294204011,0
0,0.5216349474831228,1
0,0.08026125547333703,0
0,0.3293417531250178,0
0,0.5408839014933466,1
1,0.9709546649641297,1
0,0.15156425192532552,0
0,0.8827148169575848,1
0,0.17804414218013942,0
0,0.7890331395867852,1
0,0.36463983462740274,1
0,0.10703464902461932,0
0,0.07930069939755982,0
0,0.11360372962638463,0
0,0.16693955733646354,0
0,0.11758844164942275,0
0,0.7338164018491323,1
0,0.14642660136266292,0
0,0.13909038972105592,0
0,0.2954838268837074,0
0,0.39012442577980927,1
0,0.2307611660221761,0
0,0.11209211969122383,0
0,0.23837504685197666,0
1,0.6913823395220271,1
0,0.11492400283342631,0
1,0.2678624061920205,0
0,0.1352977185529296,0
0,0.10432259412316415,0
0,0.3904984024087676,1
0,0.18172290292113338,0
1,0.7915244372920631,1
1,0.40681201883491286,1
0,0.24627626082869958,0
0,0.13978123851687368,0
0,0.16282664753711157,0
0,0.268273525574815,0
0,0.38974522957974617,1
0,0.13869259878161455,0
0,0.09695241703073601,0
0,0.7640822612093948,1
0,0.08241663131441244,0
0,0.29572364648533256,0
0,0.18367915011440894,0
0,0.2112450061333201,0
1,0.760855555446638,1
0,0.30148847891584474,0
0,0.33998792077556184,0
0,0.278558072801726,0
0,0.27279911743064533,0
0,0.10526878851193838,0
0,0.8627140760213734,1
0,0.12534365343658935,0
0,0.6844039270159188,1
1,0.9536084315337985,1
0,0.15676195949532173,0
0,0.07334982322649752,0
0,0.06957339393921555,0
0,0.16110125648686033,0
0,0.28121786596705767,0
0,0.15589712212573414,0
0,0.352185735941895,1
0,0.12390866281114635,0
1,0.952407895150296,1
0,0.8829790427259612,1
0,0.1110074966431271,0
0,0.5416718468141859,1
0,0.2687027276443905,0
0,0.16793107948002253,0
0,0.5786319357673215,1
0,0.1478412785837805,0
0,0.510883453325617,1
0,0.11186580106712007,0
0,0.07528528407426933,0
0,0.1274630541631764,0
0,0.16322229704251695,0
0,0.2640732846441333,0
0,0.13630712243049362,0
0,0.19802272549368943,0
0,0.31428449903791733,0
0,0.11318766946121492,0
0,0.1015533650928373,0
0,0.12588821249613896,0
0,0.2082053505680492,0
0,0.08269479319984356,0
0,0.3496189247603601,0
1,0.8162968871048023,1
0,0.13912744660008328,0
0,0.646193329411747,1
0,0.5914140674760094,1
0,0.08061978760077794,0
0,0.15027638172121766,0
0,0.47649529701978366,1
0,0.12156251322154889,0
0,0.3985237610969571,1
0,0.09812157058775568,0
0,0.10564901154600749,0
0,0.7963664300711137,1
0,0.18545834040419956,0
1,0.6194557290615434,1
0,0.3076631683088993,0
0,0.08472061986779768,0
0,0.17203297756649594,0
0,0.24609814726323626,0
1,0.9467332190768712,1
0,0.06003550829660271,0
0,0.2974866902606822,0
0,0.6169676269936261,1
0,0.8457614764586245,1
1,0.8463133908395017,1
0,0.11121209308466883,0
0,0.3130557328409727,0
0,0.08224380883503292,0
0,0.09909448299688982,0
1,0.7115954475701496,1
0,0.32380946137868627,0
0,0.6777990953996407,1
0,0.41145543724848527,1
0,0.1051688755274906,0
0,0.566430257913275,1
0,0.06855721730671452,0
0,0.530268905193665,1
0,0.11992958338680836,0
0,0.0958913049262202,0
0,0.1782248431967536,0
0,0.27852379685906054,0
0,0.11202499429470775,0
0,0.3273627245514317,0
0,0.40688719549135066,1
0,0.0981066801052163,0
0,0.10277780192278693,0
0,0.051554149293438156,0
1,0.15433640834267157,0
0,0.15161809352383918,0
0,0.16883079656488406,0
0,0.11025841709713653,0
0,0.2989562340856677,0
0,0.5041631651095759,1
0,0.1871692962136056,0
1,0.5518329697811327,1
0,0.33771883638584294,0
0,0.1046415634384695,0
0,0.2700207205351778,0
0,0.6148734646274786,1
0,0.35350982781054663,1
0,0.10524469454122146,0
0,0.14425581355443923,0
0,0.0974414616666469,0
0,0.09976880848423177,0
0,0.5555409958401176,1
0,0.1997288138141993,0
0,0.2394706449090124,0
0,0.13643259376591474,0
0,0.3462967648540506,0
0,0.340720969932275,0
1,0.8332754013450503,1
0,0.08702306136324191,0
0,0.09787114379202576,0
0,0.15872317348271128,0
0,0.30145316622767676,0
0,0.5670181195093068,1
0,0.9187314156907691,1
0,0.15792466083967419,0
0,0.16334692809943838,0
0,0.3329957621390898,0
0,0.1228397748372529,0
0,0.1687149491370633,0
0,0.7000008207376688,1
0,0.7305391031439114,1
0,0.43001138384889553,1
0,0.1366340498932624,0
0,0.13300844996649666,0
0,0.19111852474629604,0
0,0.2018739598237117,0
0,0.4543895572181435,1
0,0.2044550321962082,0
0,0.24704173218136097,0
0,0.291471507631826,0
0,0.25785611265780617,0
0,0.12240137933105051,0
0,0.07664445904360648,0
0,0.10224295504212395,0
0,0.9297686094832597,1
0,0.4552195519309593,1
0,0.1745690328780093,0
0,0.12154190942781419,0
0,0.1762357092792207,0
0,0.16278962130041144,0
0,0.09891172063104911,0
0,0.11890153975738985,0
0,0.1717640018207929,0
0,0.4383542295773945,1
0,0.17996467939508906,0
0,0.4250745904051742,1
0,0.14565471204010316,0
0,0.5397607192743923,1
0,0.5057161243970962,1
0,0.3911526145199862,1
0,0.1150379178430923,0
0,0.25529802055705453,0
0,0.4371769506446474,1
0,0.5211655316758236,1
0,0.6323889445632175,1
1,0.934158671771186,1
0,0.08557246961142488,0
0,0.11741063865838285,0
0,0.3766814640533737,1
0,0.1811347567202168,0
0,0.10397146898820363,0
0,0.4352809016832553,1
0,0.9566698332318706,1
0,0.17331751122205807,0
0,0.3040234293411446,0
0,0.8812778859032293,1
0,0.2460024441615219,0
0,0.28874452833413067,0
0,0.4550750086157689,1
0,0.16198891351962966,0
0,0.32820756256711964,0
0,0.5584650712214301,1
0,0.24407292291262428,0
0,0.06483150617339105,0
0,0.08104635605751745,0
0,0.06338613082261571,0
0,0.5846697872657584,1
0,0.5856298116660658,1
0,0.16773684678964595,0
0,0.5046972884491205,1
0,0.3586942638901023,1
0,0.13895482546105603,0
0,0.23983784499655683,0
0,0.17114933588520395,0
0,0.39778478579051363,1
1,0.8086984789249319,1
0,0.1388001261162376,0
0,0.08669003133351609,0
0,0.3127856647037715,0
0,0.35229394249465845,1
0,0.11896830175186492,0
0,0.12054106765319761,0
0,0.1738875902051191,0
0,0.181887334098943,0
0,0.11885019504495684,0
0,0.19159303393187208,0
1,0.9403372543403937,1
0,0.22284667602822789,0
0,0.0743089985247803,0
0,0.08232428456466705,0
0,0.3280249260314947,0
0,0.09380147622417205,0
0,0.47708690884649146,1
0,0.1515242951973422,0
0,0.5476185075533713,1
1,0.5464000666710181,1
0,0.2151048265932778,0
0,0.21565687165900452,0
1,0.13332734078792596,0
0,0.1578464426495508,0
0,0.28870680924546904,0
0,0.19377024550525887,0
0,0.32591190380896357,0
0,0.1319537097897018,0
0,0.12098606886729475,0
0,0.10211046142130564,0
0,0.23749396832501185,0
0,0.07914601859264044,0
0,0.11622009375901972,0
1,0.865588836604735,1
0,0.08365425967470154,0
0,0.25211144630269305,0
0,0.07650720395012245,0
0,0.104093874936496,0
0,0.34175426848121226,0
0,0.44558512094157804,1
0,0.15090937064993404,0
0,0.32855757941070646,0
0,0.12693750214859506,0
0,0.0978469339525981,0
0,0.07548511921562114,0
0,0.9137966797912799,1
0,0.4245893522733611,1
0,0.08757802970288184,0
0,0.6435628372004679,1
0,0.1318454505462679,0
0,0.0819354746575629,0
0,0.0827639718215744,0
0,0.10201048508186569,0
0,0.10999782416833123,0
0,0.16998418545247349,0
0,0.11856669439745295,0
0,0.09599333609950632,0
0,0.3198826820987477,0
0,0.3286837571140378,0
0,0.23489698223551012,0
0,0.4112574776383618,1
0,0.34847856306499864,0
0,0.2577139677034234,0
0,0.10309226928525542,0
0,0.840700502448845,1
0,0.13062019955012996,0
0,0.23873547637467477,0
0,0.12888947060702674,0
1,0.7933425842416247,1
0,0.9455405653448871,1
0,0.6486718688428973,1
0,0.19259123360557465,0
0,0.6323780233642103,1
0,0.08330528238536714,0
0,0.08183864434108964,0
0,0.41511707589180247,1
0,0.696590502660649,1
0,0.16634990780837416,0
0,0.7651354378874466,1
0,0.4036705348105641,1
0,0.09624497802134921,0
0,0.41793437295893504,1
0,0.30890223283082857,0
0,0.17106326840171987,0
0,0.3263283009234676,0
0,0.16420769143498673,0
0,0.09365467271986654,0
0,0.4143844961109038,1
0,0.34101808365779057,0
0,0.5914650772704552,1
0,0.06763319871802519,0
0,0.1606014689042022,0
0,0.19476156101422448,0
1,0.942451441278867,1
0,0.14816797089625852,0
0,0.3462337662241403,0
0,0.5782981101486632,1
0,0.2699966784358356,0
0,0.275570521914996,0
0,0.16343407727779702,0
0,0.09881614465976556,0
0,0.47036295001946454,1
0,0.11277914475572687,0
0,0.8093590946619019,1
0,0.14864751985058786,0
0,0.5728742508708538,1
0,0.23777487346842904,0
0,0.5847639344698848,1
0,0.4694717992395263,1
0,0.42725034079995633,1
0,0.13166119743945165,0
0,0.1080233804903161,0
1,0.7776851190180053,1
0,0.40020259985762446,1
0,0.1329814219043998,0
1,0.8316966515527435,1
0,0.0798638760144974,0
0,0.12275164365613954,0
0,0.47236804728696463,1
0,0.2774686728294925,0
0,0.35772273464228094,1
0,0.3239216703197735,0
0,0.07801583978474043,0
0,0.07294971854096143,0
0,0.3836582672936204,1
0,0.8639101802156331,1
0,0.26279604917824173,0
0,0.9164998040049968,1
0,0.39327449142576815,1
1,0.8545092455320885,1
0,0.12105784464370178,0
0,0.14575651683343538,0
0,0.13901412039028402,0
0,0.1003180165256864,0
1,0.6046928841562891,1
0,0.08954230880534382,0
0,0.40183779422651206,1
0,0.16498145717195636,0
0,0.17731417717255318,0
0,0.3588899629854642,1
0,0.1121615360747996,0
0,0.3556788807714208,1
0,0.2436407802246536,0
0,0.14087371466259554,0
0,0.19338870532000085,0
0,0.5881429993123855,1
0,0.5222494953318092,1
0,0.5857057918828158,1
0,0.08834336984282683,0
0,0.17774702274897836,0
0,0.37150388715331945,1
0,0.36250461880100315,1
0,0.09318789977990359,0
0,0.48920619140219124,1
0,0.15946883166333856,0
0,0.8020666912446939,1
0,0.11747410261958133,0
1,0.4406476145995802,1
0,0.3116227905304231,0
0,0.18372483901597153,0
0,0.5158498581479987,1
0,0.21729973013394158,0
0,0.8367640121295304,1
0,0.1392490438292062,0
0,0.20288333133260464,0
0,0.06994451454804748,0
0,0.18897821438410464,0
0,0.04797807313112723,0
0,0.21536961673592223,0
0,0.09273313108711408,0
0,0.06178132379650189,0
0,0.1776683745044498,0
0,0.5155595698948177,1
0,0.05848383159136931,0
0,0.13009576562622893,0
0,0.6671172229353693,1
0,0.38724980069571074,1
0,0.2426720609919962,0
0,0.24535131058738238,0
0,0.06609302379037069,0
0,0.32365752837731854,0
0,0.16273792411189872,0
0,0.12424708016563057,0
0,0.055783099960976454,0
0,0.14990713233797034,0
0,0.3478474606789294,0
0,0.12087287419148003,0
0,0.25778577526394647,0
0,0.17504408095784368,0
0,0.15121956265648975,0
0,0.12222404149586559,0
0,0.09824999438803933,0
0,0.27346788190005034,0
0,0.0911080426878684,0
0,0.4354172486543569,1
0,0.32731238365633436,0
0,0.06033937305181584,0
0,0.1444181163049388,0
0,0.1574983781969841,0
1,0.7755850601056714,1
0,0.3429833803447947,0
0,0.30939297864336607,0
0,0.5142265062800647,1
0,0.19900949000847637,0
0,0.18145289524698163,0
0,0.8100089372964945,1
0,0.10922506188912853,0
0,0.46963483362218444,1
0,0.38267141101729096,1
0,0.08174611433692937,0
0,0.528834159471206,1
0,0.15602965066502775,0
0,0.07788253002094166,0
0,0.17538827529814316,0
0,0.42445202423982753,1
0,0.19820059149778452,0
0,0.13129778113839252,0
0,0.1312630836987412,0
0,0.1263218155966546,0
0,0.27426878212589795,0
0,0.5829383032267657,1
0,0.10096632247005995,0
0,0.6012091421484248,1
0,0.059267530972567845,0
0,0.17598488911997567,0
0,0.2751043333054451,0
1,0.9179383209686891,1
0,0.08001939308928688,0
0,0.1862803210581936,0
0,0.09237135422122407,0
0,0.10774769593127428,0
0,0.5128357604762894,1
0,0.34592825912587877,0
0,0.10954444647638868,0
0,0.1498938705440105,0
0,0.5768929078795477,1
0,0.13069683047121097,0
0,0.09540841041388044,0
0,0.6614560915008446,1
0,0.4580384028493408,1
0,0.6723794329608634,1
0,0.171605482019913,0
0,0.4661279060872134,1
0,0.19589107986113755,0
0,0.15650805378429214,0
0,0.1005046903595225,0
0,0.11603076413240368,0
1,0.23992679900079367,0
1,0.8494625287969337,1
0,0.12440766700129928,0
0,0.26188554315568147,0
0,0.12946866928361636,0
0,0.5813355981865167,1
0,0.16638105711547913,0
0,0.08960673694834705,0
0,0.5559452908721089,1
0,0.41075225277312755,1
0,0.37027945368172466,1
0,0.3706233724520694,1
0,0.11358548224174063,0
0,0.10934249928708425,0
0,0.1480041855184633,0
1,0.3967457495012081,1
0,0.1014593291787799,0
0,0.1361094704630143,0
0,0.5969682075615114,1
0,0.09700685273629002,0
0,0.1318148005944208,0
0,0.6772270882315734,1
0,0.9052460108928247,1
0,0.21333185468375995,0
0,0.13799248789440996,0
0,0.8846990234054073,1
0,0.0993237860453261,0
0,0.360626085653161,1
0,0.18152181403254264,0
0,0.07357703729811191,0
0,0.10229763521968947,0
0,0.5432969001501742,1
1,0.4495876876536542,1
0,0.09135484666435781,0
0,0.2849824348093923,0
0,0.12162171852828803,0
0,0.5888528495386651,1
0,0.17936805788040444,0
0,0.2860696708732774,0
0,0.1312831185106152,0
0,0.3767503374273008,1
0,0.7644720268984875,1
0,0.39185185226667874,1
0,0.5315936695965553,1
0,0.5097931798507003,1
0,0.10959096473875171,0
0,0.3927877824596972,1
0,0.10288891831828662,0
0,0.1412512826993711,0
0,0.6515772620572098,1
0,0.12121266678561587,0
0,0.7691227661069965,1
0,0.13478866062505782,0
0,0.14912914364893393,0
0,0.27536678260310404,0
0,0.1264763171802649,0
0,0.11785038024162046,0
0,0.5901848613588591,1
0,0.12851711959185072,0
0,0.9107290538474541,1
0,0.20240189797618,0
0,0.5862605746928499,1
0,0.13754100041639233,0
0,0.08701662540795835,0
1,0.25291974383427596,0
0,0.14627687397161723,0
0,0.4756323387268142,1
0,0.20278636358396449,0
0,0.5335879066285694,1
0,0.08942493241286159,0
0,0.7027807237542347,1
0,0.11598413264437026,0
0,0.38804786544715647,1
0,0.14792202951908068,0
0,0.7386339004486341,1
0,0.09842605442251691,0
0,0.32095082892795873,0
0,0.46378406742616257,1
0,0.0843596097367442,0
0,0.9279427776842759,1
0,0.2883625372904669,0
0,0.2848616261480271,0
0,0.11637181540939608,0
0,0.10992438978310076,0
0,0.4044433217273104,1
0,0.19295979209065622,0
0,0.11501946848910156,0
0,0.34304016305163354,0
0,0.4226893473828608,1
0,0.5507261440787324,1
0,0.5298004729648023,1
0,0.3460511928220674,0
0,0.10178305390737664,0
0,0.25997726249076675,0
0,0.21867240349395048,0
0,0.11420692392126576,0
0,0.3704400769562954,1
0,0.6769839424154983,1
0,0.8863795694786671,1
0,0.18133364144797656,0
0,0.5475891592143486,1
0,0.45598840924738016,1
1,0.5843069812528684,1
0,0.32647335177315295,0
0,0.1369273394764309,0
1,0.8311087218521201,1
0,0.23033704939946215,0
0,0.4786781146943663,1
0,0.4199078785557899,1
0,0.10345230485658007,0
0,0.8619537909609829,1
0,0.07321056477910118,0
0,0.16925760625245442,0
0,0.14952670078867714,0
0,0.40543060960922633,1
0,0.07615436458915713,0
1,0.575296010204394,1
0,0.12037238971457183,0
0,0.3514673306988857,1
0,0.22849431654244648,0
0,0.6223987280820903,1
0,0.24544844012283382,0
0,0.2726016929246706,0
0,0.09645725660164013,0
0,0.2824424224637946,0
0,0.09664518749262911,0
0,0.5390749708821866,1
0,0.17404449276181147,0
0,0.23565263721070417,0
0,0.26314374726644085,0
0,0.08431126795212453,0
0,0.1059041033936528,0
0,0.5879619856859476,1
1,0.9437688090919435,1
0,0.5278115008518699,1
0,0.07720243645019109,0
0,0.8614165725207158,1
0,0.0728467826874212,0
0,0.9174127651064669,1
0,0.1554168519417959,0
0,0.10405286222954736,0
0,0.16583643155544084,0
0,0.15956878347777567,0
0,0.14519212895911474,0
0,0.12209290390340624,0
0,0.6218693019200142,1
0,0.3112484197775614,0
0,0.1345187324372703,0
0,0.1315019918828204,0
0,0.08278015918019468,0
0,0.3718201987364546,1
0,0.09085516293163541,0
0,0.11316508294732297,0
0,0.11648154804391005,0
0,0.5754099496036849,1
0,0.6011823929332925,1
0,0.1024484499270465,0
0,0.5430686467280966,1
0,0.5793055425034328,1
0,0.4000894892787289,1
0,0.8229299405765034,1
0,0.16706025287714654,0
0,0.40695774114855016,1
0,0.3693048404100291,1
0,0.2458310759500382,0
0,0.0882516388681089,0
0,0.13574808920490303,0
0,0.16304256052634922,0
1,0.14519037936748186,0
0,0.31297429115720093,0
0,0.7841440755956751,1
0,0.08743592752815611,0
0,0.12503699731265652,0
0,0.10779581955050226,0
0,0.31064051086911654,0
0,0.8809967368140239,1
0,0.7159225318265326,1
0,0.16340092922000593,0
0,0.13714969224440351,0
0,0.12822032515932105,0
0,0.31506088598933435,0
0,0.2247663754461559,0
0,0.11321916999187813,0
0,0.09798509395397476,0
0,0.06699554944289042,0
0,0.5467824297611801,1
0,0.204514103173412,0
0,0.20260130258203207,0
0,0.20685235424176493,0
0,0.1916997272125607,0
0,0.07144050635087279,0
0,0.34226105232523035,0
0,0.777604832030222,1
0,0.6915209298328007,1
0,0.4443951079052741,1
0,0.19246754463884025,0
0,0.1542651867208398,0
0,0.6712436988620435,1
0,0.17495907961034354,0
0,0.8261680883852478,1
1,0.9619553216734162,1
0,0.5022810047471974,1
0,0.06833200939844276,0
0,0.11862277184624112,0
0,0.12137060280827226,0
0,0.11917171731196244,0
0,0.14807176164985625,0
1,0.4577880136180617,1
0,0.13435758273169113,0
0,0.17229709622529582,0
0,0.42243545728206944,1
1,0.6632016865386646,1
0,0.08380382499573545,0
0,0.4931904804657477,1
0,0.05723535098868027,0
0,0.18630182417130264,0
0,0.06792127493121143,0
0,0.2682950595747122,0
0,0.20507207573090522,0
0,0.18386725519016728,0
0,0.23428990068655017,0
0,0.12065213731577579,0
0,0.16693971426908588,0
0,0.33252081063243416,0
0,0.08713613038075364,0
0,0.1444429050642685,0
0,0.19705953709714744,0
0,0.22350358893254835,0
0,0.8301869755742806,1
0,0.09436812587614685,0
0,0.1062988913303775,0
0,0.09464936372693494,0
0,0.4715965384640702,1
1,0.893490489284316,1
0,0.07242565451390305,0
0,0.15960140856947416,0
0,0.3467244685417179,0
0,0.10534989080000479,0
0,0.3903724044297102,1
0,0.06898836948726429,0
0,0.1377312930608487,0
0,0.40342213608439376,1
0,0.12918562078406745,0
0,0.5309571970702484,1
0,0.3177776423737644,0
0,0.07167329202139541,0
0,0.09154424936620945,0
0,0.15137834111935972,0
0,0.16341363673334494,0
0,0.1848130868916514,0
0,0.2573185212079456,0
0,0.21433824767008544,0
1,0.8418272359179969,1
0,0.27106407792703907,0
0,0.5728640680423817,1
0,0.8415151165907286,1
0,0.19704630787559183,0
0,0.10913285371211877,0
0,0.4284169998482516,1
0,0.05289033922029085,0
1,0.1577893535167668,0
0,0.2243639873359118,0
1,0.899289512318376,1
0,0.12386738283355928,0
0,0.09551330697219895,0
0,0.07961621963035864,0
1,0.8437945930369473,1
0,0.4228526592993126,1
0,0.21120716419582497,0
0,0.1548516494799068,0
0,0.12350869101961351,0
0,0.2083441105996032,0
0,0.9041820093819581,1
0,0.0835723671203227,0
0,0.1273097582936735,0
0,0.10590727951557112,0
0,0.08880315939189959,0
0,0.10802205224338932,0
0,0.18056368961785346,0
0,0.3527263398214968,1
0,0.18763924676498447,0
0,0.3811410979357145,1
0,0.07708879625608708,0
0,0.07323889367750262,0
0,0.07347265014490482,0
0,0.3397300177268232,0
0,0.10336752044265275,0
0,0.07500413878504464,0
0,0.10594033599789197,0
0,0.8341205720071785,1
0,0.4628531300567065,1
0,0.13391154747182651,0
0,0.3756245151382252,1
0,0.10561687698519161,0
0,0.12226045126754743,0
0,0.2614654495205671,0
0,0.7001947788556461,1
0,0.1372972573417609,0
0,0.38952177517867476,1
0,0.34049699279504436,0
0,0.09881437382770923,0
0,0.10351425922781896,0
0,0.08622996209421385,0
0,0.2858426058749176,0
0,0.2665677795575778,0
0,0.8449718591518799,1
0,0.10900879588975113,0
0,0.16341342053584929,0
0,0.6955991792905436,1
0,0.06807110908239387,0
1,0.956689424772178,1
0,0.7375600406386742,1
0,0.16630196308013578,0
0,0.18286531824469576,0
0,0.1870304385143179,0
0,0.17781780466267375,0
0,0.16787192578425278,0
0,0.12175690975799353,0
0,0.35997996666093846,1
0,0.0852992213715679,0
0,0.07642275703165614,0
0,0.2429547364858219,0
0,0.3342362471483576,0
0,0.20518248709950726,0
0,0.1669465988578767,0
0,0.2300344939377635,0
0,0.08151406332568013,0
0,0.09412358807475174,0
0,0.9333299490366648,1
0,0.21503607367367933,0
0,0.6056448942179332,1
0,0.2217845363379256,0
0,0.5411855776583349,1
0,0.30857774212275974,0
0,0.8051878397681131,1
0,0.19794727406995638,0
0,0.3378081455394941,0
0,0.936138000061855,1
0,0.250066316460809,0
0,0.17838884263279325,0
0,0.7558253234609043,1
0,0.07530049403352083,0
1,0.5602450097879434,1
0,0.13488482311324929,0
0,0.1631091796677221,0
0,0.26528547904366934,0
0,0.11512864144492288,0
0,0.15709886161968675,0
0,0.17773388662597406,0
0,0.0852696686604108,0
0,0.2205804466993887,0
0,0.5674629164505964,1
0,0.841974272007214,1
0,0.10805206570200743,0
0,0.09547168026720228,0
0,0.16057992577080474,0
0,0.08860330258231931,0
0,0.130447056961057,0
0,0.3059074311408208,0
0,0.3062348085000345,0
0,0.14674339680520232,0
0,0.7417509695185149,1
0,0.19761418293444233,0
0,0.13965263681529513,0
0,0.1140113985434459,0
0,0.12640324330511055,0
0,0.6148873032981926,1
0,0.1687131345950653,0
0,0.32475247530241896,0
0,0.6627074778442763,1
0,0.3383184591335333,0
0,0.24732685430199547,0
0,0.11402619834259696,0
0,0.8587469692368694,1
0,0.08338639845149905,0
0,0.08445571531572285,0
0,0.0707084713751824,0
0,0.17624631711096053,0
1,0.9113523256634357,1
0,0.3479634108502847,0
0,0.08752629189104728,0
0,0.14242079141739653,0
0,0.12615682901513184,0
0,0.10218085908353099,0
0,0.5002575798568472,1
0,0.06187546187551804,0
0,0.32304852637803216,0
0,0.5577325115709151,1
0,0.1467910188832508,0
0,0.2453975050328214,0
1,0.3620656371464622,1
0,0.14753862431180195,0
0,0.2485479668932432,0
0,0.07321374530007782,0
0,0.14730170823478644,0
0,0.5619030605582794,1
0,0.2569312182186364,0
0,0.5219953103515401,1
0,0.1602335007219729,0
0,0.17292237673467048,0
0,0.18387773165897583,0
0,0.14159347734835545,0
0,0.11384866114591025,0
0,0.5910760699598878,1
0,0.23094939119433705,0
0,0.1302807538154879,0
0,0.17701205707229145,0
0,0.3125846258973196,0
0,0.5228636400167029,1
0,0.17591491063396394,0
0,0.188395249082414,0
0,0.291043311168624,0
0,0.23653716717706685,0
0,0.2905265875987253,0
0,0.12474925293723027,0
0,0.12927826903456432,0
0,0.09935805950703536,0
0,0.09648006545580094,0
0,0.5049925808421278,1
0,0.08770014794628939,0
0,0.10350586124076315,0
0,0.2615068797127184,0
0,0.3261786854112676,0
0,0.21103886550260473,0
0,0.354958010825251,1
0,0.4258577944722602,1
0,0.13480755087736843,0
0,0.13203927865158635,0
0,0.46637925211737025,1
0,0.40233030774317735,1
0,0.4820079764035068,1
0,0.1612682840034468,0
0,0.9473548321315012,1
0,0.1147846045859026,0
0,0.14256522328544952,0
1,0.16145541148464304,0
1,0.5287987367020728,1
0,0.6221047325093885,1
0,0.1509701417717881,0
0,0.21223433811074366,0
0,0.1553459943338845,0
1,0.27552670069408,0
0,0.2781711796104171,0
0,0.19409747275909975,0
1,0.8979825611581367,1
0,0.09971535444597533,0
0,0.19400786991055374,0
0,0.17172850671100198,0
0,0.11282408125903667,0
0,0.1590601891512602,0
0,0.09155413656071172,0
0,0.12441708847552196,0
0,0.1261069746534165,0
0,0.7647025096332599,1
0,0.416058394652933,1
0,0.5625935342666303,1
0,0.10103465337065137,0
0,0.170425522314951,0
0,0.14247840392426322,0
0,0.24188237572276416,0
0,0.40889606864091604,1
0,0.19064955484038756,0
0,0.06645780952188353,0
0,0.17873926922519598,0
0,0.20496620476559765,0
0,0.16019021762727215,0
0,0.1428043598953375,0
0,0.3589163766339758,1
0,0.24335355121076505,0
0,0.11359312973557979,0
0,0.11248471494380785,0
0,0.07375321827590503,0
0,0.3500606151674711,1
0,0.3506325994973295,1
0,0.4203985879408874,1
0,0.587175927983493,1
0,0.21283872658657574,0
0,0.06925085069906536,0
0,0.6371019063513548,1
0,0.3827292759834838,1
0,0.23482918079301698,0
0,0.8043809441613251,1
0,0.15207750962753655,0
0,0.9200348400926303,1
1,0.5960853723485979,1
0,0.1021156924169567,0
0,0.09638017602631338,0
0,0.08654536970059303,0
0,0.1709539219842244,0
0,0.22512210200409616,0
0,0.4579317558464599,1
0,0.41296529509578794,1
0,0.2644331773332921,0
0,0.1259126916079615,0
0,0.5811873227542568,1
0,0.10881390148222231,0
0,0.1934819227610917,0
0,0.16967439006723958,0
0,0.8549736860730367,1
0,0.47856015318837924,1
0,0.5392159961536673,1
0,0.298210061716138,0
0,0.5580902923064732,1
0,0.5364148866736804,1
0,0.13316184931650238,0
0,0.1546138969515758,0
0,0.2206142127977526,0
0,0.5583853911591529,1
0,0.3796779355115327,1
0,0.09874826455339937,0
0,0.19707765599791885,0
0,0.10917492864976869,0
0,0.08848640122610532,0
0,0.13634668789837953,0
0,0.1180791211498514,0
0,0.07012253904187213,0
0,0.17898837607165108,0
0,0.054039562591081204,0
0,0.18584591202066958,0
0,0.26240903400357807,0
0,0.08688915646953546,0
0,0.16744023007706782,0
0,0.7427459743473671,1
0,0.15345735188412624,0
0,0.28949912219420904,0
0,0.5480062828048325,1
0,0.20605256145730236,0
0,0.11250724629732067,0
0,0.06815183176410673,0
0,0.22299626537764444,0
0,0.07225951287007358,0
0,0.26986178034344016,0
0,0.21728804288189893,0
0,0.08611984992340198,0
0,0.7231291192787404,1
1,0.9327607276322946,1
0,0.5227718031655387,1
1,0.397484060482678,1
0,0.26846266846568556,0
0,0.09111893546504862,0
0,0.29152733665814673,0
0,0.23820965930132634,0
0,0.5340482387957547,1
0,0.13877319485468734,0
0,0.25877451371706545,0
0,0.31715217712297683,0
0,0.19683612397100445,0
0,0.16002919042552197,0
0,0.24757190509386662,0
0,0.13815070957083228,0
0,0.21796668890376533,0
0,0.29066970333163517,0
1,0.8329631848079098,1
0,0.18779298405560152,0
0,0.16721510576560072,0
0,0.0903337163215968,0
0,0.3566644701765588,1
0,0.6309679203571537,1
0,0.2919736529370593,0
0,0.28863063409243656,0
0,0.8705113165542147,1
0,0.07866564007218244,0
0,0.1325236281238653,0
0,0.12900128593880755,0
0,0.15999406707676045,0
0,0.17048525139406423,0
0,0.5822449191544624,1
1,0.12277991595821677,0
0,0.14233926430830524,0
0,0.3032238380950078,0
0,0.07753086989304571,0
0,0.3033677934911838,0
1,0.9515457288447726,1
0,0.0950871117659245,0
0,0.7863860858139526,1
0,0.21196687927522187,0
0,0.3517324754082417,1
0,0.10031181276367357,0
0,0.15706345483834133,0
0,0.5033159801344925,1
0,0.12428636093744141,0
0,0.5316766143258629,1
0,0.39690574139697743,1
0,0.7254298060011639,1
0,0.3611239517728446,1
0,0.776718221759323,1
0,0.171910042136549,0
0,0.1580474031771299,0
0,0.19602358586951193,0
0,0.10972223249875675,0
0,0.10216715079646158,0
0,0.5464772145829122,1
0,0.5614899968602902,1
0,0.36762448142264326,1
0,0.08327739844866561,0
0,0.09420437717547435,0
0,0.13646535468678858,0
0,0.13461318859884566,0
0,0.09451454192530712,0
0,0.1327369933982704,0
0,0.1323705320654037,0
0,0.3847939442860059,1
0,0.1432612383916259,0
0,0.3200761752038982,0
0,0.07266252743148022,0
0,0.08521870946180288,0
0,0.10885703065141333,0
0,0.08795442360904342,0
0,0.13547948068395443,0
0,0.16586809673062908,0
0,0.14984784044484636,0
0,0.08346952642801798,0
0,0.28082112023764255,0
0,0.2466304079264402,0
0,0.11810404936330961,0
0,0.22942750859123748,0
0,0.3452293406447679,0
0,0.0901787451002622,0
0,0.08924981363956655,0
0,0.20648675059065713,0
0,0.181574539343789,0
0,0.17104134004935267,0
0,0.40783657278414664,1
1,0.8141686884488748,1
0,0.3199829684916461,0
1,0.8283066458977091,1
0,0.14689134981948201,0
0,0.11887901883748463,0
0,0.555724479589332,1
0,0.2252318710962645,0
0,0.3019418797463921,0
0,0.05798209065215055,0
0,0.3931304493472643,1
0,0.05919459632236142,0
0,0.5257649627148953,1
0,0.5456114245382241,1
1,0.6744302324374406,1
0,0.05867560963898646,0
0,0.6056615785551529,1
0,0.12207688776579746,0
0,0.35121772368604315,1
0,0.11128825581257316,0
0,0.3178760218162313,0
1,0.5519035687353943,1
0,0.18558811868599423,0
0,0.47214884661462897,1
0,0.24911347726483768,0
0,0.12000392105742416,0
0,0.528530755745754,1
0,0.4081271152812784,1
0,0.45950425831490094,1
1,0.9192049385549818,1
0,0.13257917296891789,0
0,0.15800803465377927,0
1,0.8366144312908207,1
0,0.3456238358649256,0
0,0.18637541444099825,0
0,0.752316484893176,1
0,0.13713469269303943,0
0,0.0840203288006267,0
0,0.19022179782861134,0
0,0.14732921578263825,0
0,0.07974267319646851,0
0,0.21488412793778158,0
0,0.11649898687458517,0
0,0.22151208047730453,0
0,0.11898441254498371,0
0,0.10436202776333194,0
0,0.43846800472420777,1
0,0.21825566110723016,0
1,0.8541233840450241,1
0,0.23083545290014712,0
0,0.8157661533419599,1
1,0.7099549379680474,1
0,0.8551938763395456,1
0,0.08172382278419345,0
0,0.09936079598314294,0
0,0.731497965831035,1
0,0.2624043882968812,0
0,0.20247094511174016,0
0,0.14462774610616705,0
0,0.07686949543344405,0
0,0.2433471422762808,0
0,0.0895657313363269,0
0,0.32479505413429516,0
0,0.17413248066585377,0
0,0.10680598128400189,0
0,0.13015753464961244,0
0,0.544881039574814,1
0,0.1269083372837606,0
1,0.945125294882395,1
0,0.11997149715686538,0
0,0.146869163455128,0
0,0.291259109546386,0
0,0.5837931732277223,1
0,0.4698310436484445,1
0,0.36507551476576533,1
0,0.11170081755913495,0
0,0.9123763946643852,1
0,0.11565458343293479,0
0,0.5326479093515541,1
0,0.12604752415587608,0
1,0.8615687946179482,1
0,0.20365688498386822,0
0,0.36453470820854067,1
0,0.3930032185083182,1
0,0.5470841631758341,1
0,0.24214175525103707,0
0,0.06312477325867742,0
0,0.6064984680741442,1
0,0.13276912755213177,0
1,0.9031847142488294,1
0,0.08085867840640393,0
0,0.9386257481616564,1
0,0.06908520542863901,0
0,0.21244843478671704,0
0,0.771646880931034,1
0,0.0779991380213801,0
0,0.45129990622275934,1
0,0.1831461913417872,0
0,0.17164810973132336,0
0,0.14962887203121955,0
0,0.12472090617385874,0
0,0.4084233747026295,1
0,0.8545534673766997,1
0,0.3515300973006637,1
0,0.07659702174098278,0
0,0.08641619433723614,0
1,0.31122093154549585,0
0,0.16237574032606966,0
0,0.11697796940761122,0
0,0.22289181037833913,0
0,0.10999490677786869,0
0,0.3997665040161307,1
0,0.14342734387946868,0
0,0.09354118075308036,0
0,0.14074981400393802,0
0,0.14302885570271945,0
0,0.11462711999716907,0
0,0.9136977342899689,1
0,0.8220303722677521,1
0,0.12209128598663689,0
0,0.1982677080247636,0
0,0.2097592920570197,0
0,0.19305658463271086,0
0,0.16844183605320606,0
0,0.1281726658272602,0
0,0.17219418965283217,0
0,0.08190566713886561,0
0,0.2828450422966654,0
1,0.7361269474177942,1
0,0.22387037151030545,0
0,0.17205891271291174,0
0,0.13140463104032296,0
0,0.11499199589745707,0
0,0.29505636299482924,0
0,0.5580064203241356,1
0,0.11688763253029888,0
0,0.12234229703067048,0
0,0.08950658803067124,0
0,0.4716063020750221,1
0,0.9273795246677289,1
0,0.4459273502014281,1
0,0.5724690031626424,1
0,0.7334550684246802,1
0,0.16165261996678731,0
0,0.6368837739212567,1
0,0.10086008486490809,0
0,0.8866516299957262,1
0,0.11934794681207152,0
0,0.18332526345973135,0
1,0.9345655215349308,1
0,0.6625996222649274,1
0,0.7537756723378615,1
0,0.35393780334880987,1
0,0.3763338955833393,1
1,0.8474807031812375,1
0,0.07800543490099124,0
0,0.07614541240273608,0
0,0.10634867314169344,0
0,0.6055943664591438,1
0,0.09651211435951804,0
0,0.14618164053407015,0
1,0.11652352268588222,0
0,0.23581440674880635,0
0,0.12063750643520457,0
0,0.36255565842234594,1
0,0.6097143859122921,1
0,0.4216704023961037,1
0,0.6455762132076128,1
0,0.5650300754229395,1
0,0.11131221519178806,0
0,0.23432879904994755,0
0,0.44267104883416447,1
0,0.09603322774131448,0
0,0.1684055935909513,0
0,0.2164383125885327,0
0,0.7955007610161015,1
0,0.29818400692275304,0
0,0.12902354721085488,0
0,0.15062824973783254,0
0,0.23595251808253498,0
0,0.15079209924542072,0
0,0.1063617613562462,0
1,0.2576550142587301,0
0,0.10561323259658521,0
0,0.17935323727802627,0
0,0.27543213498487495,0
0,0.07821092629515919,0
0,0.12396021300024129,0
0,0.46175926923378957,1
0,0.8859237097827057,1
0,0.5759690859822831,1
0,0.20739829781695615,0
0,0.10588244448696518,0
0,0.08416363940468563,0
0,0.6239371247264868,1
0,0.9278179827542968,1
0,0.08712752246623909,0
0,0.16265910745338422,0
0,0.36398948862017577,1
0,0.16513166550261518,0
0,0.3518734865541214,1
0,0.10604836221851942,0
0,0.15567997569112726,0
1,0.9537718632682559,1
0,0.11939464744302,0
0,0.39704485678711243,1
0,0.05933226993170756,0
0,0.13588311624480306,0
0,0.6679371716419183,1
0,0.8193218243185407,1
0,0.1734330389841397,0
0,0.187839179485997,0
0,0.23462925627907277,0
0,0.5736053385174199,1
0,0.09559022077141867,0
0,0.13473357040865427,0
0,0.4153378781357178,1
0,0.08058313741821836,0
0,0.8024704879696716,1
1,0.31716528980446673,0
1,0.9660164865158991,1
0,0.536696359897145,1
0,0.13630088791596665,0
0,0.9016651611260283,1
0,0.553214819922365,1
1,0.6521306277604161,1
0,0.8613274737805771,1
0,0.05615319906641132,0
0,0.5442535045785095,1
0,0.27679635032425387,0
1,0.9202447378926142,1
0,0.4482076939925986,1
0,0.5106399427935525,1
0,0.39991971628930384,1
0,0.1472388372826162,0
0,0.1998151195890561,0
0,0.24252749477949948,0
0,0.5497531635798028,1
0,0.12949029705874823,0
0,0.5647818976235176,1
0,0.2516757514849514,0
0,0.9604303510678662,1
0,0.14326987797951854,0
0,0.14403761009046318,0
0,0.38038160903493123,1
0,0.20727468982775504,0
0,0.16776384109659928,0
0,0.6456438268525673,1
0,0.10416004698654571,0
0,0.11500382116299258,0
1,0.3674603805096518,1
0,0.5127795817923491,1
0,0.17488285393706238,0
1,0.792294036439105,1
0,0.18245833280438795,0
0,0.12095043312341841,0
0,0.08061321958864211,0
0,0.16289462482154904,0
0,0.17391338598143152,0
0,0.31142844729697144,0
0,0.06564746370736398,0
0,0.15141935202621556,0
0,0.35613223712241393,1
0,0.5661755946565035,1
0,0.9357362955919393,1
0,0.277237827337724,0
1,0.24978434185502418,0
0,0.12047659636052269,0
0,0.16685754122021906,0
0,0.13884432747612568,0
0,0.4934105184945809,1
0,0.14444370741802307,0
0,0.24314847569825232,0
1,0.9502930670353263,1
0,0.42768112525633306,1
0,0.1537128417862567,0
0,0.10688433816389946,0
0,0.1537620048871814,0
0,0.08349510242048823,0
0,0.14097239678845971,0
0,0.34707116198438875,0
0,0.5275931113076293,1
0,0.3590283730312502,1
0,0.16388325103798715,0
0,0.14667700546591408,0
0,0.3761697447510265,1
1,0.6564005844118526,1
0,0.05921067464082534,0
0,0.21251287726737925,0
1,0.33892095190863114,0
0,0.17550340938844278,0
0,0.23546983113389625,0
0,0.154917371616901,0
0,0.12630565983722059,0
0,0.1288648498834999,0
0,0.14399408452392823,0
0,0.1666579716267895,0
1,0.9496830638049599,1
0,0.11613183742745815,0
0,0.05808357082220098,0
0,0.11053420879266926,0
0,0.23134204175611794,0
0,0.10585500239098013,0
0,0.5804626954428552,1
0,0.21370127081051668,0
0,0.14274283726845535,0
0,0.3423489582705604,0
0,0.37719924125491466,1
0,0.33237661508623206,0
0,0.3358693404599314,0
0,0.09907909532150612,0
0,0.7432062444084327,1
1,0.7154752229878579,1
0,0.147551755947293,0
0,0.18661488149891317,0
0,0.0884008585318312,0
0,0.14698069008194226,0
0,0.1362178471684844,0
0,0.1591903941854844,0
0,0.09153396411953611,0
0,0.8790912146732692,1
0,0.13105040606095733,0
0,0.056076257957698605,0
0,0.15356191123786403,0
0,0.09323868233634318,0
0,0.3924528879853609,1
0,0.07294971854096143,0
0,0.6626507731955847,1
0,0.5359430626175442,1
0,0.09635851674495625,0
0,0.44531180377379587,1
0,0.11485593748647635,0
0,0.11092980637235395,0
0,0.0707274163119127,0
0,0.5590899523042194,1
0,0.16337085811711113,0
0,0.06558373927521499,0
0,0.5660150665218977,1
0,0.16729603094332818,0
0,0.08449245932521794,0
0,0.24004183366070644,0
0,0.258412220213712,0
0,0.1085468176703959,0
0,0.38972368299695537,1
0,0.3033953770772955,0
0,0.13812083263401992,0
0,0.17607917655875893,0
0,0.6192277874763225,1
0,0.1280241918312755,0
0,0.09815110137566005,0
0,0.22993696796203006,0
0,0.12840698423727953,0
0,0.28727191762784676,0
0,0.1989290274804896,0
0,0.14380627623517014,0
0,0.13981075915739988,0
0,0.08453581696116937,0
0,0.15037029030191962,0
0,0.16059231487425688,0
0,0.2574022985559244,0
0,0.45812666644051453,1
0,0.6773560968077196,1
0,0.10696217641334997,0
0,0.223632549896311,0
0,0.0863856021375645,0
0,0.11684387856064149,0
0,0.7943608668840274,1
0,0.07065636015575934,0
0,0.11862092456590387,0
0,0.3196611559256328,0
0,0.4223768260655098,1
1,0.5827492870630556,1
0,0.14812869738518897,0
0,0.13692626496801635,0
0,0.7427456149259444,1
0,0.14934752081304897,0
0,0.17702203661784827,0
0,0.12073456113577388,0
0,0.125526940928774,0
0,0.3650774678783188,1
0,0.6634517924233397,1
0,0.10945187468837063,0
0,0.0886478302652867,0
0,0.1450616300426594,0
0,0.20080037506589335,0
0,0.5634432769736816,1
0,0.12616217237542088,0
0,0.1951348212442005,0
1,0.9277181550030906,1
0,0.3749611178098694,1
0,0.13886273519229467,0
1,0.3832831118590415,1
0,0.6003138995240597,1
0,0.09758991278348712,0
0,0.1511256741687513,0
1,0.49463725281730053,1
0,0.14758489464386895,0
0,0.09462043703420704,0
0,0.4639573358857774,1
0,0.2691899921609361,0
0,0.08935664737995473,0
1,0.756859477978863,1
0,0.5779688129628142,1
0,0.16963990946947027,0
0,0.26981745020075026,0
1,0.6119886684367357,1
0,0.08731345117371461,0
0,0.37426454137236786,1
1,0.9544618228012488,1
0,0.12227725637283382,0
0,0.16155480364901909,0
0,0.749143342924214,1
1,0.8557034487755819,1
0,0.5572587581919479,1
0,0.058722107464084905,0
0,0.18141271708128356,0
0,0.1120803971201745,0
0,0.07241490421143255,0
0,0.11931745134323492,0
0,0.12555647875704368,0
0,0.15632154747560045,0
1,0.6638496457454466,1
0,0.14085453920596008,0
0,0.22124851644502386,0
0,0.3637861987300398,1
1,0.960428348589763,1
0,0.08852885652268114,0
0,0.5454826583199993,1
0,0.43873633518875066,1
0,0.0704056070300067,0
1,0.5479364998477168,1
0,0.09406665992060051,0
0,0.8221484526696882,1
0,0.19459600514060735,0
1,0.33510949330251605,0
0,0.3168644388103923,0
0,0.1405361688096714,0
1,0.23038156793529369,0
0,0.1700911934461159,0
0,0.36428577081118907,1
0,0.7756997865051196,1
0,0.47264087202654,1
0,0.11503574226001262,0
0,0.10847274153527862,0
0,0.3592462703085572,1
0,0.9472667618279479,1
0,0.3263758537783442,0
0,0.6330246328102644,1
0,0.2282788441796337,0
0,0.3684977910077043,1
0,0.10610844525389852,0
0,0.3279277263124224,0
0,0.11699176117454492,0
0,0.20281849144179792,0
0,0.28662252915720243,0
0,0.7627111762619104,1
0,0.16039836032902074,0
0,0.06744728745305219,0
0,0.19074626448644796,0
0,0.21707917304124932,0
0,0.07813000167010359,0
0,0.6077008720869599,1
0,0.37411228442826117,1
0,0.34377901624120105,0
0,0.5409120301542389,1
0,0.5200472208276569,1
0,0.37836232359295413,1
0,0.1717829122433218,0
0,0.12837525544204956,0
0,0.09507672775902391,0
0,0.22213146026817823,0
0,0.11595220248237528,0
0,0.11136748198000668,0
0,0.3174098368995455,0
0,0.11252951556914792,0
0,0.16969065272908407,0
0,0.12170390936828968,0
0,0.07824289406139164,0
0,0.49353126081398463,1
0,0.13446003636954404,0
0,0.2269024986797728,0
0,0.8127612453283204,1
0,0.1827418046820861,0
0,0.20841893136292186,0
0,0.12367781857312281,0
0,0.10913483230909662,0
1,0.8204764230525303,1
0,0.35267544940056683,1
0,0.10680634661447748,0
0,0.13343468502709907,0
0,0.5919502947382,1
0,0.12355056396968268,0
0,0.24720303907468624,0
0,0.7146900071956489,1
0,0.8270956187523467,1
0,0.5874909613595851,1
0,0.1208106649271753,0
0,0.5982134573212664,1
0,0.7781534382079535,1
1,0.790777589188447,1
0,0.11253395657695667,0
0,0.1571688229100049,0
0,0.32104433649123015,0
0,0.40863932204535464,1
0,0.0954814155636762,0
0,0.9237951996010844,1
0,0.3177613767795911,0
0,0.13154315396499625,0
0,0.09815212676272339,0
0,0.15576954134575993,0
0,0.9496653649036106,1
0,0.08087846963222373,0
0,0.47992831030460015,1
0,0.8378896754692332,1
0,0.19563591154042204,0
0,0.14217110248775447,0
0,0.1714232577505793,0
0,0.2617455380819365,0
0,0.1456426481030504,0
1,0.9561408445197344,1
0,0.10931344010274612,0
0,0.18051055237856042,0
0,0.19549264417130788,0
0,0.37653445697340415,1
0,0.1346742818553741,0
0,0.6648519527771551,1
0,0.14632937465919155,0
0,0.14175561826904512,0
0,0.1900665277863146,0
0,0.20666789936899937,0
1,0.7668027436435485,1
0,0.20775899902731731,0
0,0.0946033961467325,0
0,0.21391044103130885,0
0,0.5094295249105154,1
1,0.30439089554096893,0
0,0.6464926047285651,1
0,0.8171504365525539,1
0,0.1980494906047878,0
0,0.5998199939502334,1
0,0.17041586819236224,0
0,0.14738301190126316,0
0,0.08599316019809887,0
0,0.234053780391856,0
0,0.15465617221072972,0
0,0.3523719643226091,1
1,0.7255813279999396,1
0,0.12166621113605766,0
0,0.07014905946697851,0
0,0.38344497087133744,1
0,0.31545951626832797,0
0,0.2917305174002761,0
0,0.21019450953924446,0
0,0.08746668066119122,0
0,0.4924801284396571,1
0,0.7182997842365382,1
0,0.09917847455302695,0
0,0.27943388819270143,0
0,0.4653742426171945,1
0,0.5220460352347693,1
0,0.2648685283372585,0
0,0.18068396110164947,0
0,0.08940701232005054,0
0,0.1612752853485893,0
0,0.34086503623104725,0
0,0.43656528778947157,1
0,0.44616709286146944,1
0,0.8599238036433762,1
0,0.5445436185293221,1
0,0.1444358972892361,0
0,0.20578733834855542,0
0,0.2639409958119251,0
0,0.2973853230976352,0
0,0.1634681283475749,0
0,0.11163671280061649,0
0,0.06195965470204115,0
0,0.09286376437476034,0
0,0.5048257728956923,1
0,0.9124917939330575,1
0,0.4881971964519385,1
0,0.10482967843485654,0
1,0.33606322961785373,0
0,0.35205152735580897,1
0,0.18253023809392024,0
0,0.122082241518905,0
0,0.18378482134746196,0
0,0.1383301971577412,0
0,0.08144481977755842,0
0,0.37658769215909976,1
0,0.30268898013404066,0
0,0.2010163153454713,0
0,0.17424364336185272,0
1,0.9524404819729619,1
0,0.547837480991335,1
0,0.5326960644789731,1
0,0.2052508374408069,0
0,0.1297219493944472,0
0,0.08220149951097251,0
0,0.5928875943860975,1
0,0.2572738191863443,0
0,0.868395246365099,1
0,0.10713132063747931,0
0,0.4064530845544844,1
0,0.0855782383773483,0
0,0.09214927616382218,0
0,0.3783996898324657,1
1,0.5422095905223916,1
0,0.8494774181547401,1
0,0.750718430599412,1
0,0.09246418420708552,0
0,0.14596420954038844,0
1,0.6671345630335624,1
0,0.20421458109761095,0
0,0.19966250735502314,0
0,0.2058388412675539,0
0,0.20961491784237815,0
0,0.12897937237185067,0
0,0.2856302911217284,0
0,0.4051431958616355,1
0,0.17363604527349044,0
0,0.7632561062619176,1
0,0.2385397104061856,0
0,0.47893807550830575,1
0,0.14059822328067637,0
1,0.44619613425355725,1
0,0.14944105450527462,0
0,0.06299806265620779,0
0,0.4099285233207742,1
0,0.11854535137852816,0
0,0.10596009557949222,0
0,0.08827277128373992,0
0,0.23798077890681582,0
0,0.33325798736268375,0
0,0.7075873302748706,1
1,0.8589354436455666,1
0,0.2902201004269164,0
1,0.9543243302202032,1
0,0.8259546718436459,1
0,0.8494948689711849,1
0,0.20775259401098953,0
0,0.22655816260317774,0
0,0.3315782736752422,0
0,0.11171469601894653,0
0,0.5908706830629094,1
0,0.5026810036636864,1
0,0.33424824987193436,0
1,0.8219840500676977,1
0,0.4368269987700312,1
0,0.17362072502321843,0
1,0.23081802846650806,0
0,0.29362297708234775,0
0,0.15501797546859636,0
0,0.08640364770323815,0
0,0.2855091945669923,0
0,0.10623420331169614,0
0,0.20787060301766913,0
0,0.9010888549590789,1
0,0.14481414411182061,0
1,0.11032450864917744,0
0,0.1941253896002834,0
0,0.09215323643992891,0
0,0.06918025441446601,0
0,0.06987358805002142,0
0,0.4058266145800142,1
0,0.8184897535044493,1
0,0.1816476742910159,0
0,0.2904618517865151,0
0,0.13587576505290283,0
0,0.3673305892846931,1
1,0.5309406711891437,1
0,0.36849909961547533,1
0,0.22958374640474097,0
0,0.3577375883775438,1
0,0.21672931165511622,0
0,0.28140417680043633,0
0,0.14943450308100045,0
0,0.20882037412033178,0
0,0.41149440305128593,1
0,0.786866175490002,1
0,0.08298301535970692,0
0,0.5976312836071082,1
0,0.059863397354458954,0
0,0.6154461546433222,1
0,0.47092610440927074,1
0,0.11059292877209885,0
0,0.3704139644466933,1
0,0.22446743090072516,0
0,0.15153398175155713,0
0,0.21029791945772053,0
0,0.1486432892067262,0
0,0.10215201977541044,0
0,0.6192523363511818,1
0,0.16016437958856009,0
0,0.26834620577402274,0
0,0.5768273421076567,1
0,0.22265193280864182,0
0,0.13444255484716855,0
0,0.11646845150577671,0
0,0.14964871673708396,0
1,0.6783173439281244,1
0,0.2238276060873098,0
0,0.1376982538792899,0
0,0.12908817334194836,0
0,0.5340755398681979,1
0,0.12063287726247812,0
0,0.3000692621861764,0
0,0.09483040219513264,0
0,0.18230891289380702,0
0,0.4232214377367508,1
0,0.11921314229248732,0
0,0.3881020324778966,1
0,0.2537610549604625,0
0,0.16339612314346194,0
0,0.17406564004091488,0
0,0.2714063501551874,0
1,0.6984690687060829,1
0,0.07581688861702747,0
0,0.10954960637241819,0
0,0.34726422567110404,0
0,0.126314355695664,0
0,0.35910423641951095,1
0,0.29155710882552294,0
0,0.24236767095046674,0
0,0.2909301548485855,0
0,0.516762208864886,1
0,0.42086186964406613,1
0,0.0826021137135912,0
0,0.30864709935355383,0
0,0.5221309571793061,1
0,0.14664663223474303,0
0,0.10102024062556914,0
0,0.1526843662330889,0
0,0.227385166125637,0
1,0.9361053355876017,1
0,0.39649311405781595,1
1,0.7434637090411916,1
0,0.1533897575150772,0
0,0.07637398089962638,0
0,0.5860380205769907,1
0,0.12020102844386171,0
0,0.07861866841957044,0
0,0.09308424661952285,0
0,0.10448507995717365,0
0,0.20923299495029196,0
1,0.8892512266833698,1
0,0.20642907486995282,0
0,0.5964818957403,1
0,0.10876788614430545,0
0,0.09921539958965882,0
0,0.055308263786317334,0
0,0.11435739517428824,0
0,0.6966247297994749,1
0,0.9469190538396391,1
1,0.1165925638890091,0
1,0.6193826980127803,1
0,0.23197620392793047,0
0,0.8260833402510653,1
0,0.0969642717679932,0
0,0.1525832163987392,0
0,0.7904735501010335,1
0,0.1832987992580815,0
0,0.09992025683832527,0
0,0.24896769560972284,0
0,0.5815642569294581,1
0,0.10214467990512748,0
0,0.09985170621816386,0
0,0.10344354886665447,0
0,0.7045105055619938,1
0,0.0665596540641126,0
0,0.1401565145605318,0
0,0.2165436067733066,0
0,0.17523767812466787,0
0,0.4521975644312947,1
0,0.07475213249835816,0
0,0.1017585958444241,0
0,0.165501973075535,0
0,0.21522666418083958,0
0,0.3019132567175127,0
0,0.14326218685539482,0
0,0.10055414164387073,0
0,0.5323504102771338,1
0,0.0739952761621351,0
0,0.29454479438142217,0
0,0.12595234001001224,0
0,0.07229279439283401,0
0,0.13655528736680878,0
0,0.7303553983887694,1
1,0.6551138416907496,1
0,0.21675265258802848,0
0,0.19041743829707733,0
0,0.3619459624868893,1
0,0.08417805920827855,0
0,0.2107646922934159,0
0,0.16341434960045823,0
0,0.631133925351666,1
1,0.9430837593742607,1
0,0.12683060192103676,0
0,0.22786402935777522,0
0,0.13959355725829262,0
1,0.27229397047001064,0
0,0.1900742747415008,0
0,0.8101389427088815,1
0,0.15342564308383894,0
0,0.10381416655812753,0
0,0.3691510303608902,1
0,0.1883702875605168,0
0,0.9555276608145332,1
0,0.12406333223932951,0
0,0.10791572333658118,0
0,0.12160934622918651,0
0,0.17635231506842028,0
0,0.08913532438596042,0
0,0.06179326370633127,0
1,0.9455469338213929,1
0,0.719370921093525,1
0,0.4189624498766288,1
0,0.1014363395365211,0
0,0.5014496526428099,1
1,0.6478756737638643,1
0,0.3701942011292489,1
0,0.12909153406869975,0
0,0.789744703387379,1
0,0.9492781988697474,1
0,0.12222907977235273,0
0,0.10695881065288172,0
0,0.38527280769803623,1
0,0.4276733949768119,1
0,0.10393304754662375,0
0,0.12410055600642365,0
0,0.1156843741908493,0
0,0.15207099541096478,0
0,0.09314527218758954,0
0,0.7491882130370787,1
0,0.39276952720132136,1
0,0.266806017892042,0
0,0.05811119701454519,0
0,0.10268599700684855,0
0,0.8257422424033969,1
1,0.5994854396042982,1
0,0.317531281789651,0
0,0.5687770320723164,1
0,0.16261496893093164,0
0,0.9284586070283232,1
0,0.6612523256677691,1
0,0.1444104260163874,0
0,0.19048736151795204,0
0,0.17252286964749866,0
0,0.055707671245029754,0
1,0.946491616493971,1
0,0.10830641210255774,0
0,0.07731991672534312,0
0,0.695509954963038,1
0,0.7919457455841757,1
0,0.16530566695855572,0
0,0.14290670644816156,0
0,0.3784696033381404,1
0,0.16615977770143475,0
0,0.29115824449552624,0
0,0.17525988156158406,0
0,0.5132395046224146,1
0,0.31576348833536033,0
0,0.0736822909764957,0
0,0.26721479692823136,0
0,0.3471106904904113,0
0,0.12568456883833484,0
0,0.28143221071477664,0
0,0.25413485344651865,0
0,0.08947311880590088,0
0,0.3932237685822542,1
0,0.8131501022771342,1
0,0.21270870095775185,0
0,0.3746373223207741,1
0,0.07917943522570016,0
0,0.1013765357415325,0
0,0.8267924783208771,1
0,0.5132950872854551,1
0,0.9072318116180736,1
0,0.11643594398785853,0
0,0.5975693493807986,1
0,0.23534393955105098,0
0,0.08958017546562108,0
0,0.08169507579079138,0
0,0.13732321166308253,0
0,0.45640566319843096,1
1,0.8191980418462367,1
0,0.1386212114448528,0
0,0.2314071461507503,0
0,0.1629527604520762,0
0,0.20846552234545385,0
0,0.1556174874691936,0
0,0.08481513022490975,0
0,0.135124106886148,0
0,0.5967752554359487,1
0,0.05407807285972169,0
0,0.13006341665233248,0
0,0.0967456305190685,0
0,0.09756031731455003,0
0,0.14485434081283452,0
1,0.6743339354210449,1
0,0.6010372620949408,1
1,0.9145944801889228,1
0,0.20512641300252898,0
0,0.12429169321396735,0
0,0.04985491210531699,0
0,0.12480801552490649,0
1,0.928063608595595,1
0,0.11095434356522171,0
1,0.1575048805985833,0
0,0.8194503005197713,1
0,0.13388942678835958,0
0,0.18864561720818726,0
0,0.2566059850084471,0
0,0.3141929867384505,0
0,0.1337556646984392,0
0,0.0767086125012547,0
0,0.21270150424408715,0
0,0.8655933495375232,1
0,0.10525091923258549,0
0,0.14171343798354186,0
0,0.12053278599211086,0
1,0.7135322506623064,1
0,0.056295088272862254,0
0,0.13005336617484586,0
0,0.20135066314974434,0
0,0.13958535712269252,0
0,0.25633879320698466,0
1,0.6371541245640122,1
0,0.32305023498448887,0
0,0.13820933747562353,0
0,0.20964796357495735,0
0,0.543753314433824,1
0,0.5997410971588514,1
0,0.43978846380589603,1
0,0.10127774920501756,0
0,0.08209598425773329,0
0,0.18236460977671454,0
0,0.41368331983493417,1
0,0.6036679658501309,1
0,0.14143226782396243,0
0,0.07072694115046088,0
0,0.3375388467789829,0
0,0.2517584129979719,0
0,0.5737471394357725,1
0,0.11200177850133201,0
0,0.7546712379254442,1
0,0.0858730113747001,0
0,0.30359870165198133,0
0,0.11639482487734867,0
0,0.5521359989977916,1
0,0.08938401209744062,0
0,0.5065708259325326,1
0,0.10730941712563674,0
1,0.5645328662336233,1
0,0.09646666227768384,0
0,0.6915197372348919,1
0,0.07672161260069275,0
0,0.642277502094724,1
0,0.17439006757079928,0
0,0.08456443971397228,0
0,0.5630926481661117,1
0,0.08797849420252118,0
0,0.24465900083964753,0
0,0.6600299277184449,1
0,0.42746361907183494,1
0,0.0820493985466661,0
0,0.11533060478660727,0
0,0.5976785805884188,1
0,0.07595931931273946,0
0,0.41272716145478666,1
0,0.29674635450569786,0
0,0.4156674506985466,1
0,0.22177983779601898,0
0,0.19639719752742985,0
0,0.21098558948499668,0
0,0.10071632156394689,0
0,0.1356456950567819,0
0,0.1061625042297376,0
0,0.053887621898700215,0
0,0.16352998521778023,0
0,0.13984721765901842,0
0,0.2575478016787378,0
0,0.9126034363506655,1
0,0.08615116119442472,0
0,0.18270933256083235,0
0,0.06983945874686855,0
0,0.7169869139692403,1
0,0.24378388718817295,0
0,0.3711581130346284,1
0,0.08858689879429965,0
0,0.11811369397496194,0
0,0.04755243325357227,0
0,0.9120820756131766,1
0,0.06957620184487724,0
0,0.09552516514101615,0
0,0.06414283078610185,0
0,0.1295307978905141,0
0,0.05660695723786257,0
0,0.10632188887272292,0
0,0.40096431211830125,1
0,0.12293740128971081,0
0,0.8416774185956106,1
0,0.0588336061157358,0
0,0.32458371726083984,0
0,0.14313599424566203,0
0,0.07781044518668727,0
0,0.0879170547925208,0
0,0.11977720263896403,0
0,0.5207381929003315,1
1,0.5871118519081114,1
0,0.5731543110338995,1
0,0.795176273324062,1
0,0.15389589505433376,0
0,0.06383168498974172,0
0,0.1816985019766915,0
0,0.05994807717916539,0
0,0.5196046062329086,1
0,0.1878885748026721,0
0,0.20938837874037203,0
0,0.16916114349663786,0
0,0.574241456360083,1
0,0.6951067222100831,1
0,0.07978592302155171,0
0,0.42838125347193323,1
1,0.6618610006630318,1
1,0.9555628617350489,1
0,0.17566621732836174,0
0,0.11295195943821021,0
0,0.4604027527285268,1
0,0.47279399564429764,1
1,0.4968395972020447,1
0,0.0557523970598022,0
0,0.12153882682481026,0
0,0.39031385190019485,1
0,0.7127011096566584,1
1,0.8663530499593673,1
0,0.5081536791519496,1
0,0.5863467140837113,1
0,0.4926896394564956,1
0,0.13000220260727696,0
0,0.10777747263450715,0
0,0.20617600349968565,0
0,0.14186156140999723,0
0,0.4392240150325633,1
0,0.35267540886410786,1
0,0.07703640049988539,0
0,0.513292943662966,1
0,0.5397433632380962,1
0,0.4512376575023759,1
0,0.1737695532121449,0
0,0.09969711997511341,0
0,0.22895216504336138,0
0,0.2925932761170501,0
0,0.1401019840721941,0
0,0.23552186960967872,0
0,0.37940689106527825,1
0,0.07965573642404977,0
0,0.33629623220901467,0
0,0.056316535751484015,0
0,0.15902482538224022,0
0,0.39950267187587085,1
0,0.3029238798100104,0
0,0.6155952458458046,1
0,0.13547865340010634,0
0,0.11785738793077113,0
0,0.17332419758018167,0
0,0.6112711481851824,1
0,0.11962215220512294,0
0,0.20962235134705579,0
0,0.5271308945585057,1
0,0.158259569944516,0
0,0.3484616366988195,0
0,0.060340747928046265,0
0,0.18485893432612818,0
0,0.18770058303678092,0
0,0.05499063671257012,0
0,0.09607230730019063,0
1,0.5577138965110459,1
0,0.09056225719069998,0
0,0.1622021681136324,0
0,0.7952631181977655,1
0,0.32978075363617276,0
0,0.3412267819735747,0
0,0.9225362831279261,1
1,0.860653293004042,1
0,0.1371038373598715,0
0,0.15892070849386425,0
0,0.4177470874297076,1
0,0.8208895333378331,1
0,0.890261465560807,1
0,0.13734955739205063,0
0,0.150389531483343,0
0,0.5907299403767621,1
0,0.09346766357620996,0
0,0.15376530866528995,0
0,0.0978888506519756,0
0,0.39654838213954563,1
0,0.0913821023661206,0
0,0.29187710393113614,0
1,0.17192529267722836,0
0,0.12512268051731668,0
0,0.09090981401215195,0
0,0.23162438682865266,0
0,0.17927800994569376,0
0,0.5925508215041376,1
0,0.5828240208704029,1
0,0.17458133382160396,0
0,0.5555250104595185,1
0,0.9089050501825108,1
0,0.8911202279406251,1
0,0.19356908697662648,0
0,0.11961619078784379,0
0,0.2201981632912098,0
0,0.2896186617813859,0
0,0.16751390715736422,0
0,0.4292434152627214,1
0,0.31257146602871405,0
0,0.48346821678607255,1
0,0.3477106583317619,0
1,0.5792345810998143,1
0,0.07611275490643271,0
0,0.09487529531250931,0
0,0.2758293623294216,0
1,0.6594927716631573,1
0,0.17548856626373957,0
1,0.8308939599144648,1
0,0.14316518280669382,0
0,0.450078965399877,1
0,0.186317242751491,0
0,0.147064404655987,0
0,0.1798370560114488,0
0,0.33631210581521753,0
0,0.25609293815698003,0
0,0.11540635571239072,0
0,0.11377351800166306,0
0,0.5839758238021363,1
0,0.28086969743486584,0
0,0.16272170435281114,0
0,0.38744350619703655,1
0,0.13767168366570676,0
0,0.11904424290049334,0
0,0.3631549979730526,1
0,0.31809860748270213,0
0,0.07869844691514652,0
0,0.24171494274328112,0
0,0.08619577284866599,0
0,0.10512993914436292,0
0,0.11349853362750563,0
0,0.18402545788545918,0
0,0.2969419661410669,0
0,0.14451948581459434,0
0,0.16281656617306423,0
0,0.15825480351775142,0
0,0.11001517184478087,0
0,0.703110288139573,1
0,0.11543296089051644,0
0,0.11577217675980837,0
0,0.17252595997029088,0
0,0.10536564316570814,0
0,0.12467928273725344,0
0,0.11608956483677292,0
0,0.11234836885381254,0
0,0.510534553951598,1
0,0.09874754482967117,0
0,0.289505885197425,0
1,0.2504555753903773,0
0,0.17559886851307582,0
0,0.6311797994752737,1
0,0.13500282063620947,0
0,0.10014367770779067,0
0,0.5215489093090249,1
0,0.07107871388844203,0
0,0.07109530783736079,0
0,0.4261578635154953,1
0,0.05280606358134374,0
0,0.3886842935897544,1
0,0.14913742600915464,0
0,0.3545332314562451,1
0,0.11061917848361119,0
0,0.5645875453220535,1
0,0.29872676842174123,0
0,0.6942880740278906,1
0,0.507610521659709,1
0,0.5249889027704892,1
0,0.08756708869053947,0
1,0.6208769662226191,1
0,0.5311821557611109,1
0,0.2794516524967727,0
0,0.13941307650559492,0
0,0.21796164221798128,0
0,0.15569178931068464,0
0,0.6454195085902027,1
0,0.45797698876218446,1
0,0.13172917547438046,0
1,0.7897497958863042,1
0,0.6603496602911822,1
1,0.28369975371985334,0
0,0.2336586789465419,0
0,0.35536611686165887,1
0,0.12196454578201123,0
0,0.16021968247775015,0
0,0.10471504489757918,0
0,0.29831489448309984,0
1,0.43498317286718796,1
0,0.16207393609541784,0
0,0.09742495378636291,0
0,0.47028532310560406,1
0,0.10583984770805173,0
0,0.0843642224947902,0
0,0.4694155450014871,1
1,0.18737594955180153,0
0,0.27669453604202315,0
0,0.06279446072851852,0
0,0.10716363588094364,0
0,0.2932411497971961,0
0,0.14262457147837718,0
0,0.12218352987446927,0
0,0.23896145949944933,0
0,0.6598244653617317,1
0,0.1306655257649066,0
0,0.16563659605842115,0
0,0.738379227789588,1
0,0.08298804883515988,0
0,0.23601757575947355,0
0,0.10381924155379432,0
1,0.23714952570644285,0
0,0.17090419781830793,0
0,0.06249597105295764,0
0,0.29113129787651104,0
0,0.09126345124200431,0
0,0.7773142234312893,1
0,0.5939495759295094,1
0,0.11877642743923966,0
0,0.18578183286447833,0
0,0.16062179074535313,0
0,0.19168298319372942,0
0,0.5514579253659416,1
0,0.3347897138727255,0
0,0.10293750926927317,0
0,0.501160443745764,1
0,0.5438114358744708,1
0,0.42629667455924397,1
0,0.33358974291806054,0
0,0.3604557418825961,1
1,0.5330561899170484,1
1,0.8581019836088747,1
0,0.34682082250238305,0
0,0.42251435237497764,1
0,0.8138054445638371,1
0,0.2767135821100373,0
0,0.1085246281758361,0
0,0.8652193939143876,1
0,0.16851155733811302,0
0,0.31454051549780765,0
0,0.14811094500582658,0
0,0.1539208609438545,0
0,0.49571925327677346,1
0,0.3212752611006869,0
1,0.9566922435626566,1
0,0.6709400064083356,1
0,0.06954724763318353,0
0,0.16576473170895614,0
0,0.38533214877112903,1
0,0.24595035975153332,0
0,0.1032865874097766,0
1,0.9418987345605476,1
0,0.28980592935987576,0
0,0.2977820234858492,0
0,0.2005014074450645,0
0,0.12924538559687185,0
0,0.3878727312426014,1
0,0.12665413789710805,0
0,0.1401897129712622,0
0,0.32956293253876257,0
0,0.10137675231807619,0
0,0.2841225481773692,0
0,0.09978788588872542,0
0,0.6440646029656288,1
1,0.8695916484355636,1
0,0.1380010397554884,0
0,0.12316530950723949,0
0,0.18490770737061518,0
0,0.15733411401155054,0
0,0.6090974854881827,1
0,0.14917889652337607,0
0,0.09520588204135262,0
0,0.5308076691358578,1
0,0.24083459178306768,0
0,0.09866041707742082,0
0,0.13013539324398388,0
0,0.49754550014926935,1
0,0.11460569645384412,0
0,0.48081835088873115,1
0,0.15099511884533878,0
0,0.4173053704706212,1
0,0.06249387736316422,0
0,0.3122755252595995,0
0,0.16106614914172818,0
0,0.4567812703013041,1
1,0.7445487979399323,1
0,0.19637094012404843,0
0,0.5266943621675004,1
1,0.5007221484164808,1
0,0.4103536934580178,1
0,0.7940757361200889,1
1,0.33541480627681025,0
1,0.9571741778708759,1
0,0.09449016348248464,0
0,0.11401837476494119,0
0,0.15984198344905365,0
0,0.583256496026257,1
0,0.18973469113048563,0
0,0.4735847184392255,1
0,0.6869575232052086,1
0,0.06730506666871347,0
0,0.18174162248853462,0
0,0.17678915929285996,0
0,0.3383963600388545,0
0,0.10419355053880652,0
0,0.7228481578622069,1
0,0.3914887915840446,1
0,0.6570621893375749,1
0,0.5970259497421431,1
0,0.6065544487689297,1
0,0.19370434036423895,0
0,0.6033885390731888,1
0,0.342521068417296,0
0,0.15524898617029773,0
0,0.09993810568997745,0
0,0.33076496504666525,0
0,0.23652421133076407,0
0,0.5524134257396663,1
0,0.8229548073665435,1
0,0.09504151899746983,0
0,0.07610418542853425,0
0,0.19499162026824007,0
0,0.0878246159965878,0
0,0.34911568554697703,0
0,0.5894105642876315,1
0,0.1854132472195497,0
0,0.2468348034020006,0
0,0.0986060060799874,0
0,0.14721879214705708,0
0,0.15238071470411205,0
0,0.5319299116299876,1
0,0.14744062889375595,0
0,0.08129390703483098,0
0,0.15172129285155084,0
0,0.47833088278586433,1
0,0.20379137411577639,0
1,0.1307091822549549,0
0,0.3319961527717903,0
0,0.08351627398962615,0
0,0.06948665811257843,0
1,0.9096400649318775,1
0,0.11399716952194831,0
0,0.16620478884063344,0
0,0.05580784973055691,0
0,0.39205458366280316,1
0,0.10726511784964171,0
0,0.1732636371915622,0
0,0.1574120929316222,0
0,0.13998890018635488,0
0,0.554903080389238,1
0,0.2514186962353602,0
0,0.10384505205092937,0
0,0.17025231484015307,0
0,0.5533395071037436,1
0,0.11484573330946381,0
0,0.10546026678729147,0
0,0.06875842446480757,0
0,0.07016525903911484,0
0,0.25868114733387104,0
0,0.4237745139960879,1
0,0.08070018018535599,0
0,0.09676428810653344,0
0,0.6467146623761355,1
0,0.07774169214722462,0
0,0.20877240810042988,0
0,0.566235709832058,1
0,0.11098225453206562,0
0,0.11330064449615726,0
0,0.4726906332169911,1
0,0.05781285540270717,0
0,0.17008632941040286,0
0,0.1013907321581677,0
0,0.7835225521600269,1
0,0.13088675455881366,0
0,0.16735035733384965,0
1,0.6685643639568034,1
0,0.0853123609074355,0
0,0.5859988494223187,1
0,0.23600535488938226,0
0,0.08373761457463642,0
0,0.13257722948232975,0
0,0.5791660993142662,1
0,0.08376828113821236,0
0,0.09375499056321525,0
0,0.561429081708169,1
0,0.07811684158345515,0
0,0.5688255280710964,1
0,0.10204139918635559,0
0,0.0796598438090028,0
0,0.34569806827331545,0
0,0.592616874363338,1
0,0.5015003349136823,1
0,0.1232720965760354,0
0,0.142251727199095,0
0,0.09342883078411078,0
0,0.0815413054573077,0
1,0.9543697829940683,1
0,0.2521945352527854,0
0,0.10701590067554999,0
0,0.06737216905510543,0
0,0.11323319002707227,0
0,0.5214615567496791,1
0,0.22073981453913163,0
0,0.22467418378887213,0
0,0.3977315850658533,1
0,0.214480052571304,0
0,0.08026254716552496,0
0,0.174661623798838,0
0,0.22229208767834432,0
0,0.15937960457978648,0
0,0.13651563283447443,0
0,0.06674039159217908,0
0,0.16487455877241916,0
0,0.8325664661411878,1
0,0.08721525551345684,0
0,0.2596907747850055,0
0,0.5593907081972492,1
0,0.6198843655637299,1
0,0.6053423909055888,1
0,0.33488916210713965,0
0,0.4759345305678436,1
0,0.10914642565704724,0
1,0.4199399880653636,1
0,0.13995681272080038,0
0,0.22189358134073914,0
0,0.19480469443761173,0
0,0.15748604103289882,0
0,0.3239287340159802,0
0,0.2017056867073497,0
1,0.837629094616456,1
0,0.571289183614828,1
0,0.6226635688054568,1
0,0.11977487747989154,0
0,0.37997287856542444,1
1,0.354074444355622,1
0,0.11467599775129171,0
0,0.1488503983953594,0
0,0.07816418020996899,0
0,0.27912697343632803,0
0,0.5337065878469112,1
0,0.40903779478569385,1
0,0.5445632691707831,1
0,0.2970275039856573,0
0,0.3310838675414123,0
0,0.1356947729287558,0
0,0.15843437707537295,0
0,0.18033567938959963,0
0,0.1208356648884375,0
0,0.06778918016059104,0
0,0.8126691462998583,1
1,0.944160699094197,1
0,0.1606109067918709,0
0,0.07063721546443519,0
0,0.13266879989309222,0
0,0.0897839786013127,0
0,0.09767445837250871,0
0,0.5805434767692889,1
0,0.44308987930921734,1
0,0.8918191638906957,1
1,0.9124878312229796,1
0,0.10395776919085829,0
0,0.5811499574772939,1
0,0.15551715391283277,0
0,0.0783895860125009,0
0,0.42291691325055436,1
0,0.43166035368012556,1
0,0.22305972355208922,0
0,0.36464392959462105,1
1,0.7683321559938612,1
0,0.11083622461472056,0
0,0.13383070387885043,0
0,0.7755721798578449,1
0,0.09941334485669515,0
0,0.4816982277461266,1
0,0.14199298013482478,0
0,0.17369255798892203,0
0,0.11655836950926907,0
0,0.0859299323997844,0
0,0.19391094471062845,0
0,0.13530137604452794,0
0,0.3217908750936733,0
0,0.1383681740618709,0
0,0.4076328912284664,1
1,0.5201745518769942,1
0,0.34648909783705056,0
0,0.21389111579177633,0
0,0.8296383069606751,1
0,0.30479841107263955,0
0,0.20671889768332968,0
1,0.8365480658847333,1
0,0.1443767729813266,0
0,0.15272668031142111,0
0,0.1673083493804077,0
0,0.667399460985856,1
0,0.09730045238070095,0
0,0.8633453342990198,1
0,0.387200505828632,1
0,0.4115575551355138,1
0,0.33867748016076593,0
0,0.4044821799416694,1
0,0.1977024382792156,0
0,0.12888564073791128,0
0,0.39214151246346945,1
0,0.5379100530727834,1
0,0.17780841733209418,0
0,0.887207407347327,1
0,0.40390628746653756,1
0,0.4173044685693823,1
0,0.08146520358523297,0
0,0.24596089579799701,0
0,0.9084041450815747,1
1,0.9673830820355217,1
0,0.22034457471184388,0
0,0.24587494816949348,0
0,0.09286399624011693,0
0,0.13738399209799712,0
0,0.3069983011785739,0
0,0.73537506272712,1
0,0.10703070679495429,0
0,0.16059117794000735,0
0,0.13956080717877148,0
0,0.13452096698664057,0
0,0.12595904084168774,0
0,0.11066272866480747,0
0,0.5770358640178338,1
0,0.21412469449668772,0
0,0.13183312303228634,0
0,0.23516824763220914,0
0,0.21527639402578583,0
0,0.36001308775377455,1
0,0.37536775379497667,1
0,0.11199707421508888,0
0,0.10807675091355369,0
0,0.08216079359988705,0
0,0.40304620941583214,1
0,0.09309231728330039,0
0,0.28139607447410875,0
0,0.16706011520187597,0
1,0.6067516513776089,1
0,0.063333723944028,0
0,0.4360727916615557,1
0,0.42927804376696277,1
0,0.14007515510502722,0
0,0.0939895501178723,0
0,0.1793334157765288,0
0,0.13057160244445776,0
0,0.36441425861161325,1
0,0.10508650913672697,0
0,0.11190483636947517,0
0,0.7797955781343768,1
0,0.4794261951569233,1
1,0.9277014862557235,1
0,0.3507220962123578,1
0,0.42151012002047505,1
0,0.10405491274565945,0
0,0.1421444879258303,0
0,0.05595292654042998,0
0,0.20766526574249425,0
0,0.3072285671479157,0
0,0.0941412131162827,0
0,0.7355054662022048,1
0,0.15168948727258375,0
0,0.8967427711525926,1
0,0.14224509092566112,0
0,0.6801589312531835,1
0,0.08459555055338448,0
1,0.8204063513987374,1
1,0.1242950831835643,0
0,0.20541172071082883,0
0,0.09566568815607181,0
0,0.11266430745621693,0
0,0.7363096318298479,1
0,0.3164852423743494,0
0,0.11272281044677743,0
0,0.8518402714949734,1
0,0.05328384347169304,0
0,0.08857309752716988,0
0,0.7424341645251984,1
0,0.16323103944720008,0
0,0.21430452163267533,0
0,0.053576653937283364,0
0,0.886085664592296,1
0,0.12910573474678153,0
0,0.14109995295699582,0
0,0.09343045625538832,0
0,0.8304365350600247,1
0,0.15441141351092366,0
0,0.3494917529131149,0
0,0.09105124709538538,0
0,0.08471289827605154,0
0,0.35300183728998874,1
0,0.2496897936894393,0
0,0.7366453106747566,1
0,0.07741684187613075,0
0,0.3750544259013458,1
0,0.35739551279297394,1
0,0.12654078923654719,0
0,0.11831943136576975,0
0,0.11678708483200057,0
0,0.1466444075842639,0
0,0.13138883406374982,0
0,0.3841064137451289,1
0,0.3322930736905427,0
1,0.8815734838117852,1
0,0.37788478695017425,1
0,0.32590761444761734,0
0,0.8576742750478564,1
0,0.4002741968262968,1
0,0.1377454961752222,0
0,0.7997764576582278,1
0,0.44672459865042574,1
0,0.5796854056775141,1
0,0.5129649560691278,1
0,0.8150761241472345,1
0,0.12406678215791934,0
0,0.6773722063901882,1
0,0.13480858680362037,0
0,0.8282949443610196,1
0,0.26371585436606093,0
0,0.4254282560240924,1
1,0.47287629973326273,1
0,0.596157316189908,1
0,0.6529028704095577,1
0,0.07557670641631893,0
0,0.3850575404340061,1
0,0.14153291573272725,0
0,0.12921759285044704,0
0,0.15794537167335548,0
0,0.07964087081198488,0
0,0.44020701803800366,1
0,0.11265552421204561,0
0,0.8539413795465316,1
0,0.14599320604476362,0
0,0.536246998318752,1
0,0.4434495209641404,1
0,0.835961633499496,1
0,0.7874237213293055,1
0,0.362944134434825,1
0,0.2896006835952741,0
0,0.14837961956340345,0
0,0.6843145350690466,1
0,0.12715332237890345,0
0,0.1955089889115952,0
0,0.09329838756882508,0
0,0.1524834650455291,0
0,0.7953474182088325,1
0,0.3769699456224185,1
0,0.20545306183818202,0
0,0.3791441607874432,1
0,0.29507643222478086,0
0,0.48266434525736684,1
0,0.30952296135707724,0
0,0.7225514694916666,1
0,0.4918883555019563,1
1,0.14205175610791423,0
0,0.19636120604709534,0
0,0.0685360458162659,0
0,0.14493210796349928,0
0,0.09325795493540306,0
0,0.30382606570313164,0
0,0.8287649894273056,1
0,0.11323064599534317,0
0,0.1362222280896454,0
0,0.14249837552176547,0
0,0.13179124731506406,0
0,0.09765770619817576,0
0,0.15453001722308593,0
0,0.09430837482207993,0
0,0.42439022158468115,1
0,0.12616935330500098,0
0,0.17964299809783385,0
0,0.07301180796948606,0
0,0.13224490530119565,0
0,0.1274826388997813,0
0,0.2717498767008429,0
0,0.34935676723431275,0
0,0.40204995922303205,1
0,0.604773129907976,1
0,0.43279011394486894,1
0,0.711874691169628,1
0,0.19552330002985704,0
0,0.10744555319973624,0
0,0.12346395775785456,0
0,0.074469678056864,0
0,0.1870786849913759,0
0,0.10494149671313628,0
1,0.5120226694474992,1
0,0.22461512817904322,0
0,0.36688120562502424,1
0,0.5014387499383507,1
0,0.5497717085334738,1
0,0.13287552184288193,0
0,0.5536105020013411,1
0,0.1244222618107573,0
0,0.39384971995503804,1
0,0.09698827623297938,0
0,0.24507807601950632,0
0,0.7943478683956672,1
0,0.11134341256669816,0
0,0.5309667406740379,1
0,0.11765655175604868,0
0,0.1293562686908261,0
0,0.1274199370307945,0
0,0.3454564874227778,0
0,0.5879009442498608,1
0,0.13736246490560763,0
0,0.5144274272213943,1
1,0.7697597014795828,1
0,0.4552875421074674,1
0,0.10882222222857349,0
0,0.18910694413534232,0
1,0.7698929961314934,1
0,0.5403937989003069,1
0,0.5686736669015646,1
0,0.6606989303217923,1
0,0.2128997475755282,0
0,0.07183631941439178,0
1,0.672972454728033,1
0,0.41209066403079264,1
0,0.16102584938066902,0
0,0.14276154713178285,0
0,0.48438627256197314,1
0,0.16459865546157787,0
0,0.8913914380655903,1
1,0.9605530798521897,1
0,0.2921597531659088,0
0,0.10734371694283193,0
0,0.121409234250879,0
0,0.13360120934323416,0
0,0.28869524845384326,0
0,0.05218638166541603,0
0,0.2019225963580709,0
0,0.5747502776976315,1
0,0.0617447214370996,0
0,0.35288255021594317,1
0,0.07883666403247329,0
1,0.3939472951618294,1
0,0.6135150854261346,1
0,0.2649122656521353,0
0,0.06446191560312062,0
0,0.5437105162206115,1
1,0.16621592727930898,0
0,0.1408678811298157,0
0,0.07599521167852068,0
0,0.5606434397750895,1
0,0.1015635950371741,0
0,0.15496570735471632,0
0,0.06051600846722056,0
0,0.12899207335423704,0
1,0.25452914085952794,0
0,0.20204489161025238,0
0,0.0902696318521578,0
0,0.10095854859810573,0
0,0.8961932989693556,1
0,0.19564435146294662,0
0,0.4708841780524857,1
0,0.173257288031182,0
0,0.2781075964888368,0
0,0.09204699826808174,0
0,0.14778030143201323,0
0,0.1534880894311284,0
0,0.6772112198936423,1
0,0.16691579446732668,0
0,0.13094450026996785,0
0,0.1556963983667135,0
0,0.23600496512469107,0
0,0.5174322945061007,1
0,0.08462873051660245,0
0,0.135862527046857,0
0,0.07767266784686364,0
1,0.85430934192517,1
0,0.10079024005092667,0
0,0.17195452469150083,0
0,0.09237822118234668,0
0,0.07349129843691492,0
0,0.08758819648353955,0
0,0.11921530519133433,0
0,0.2025250913064336,0
0,0.07344399036615266,0
0,0.401461378197308,1
0,0.6390638045358705,1
0,0.10044261147834176,0
0,0.8133576665741901,1
0,0.12381433997453885,0
0,0.2319730965191431,0
0,0.6232674908118732,1
0,0.5538047500523321,1
0,0.6185754850441757,1
0,0.4453715046088709,1
0,0.5341217950814635,1
0,0.767417589805838,1
0,0.5838930324139983,1
0,0.06778314045606283,0
0,0.15409959361059922,0
0,0.3836707796810812,1
0,0.24997562612927132,0
0,0.13059339601453798,0
0,0.7276974982567478,1
0,0.1860333506359449,0
0,0.20362108808156362,0
0,0.5216874148616795,1
0,0.07175673281643613,0
0,0.5548742849460279,1
0,0.32248822452693826,0
0,0.09348735241948822,0
0,0.14341287363519709,0
0,0.08923595372887029,0
0,0.11545315258157286,0
0,0.14128464669402468,0
0,0.20524220949885852,0
0,0.14198400211166162,0
0,0.07308240532354567,0
0,0.7750828481363548,1
1,0.36700754337970287,1
0,0.0813409339694783,0
0,0.0717293491231317,0
0,0.09440535376571332,0
0,0.11823196810202871,0
0,0.37131660625694307,1
0,0.11704059228586276,0
0,0.7772492384008826,1
0,0.31664827298562936,0
0,0.08150520239672361,0
0,0.6127632964308521,1
0,0.35803371937077944,1
1,0.96224850768757,1
0,0.11152170197691125,0
0,0.2962487675639792,0
0,0.10186213595805067,0
0,0.20922927566947735,0
0,0.09890694858806555,0
0,0.15381825738397314,0
0,0.3328921793904294,0
0,0.22789008479235562,0
0,0.08485306325256815,0
1,0.37846600743905945,1
0,0.5727409175133218,1
0,0.10402596350886961,0
0,0.25352971207669794,0
0,0.5666127129179804,1
0,0.506252484820235,1
0,0.06263360953602236,0
0,0.14392864345124104,0
0,0.40176980391822636,1
1,0.9343191464397773,1
0,0.2510270125250353,0
0,0.1917003281090162,0
0,0.32819080093047703,0
0,0.07833760856304259,0
0,0.21956514138852204,0
0,0.11962073559248831,0
0,0.6536419601342524,1
0,0.09700253990461949,0
0,0.34547788314934036,0
0,0.430686403570624,1
0,0.3734821469821615,1
0,0.21148541192693196,0
0,0.31518368108729655,0
0,0.2506022736900054,0
1,0.5176075544873546,1
0,0.487823450590317,1
0,0.08490041146627338,0
0,0.3552685558371086,1
0,0.42334682456414274,1
0,0.45428396627730083,1
0,0.05637859018155007,0
0,0.1340909512505251,0
0,0.10884863077011292,0
0,0.1048643420783511,0
0,0.09600618109138655,0
0,0.05912686037324927,0
0,0.10916022901757283,0
1,0.9172761822446436,1
0,0.15507029819183862,0
0,0.07511672630955314,0
0,0.16949718503737585,0
0,0.12610488437940814,0
0,0.43299587454194577,1
0,0.152316010867066,0
0,0.26675667865029284,0
0,0.3792998280486628,1
0,0.14930650002021595,0
0,0.5479225891957631,1
0,0.416863123082344,1
0,0.5762188738504251,1
1,0.9651466167768706,1
0,0.2890592797834272,0
0,0.6729469930813178,1
0,0.1772661065764411,0
0,0.8260787953093487,1
0,0.7876913513780965,1
0,0.12129217192919074,0
0,0.10823069535736415,0
0,0.10472784651223827,0
1,0.8566815780469667,1
0,0.14033463478314404,0
0,0.2390297357803798,0
0,0.4857703365846037,1
0,0.12150956985185585,0
0,0.06880119091349886,0
0,0.22268242007356823,0
0,0.7725482704674423,1
0,0.43109830293983864,1
0,0.10543289426739022,0
0,0.7820782191095982,1
0,0.08487999543644248,0
0,0.1139612964604966,0
0,0.1421452064298026,0
0,0.15381546747462307,0
0,0.11928209548407222,0
0,0.06687129050649072,0
0,0.1682259160356262,0
0,0.15918377534534825,0
0,0.11824423453429186,0
0,0.08251375350999816,0
0,0.08502598358840809,0
0,0.07331473329346735,0
1,0.902387037870759,1
0,0.19502544303385475,0
0,0.31295891981732427,0
0,0.1023438887849232,0
0,0.17044182044081785,0
0,0.38913334877662636,1
0,0.47075492307167954,1
0,0.06659462213420761,0
0,0.11002664943406706,0
0,0.9085044699397528,1
0,0.0862719981743729,0
0,0.10971127265190264,0
0,0.1344836709886704,0
1,0.5652614279061039,1
1,0.6419293068705177,1
0,0.40371756278614607,1
0,0.10484438632067382,0
0,0.5315800633180124,1
0,0.20294043460573763,0
0,0.08265193148369535,0
0,0.26652872937517863,0
0,0.44887849390812495,1
0,0.34859918366125453,0
0,0.2519972968997537,0
0,0.16624761407414612,0
0,0.15495676345200393,0
0,0.7668238305487012,1
0,0.4009852315887132,1
0,0.10505710004684662,0
0,0.9016658857087276,1
0,0.139740934110583,0
0,0.39824771861374214,1
0,0.3240288824459631,0
0,0.5160778167063914,1
0,0.5769453660827986,1
0,0.05855194706524904,0
0,0.20453335256422114,0
0,0.18202351583799284,0
0,0.2484313117874638,0
0,0.09724005621379743,0
1,0.9552356447778946,1
0,0.30708083398863184,0
0,0.0941835292522136,0
0,0.8054521342039287,1
0,0.1301321683167294,0
0,0.3513777755060629,1
0,0.2951674377460782,0
0,0.18452800461299737,0
0,0.1982333627184769,0
0,0.07200693167136656,0
0,0.0785591804289164,0
1,0.7894376718732854,1
0,0.10516083979225704,0
0,0.12399349341336148,0
0,0.07987819698256149,0
0,0.1708728377119768,0
0,0.27979628704697634,0
0,0.20557076566914975,0
0,0.27927688164459513,0
0,0.3234243589168692,0
0,0.25001339533000094,0
0,0.23186701695888592,0
0,0.0868257987092435,0
1,0.376282328779872,1
0,0.5256848493196765,1
0,0.6418785806059749,1
0,0.12637745435461376,0
0,0.5413409683811048,1
0,0.1906512542447265,0
0,0.4115118921744385,1
0,0.5908407046007422,1
0,0.11747821174652494,0
0,0.19164867705912825,0
0,0.26920455995380704,0
0,0.3938781329634838,1
0,0.5263481858810815,1
0,0.25373620069840286,0
0,0.7950693106907281,1
0,0.1617404160774248,0
0,0.7767348012005381,1
0,0.05969605698018024,0
0,0.1070580449974851,0
0,0.16075339146275974,0
0,0.3315852989789238,0
0,0.13848177682979187,0
0,0.1694696546808681,0
0,0.10665989331447202,0
0,0.14866367536717665,0
0,0.17685678009400493,0
0,0.11655282998464936,0
0,0.09591663413574213,0
0,0.39185622506289847,1
0,0.23060470088931193,0
0,0.17754082976861693,0
0,0.1616230181675738,0
0,0.16301056277300846,0
0,0.1192278695230121,0
0,0.5590755293605918,1
0,0.10433404268914968,0
0,0.68098128173118,1
0,0.13595889751973714,0
0,0.1401403229315679,0
0,0.3265682278623789,0
0,0.9059247125967764,1
1,0.9567146740249793,1
0,0.2755495833366505,0
0,0.07035467496633777,0
0,0.3783900313059105,1
0,0.14246084301277076,0
0,0.14318685428429617,0
0,0.2242234068375405,0
0,0.7340772969272757,1
0,0.1400623079366859,0
0,0.49667990198596906,1
0,0.15020587680123607,0
0,0.7598051562697867,1
0,0.08858021826216068,0
0,0.07506701093564652,0
0,0.08717904617067934,0
0,0.7851841618234965,1
0,0.14589138043149413,0
0,0.13251032567456802,0
1,0.6166065094579962,1
0,0.11421964091668535,0
0,0.10837963144215673,0
0,0.14786781117324857,0
1,0.9515204211046275,1
0,0.09326771535209775,0
1,0.44229418182396735,1
0,0.2820639711878976,0
0,0.09858428838143479,0
0,0.46862506229823814,1
0,0.6002587609049386,1
0,0.33353063936022875,0
0,0.11815208980251782,0
0,0.26577039984432377,0
0,0.43002651581426987,1
0,0.838555960966585,1
0,0.20174684834684917,0
0,0.4415812199220117,1
0,0.19337928192171905,0
0,0.08406114170445339,0
1,0.9324386969399745,1
1,0.7168146704916869,1
0,0.20924940433703831,0
0,0.171809021016912,0
0,0.4778595384774674,1
0,0.15362674014172398,0
0,0.7555827332552562,1
0,0.3559794599657927,1
1,0.7135391670272142,1
0,0.7103303118421803,1
0,0.8296731744016035,1
0,0.5892497446935301,1
0,0.1865479300812601,0
0,0.8718884847845372,1
0,0.4787224509418,1
0,0.16617163638122753,0
0,0.26298272121226224,0
0,0.09021349598466366,0
0,0.07537499257285936,0
0,0.19190462473142067,0
0,0.2489977755545659,0
1,0.7758769883311064,1
0,0.08155640007456731,0
0,0.13687229203502638,0
0,0.3497621000845189,0
0,0.0589349679582104,0
0,0.07619065636126146,0
0,0.5221113489094454,1
0,0.08289712107630527,0
0,0.16525559797609504,0
0,0.37193452497285834,1
0,0.563231057728559,1
0,0.1652453943907489,0
0,0.110775233960382,0
0,0.7767793793217864,1
0,0.0758119484443204,0
0,0.1937743497402639,0
0,0.7880000510029289,1
0,0.8436893437521034,1
0,0.2341665991256572,0
0,0.08450848961762066,0
0,0.11452151404366302,0
0,0.5025285090416539,1
0,0.17161461561978308,0
0,0.08970295892966576,0
0,0.13160386987903624,0
0,0.18651949206164103,0
0,0.5069090172390521,1
0,0.4353969823702034,1
0,0.08731376329374048,0
0,0.3492228134768576,0
0,0.6336350473134708,1
0,0.13357522402699365,0
0,0.3996691048219236,1
0,0.3905002487127647,1
0,0.7407415819703528,1
0,0.1374336317447851,0
0,0.4608788628240327,1
0,0.5046667156351219,1
0,0.27308665205084803,0
0,0.23955281528070368,0
0,0.11278319042533591,0
0,0.13016062169258516,0
0,0.15738278377018108,0
0,0.654225360172969,1
0,0.5363834405186665,1
0,0.1532194933422293,0
0,0.1378541479606377,0
0,0.08826427679238237,0
0,0.5040919304112261,1
0,0.29344630986583947,0
0,0.3849185473295742,1
0,0.07415717832740022,0
0,0.352258680066724,1
0,0.07188644335462105,0
0,0.2516694533214727,0
0,0.12920508998438038,0
0,0.2195588059410953,0
0,0.11934519111089713,0
0,0.23237713131328688,0
0,0.6172816926744409,1
0,0.6603960551716394,1
0,0.5683611779600444,1
0,0.1839875785063262,0
1,0.5581579337774221,1
0,0.10273018936509379,0
0,0.19664240426874316,0
0,0.259844498713885,0
0,0.07926330729035978,0
0,0.18990771416118493,0
0,0.3413713120203595,0
0,0.6432638576853562,1
0,0.30166309889908693,0
0,0.7787149596989922,1
0,0.1766994383281261,0
0,0.8168614616102274,1
0,0.12799732686374948,0
0,0.7967057091297651,1
0,0.5469161734583949,1
0,0.24901226107845034,0
0,0.09789582631193541,0
0,0.12444130294995327,0
0,0.16031505642987667,0
0,0.5173014105440633,1
1,0.6259929881806544,1
0,0.13263601270208364,0
0,0.604061277205174,1
0,0.1017095029017751,0
0,0.5645127199402651,1
0,0.4741233135787289,1
1,0.13390525897244876,0
0,0.2067138519934633,0
0,0.10858988618555228,0
0,0.08557879289607943,0
0,0.30427914001115125,0
0,0.346733527492774,0
0,0.0694532391650877,0
1,0.9621988862565939,1
0,0.765439218980098,1
0,0.39921875091499376,1
0,0.31631649580631765,0
0,0.08630174058371543,0
0,0.13469980064446815,0
1,0.6367849770361282,1
0,0.2591249313452105,0
0,0.06482916261179288,0
0,0.21850687921988993,0
0,0.10129377767394777,0
0,0.40261967417379446,1
0,0.3681789095256006,1
1,0.9270679176079278,1
0,0.26746066696520515,0
0,0.3008136890039441,0
0,0.11144914021603691,0
0,0.7584470141046968,1
0,0.17372968976677192,0
0,0.3228966700173233,0
0,0.10147504620959838,0
0,0.10806864714028104,0
0,0.06445033595172502,0
0,0.09317693695657907,0
0,0.08986140967772785,0
0,0.426058563520932,1
0,0.20779721010309393,0
0,0.3399586584146237,0
0,0.13659444415216893,0
0,0.2516801480825766,0
0,0.36347410090813964,1
0,0.08303910623540878,0
0,0.36731172931551015,1
0,0.10755138575333092,0
0,0.19286465215192541,0
0,0.19149535998584535,0
0,0.7495192571487167,1
0,0.9144463914791849,1
0,0.11714008067376516,0
0,0.10659401125866597,0
0,0.21244144981637067,0
1,0.14171962852907302,0
0,0.19859527809525926,0
0,0.19966990759146497,0
0,0.3724635001004688,1
0,0.2959026562361539,0
0,0.794977440920511,1
1,0.8434316274247128,1
0,0.11393651818938443,0
0,0.199181419255291,0
0,0.15411368902426384,0
1,0.7965778551171727,1
0,0.11785184798843396,0
0,0.892494462357277,1
0,0.6387323082600355,1
1,0.8038870637842945,1
0,0.22605498447449895,0
0,0.2829826573872594,0
0,0.8158385857178527,1
0,0.5640545115964684,1
0,0.18332103472901318,0
0,0.25587739631151574,0
0,0.2446758470729387,0
0,0.2851115044008943,0
0,0.14843805154646247,0
0,0.531106331148883,1
0,0.6991246288518069,1
0,0.5362767373301668,1
0,0.07816535854638153,0
0,0.5094185845948602,1
0,0.5512768922822443,1
0,0.13997376883655874,0
0,0.16763175467630975,0
0,0.5630405154020047,1
0,0.12030087649652846,0
0,0.6438705805332487,1
0,0.4943005875895573,1
0,0.0929915569746699,0
0,0.1391129351151511,0
0,0.19573747253265153,0
0,0.3856672615207196,1
0,0.12100194701500627,0
0,0.8581624369755514,1
0,0.1385641822707627,0
0,0.4109278530782106,1
0,0.46133885092712185,1
0,0.30394861364770587,0
0,0.14385291733159938,0
0,0.1533077918106732,0
0,0.2728541976296498,0
0,0.09016916752790338,0
0,0.28268115733280486,0
0,0.23823603151760533,0
0,0.6759008098843392,1
0,0.5158147019993771,1
0,0.14503137545360933,0
0,0.7177815375170283,1
0,0.6301799192411974,1
0,0.07885207591285849,0
0,0.724118939535929,1
0,0.07648513911762227,0
0,0.3324252035897151,0
0,0.6444823730300216,1
1,0.5721316574447315,1
1,0.162263283486043,0
0,0.5288187706526618,1
0,0.12854197185511884,0
1,0.8587941279036685,1
1,0.8110405331310069,1
0,0.611429258009905,1
0,0.32168273007284637,0
1,0.537486849905229,1
0,0.10799878569638446,0
0,0.3022106189736715,0
1,0.6958035903634253,1
0,0.13243655407095675,0
0,0.08094884362221891,0
0,0.8627898029357459,1
0,0.23810088671172905,0
0,0.11172275086235237,0
0,0.12994057178891896,0
1,0.12819813205082356,0
0,0.1273436030786717,0
0,0.19991789914665595,0
0,0.28060769552236287,0
1,0.7663567835272138,1
0,0.13191415127444134,0
0,0.22895374150929512,0
0,0.20225667095384342,0
0,0.19909939104340268,0
0,0.5791618885679277,1
0,0.06668249938816881,0
1,0.8458977086318008,1
0,0.07847620650271488,0
0,0.07852914054523107,0
0,0.40914693053766577,1
0,0.5686290911618375,1
0,0.20688610029903431,0
0,0.18932919314408528,0
0,0.6577393785204,1
1,0.5079309258223222,1
0,0.8844112137538996,1
0,0.6296171144705112,1
0,0.17722501566060636,0
0,0.4852552569710055,1
0,0.6011917348917056,1
0,0.06007057259674735,0
0,0.9094374879394983,1
0,0.121992010554425,0
0,0.16948110720911388,0
0,0.4402241759722918,1
0,0.20303471660109376,0
0,0.09020366681937302,0
0,0.4788651282915903,1
0,0.11562038790962656,0
0,0.17656918869642707,0
0,0.11822214987839871,0
0,0.6370277126628147,1
0,0.8482633782957981,1
0,0.25365311438305993,0
0,0.12437059816729362,0
1,0.6377051370939676,1
0,0.16424144431127433,0
0,0.8448595189443417,1
0,0.1598775110109404,0
0,0.12127115026340533,0
0,0.07544013303387707,0
0,0.2938200803878907,0
1,0.8826974111228729,1
0,0.10165467449600744,0
0,0.5587264480329243,1
0,0.14308458432648222,0
0,0.38084070692626204,1
0,0.40532464536846463,1
0,0.5136371220891645,1
0,0.3376057414701923,0
0,0.09591296149729263,0
0,0.12204411593007461,0
0,0.5716558357863551,1
0,0.12144646787009525,0
0,0.24979631985759673,0
0,0.20721111836876424,0
0,0.22789100461233283,0
0,0.09178268968360422,0
0,0.08994817326704765,0
0,0.10917076639079457,0
0,0.07274369236392347,0
0,0.5846666705182099,1
0,0.24404171026405222,0
0,0.2479400160793781,0
0,0.12490410973511805,0
0,0.6243979634870701,1
0,0.6016605022735009,1
0,0.5749884761244559,1
0,0.14131705962864996,0
0,0.15247765942179595,0
0,0.3102501508594656,0
0,0.060150337351428704,0
1,0.867375410882243,1
0,0.21180091536606757,0
0,0.12956869821669043,0
0,0.24170400490636454,0
0,0.12032578590997242,0
0,0.11479363454760572,0
0,0.1218487008743354,0
0,0.11518626304081392,0
0,0.13878089176859448,0
0,0.5741155485375117,1
0,0.3974015035501405,1
0,0.1822126963735495,0
0,0.17611255159016084,0
1,0.8875023651472833,1
0,0.11417229502659247,0
0,0.20423977520279527,0
0,0.8104853303701206,1
0,0.10999392877957793,0
0,0.2534559657443265,0
0,0.8577869044049025,1
0,0.06718195435303337,0
0,0.418730846450337,1
0,0.5878166679038835,1
0,0.188575775440882,0
0,0.1415132436142215,0
0,0.07649396720176259,0
0,0.07944947880526157,0
0,0.35941507840011827,1
0,0.42907197047081025,1
0,0.07412138771478295,0
0,0.05561788052722945,0
0,0.117560182595633,0
0,0.07315261158977325,0
0,0.310360133082944,0
0,0.12413308902955672,0
0,0.11244643667295963,0
0,0.06783526976166958,0
0,0.24162710110924238,0
0,0.22518326567995922,0
0,0.08740107580124881,0
0,0.08377324532042973,0
0,0.7783745981360939,1
0,0.8746734760564406,1
0,0.7300351468679749,1
0,0.167342749177456,0
0,0.4182834912113797,1
0,0.08453892626025936,0
0,0.12697364177144146,0
0,0.43454428471367945,1
0,0.5344629600712097,1
0,0.849057696358278,1
0,0.11548951872232424,0
0,0.819643422999628,1
0,0.11636548821563066,0
0,0.4069033701017412,1
0,0.326444289034716,0
0,0.1176727405927758,0
0,0.5066355256294516,1
0,0.5604322055378204,1
0,0.12580960370432995,0
0,0.1328108573901918,0
0,0.3338289868775217,0
0,0.0972155829693746,0
0,0.4598339739914443,1
1,0.9470060697838091,1
0,0.5153941324054196,1
0,0.16385455403201843,0
0,0.33145907128646923,0
0,0.7207903349742066,1
0,0.09882804352434248,0
0,0.06029495054940058,0
0,0.18131632578090384,0
0,0.17240757250827193,0
0,0.15749129502026865,0
0,0.6754907793984046,1
0,0.08157484173600071,0
0,0.1608237459357923,0
0,0.15869254438287028,0
0,0.15017603439484414,0
0,0.23194424932235147,0
0,0.15673040980561573,0
0,0.10942170239375097,0
0,0.769300492176421,1
0,0.39779144888726736,1
1,0.8004851912592552,1
0,0.5474472880741962,1
0,0.5705220580288793,1
0,0.4620656668359455,1
0,0.18127205022575332,0
0,0.32690229700023377,0
1,0.41209152390055775,1
0,0.8723493900486682,1
0,0.535867471934511,1
0,0.5124789635886352,1
1,0.3819681636903683,1
0,0.3409038464915612,0
0,0.4280709026613218,1
0,0.25634512625708994,0
1,0.652310785880988,1
0,0.2558900230974261,0
0,0.5831407554383949,1
0,0.06346741096341968,0
0,0.46194474380928197,1
0,0.545654132666013,1
0,0.3828295436419392,1
0,0.10094793713111666,0
0,0.2638352453872226,0
0,0.3528318944818549,1
0,0.1230067462864277,0
0,0.19400782392049232,0
0,0.2450215981462757,0
0,0.23810265674943074,0
0,0.3513269295796009,1
0,0.058812096036499534,0
0,0.3343057025069964,0
0,0.09468658169381731,0
0,0.10578462744472092,0
0,0.5602163445949728,1
0,0.37997902082829593,1
1,0.871896023292637,1
0,0.05250499377152045,0
0,0.2986646504230081,0
0,0.2839323575100055,0
0,0.866030675697106,1
0,0.43911396691525756,1
0,0.24521556239392445,0
0,0.37063201288351955,1
1,0.16153024287950746,0
0,0.07061324606147593,0
0,0.5887637128955181,1
0,0.14953722157980892,0
0,0.6173421809978173,1
0,0.09824719133739052,0
0,0.14069895812745034,0
0,0.3687142479680898,1
0,0.1966805752820813,0
0,0.09928919457771418,0
1,0.46935375610835306,1
0,0.05906141656795063,0
0,0.44568576772744817,1
0,0.10528026736708217,0
0,0.10205979575780452,0
0,0.7510471453340499,1
0,0.6385846337327904,1
0,0.17027266166525085,0
0,0.13986641195696572,0
0,0.8504654941491883,1
0,0.20000329433994463,0
0,0.0759068452150654,0
0,0.08657097370014726,0
0,0.17643267797394663,0
0,0.5966550631149221,1
1,0.866080060132014,1
0,0.11843730318034502,0
0,0.28906427665012946,0
0,0.13508356799863558,0
0,0.22927628456491803,0
0,0.18733657229974973,0
0,0.12061697846563822,0
0,0.10555449947546704,0
0,0.8459080679026025,1
1,0.8100772172224929,1
0,0.3671627802652157,1
0,0.5815712112916349,1
0,0.08025043202282246,0
0,0.28617210219199263,0
0,0.08363611159073844,0
0,0.4337328746317803,1
0,0.12955480782858259,0
0,0.7489708862247926,1
0,0.2628809370593247,0
1,0.923593250457111,1
0,0.0971469676357583,0
0,0.8492557023420843,1
0,0.09740175398863285,0
0,0.1434925423522852,0
0,0.0754872709047608,0
0,0.11335613212297437,0
0,0.16290945458687286,0
0,0.6997723563226351,1
0,0.3849319557492923,1
0,0.3827432792076228,1
0,0.5814625932301841,1
0,0.657567911850542,1
0,0.4163997320112856,1
0,0.07104456187766103,0
0,0.11941493830139649,0
0,0.05850324691985235,0
0,0.4701655982538366,1
0,0.11030674567236808,0
0,0.15446077519483242,0
0,0.06486506400457293,0
0,0.5788860363469751,1
0,0.10586491578303465,0
0,0.13643784450725932,0
0,0.14042487210617474,0
0,0.23963147354030379,0
0,0.10265868611649506,0
0,0.1418469000163936,0
0,0.17393597710018432,0
1,0.9091219561540304,1
0,0.08991326774515976,0
0,0.12022348862486176,0
1,0.3271341575308488,0
0,0.7868979929747475,1
0,0.2510132456783962,0
0,0.088540922466799,0
0,0.25407298216715435,0
0,0.7418622686954005,1
0,0.8358922886824856,1
0,0.2585572677706178,0
0,0.323935828959919,0
0,0.4246789547938256,1
0,0.34236510815742505,0
1,0.1600392180848306,0
0,0.5370292509433635,1
0,0.520679396224203,1
0,0.10570026866384843,0
0,0.6599959655649822,1
0,0.33259293442023297,0
0,0.10795918457928008,0
0,0.2059411167573366,0
0,0.3929535849161722,1
0,0.09398245304676374,0
0,0.08645871268337749,0
0,0.2934170162880781,0
0,0.3579451435708952,1
0,0.08266856575919795,0
0,0.08729147672101917,0
0,0.21227664189025922,0
1,0.8733258901275093,1
1,0.924389033701842,1
1,0.8595620562431869,1
0,0.23360396002435405,0
0,0.5962642846764081,1
0,0.11307626986369561,0
0,0.14587081537557725,0
0,0.4026559630148291,1
0,0.12225393105919825,0
0,0.5948358760650894,1
0,0.13300286761074323,0
0,0.12084883685368224,0
0,0.4992438365965383,1
0,0.1004621769422256,0
0,0.19099829098055188,0
0,0.1823747719279925,0
0,0.3321743931222998,0
0,0.2810812907738344,0
0,0.09431747523739605,0
0,0.37181087621044934,1
0,0.07264759418490016,0
0,0.526665147427467,1
0,0.9182890494129995,1
0,0.16391327157914817,0
0,0.08866575413330285,0
0,0.05908434339391051,0
0,0.11805606150656082,0
0,0.0997979331677193,0
0,0.11313687635344157,0
0,0.12680351596886827,0
0,0.20321680461074307,0
0,0.4585875522355828,1
0,0.4431293726284928,1
0,0.4252277690950487,1
0,0.36749201570662215,1
1,0.5812696898717021,1
0,0.18440423237969616,0
0,0.21363708895897868,0
0,0.44881573303977407,1
1,0.3832438826307712,1
0,0.09511417681184044,0
0,0.290320885279957,0
0,0.09643808751759846,0
1,0.4722692292312422,1
0,0.8454508963089142,1
0,0.12295240938534038,0
0,0.12616504733119277,0
0,0.23199913807276407,0
0,0.850908124453087,1
0,0.8945854390056192,1
0,0.12007128224572192,0
0,0.07273858194045721,0
1,0.5252957423801324,1
0,0.5801610316903916,1
0,0.11444454186283667,0
0,0.18003360778686955,0
0,0.12370621275765899,0
0,0.14342853532247432,0
0,0.5648578770963675,1
1,0.9439254484123079,1
0,0.1046338008841479,0
0,0.17816776125027822,0
0,0.1771861935977691,0
0,0.5583960874898932,1
1,0.8908839385541178,1
0,0.2646706581949504,0
0,0.08504227477027786,0
0,0.15326218717834325,0
0,0.14614044298019419,0
0,0.0956791895594611,0
0,0.26088358687461444,0
0,0.8655779252790782,1
0,0.456827097877306,1
0,0.5383395830037395,1
0,0.17923809280361452,0
0,0.4204798588745134,1
0,0.16816657888247286,0
0,0.15051795861703293,0
0,0.10777901757627087,0
0,0.5935206825974885,1
0,0.07225205203982996,0
0,0.4949018866709348,1
0,0.15578690384882282,0
0,0.3556538941870062,1
0,0.5601286523080908,1
0,0.10388630984021512,0
0,0.1407810122841631,0
0,0.2783995036176579,0
0,0.10320084899537213,0
0,0.12226414061987766,0
0,0.15696340110568807,0
0,0.1511163268984276,0
0,0.31445546210928443,0
0,0.33345141455404304,0
0,0.10247123228681995,0
0,0.16528398316220663,0
0,0.10468393172739031,0
0,0.22164086410664918,0
0,0.501217698235618,1
0,0.2506666098125986,0
0,0.12159352804670943,0
0,0.6616218081658858,1
1,0.7575763397377318,1
0,0.10648946154687346,0
0,0.8815900288227243,1
0,0.10536064730079311,0
0,0.12836541170923335,0
0,0.8441323181380754,1
0,0.9357213346375104,1
0,0.056316535751484015,0
1,0.5736604698525692,1
0,0.054139643868410386,0
0,0.24438656039432652,0
0,0.1427530390449117,0
0,0.11080599076361307,0
0,0.057477870038306886,0
0,0.14089008308958167,0
0,0.0815863105751269,0
0,0.2324264630008562,0
0,0.09440285949103787,0
0,0.09353634166318434,0
0,0.117680490117829,0
0,0.2291136235728303,0
0,0.5698899167776879,1
0,0.11221369094812665,0
0,0.4194576466148423,1
0,0.17868064284343327,0
0,0.39253577118868205,1
0,0.3174705936263778,0
0,0.12126881959182353,0
0,0.4931428080319942,1
0,0.12422614778686089,0
0,0.11677948845513979,0
0,0.07204711451991853,0
1,0.7540087362396195,1
0,0.13312290004791566,0
0,0.824773604380521,1
0,0.4513374095307623,1
0,0.09447088906954446,0
0,0.1095837668676581,0
0,0.8925282794535324,1
0,0.14393277952944897,0
0,0.6614147751189429,1
0,0.15294994475225296,0
0,0.12399159014245763,0
0,0.12525489158469408,0
0,0.19586238548075433,0
0,0.4871057792900926,1
0,0.13821975949735796,0
0,0.13107294083880713,0
0,0.3151152096109724,0
1,0.8774961226415778,1
0,0.08359203049100247,0
0,0.1748270105980134,0
0,0.07529229337816618,0
0,0.10886112584156168,0
0,0.5941310522307204,1
0,0.14260299283249794,0
0,0.26571105693738406,0
0,0.2959065882683936,0
0,0.938655221943032,1
0,0.15299153981155775,0
0,0.10391694330111581,0
0,0.1134530386374299,0
0,0.10713250104486638,0
0,0.17250244919170019,0
0,0.2842164218027615,0
0,0.10307783440313846,0
0,0.16152924051191872,0
0,0.1474425872081919,0
0,0.16084878576612463,0
1,0.41519613008035144,1
0,0.11683262651778385,0
0,0.04969407953213951,0
0,0.13642869027541976,0
1,0.7378762004018139,1
0,0.1132561645036226,0
0,0.13644419178297365,0
0,0.10371190297129045,0
1,0.8934453478690849,1
0,0.12289734639468156,0
0,0.31474970117695444,0
0,0.10233185991106833,0
0,0.6759537126708376,1
0,0.061239571324873496,0
0,0.43570914452731774,1
0,0.6422686978474137,1
0,0.350164612116618,1
0,0.8618765357822625,1
0,0.09703364593603207,0
0,0.16135869907783287,0
0,0.06960260594663625,0
0,0.19028347157410144,0
0,0.06410162832842857,0
0,0.2333063987370268,0
0,0.19531739362873363,0
0,0.6001494426143467,1
0,0.3055492986467911,0
0,0.18640884337517097,0
0,0.0875085547752718,0
0,0.1947125483123317,0
0,0.4693592489585326,1
0,0.7052180565327323,1
0,0.318797610997995,0
0,0.17034711602414887,0
0,0.07664352264933771,0
0,0.6379639509549316,1
1,0.7990226070974481,1
0,0.7570646372060346,1
0,0.20777193540155278,0
0,0.8695455480460315,1
0,0.07218459344304241,0
0,0.19539985400427526,0
0,0.1520319135623285,0
0,0.1390336786976966,0
0,0.18168140952410008,0
0,0.1553689946224402,0
0,0.15973508850970292,0
0,0.08187992169631297,0
0,0.21054136459998654,0
0,0.050798110992969915,0
0,0.3984155959895311,1
0,0.10184580243528348,0
0,0.8562616889379037,1
0,0.4212736799827775,1
0,0.8575087123220095,1
0,0.13427147700750577,0
0,0.21266522092065085,0
0,0.30904097937173786,0
0,0.41618964743219666,1
0,0.10318750845889084,0
0,0.11838580434624398,0
0,0.5490719090973208,1
0,0.200890235322348,0
0,0.387295523605883,1
0,0.2000187606817703,0
0,0.22061935889065704,0
0,0.13402643425881924,0
0,0.19728941862134758,0
0,0.10651378858466402,0
0,0.32051417437166785,0
0,0.1561189692149984,0
0,0.27231043539196753,0
0,0.10059453262861022,0
0,0.15163938771106364,0
0,0.142130473820782,0
0,0.10637484556953625,0
0,0.9073505780594872,1
0,0.36253287525831407,1
0,0.5692187006953573,1
0,0.07386306498745077,0
0,0.07746430711562319,0
0,0.08377769419206887,0
0,0.15299160616052934,0
0,0.07085624532644443,0
0,0.27084443899756694,0
0,0.3279739823497653,0
0,0.9424827967936379,1
0,0.496416621092072,1
0,0.4197710093882022,1
0,0.44269666785095735,1
0,0.195237253659646,0
0,0.09592920027508957,0
0,0.11527541329535353,0
0,0.42767626631436,1
1,0.9602486366519486,1
0,0.05616177179530947,0
0,0.054260654812801644,0
0,0.08578251816739096,0
0,0.2915534370317178,0
0,0.11768825856854996,0
0,0.1825011577903276,0
0,0.21847166428364845,0
0,0.16007518903140366,0
0,0.11543518903251794,0
0,0.6671199799489641,1
0,0.14858060534766848,0
0,0.07173788204137588,0
0,0.42332071714676206,1
0,0.1379490532634027,0
0,0.4876808823827615,1
0,0.09020658550165099,0
0,0.10660405885918532,0
0,0.09006737648942824,0
0,0.13324506342307263,0
0,0.7716391161530359,1
0,0.39996289817675634,1
0,0.5839778476765425,1
0,0.32107960018555526,0
0,0.10096610605087585,0
0,0.13978171928722657,0
1,0.7258168879587902,1
0,0.07227089807651786,0
0,0.1280842618949131,0
0,0.21917892916899434,0
0,0.570547280298621,1
0,0.66995049399742,1
0,0.17899614953946935,0
0,0.10742807312541672,0
0,0.4614754084950466,1
0,0.1256533858127001,0
0,0.6079085363299763,1
0,0.11421313381829114,0
0,0.1738172204012038,0
0,0.1624870606433188,0
0,0.11133680701167636,0
0,0.09916037993874242,0
1,0.5611460607110679,1
0,0.3282142395387474,0
0,0.06395453496353808,0
0,0.07868875292127295,0
0,0.4081153253059198,1
0,0.08882507523471529,0
0,0.1356086791548127,0
0,0.12775889351295486,0
0,0.1275922871683708,0
0,0.7232902466086815,1
0,0.1673666901658794,0
0,0.10193032572136605,0
0,0.07286509129083281,0
0,0.07191857577555885,0
0,0.2024787493202763,0
0,0.11289161930707427,0
0,0.14982274337756293,0
0,0.25630439453092285,0
0,0.1057037596579696,0
0,0.2890234889618348,0
0,0.22256580292141706,0
0,0.6226121718858164,1
0,0.22101511976899393,0
0,0.11394662837597783,0
0,0.13865930139572288,0
0,0.14054507445114245,0
0,0.23428327155552717,0
0,0.12159910284567059,0
0,0.33836629110250804,0
0,0.12366152323474396,0
0,0.10469697506118772,0
0,0.09215909113137319,0
0,0.5231310500062911,1
0,0.4137088634537484,1
0,0.10844930515995578,0
0,0.4831864373522503,1
0,0.4903886218846302,1
0,0.5329567187652087,1
1,0.4147932845264213,1
0,0.3544044461800245,1
0,0.09971332616994508,0
0,0.4657598925269849,1
0,0.4705112303004218,1
0,0.44183052441333265,1
0,0.12021001201361531,0
0,0.4994304941669717,1
0,0.08889626043118143,0
0,0.28524012475983723,0
0,0.47316984202889645,1
0,0.18812476206322745,0
0,0.37156356259433987,1
0,0.5082379376115274,1
0,0.5336176401312132,1
0,0.4271976992178445,1
0,0.1921322923430122,0
1,0.8726952268897694,1
0,0.05583493036977204,0
0,0.3604232560365373,1
0,0.1274177507547801,0
0,0.21307492599674052,0
1,0.8744676495259595,1
0,0.08334425985198658,0
0,0.0927035716895429,0
0,0.3052853544952352,0
0,0.10463092885483577,0
0,0.13172454540627165,0
0,0.1253859544087318,0
0,0.3453026301745059,0
0,0.1503831186661786,0
0,0.5868139994775724,1
0,0.11072000236097876,0
0,0.2184868976618373,0
0,0.10542886839223334,0
0,0.3375880168460403,0
0,0.18021746510402334,0
0,0.6700585082189974,1
0,0.10061529320639094,0
1,0.7683038332486208,1
0,0.11378056415979114,0
0,0.39766144920741303,1
0,0.34872252366580625,0
0,0.5258531345683868,1
0,0.09254973758089628,0
1,0.7248435693729138,1
0,0.20308013131345842,0
0,0.4557375571490516,1
0,0.10810282076465735,0
0,0.9148128460243673,1
1,0.9207140809709934,1
0,0.08223332751050583,0
0,0.17730751428823832,0
0,0.17347646023104546,0
0,0.782910471132828,1
0,0.1651370409396603,0
0,0.15875427833148,0
0,0.236079616388636,0
0,0.05781850653030027,0
0,0.8078657734799741,1
0,0.1361206476749263,0
0,0.12640801833470458,0
0,0.36800467482727234,1
0,0.14068144421217033,0
1,0.7997408282947442,1
0,0.38095979851420736,1
0,0.17622802029559878,0
0,0.10817380429215395,0
0,0.8655095767580941,1
0,0.20574382605949554,0
0,0.2127263144638685,0
0,0.11975836214868352,0
0,0.1833828769298092,0
0,0.2695185541848366,0
0,0.9513760845016357,1
0,0.33316193421212587,0
0,0.0837110005812789,0
0,0.2012807734932868,0
0,0.44261595745845794,1
0,0.21962532173503344,0
0,0.38231146032862606,1
0,0.12600155456549067,0
0,0.10963294409062406,0
0,0.05844420689967052,0
0,0.5255568770894263,1
0,0.4375294547012479,1
0,0.1343869353733277,0
0,0.11884854377787342,0
0,0.10679277891978925,0
0,0.08299888084952768,0
0,0.5226908823805299,1
0,0.1589472347089687,0
0,0.13565459217486694,0
0,0.07741406232433923,0
0,0.5134867591457323,1
1,0.6079946325121678,1
1,0.9348758060337555,1
0,0.4271119167330676,1
0,0.8142845345770536,1
1,0.8294639802443241,1
0,0.12432657383971192,0
0,0.11601601532451823,0
0,0.1521023690823551,0
0,0.9364950444741773,1
0,0.4489290041169571,1
0,0.12351128004442222,0
0,0.35462176258781536,1
0,0.5410971579203707,1
0,0.2284915565893175,0
0,0.26081693623986285,0
0,0.10995237887457679,0
0,0.37772953434945855,1
0,0.29941017952210125,0
0,0.12436650730691952,0
0,0.594481564236355,1
0,0.17821411401626264,0
0,0.4774875741124987,1
0,0.12523862021728793,0
0,0.9168704609739023,1
0,0.5970866210100925,1
0,0.2901920150449105,0
0,0.11481429152743175,0
0,0.1495871392125972,0
1,0.6643333708854776,1
0,0.20826420347998986,0
0,0.23843357431657927,0
0,0.10402634212915084,0
0,0.11266430745621693,0
0,0.10700702753550416,0
0,0.15820682300451613,0
0,0.5682703163397658,1
0,0.8712685426770859,1
1,0.8678935065985246,1
0,0.10595612797711836,0
0,0.5263836636661755,1
0,0.3279584830471099,0
0,0.33142428823667996,0
0,0.19832351310469368,0
0,0.13720184064773946,0
0,0.10064183856722485,0
1,0.6381610876508569,1
0,0.11661029645990148,0
0,0.17591632175407002,0
0,0.1289669108184487,0
0,0.07707046341427803,0
0,0.09770514037196484,0
0,0.7021962122334252,1
0,0.26546664387756846,0
0,0.6195614803747579,1
0,0.20778394397087688,0
0,0.07388360661227858,0
0,0.5429375397355195,1
0,0.1563436960649171,0
0,0.3184071091714865,0
0,0.3675603524965083,1
0,0.6013133423804642,1
0,0.9454590704648581,1
0,0.16708812383656096,0
0,0.7886012047600783,1
0,0.688521952719419,1
0,0.3661575384437883,1
0,0.09338557933838798,0
0,0.20132299883487653,0
0,0.3351640510997496,0
0,0.8053778047525126,1
0,0.9078994806902919,1
0,0.05655275482103285,0
1,0.6817038016070659,1
0,0.056177986892311856,0
0,0.16683158349168312,0
0,0.10020134968508737,0
0,0.31283976387275503,0
0,0.5654067742214816,1
0,0.09263237318443909,0
0,0.1512075182833013,0
0,0.2359660282543407,0
0,0.625861415205511,1
0,0.5733135248945825,1
0,0.12012262490682057,0
0,0.5323524075914732,1
0,0.09535571517826262,0
0,0.1164043737389346,0
0,0.21357504686734585,0
0,0.4730714918486545,1
0,0.22935210907254633,0
0,0.07172865484393606,0
0,0.3911199518737316,1
1,0.44387930687105864,1
0,0.1337852516143597,0
0,0.2752528051493917,0
0,0.141984722187905,0
0,0.5350936189995461,1
0,0.6895101924326742,1
0,0.34377030781099654,0
0,0.49683371990432856,1
0,0.12375556026515443,0
0,0.6734759766278361,1
0,0.146693933093695,0
1,0.9258915400192467,1
0,0.1032565815571418,0
0,0.08204646023127088,0
0,0.5151665465636509,1
0,0.08194468925122074,0
0,0.2187290497528757,0
0,0.22134020464683482,0
0,0.12719351600228523,0
0,0.13580726241384553,0
0,0.3143827845700563,0
0,0.07156078308405897,0
0,0.7511849920233831,1
0,0.08501229729028177,0
0,0.3579493825281545,1
0,0.46773938410437554,1
0,0.3829685583950213,1
0,0.4065289694405587,1
1,0.8196796454383916,1
0,0.07810944724157354,0
1,0.9292876738970286,1
0,0.13929656705274152,0
0,0.5195394571618736,1
0,0.574960849746843,1
0,0.16154941152214145,0
0,0.8140471263254377,1
0,0.1334951790940642,0
0,0.13918872678182106,0
0,0.43008760398555734,1
0,0.22570005120285275,0
0,0.24513231294146748,0
0,0.9356345523488208,1
0,0.3488569708979463,0
0,0.49505837322650714,1
0,0.13120622621062872,0
0,0.10683923510554687,0
0,0.16863376509592726,0
0,0.053885608639464996,0
0,0.10339273323979722,0
0,0.23592882398763393,0
0,0.22494886200608513,0
0,0.1801174348213028,0
0,0.09347771555849385,0
0,0.2708763398689513,0
0,0.8893703283729889,1
0,0.2884843780744263,0
0,0.1827711525388063,0
0,0.1438065913269292,0
0,0.167415078927989,0
0,0.13877046413826147,0
0,0.05017523590409392,0
0,0.13688644582777923,0
0,0.7386350029906591,1
0,0.10405666286189479,0
0,0.05834888556275114,0
0,0.16534705787636372,0
0,0.10023906439710806,0
0,0.27447217536465063,0
0,0.13422960045131407,0
1,0.19252057665102956,0
0,0.2796311938011958,0
0,0.09262700582779651,0
1,0.9132987136096593,1
0,0.7331681582439588,1
0,0.15682252961036908,0
0,0.5849808247644177,1
0,0.1006250990548406,0
0,0.32850688467210354,0
0,0.15235642076659206,0
0,0.11378318221670608,0
0,0.5425271660336157,1
0,0.27878537933848135,0
0,0.15763478479858864,0
0,0.21727426694330498,0
0,0.9014640568386841,1
0,0.1418516339792349,0
0,0.2004315982670209,0
0,0.10048305914701905,0
0,0.08150147824539457,0
0,0.1607880556043465,0
0,0.45070820985957427,1
0,0.07228239307962153,0
0,0.10239714346298821,0
0,0.09049972346941322,0
0,0.3494052738434162,0
0,0.11423274206185238,0
0,0.16728012481181667,0
0,0.258267593936971,0
0,0.2372879493798535,0
0,0.4989646408975513,1
0,0.055417330142942284,0
0,0.12197006628352523,0
0,0.12789372339658472,0
0,0.5947142555030893,1
0,0.635551016156091,1
0,0.30080681686873945,0
0,0.05027119647967879,0
0,0.45789046231871067,1
0,0.4183777677376902,1
0,0.3831501370624114,1
0,0.5822817063423164,1
0,0.12099109503836436,0
0,0.5510760137944506,1
0,0.5238921724797251,1
0,0.11121191152668085,0
0,0.8781831880932428,1
0,0.21226658729402617,0
0,0.1893608354287894,0
0,0.08335722319391392,0
0,0.4966261018658823,1
0,0.16705809428343493,0
0,0.7968346732094511,1
0,0.11958106497330247,0
0,0.7890752504054438,1
1,0.34913284119533616,0
0,0.3566210083402472,1
0,0.43150308525639713,1
0,0.5820131715802097,1
1,0.1849216504265465,0
0,0.2660324184272219,0
0,0.4926109665200724,1
0,0.3243142681246497,0
0,0.5636987189869285,1
0,0.1859609047448099,0
0,0.14032261722184663,0
0,0.04763656652779739,0
0,0.36140899186681713,1
0,0.17570017169720833,0
0,0.10663607143947776,0
0,0.08580763702015116,0
1,0.8998579930546585,1
0,0.6130023568225653,1
0,0.7725213149864737,1
0,0.11763364477860637,0
0,0.4744767596930946,1
0,0.9426056077125149,1
0,0.4985341138799501,1
0,0.6330970869724565,1
0,0.807101413650826,1
0,0.5709698631397744,1
0,0.35478043003729853,1
0,0.7627040554620182,1
0,0.5596696033622232,1
0,0.49780954841448194,1
0,0.17300902789600991,0
0,0.17710687838951333,0
1,0.9147909704454075,1
0,0.09964234052216502,0
0,0.3752962108691562,1
0,0.11521574373981859,0
0,0.13047128934663807,0
0,0.12945213796950153,0
0,0.1319508141825926,0
0,0.14793046129700624,0
0,0.6772371586547695,1
0,0.314112685110783,0
0,0.2841715638337902,0
1,0.32232949356965324,0
0,0.5999640560164705,1
0,0.6064111759712709,1
0,0.47479816476662423,1
0,0.3856191716510479,1
0,0.05264304727862759,0
0,0.12726444018857072,0
0,0.22886857881307576,0
0,0.8667591616178104,1
0,0.3223920501396828,0
0,0.16115242616938635,0
0,0.09108975057371613,0
0,0.09529083428169838,0
0,0.10600320789587771,0
0,0.10736321720423443,0
0,0.6543253163230447,1
0,0.5847024721083535,1
0,0.1924488713047617,0
0,0.17211985785325817,0
0,0.7002213038189381,1
0,0.17999265268582315,0
0,0.0827647384248354,0
0,0.08951075322615884,0
0,0.23024718982645964,0
0,0.23171852769146592,0
0,0.6568188374691805,1
0,0.08796025205800717,0
0,0.44793654209320316,1
1,0.5678183868146254,1
0,0.09117972480145599,0
0,0.17827046655157605,0
0,0.3848734024494926,1
0,0.9531691158851722,1
0,0.6934042587864638,1
0,0.12476745451832358,0
0,0.5620168697025187,1
0,0.14137151134762585,0
0,0.15159617471355805,0
0,0.09102180977014464,0
0,0.23905163330840723,0
0,0.269926188989122,0
0,0.07144631333490346,0
0,0.35493309688925,1
0,0.12264383900987892,0
0,0.08547787600462978,0
0,0.4045820740198422,1
0,0.09944730390517358,0
0,0.9360570390050998,1
0,0.12015151607195464,0
0,0.42129045147682453,1
0,0.2104008426777568,0
0,0.13481583643003364,0
1,0.19440815598100136,0
0,0.5053426166171904,1
1,0.6113858491399697,1
0,0.10224132475835201,0
0,0.33831672875360863,0
0,0.06935393965637907,0
0,0.28440832003457106,0
0,0.3253039212208754,0
0,0.11989063565130541,0
0,0.13747902899993641,0
0,0.37905197350401426,1
0,0.25433531314533303,0
0,0.4894209134965401,1
0,0.6986926861451211,1
0,0.2429254646035752,0
1,0.8777733519587181,1
0,0.42421653112152397,1
0,0.5524368403209574,1
0,0.3422286826953597,0
0,0.1909637039109656,0
0,0.12048944905576858,0
0,0.05565397316680622,0
0,0.4964760821683246,1
0,0.19901533138884656,0
0,0.0910731280143947,0
0,0.1248261854267105,0
0,0.8030983483128498,1
0,0.5756241669141935,1
1,0.8216834712495171,1
0,0.28107665754312233,0
0,0.13801852457099606,0
0,0.8236675526993369,1
0,0.0534333039598057,0
0,0.12845728240623186,0
0,0.2996822761630211,0
0,0.10989895882287182,0
0,0.36842356233244045,1
0,0.2847033787014012,0
0,0.07194455268378107,0
0,0.42019740590967586,1
0,0.085925904633354,0
0,0.08461132376394578,0
0,0.7607813040182527,1
0,0.31942536174759,0
0,0.17340314418375977,0
0,0.6297866221671009,1
0,0.26390745768406904,0
0,0.10987147374665082,0
0,0.1943281818473678,0
0,0.1365554308820405,0
0,0.1440460671476787,0
0,0.46534669276854745,1
0,0.20722100049572784,0
0,0.4147302891318282,1
0,0.24812487661213695,0
0,0.06363725968400424,0
0,0.2059710603338846,0
0,0.08405610390628776,0
0,0.19664929089930658,0
0,0.2752209682839224,0
0,0.1290707595080275,0
0,0.060664393076866066,0
0,0.12487803454924586,0
0,0.47631795601034743,1
0,0.8888712287445207,1
0,0.23749698287852128,0
0,0.30506750075841194,0
0,0.25982490719405626,0
0,0.6105415252523178,1
0,0.085658386201937,0
0,0.17803594709432025,0
0,0.12024623791381124,0
0,0.15464666518513484,0
0,0.14067835440263904,0
0,0.1929325465421483,0
0,0.0728281702927358,0
0,0.17484061138735169,0
0,0.1874170228741908,0
0,0.5384643692863645,1
0,0.3713356761313393,1
0,0.2337320840727598,0
0,0.24086522395958412,0
0,0.2106197290807381,0
0,0.10212370144351511,0
0,0.07937365077436062,0
0,0.15556904003375427,0
1,0.8126004102746173,1
0,0.4760904675715445,1
0,0.19609910877717554,0
0,0.36493019932075654,1
0,0.9283837101831193,1
0,0.34857366735583845,0
0,0.13074671610873312,0
0,0.11470998724338403,0
0,0.24080756222380104,0
0,0.2511664412624924,0
0,0.22960313450338565,0
0,0.5367975884801415,1
0,0.12503837939483536,0
0,0.35864050991335733,1
0,0.10867719528691804,0
0,0.07564105900483466,0
0,0.059625107200752335,0
0,0.12207549247122468,0
0,0.07841561605134091,0
0,0.2577552714046689,0
0,0.09781640526977785,0
0,0.7916555707375023,1
0,0.16778588804425065,0
0,0.07354649831162387,0
0,0.16583206014534724,0
0,0.3871226485031204,1
0,0.16571625207080987,0
0,0.10065201940395373,0
0,0.11783548909632295,0
0,0.09481643162552623,0
0,0.13356468811471645,0
0,0.09602695821358403,0
0,0.5443285789479574,1
0,0.09367540869002973,0
0,0.31848218635507597,0
0,0.0747649244258255,0
0,0.5281738060342305,1
0,0.7315319774213376,1
0,0.3387267855961792,0
0,0.11557535285341058,0
0,0.055469503635879,0
0,0.32613201551443816,0
0,0.34177639537043886,0
0,0.10167105056020774,0
0,0.35528226287339504,1
0,0.18448867544470232,0
0,0.06953677731977165,0
0,0.2011674807831378,0
0,0.12395281536053251,0
1,0.9073291009806929,1
0,0.26899587655601315,0
0,0.12324742227756767,0
0,0.09552521416436653,0
0,0.0822857945664106,0
0,0.5011364298737389,1
0,0.5515685729177592,1
0,0.19765545936246998,0
0,0.4053154699830609,1
0,0.1585985964761711,0
0,0.20909533616009657,0
0,0.5946044077051797,1
0,0.38849240393111656,1
0,0.09778065286955724,0
0,0.18984681162697903,0
0,0.30995578328959106,0
0,0.4694966700754943,1
0,0.19078847273468966,0
0,0.20316398955853016,0
0,0.3592569863608172,1
0,0.4123523124043033,1
0,0.054895434154194976,0
0,0.3097186534982274,0
0,0.36532934167738584,1
0,0.12541676558362827,0
0,0.7201175670993583,1
0,0.1846856952732737,0
1,0.260185287980212,0
0,0.29306583005654535,0
0,0.11842179625487141,0
0,0.14261800059987298,0
1,0.6414048478860476,1
0,0.1601678648584727,0
0,0.11763947550207952,0
0,0.2829479788336153,0
0,0.6383677300344462,1
0,0.3862837091312337,1
0,0.16995577903134995,0
0,0.568557455895237,1
0,0.12255036203027428,0
0,0.15426225732028367,0
0,0.067991554411615,0
0,0.10623545755487042,0
0,0.8231010460511693,1
0,0.13628443170486979,0
0,0.0482566023031444,0
0,0.1945022220517809,0
0,0.39270216057011287,1
0,0.1055985166174625,0
0,0.1227460700977241,0
0,0.13349954937006217,0
0,0.723090434921206,1
0,0.534346683897897,1
0,0.1386454307774015,0
0,0.4362892024111095,1
0,0.23874457684215333,0
0,0.05765705924794113,0
0,0.1407228703514588,0
1,0.6026849742543907,1
0,0.778123223338129,1
0,0.06698751192820294,0
1,0.6001588341406812,1
0,0.18634590794411146,0
0,0.07903109467149046,0
0,0.44074762479250695,1
0,0.06567045419967354,0
0,0.33466864849955313,0
0,0.3286319885939956,0
0,0.3130547006317058,0
0,0.8280651893393378,1
0,0.1554195045378988,0
0,0.1871507328644921,0
0,0.31454647395293456,0
1,0.9285195330839593,1
0,0.5418491180930056,1
0,0.2475822570349653,0
0,0.05852018359313236,0
1,0.9142477992429211,1
0,0.10123315645221025,0
0,0.5149178958233595,1
0,0.9236955884005638,1
0,0.16234079250574246,0
0,0.7792880426901326,1
0,0.5372159443508847,1
0,0.8570288964222192,1
1,0.7713090857019876,1
0,0.12895657581271028,0
0,0.13562969764899097,0
0,0.8353315931008641,1
0,0.41323374633304977,1
0,0.08223991255835018,0
0,0.0760778032228963,0
0,0.1356193871508661,0
0,0.5717590647278369,1
0,0.4734329024433998,1
0,0.18197263800101854,0
0,0.06137191400289695,0
0,0.0662773004887169,0
0,0.2548931471510645,0
0,0.09946143579302769,0
0,0.09222645029729475,0
0,0.05841589881705725,0
0,0.5194692719452174,1
0,0.8404518260529452,1
0,0.19236356553607498,0
0,0.30259369980387874,0
0,0.14043288879519858,0
1,0.24101995993521375,0
0,0.11593445640061108,0
0,0.07048491403652478,0
0,0.49603453768665456,1
0,0.5276672048030557,1
0,0.11760282965685145,0
1,0.8507404399514163,1
0,0.555576151768158,1
0,0.2628758827291426,0
0,0.4141287761252768,1
0,0.05860888592615324,0
0,0.13569126429472267,0
0,0.5493078100904702,1
0,0.15016962409810475,0
0,0.2923020791192078,0
0,0.13240291394180947,0
0,0.21320369498672898,0
0,0.3871436271176813,1
0,0.17596981164833891,0
0,0.18009010550140817,0
1,0.9585012856119196,1
0,0.07749989021395524,0
0,0.7648571205746405,1
0,0.41903343464800863,1
0,0.08467426545243084,0
1,0.8362599727249121,1
0,0.1403322976724437,0
0,0.09016863178706355,0
0,0.0896984378615625,0
0,0.8965659612368838,1
0,0.18928183889425879,0
0,0.4770736516863362,1
0,0.5370949063014019,1
0,0.28993570968994353,0
0,0.7654254564640124,1
0,0.08922779014241777,0
0,0.46572811406378983,1
0,0.4601679554730034,1
0,0.07723611891990542,0
1,0.7481515638905487,1
0,0.7970438446436477,1
0,0.4641007779243636,1
0,0.16373615501742145,0
0,0.1065684348898514,0
0,0.94422863457535,1
0,0.8098620052383848,1
0,0.8602941858439863,1
0,0.14085708440417943,0
1,0.9580398992776323,1
1,0.881474543502121,1
0,0.17151300627358568,0
0,0.8302848840625294,1
0,0.12579808815004753,0
0,0.07325125097260764,0
0,0.36640399126047013,1
0,0.09435761928251958,0
0,0.19391950774777086,0
0,0.3898788814303243,1
0,0.2203522469213923,0
0,0.09662886565205284,0
0,0.29334084616263156,0
0,0.07047159036983379,0
0,0.08294180036371943,0
0,0.3996871307143529,1
0,0.07087553529821895,0
0,0.09884590403015384,0
0,0.1056890855703763,0
0,0.12864054635159908,0
0,0.44521391107517627,1
0,0.08921001833364424,0
0,0.20662447949700263,0
1,0.9437971756783391,1
0,0.24518365988657853,0
1,0.8102202437509075,1
0,0.7063404788886692,1
0,0.2696780203631414,0
0,0.20253958923660753,0
0,0.08485789270738095,0
0,0.4926263506949203,1
0,0.07958517530115307,0
0,0.8142448349465348,1
0,0.13989769968442406,0
0,0.3209732921056984,0
1,0.5911491406935465,1
0,0.07911212550309134,0
0,0.3003123790703001,0
0,0.5089302505667993,1
0,0.12920344476828763,0
0,0.3067534625590191,0
0,0.2972897360079255,0
0,0.056285859933229584,0
0,0.1717592510848653,0
0,0.06334753274925382,0
0,0.08854011435937256,0
0,0.8258590839874845,1
0,0.1981010257144862,0
0,0.31679014445579384,0
0,0.38910945261759655,1
0,0.6495414915625555,1
0,0.09085008838436331,0
0,0.4630572426711681,1
0,0.12086214711154789,0
0,0.29496175386757684,0
0,0.7716946376414993,1
1,0.7264771360394027,1
0,0.37630490485270734,1
0,0.2590073927229793,0
1,0.47447109718256625,1
0,0.09922031219645588,0
0,0.10573543562500148,0
0,0.14357421090112663,0
0,0.41439170417708476,1
0,0.5333205005535164,1
0,0.1523211731479143,0
0,0.20480353449649366,0
0,0.05472602929547194,0
0,0.35781122057738973,1
0,0.19164602402441278,0
0,0.8530406592855865,1
0,0.28777107835041915,0
0,0.92636551662148,1
0,0.7222270985550332,1
0,0.6274289869876094,1
0,0.09033707712168304,0
0,0.15185995522032678,0
0,0.08738653461581913,0
1,0.9021090525176125,1
0,0.8631152540102957,1
0,0.08604315568107615,0
0,0.7170037997600189,1
0,0.1023144593734578,0
0,0.06883321666882433,0
0,0.8232301260752422,1
0,0.3809348419682193,1
0,0.14367629911297133,0
0,0.12847987562767232,0
0,0.7080328910495678,1
0,0.10679162431251323,0
0,0.5675933129057973,1
0,0.5212285379180371,1
0,0.3996302018145375,1
0,0.6768740316897321,1
0,0.130421374727837,0
0,0.3798997012406581,1
0,0.1981645937052,0
0,0.11492938498082929,0
0,0.20917656020819442,0
0,0.32238936818822667,0
0,0.07955338818529167,0
0,0.1854937969577029,0
0,0.7927345285135426,1
0,0.10761658533588635,0
0,0.09235248559824621,0
0,0.088768713687177,0
0,0.1350436962876386,0
0,0.5490060918150911,1
0,0.10711347505241832,0
0,0.36919294303884015,1
0,0.36321486007849774,1
0,0.12106243246439743,0
0,0.4174567471167258,1
0,0.14741729533975514,0
0,0.19284093100340902,0
0,0.436249763359023,1
0,0.36965010411702603,1
0,0.5467595294415399,1
0,0.07662457580706178,0
0,0.10679073890745919,0
0,0.5311773988110731,1
0,0.298854824240213,0
0,0.07859512597459156,0
0,0.3685238061733009,1
0,0.4746858764403269,1
0,0.10010770025770477,0
0,0.1781730545548912,0
0,0.9262487139843685,1
0,0.18546962058890515,0
0,0.3255826670191704,0
0,0.26536227091211556,0
0,0.3406718885595415,0
0,0.20439101671812532,0
0,0.42630565021149397,1
0,0.12213185423186362,0
0,0.13186350008301148,0
0,0.23425351379877146,0
0,0.29435879235749196,0
0,0.33041115440626323,0
0,0.28539211386047997,0
0,0.4098190776767948,1
1,0.17476141716216873,0
0,0.07198573914521739,0
0,0.2054844358980693,0
0,0.11351992561470936,0
0,0.30684990045753563,0
0,0.0835833245900225,0
0,0.8354577164183309,1
0,0.7837265196187074,1
0,0.38862962223002934,1
0,0.18616038418435418,0
0,0.6549826198548154,1
0,0.05859255036852031,0
0,0.7546185264753175,1
0,0.3013597993615778,0
0,0.23637883464445555,0
0,0.7773959476318992,1
1,0.45537480695193255,1
0,0.5096351514352115,1
0,0.1564489741468996,0
0,0.2266786115259999,0
0,0.5691415046581764,1
0,0.11036348032243275,0
0,0.13753825224897798,0
0,0.33814959767948743,0
0,0.22647055469187133,0
0,0.2528588014103727,0
0,0.09300764149153044,0
0,0.09795479268720136,0
0,0.08949157275271429,0
1,0.8385206421601519,1
0,0.36095992091334494,1
0,0.10262327875520062,0
0,0.43913583758251207,1
0,0.46683349498631105,1
0,0.3088825903912449,0
0,0.061476200707308595,0
0,0.35017686078603183,1
0,0.11008153583080019,0
0,0.10453575102935266,0
0,0.3999605496272959,1
0,0.11235257241662834,0
1,0.8351745070071952,1
0,0.5604115342166311,1
0,0.08460707858318064,0
0,0.16724419825534273,0
0,0.15728365559181465,0
0,0.1803945706494866,0
0,0.10964099799207112,0
0,0.2614749581041992,0
0,0.1481351080216415,0
0,0.10848660477861045,0
0,0.7516835113851028,1
1,0.7771203067014182,1
0,0.1639434122359428,0
0,0.19058569002778497,0
0,0.7122455718675924,1
1,0.6348734475448824,1
0,0.15139948514500645,0
0,0.6076406848996192,1
0,0.0911370351462887,0
0,0.09715124832631393,0
1,0.9041259811861528,1
0,0.37183602945558525,1
0,0.35496819550909775,1
1,0.7672217205814045,1
0,0.07660253272805034,0
0,0.5193616919911554,1
0,0.11456725539865933,0
0,0.08169670762910812,0
0,0.1043246125876501,0
0,0.6192762262255537,1
0,0.47311577988377895,1
0,0.08953873155355645,0
0,0.1493791814807176,0
0,0.7249708321179869,1
1,0.46540235800935287,1
1,0.15534163551687277,0
0,0.15569906749853188,0
0,0.10128548483194931,0
0,0.11584052150520958,0
0,0.45149547306916415,1
0,0.6790281406962406,1
0,0.38905768413676267,1
0,0.10474189090416566,0
0,0.18311468867475827,0
0,0.1906913709367342,0
0,0.14429777055277002,0
0,0.23963382409051714,0
0,0.13757559214190268,0
0,0.4812676261106621,1
0,0.2935152345416969,0
0,0.333943402141153,0
1,0.9125421461807596,1
0,0.4316425793275649,1
0,0.4430555382495236,1
0,0.07698635472864475,0
0,0.11758949702084079,0
0,0.12593843440134792,0
0,0.050346606062184114,0
0,0.1556125480859734,0
0,0.45467006458798004,1
0,0.07103705934515459,0
0,0.3440723303177273,0
0,0.30798646044601585,0
0,0.45501801976084855,1
0,0.06942192705008528,0
0,0.06940188048291374,0
0,0.07908792734843212,0
0,0.7090929106152062,1
0,0.1009171973828318,0
0,0.08656026235991358,0
0,0.3278640887367905,0
0,0.16585837687424265,0
0,0.3584454270754787,1
0,0.8793004863833997,1
0,0.6125107538879929,1
0,0.14393875390353328,0
0,0.2290801432827723,0
0,0.06811594328581641,0
0,0.75742669224934,1
0,0.09128269658411588,0
0,0.23231754138595823,0
0,0.188033410273166,0
0,0.13155182092516018,0
1,0.5856945337721216,1
0,0.24934521057347106,0
1,0.9671276916572334,1
0,0.4727662293623265,1
0,0.24682276493769853,0
0,0.5374189758073423,1
0,0.37541248353363366,1
0,0.6319988227236868,1
0,0.3327444610458639,0
0,0.32541679110996713,0
0,0.056316535751484015,0
0,0.14311551371464445,0
0,0.11025673958964526,0
0,0.40682674656555595,1
0,0.14276694898556713,0
0,0.2735585846078945,0
0,0.13559574252592438,0
0,0.08223625554753693,0
0,0.24652008265289063,0
1,0.5910501983766335,1
0,0.1355680826876695,0
0,0.4613828976221818,1
0,0.6194062280989283,1
0,0.21969548425483737,0
0,0.3702127320213348,1
0,0.8771296530896114,1
0,0.2415170049645908,0
0,0.07986993143642246,0
1,0.9634178386707856,1
0,0.24643338173669793,0
0,0.22245245343798856,0
0,0.5123121450229727,1
0,0.05794061177037828,0
0,0.1077567122723083,0
0,0.10508581867102357,0
0,0.5653414234194384,1
0,0.08889125403021085,0
0,0.10842311245196418,0
0,0.2523530812205461,0
0,0.5727651444891536,1
0,0.2933886700112314,0
0,0.15014315105978115,0
0,0.9498154408838932,1
0,0.44141510107815873,1
0,0.7886012047600783,1
0,0.0770709558434993,0
1,0.8953340449453258,1
1,0.9437937580761788,1
0,0.12268315435683573,0
0,0.7544385329724934,1
0,0.07116393415834771,0
0,0.2792550529697213,0
0,0.28037976166035794,0
0,0.15748626963456291,0
0,0.36827092671606254,1
0,0.05154831663806498,0
0,0.11883688586534333,0
0,0.2326671738870956,0
0,0.5721943119329578,1
0,0.07197054339738417,0
0,0.08132811747019457,0
0,0.5355812318284416,1
0,0.13640478485190846,0
0,0.160456109627062,0
0,0.15104249706534253,0
0,0.41691296190980054,1
0,0.3656191853077355,1
0,0.4610205667982288,1
0,0.09851504618325878,0
0,0.26497831007186295,0
0,0.5088895744125366,1
0,0.22269391290693652,0
0,0.4118367719621736,1
0,0.8566996876595584,1
0,0.10753648581094435,0
0,0.7824272436964869,1
0,0.1375864599263268,0
0,0.8630949509762922,1
0,0.32402494939048065,0
0,0.20116487850282241,0
0,0.3337505021170018,0
0,0.8260211442802086,1
0,0.11069776692618187,0
0,0.11515399159515544,0
0,0.15755420610110907,0
0,0.14895500384767993,0
0,0.1450230243784908,0
0,0.058362607771425545,0
0,0.06026704772827357,0
0,0.22847091986987778,0
0,0.14394509221744525,0
0,0.07083517897226727,0
0,0.14332787101930633,0
0,0.1557453562311666,0
0,0.10362088082929678,0
0,0.1752253561274997,0
0,0.48946346032229676,1
0,0.5074831782476557,1
0,0.21778667155960277,0
0,0.20704077897824588,0
0,0.22027977302244356,0
0,0.3965433836164165,1
0,0.17155242092696693,0
0,0.1285317199469948,0
0,0.4087070280069923,1
0,0.09950707997709031,0
0,0.33854630991815765,0
0,0.09852395155784555,0
0,0.169115192995937,0
1,0.49480004556480833,1
0,0.05728898223166915,0
0,0.501171814662454,1
0,0.40060420083619463,1
0,0.6376789208554554,1
0,0.13325172390091802,0
0,0.8801511606302065,1
0,0.0817559435685794,0
0,0.24433807679550915,0
1,0.4588983497766174,1
0,0.5581335775575637,1
0,0.7427109064849566,1
0,0.1721944971182274,0
0,0.3841440251791383,1
0,0.3439889880409781,0
0,0.07711836689214197,0
0,0.5826161652641882,1
0,0.19770313065741288,0
0,0.09749289369199078,0
0,0.19351196827320008,0
0,0.1339986393910264,0
1,0.5734109041769974,1
0,0.1830555812234026,0
0,0.3304881575219581,0
0,0.14903430932701414,0
1,0.6821519675800752,1
1,0.4528597103309595,1
0,0.2927556434103772,0
0,0.17916445154006533,0
0,0.1664039365263518,0
1,0.620295392209641,1
0,0.13156336970733043,0
0,0.3369879095426325,0
0,0.11599696904771621,0
0,0.13225752082080428,0
0,0.22151719422476204,0
0,0.4191303996798541,1
0,0.23357450749526257,0
0,0.054883255956584935,0
0,0.09416880372908402,0
0,0.5511572959216449,1
0,0.11477451750467992,0
0,0.09682211637918475,0
0,0.274399450200622,0
0,0.1375390856719526,0
0,0.2612831177659797,0
0,0.26288920844238445,0
0,0.35698948085611754,1
0,0.5493276154790361,1
0,0.17593953567941825,0
0,0.08977431872087724,0
0,0.7816274117548283,1
1,0.772531762433857,1
0,0.5893074636133491,1
0,0.08652839031644899,0
0,0.11196203948683656,0
0,0.37913251173852724,1
0,0.11166365661751941,0
0,0.08995528238799316,0
0,0.2922004000278966,0
0,0.32952559373017576,0
0,0.11731133080192706,0
0,0.3223815175365318,0
0,0.20261078892011197,0
0,0.24612387293370394,0
1,0.5328044368628831,1
0,0.14799830653405796,0
0,0.4134959196205435,1
0,0.39558244417503874,1
0,0.30129210328859185,0
0,0.46564130498435286,1
0,0.23695017624924702,0
0,0.09489671097680114,0
0,0.20775440121174546,0
0,0.14346919888497045,0
0,0.06487978211184432,0
0,0.14121197172956415,0
0,0.2337590299569157,0
0,0.06921901233249915,0
0,0.09208492439158408,0
0,0.09345281931353791,0
0,0.10711946838754573,0
0,0.45543097677158634,1
0,0.4195484290153859,1
0,0.13952379407802146,0
1,0.9362861277762613,1
0,0.9010816150317779,1
0,0.16996713033546645,0
1,0.46886739236750186,1
0,0.29135871370246613,0
0,0.17538429804545685,0
0,0.13479332462141827,0
0,0.18519360563111303,0
0,0.6504793702018091,1
0,0.3736986191670016,1
0,0.5199289296177064,1
1,0.7570516263742805,1
0,0.34054713957365473,0
0,0.07037118905988082,0
0,0.1006248538359102,0
0,0.3254081514136719,0
1,0.8081537488496547,1
0,0.879309522514273,1
0,0.16108332324609198,0
0,0.07294971854096143,0
0,0.9422457857156153,1
0,0.5428956769881091,1
0,0.2501059491446978,0
0,0.10104976930415456,0
0,0.19513487496808252,0
0,0.23570725908045348,0
0,0.7804929429273244,1
0,0.6521553569292564,1
0,0.1079506694157845,0
0,0.09968771377276035,0
0,0.6123807672010435,1
0,0.18682139896273875,0
0,0.48707696568743736,1
0,0.2767352300714316,0
0,0.8064730672432021,1
0,0.14009204327953972,0
0,0.6277151920830523,1
0,0.08676339609470729,0
0,0.12837518256908487,0
0,0.11356273306328407,0
0,0.1945213361199228,0
0,0.08778489823220424,0
0,0.2639828443330773,0
0,0.365214713232282,1
0,0.13953026952170386,0
0,0.08039647491521006,0
0,0.07275293250208467,0
0,0.19280133300283692,0
0,0.10458129765453927,0
0,0.1476128472674865,0
0,0.07093274935289451,0
0,0.11624870393223079,0
0,0.2450906023556139,0
0,0.10386812834408747,0
0,0.17445910925376754,0
0,0.15713459232051566,0
0,0.12381396164756865,0
0,0.11818069236379505,0
0,0.3130572010128405,0
0,0.8472925056712617,1
0,0.14174724014369963,0
1,0.9087235036201141,1
0,0.13505256566726276,0
0,0.1367849032396034,0
0,0.9360740769995328,1
0,0.13129409593561897,0
0,0.4906539355433989,1
0,0.12883949014397797,0
0,0.154935238115711,0
0,0.21784012030500263,0
0,0.10798926368646583,0
0,0.18617596310801549,0
0,0.09063982904597134,0
0,0.3130080690292908,0
0,0.7608117966137573,1
0,0.05506125689328936,0
0,0.04975319284153417,0
0,0.6272207541992838,1
0,0.5428249532223294,1
1,0.9119445237026474,1
0,0.12449805002611887,0
0,0.12380311876589609,0
0,0.138587923386913,0
0,0.17067977344281807,0
0,0.708234767344625,1
0,0.11776819833025863,0
0,0.14063700155615894,0
0,0.3483356643525754,0
0,0.3036917908044858,0
0,0.5699010405783497,1
0,0.7851737426559414,1
0,0.41856006721154515,1
0,0.5180776382867158,1
0,0.2409478100289404,0
0,0.23120473160109228,0
0,0.20424927028885098,0
0,0.21789260966369806,0
0,0.11522562270057683,0
0,0.4261148614357663,1
1,0.6325140650068156,1
0,0.3616452536572904,1
0,0.10071310449283913,0
0,0.619296379059608,1
0,0.08649960038989903,0
0,0.16294608371547428,0
0,0.3653128680042094,1
0,0.11437404295057514,0
0,0.31472959870437067,0
0,0.653027576838658,1
0,0.07662182679677078,0
0,0.10686980506294796,0
0,0.07691982934251981,0
0,0.14193379997111702,0
1,0.3083466073106276,0
0,0.4693010466571795,1
0,0.104605295544842,0
0,0.23574982698710797,0
0,0.09913571892325139,0
0,0.17271385449431487,0
0,0.18255655114020275,0
0,0.1134439172114037,0
0,0.14660352487955916,0
0,0.08399589614467635,0
0,0.08677172779742118,0
0,0.087751452055821,0
0,0.1523625620310548,0
0,0.14405660953249796,0
0,0.08501955960931408,0
0,0.17640855092358473,0
0,0.20568193872864843,0
0,0.15107352075350322,0
0,0.8768060533798704,1
0,0.1408457279378816,0
0,0.08979825412883141,0
0,0.19418529647724106,0
0,0.086805378654832,0
0,0.08601010111776183,0
0,0.13929656705274152,0
0,0.7035592393996186,1
0,0.29490598302238374,0
1,0.6651129249213442,1
0,0.3876245143294322,1
0,0.7751463437167773,1
0,0.7260104307295387,1
1,0.8433039562725102,1
0,0.5616039105798071,1
0,0.32750154422279737,0
0,0.4745169024666212,1
0,0.25872018098567984,0
0,0.06602425526528834,0
0,0.09668890183940962,0
0,0.05923292182616747,0
0,0.1284089342371906,0
0,0.1039089526484063,0
0,0.41480927353787167,1
1,0.9593121685684958,1
0,0.37485077109699877,1
0,0.952906608781952,1
0,0.26753440451205573,0
0,0.12930052282304183,0
0,0.1282810554625678,0
0,0.0649097050315679,0
0,0.0854489123789504,0
0,0.7441153003981851,1
0,0.7525401566705469,1
0,0.7793755410268468,1
0,0.099019089289465,0
1,0.5386462593758943,1
0,0.11309734780125022,0
0,0.36549278084654785,1
0,0.09024258422984072,0
1,0.9263570191223834,1
0,0.2625666902720936,0
0,0.13315082217857374,0
0,0.1255949838990219,0
0,0.09254480868571643,0
0,0.24126369909178896,0
0,0.0636960095232696,0
0,0.18985965265247984,0
0,0.20348537602800773,0
0,0.17375599224602634,0
0,0.162766306588811,0
0,0.33303046262154545,0
0,0.1045616932317413,0
0,0.16022752769491594,0
0,0.14375348515560218,0
1,0.25316763679606663,0
0,0.44456023341297035,1
0,0.3276090101196088,0
0,0.23173386870233406,0
0,0.9171923006490641,1
0,0.5788882156951936,1
0,0.1633279430956077,0
0,0.2412831142299214,0
0,0.3133889718177675,0
0,0.12590342943778737,0
0,0.16493068380431591,0
0,0.17747027312958313,0
0,0.1515472878338558,0
0,0.13083776692873328,0
0,0.09140421589935409,0
0,0.861764279082928,1
0,0.2883136769532481,0
0,0.26660272965157183,0
0,0.8865238810055602,1
0,0.34769204270807225,0
1,0.7975395960457792,1
0,0.11284953617807728,0
0,0.8733717769295734,1
0,0.5764201733153539,1
0,0.2994473892509469,0
0,0.41856297815783866,1
0,0.21096413923529875,0
0,0.9075503523697944,1
0,0.14829869360458323,0
0,0.08428811195788923,0
0,0.28745194493810045,0
0,0.9021333277187223,1
0,0.40562908012078625,1
0,0.1261592730135318,0
0,0.3793276055375262,1
0,0.3179046258035838,0
0,0.27027519706835806,0
0,0.10726519357607683,0
0,0.2592051221523736,0
0,0.2546468182189801,0
0,0.4248221468487255,1
0,0.2837153420977093,0
0,0.2107341593088263,0
0,0.18124997226482017,0
0,0.529031519063012,1
0,0.34187451501267857,0
1,0.10619172037628159,0
0,0.9242248062840022,1
0,0.10530910144345965,0
0,0.20057164524177012,0
0,0.5490657604178959,1
0,0.15269116266651492,0
0,0.2548625034910748,0
0,0.6613003471329775,1
0,0.27025596507915683,0
0,0.10767579935165822,0
0,0.5335937892018607,1
0,0.8006325346875637,1
0,0.13787040809281598,0
0,0.10267389133001883,0
0,0.12961176325932472,0
0,0.5474110864211967,1
0,0.05240144174754196,0
0,0.3628537107025074,1
0,0.3680477277946403,1
0,0.07254767151447332,0
0,0.0790226283884365,0
0,0.18590714730285118,0
0,0.9176844193019628,1
0,0.25918500432121716,0
0,0.33775063397531996,0
0,0.07039650047589469,0
0,0.49187404288157266,1
0,0.29090996769997335,0
0,0.08985746402372313,0
0,0.1088106550605585,0
0,0.07840170343878741,0
0,0.08474681702731227,0
0,0.17786205061182586,0
0,0.12593063169725524,0
0,0.25589659083589766,0
1,0.807366128750377,1
0,0.1473398058870981,0
0,0.13538710434464013,0
0,0.12635707188976802,0
0,0.0966558792232926,0
0,0.13038129850273875,0
0,0.23069658500046794,0
0,0.33440159980702544,0
1,0.10892242652548888,0
1,0.5909278645207616,1
0,0.4930747081445201,1
0,0.10760064143212764,0
0,0.06836055249977825,0
0,0.7709772939919282,1
0,0.5915188054817268,1
0,0.5090872306333681,1
0,0.3434059455845778,0
0,0.19923120938865854,0
0,0.5454498341064621,1
0,0.302983797729689,0
0,0.19619400529014802,0
0,0.12287798922811673,0
0,0.33142517874787153,0
0,0.7845216979469559,1
0,0.1428996940819403,0
0,0.15823266020783136,0
0,0.07798169180685117,0
0,0.2737121239866245,0
0,0.25763746439757695,0
1,0.951193316269833,1
0,0.1444730536319671,0
0,0.1139445946750787,0
0,0.13155910138280527,0
0,0.14969108654785487,0
0,0.11321032282324527,0
0,0.46914734286384924,1
0,0.47040509747400105,1
1,0.9650369072477031,1
0,0.5213533493345082,1
0,0.16218576025103468,0
0,0.47326485854058975,1
0,0.2336104471863573,0
0,0.2462401681122697,0
1,0.6409007193358792,1
0,0.17126937620814728,0
0,0.4190905566905112,1
1,0.7479148124163716,1
1,0.8743235755420206,1
0,0.3526535024906369,1
0,0.18507353482315503,0
1,0.48229045082237243,1
0,0.12897850174597866,0
0,0.4497480133522063,1
0,0.6125478406673843,1
0,0.5840838546658628,1
0,0.09575418573396693,0
0,0.1158206363524139,0
0,0.44824344782967407,1
0,0.17983481114767674,0
0,0.11952329089320424,0
0,0.09814409976398326,0
0,0.18351095325015507,0
0,0.4781927282353087,1
0,0.4241293612409853,1
0,0.06999707437124804,0
0,0.5706178557196556,1
0,0.46377734804217474,1
0,0.43358168301043176,1
0,0.3066501543414045,0
0,0.707736225644626,1
0,0.13555122318106666,0
0,0.13238822383540533,0
0,0.1319939497643747,0
0,0.23436890989816037,0
0,0.771471305401694,1
1,0.18853930044672076,0
0,0.18259762233212493,0
0,0.12501888216900287,0
0,0.21276506491545752,0
0,0.11556536891703902,0
0,0.05681559295673355,0
0,0.10100885908220804,0
0,0.17461251354734592,0
1,0.482676401286563,1
0,0.20732637598169817,0
0,0.1566638259366856,0
0,0.1228890448562994,0
0,0.05891082483769818,0
0,0.09727416743295565,0
0,0.6754047079604163,1
0,0.765019973713254,1
0,0.21714663883929494,0
0,0.1592287476186275,0
0,0.39903510668014347,1
0,0.341876558257681,0
0,0.08695764550153964,0
0,0.22961436650002426,0
0,0.19703391861974445,0
0,0.18678916925382877,0
1,0.8524811783658887,1
0,0.3208351611262074,0
0,0.18688234254154903,0
0,0.25964524707530195,0
0,0.17734813986141582,0
0,0.5451915044023738,1
0,0.5327434894310441,1
0,0.6868967071377041,1
0,0.5447601246535263,1
0,0.10367251709788708,0
0,0.19601639605009466,0
0,0.49612064102633185,1
0,0.5242357387166955,1
0,0.10241158484629796,0
0,0.1462389272068975,0
1,0.9458484107640491,1
0,0.25108440340332355,0
0,0.15360316734636095,0
0,0.18539833945085235,0
0,0.20303169423488843,0
0,0.5622238259016634,1
0,0.10237980814796098,0
0,0.155127093737168,0
0,0.10164533812652679,0
0,0.1519608955608391,0
1,0.797937037501782,1
0,0.15551867847773557,0
0,0.6023597498526311,1
0,0.47838514510871166,1
0,0.45687970933568806,1
0,0.21781903387378615,0
0,0.08290223146166592,0
0,0.09379980300081396,0
0,0.137785062464111,0
0,0.09193007534599223,0
0,0.4233484650646914,1
1,0.10759735025113545,0
0,0.6250273100439321,1
0,0.4497676920869469,1
0,0.24118950747148374,0
0,0.4916222342096289,1
0,0.09071258728174797,0
0,0.07675982547101923,0
0,0.43546947983385176,1
0,0.22236945723629253,0
0,0.10763696642998118,0
0,0.11586918090464791,0
0,0.08275227533317002,0
0,0.05894362115524673,0
0,0.5880716017005319,1
0,0.11520671584696278,0
0,0.08859623094964718,0
0,0.15845625779835876,0
0,0.12225001478258579,0
0,0.15598344585612453,0
0,0.3106619805060123,0
0,0.14243891184258886,0
0,0.733638890545073,1
0,0.38594283022199805,1
0,0.5262464020402517,1
0,0.6430734782876046,1
0,0.09883507167551976,0
0,0.23582479738009415,0
0,0.854220231656872,1
0,0.24779010838137674,0
0,0.5661477768629187,1
0,0.6759270722476963,1
0,0.2845581599138285,0
0,0.2801212612181141,0
0,0.22425418886852963,0
0,0.07107990098377445,0
0,0.09168617995280022,0
0,0.1461839791759752,0
0,0.06218834605502074,0
0,0.13093539332549262,0
0,0.054884182107672916,0
0,0.08219001157745258,0
0,0.10678152732105843,0
0,0.504345147046132,1
0,0.598327296692481,1
0,0.23824900994604012,0
0,0.08896477710993132,0
0,0.1148444915749825,0
0,0.08577051421550473,0
1,0.8131949144977052,1
0,0.10482637304787858,0
0,0.1154396314259818,0
0,0.5372225201791717,1
0,0.8152383057750305,1
0,0.2880377140920301,0
0,0.15559685876597307,0
0,0.07340800725844328,0
0,0.1386891978180878,0
0,0.1883496934567191,0
0,0.10578238749323027,0
0,0.14877314264646904,0
0,0.8380666472410927,1
0,0.06611201437437662,0
0,0.2706157950588328,0
0,0.21348036409748006,0
0,0.20815604673889695,0
0,0.40419881425562176,1
0,0.2215241448410217,0
0,0.11784620865156657,0
0,0.05961620416569944,0
0,0.24495417556092045,0
0,0.34381127778923326,0
0,0.15847184766084757,0
0,0.09417701311956768,0
0,0.5216099745162197,1
0,0.111675164403685,0
0,0.34461941200719143,0
0,0.09839061019459351,0
0,0.8307512220654073,1
0,0.10834539821033197,0
0,0.08351989285549283,0
0,0.18296193721577048,0
0,0.7433727214898732,1
0,0.08051512092200584,0
0,0.37414837259352834,1
0,0.13383974341123733,0
0,0.21461455476097915,0
0,0.07803782448089888,0
0,0.9505008671300637,1
0,0.17402154723857963,0
0,0.14207051876722415,0
0,0.5757939690109324,1
0,0.8373615045875459,1
0,0.3176182099700419,0
0,0.9103338217899732,1
0,0.07152187647238387,0
0,0.8059846385155874,1
0,0.13068303338196868,0
0,0.5787418485885109,1
1,0.7812601519701119,1
0,0.12156995897431441,0
0,0.06226914783941702,0
0,0.1040307529091382,0
1,0.9394246838939702,1
0,0.6251483447336552,1
0,0.7896405282758595,1
0,0.5293622340512614,1
0,0.09484018896626815,0
0,0.28973527595169324,0
0,0.5983106564123845,1
0,0.2933528346872372,0
0,0.23673267040837748,0
0,0.09070884076267527,0
0,0.1330156515446274,0
0,0.7198434909677208,1
0,0.8160519199892468,1
0,0.4773296427134486,1
0,0.15104623259522484,0
0,0.35179936741089274,1
1,0.9327037629094455,1
0,0.19145913150973398,0
0,0.11624656116984045,0
0,0.1866678008814945,0
0,0.10429456176576662,0
0,0.5689423064226811,1
0,0.15167570097289956,0
0,0.09809439972078898,0
0,0.1488405901428734,0
0,0.7097410995769086,1
0,0.26488301550660687,0
0,0.20916019868863484,0
0,0.15667778659810083,0
0,0.6054735039593436,1
0,0.13407471626171474,0
0,0.18394367126653755,0
0,0.9037691390044751,1
0,0.21933089063736322,0
0,0.3693042104935219,1
0,0.15357573536205843,0
0,0.17111114148530376,0
1,0.20712145293963483,0
0,0.615762286195283,1
0,0.12209498145344795,0
0,0.7938939786301279,1
0,0.10737850198416939,0
0,0.15614629379494574,0
0,0.8841317305056122,1
0,0.5544373538784938,1
0,0.7100846866688658,1
0,0.17414859726346027,0
0,0.09047843995044702,0
0,0.34573221095005435,0
0,0.3935296394372135,1
0,0.11278899563877513,0
0,0.8222251291977223,1
1,0.6709810651889628,1
0,0.11784528944863136,0
0,0.37920402261970326,1
0,0.09850154751189537,0
0,0.09116118657823569,0
0,0.07199558818334446,0
0,0.45789904843365925,1
0,0.4338938830417421,1
0,0.6056086640467436,1
0,0.07495265237274328,0
0,0.09820940173511881,0
0,0.22833756471867878,0
0,0.17322150366935543,0
1,0.8224104183408136,1
0,0.9403302548917668,1
0,0.15547278105835619,0
0,0.3354835530425721,0
0,0.13349599534155962,0
0,0.11077076277696875,0
0,0.190929258662537,0
0,0.23080953390959252,0
0,0.4579005671011043,1
0,0.23005892812818327,0
1,0.8460067468590717,1
0,0.36150568563790403,1
0,0.1670185621188725,0
0,0.13348438466195828,0
0,0.1448303907186823,0
0,0.5521390295992765,1
0,0.1513215991425435,0
0,0.15831821276710561,0
0,0.07597090687379121,0
0,0.2158214650044396,0
0,0.788509675357944,1
0,0.8192743247638782,1
1,0.2645868691553058,0
1,0.1566736984645853,0
0,0.05983163229977668,0
0,0.38480599547399186,1
0,0.19691931346734926,0
0,0.16641979648354405,0
0,0.4469697386817569,1
0,0.09231636992600149,0
0,0.7688801120960669,1
0,0.11338487994155606,0
0,0.10772644412638559,0
0,0.08108320402962466,0
0,0.1300576587965004,0
0,0.32834874020347615,0
0,0.12110380902445238,0
0,0.12146028090877796,0
0,0.053034157432632255,0
0,0.2315065722229592,0
0,0.305784711672831,0
0,0.5357854779837918,1
0,0.30861260021183845,0
1,0.3428230225229104,0
0,0.12371534094488178,0
0,0.08475996188918208,0
1,0.9142417763914655,1
0,0.19557157699834143,0
0,0.09800033507620995,0
0,0.19963814727757903,0
0,0.4401634103381959,1
0,0.273639627876627,0
0,0.3880223099016239,1
0,0.7729081183947699,1
0,0.4738422757916049,1
0,0.12062573081825517,0
0,0.5643300299752089,1
0,0.16120804837222244,0
0,0.5120228074483338,1
0,0.20892664727130691,0
0,0.11472092289044286,0
0,0.23632387381625014,0
0,0.11890547688895324,0
0,0.4078172101673739,1
0,0.24687504581307504,0
0,0.1225877686253604,0
0,0.362340581887512,1
0,0.23678791381992165,0
0,0.8960780784662726,1
0,0.32515791769927993,0
0,0.08325457176365922,0
0,0.15430884577211834,0
0,0.32044487617082834,0
0,0.7984991607604076,1
0,0.3650192041812257,1
1,0.8103137006636794,1
0,0.10627157030660246,0
1,0.9195127615251516,1
0,0.6052025416311858,1
0,0.5721116707193606,1
0,0.2273565520329341,0
0,0.1257241558782848,0
0,0.27280778618499024,0
1,0.7295182550311319,1
0,0.07019552343214468,0
0,0.2923427471152301,0
0,0.0865789907373552,0
0,0.4631155719309078,1
0,0.11380905210708202,0
0,0.42349907291579264,1
0,0.6194773267829781,1
0,0.05719463264880174,0
0,0.12867612749723306,0
0,0.49358975426138935,1
0,0.09171435262597272,0
0,0.8871799385726004,1
0,0.11017102823278817,0
0,0.30321927608497706,0
0,0.1623862987159603,0
0,0.1170925375285289,0
0,0.30097410823729853,0
0,0.39965549929511973,1
0,0.20714755983097485,0
0,0.13235776125058574,0
0,0.19967697171184431,0
0,0.12775669593929959,0
0,0.11110034124166535,0
0,0.05923180854070107,0
0,0.20512898805817167,0
0,0.23859133636687146,0
1,0.7845148029424484,1
1,0.7062779103656727,1
0,0.569931338666078,1
1,0.7326046747370695,1
1,0.9650522343372179,1
0,0.10780808093181281,0
0,0.09610093301362735,0
0,0.5755801662492531,1
0,0.16597668173144878,0
0,0.09289421127781895,0
0,0.13450172489692858,0
0,0.1515331090017868,0
0,0.5870798209526547,1
0,0.1441375208606212,0
0,0.17638178790878453,0
0,0.4253883872975816,1
1,0.3409536621432478,0
0,0.2024909633015014,0
0,0.46287839727960356,1
0,0.19684310527923934,0
0,0.08159130812981467,0
0,0.7508703657879978,1
0,0.35816369169638357,1
0,0.12020639861947169,0
0,0.3477329540058741,0
0,0.5645968719832585,1
0,0.38030375596596433,1
0,0.691010184149273,1
0,0.06105998841008777,0
0,0.6506531914840553,1
0,0.6728783143255377,1
0,0.2141142974997297,0
1,0.8281440128729397,1
0,0.15980051400485612,0
0,0.13998441343395288,0
0,0.11865809485181887,0
0,0.0917313370464016,0
0,0.5172788021068419,1
0,0.7913541901664218,1
0,0.4861212697228877,1
0,0.6517344232630445,1
0,0.17472694632316293,0
0,0.06706727254942466,0
0,0.09592266476567031,0
0,0.5674631955667858,1
0,0.1502034210315777,0
0,0.488220173774341,1
0,0.14774225668828753,0
0,0.13569155746306819,0
0,0.4021795761086283,1
0,0.20102234017631826,0
0,0.5160253030144002,1
0,0.11527859313690056,0
0,0.145447140925135,0
0,0.052894606568467194,0
1,0.5380172386488428,1
0,0.525057555940753,1
0,0.4621096510814054,1
0,0.11376734741070799,0
0,0.11615760023638609,0
0,0.34383548133594277,0
0,0.5138805471342716,1
0,0.24303862718050454,0
0,0.23900712350029588,0
0,0.11415573208549934,0
0,0.1905562563180445,0
0,0.19248735004781214,0
0,0.13577531608127572,0
0,0.23345360474151547,0
0,0.09673887819215439,0
0,0.07158176701118006,0
0,0.8671337355777854,1
0,0.3554903749838511,1
0,0.9195637630753466,1
0,0.15291130588544893,0
0,0.5773897179443619,1
1,0.5209758007978686,1
0,0.11608648155127622,0
0,0.6846417663724665,1
0,0.7326755049308622,1
0,0.11321894059495007,0
0,0.07441171457968992,0
0,0.36278513693475806,1
0,0.6039574667413256,1
0,0.2609408902567861,0
0,0.1951361967988966,0
0,0.38566175252940593,1
0,0.11339299542108333,0
0,0.3293374779684005,0
0,0.44257851579583957,1
0,0.12523295610367882,0
0,0.1478473022157306,0
1,0.8848265744382124,1
0,0.4964698311752076,1
0,0.2150379266348503,0
0,0.1336603256012372,0
0,0.13087961545293092,0
0,0.626423491221977,1
1,0.20748427188678517,0
0,0.10533038874030502,0
0,0.08741671976005916,0
0,0.42890682310880685,1
1,0.5515989674273624,1
0,0.10938493840470918,0
0,0.19989672873440584,0
0,0.09451595067296055,0
0,0.1298654364054607,0
0,0.08899370632739691,0
0,0.5597735304901509,1
0,0.15956952488821227,0
0,0.9396231918479306,1
0,0.9346805259755513,1
1,0.7886012047600783,1
0,0.13996353698976988,0
0,0.04763656652779739,0
0,0.18940686832765438,0
0,0.1127691772749148,0
0,0.5496160245851727,1
0,0.1884157308963746,0
0,0.2250283748004876,0
0,0.3847368797766742,1
0,0.17673246144039556,0
0,0.07879165129349286,0
0,0.4553960008718793,1
0,0.36837740689165405,1
0,0.4086347884717765,1
0,0.3778615684946592,1
0,0.21473484631765424,0
0,0.15791283951875637,0
1,0.18567773676330715,0
0,0.15244244782877606,0
0,0.26566035072617106,0
0,0.9450846111011947,1
0,0.305202637406568,0
0,0.22409246016848244,0
0,0.2976142604049101,0
0,0.0588829649293527,0
0,0.14636788514835491,0
0,0.16965350416104072,0
0,0.1612379564433944,0
0,0.1255593053730112,0
0,0.09748501382515569,0
0,0.10453616137098423,0
0,0.24948561616465373,0
0,0.4476532811230993,1
0,0.08206022908164881,0
0,0.08908540999345264,0
0,0.13963719412137662,0
0,0.5262417580627985,1
0,0.7581889666724362,1
0,0.22153674764820053,0
0,0.6252111905151503,1
0,0.10764668168469908,0
0,0.43169437870617133,1
0,0.07473153409244089,0
1,0.6988332751385856,1
0,0.7274719226373901,1
0,0.222165692421139,0
0,0.09652248467695627,0
0,0.07342406380041895,0
0,0.5606052780780413,1
0,0.07085485745150519,0
0,0.5059847086504705,1
1,0.7962413984153327,1
0,0.20703901402309233,0
0,0.34697948067651707,0
1,0.9303235924402098,1
0,0.13324953205992077,0
0,0.08642756839958812,0
0,0.11980863848752721,0
0,0.06859576015755214,0
0,0.09637642302642027,0
0,0.2341634582164645,0
0,0.1555861261075934,0
0,0.4512293689973049,1
0,0.17819402829260378,0
0,0.13799982935775898,0
0,0.298130833601555,0
0,0.13368736716114807,0
0,0.4707409104122677,1
0,0.1381111642092368,0
0,0.9470616960177309,1
0,0.1439860580687282,0
0,0.8239956511920159,1
0,0.08582759056010253,0
0,0.17305774069401067,0
0,0.25809278891732695,0
0,0.4327576180722392,1
0,0.32262463587803436,0
0,0.41621243762724996,1
0,0.08442238931579929,0
0,0.9541575640783535,1
0,0.05881555187879641,0
0,0.4863027371489012,1
1,0.9047446828155453,1
0,0.4088103368054076,1
0,0.3037052231428861,0
0,0.14544955123902648,0
0,0.15931826080134312,0
0,0.14344366427431293,0
0,0.31396086876714446,0
0,0.37149382015738597,1
0,0.43240115945708596,1
0,0.578927353314128,1
0,0.20409189314002868,0
0,0.11374804060281668,0
0,0.3253978636373836,0
0,0.3329428738562398,0
0,0.6401193572632471,1
0,0.6154906933571906,1
0,0.13399296514245027,0
1,0.9469699662818762,1
0,0.2214603069374482,0
0,0.12850760319127733,0
0,0.1605154581758869,0
0,0.48620114585511315,1
0,0.49765742650147426,1
0,0.21759929596559033,0
0,0.2810990325276892,0
0,0.16622709437346514,0
0,0.803311966155632,1
0,0.12764544704809913,0
0,0.5573895887660061,1
0,0.45019561774750616,1
0,0.8435318914756607,1
0,0.15240286276308543,0
0,0.2867393264352156,0
0,0.4479517389946305,1
0,0.22225100452454868,0
0,0.12323135234973824,0
0,0.5322212603629203,1
0,0.251310855813136,0
0,0.6323647415775605,1
0,0.40758008360280046,1
0,0.14109851732246567,0
0,0.19925362243871994,0
1,0.5516422182318595,1
0,0.5776623514211411,1
0,0.1301699065177431,0
0,0.1373312570530262,0
0,0.6202400166565808,1
0,0.4892863391508005,1
1,0.9467527164668013,1
0,0.3155975101833374,0
0,0.12519128379595873,0
0,0.13984386858818432,0
0,0.1353905285707508,0
0,0.3275264234187594,0
0,0.6117349738623282,1
0,0.8044005967883591,1
0,0.41464073301271986,1
0,0.47884753274387604,1
0,0.10635949862749912,0
0,0.09293395638368057,0
1,0.6829413074769475,1
0,0.13368641654035565,0
0,0.44780107365279587,1
0,0.8486550795260944,1
0,0.15031277946514918,0
0,0.10174877565723235,0
0,0.20682566053878673,0
0,0.3413859631051819,0
0,0.3346093211086433,0
0,0.7561326881762379,1
0,0.14744098523144253,0
1,0.8181180202759948,1
0,0.30553583354111774,0
0,0.06354633141577963,0
0,0.3413366289370216,0
0,0.3779788251231367,1
0,0.18292946706219232,0
0,0.08303400835269113,0
0,0.7582741658523535,1
0,0.5008473705487179,1
0,0.5420548685179384,1
0,0.3629326998998272,1
0,0.09354649801955163,0
0,0.7553220912795072,1
0,0.13122304445230668,0
0,0.17247057453781156,0
0,0.620978265339316,1
0,0.5926464053140496,1
0,0.8135677610022595,1
0,0.6671289581438656,1
0,0.552495123507573,1
0,0.21213558160484222,0
0,0.10996154642543172,0
0,0.15592566383304068,0
0,0.26289037386330605,0
1,0.8782422788338635,1
0,0.17474295837871084,0
0,0.17195008060596484,0
0,0.18035177545709086,0
0,0.24147612588915374,0
0,0.14545786985337744,0
0,0.5543496474993546,1
0,0.47556591133425863,1
0,0.13265010956287313,0
0,0.0841539729591931,0
0,0.3498564076797534,0
0,0.14473279985073623,0
0,0.09914649035340306,0
0,0.7768686173552604,1
0,0.27811002285837616,0
0,0.5100940840910352,1
0,0.26586167676656314,0
0,0.2614193559475981,0
0,0.10974631772964315,0
0,0.383763960446841,1
0,0.12272578956726855,0
0,0.08097920552779932,0
0,0.2712675429838978,0
0,0.6090782306375074,1
0,0.1064428486437619,0
0,0.1142531949735908,0
0,0.07980587336849097,0
0,0.0562566634178741,0
0,0.30235737868223295,0
0,0.08667207102298771,0
0,0.14839183555916796,0
0,0.12091746661607954,0
1,0.8848684148877975,1
0,0.08115406137723083,0
0,0.07176574144645037,0
0,0.5002011765643765,1
0,0.9031732295992733,1
0,0.125858527797364,0
0,0.07308753282782134,0
0,0.27673275046201773,0
0,0.7392410074908078,1
0,0.11073839083793537,0
0,0.10435263181289764,0
0,0.12465716443276338,0
0,0.591403107505001,1
0,0.11512759774107965,0
0,0.4894722121202689,1
0,0.12199058473599554,0
0,0.3797618140023498,1
0,0.856293180337499,1
0,0.406711808250203,1
0,0.36762310809359555,1
0,0.23289664712972638,0
0,0.11488206943823955,0
0,0.12715011286482786,0
0,0.7468803934901997,1
0,0.17984300227549835,0
0,0.22956843127752213,0
0,0.20402517917008908,0
0,0.11768725467996795,0
0,0.10647582962724324,0
0,0.2799436035075685,0
0,0.49690761804922623,1
1,0.6938261501466956,1
0,0.21036973248496832,0
0,0.6893998059288833,1
0,0.10722536957604181,0
0,0.10521984733058964,0
0,0.6199052591532173,1
0,0.15950485479988472,0
0,0.19465546116030108,0
0,0.23576326849475332,0
0,0.2581094423216029,0
0,0.23581303965688732,0
0,0.25048123270300743,0
0,0.5337802386356006,1
1,0.18305059075288385,0
0,0.21880203902324538,0
0,0.1785501581658407,0
0,0.18552892527345238,0
0,0.56649003447484,1
0,0.08685609089412423,0
0,0.12744859709677056,0
0,0.14513337957925854,0
0,0.1776352684876189,0
0,0.11950412040775481,0
0,0.10498309407826975,0
1,0.6347219800470709,1
0,0.1537363638666717,0
0,0.2501237418097945,0
0,0.1804877866174357,0
0,0.3895889057914765,1
0,0.5704246209962601,1
0,0.4497919649400861,1
0,0.24510419728979285,0
0,0.079466902227552,0
1,0.9309487003105589,1
0,0.42851599847699123,1
0,0.18881648299564224,0
0,0.08078459850570865,0
0,0.2347874294784135,0
0,0.28724283418485946,0
0,0.14337473634604894,0
0,0.8550828347833823,1
0,0.12475050800342061,0
0,0.07549761256392491,0
0,0.09830383692706651,0
0,0.1280423220624157,0
0,0.10792066103041172,0
0,0.16930493926734164,0
0,0.26907755573797126,0
0,0.8737018944733022,1
0,0.5254355576969403,1
0,0.6375978854970076,1
0,0.3128508156566941,0
0,0.6270714795517864,1
0,0.10751622100601935,0
0,0.4079834838517266,1
0,0.14236936729341104,0
0,0.10982974168255186,0
0,0.46639954542640766,1
0,0.30313261066539554,0
0,0.09110273283943958,0
0,0.6031847513762552,1
0,0.08134786120602018,0
0,0.08480867221613601,0
0,0.3991578943438155,1
0,0.05870484532713414,0
0,0.07620944773192374,0
0,0.25616924510074607,0
0,0.16794019201473914,0
0,0.7846223010331117,1
0,0.07507089617814366,0
0,0.1433607343130846,0
1,0.07462935345087611,0
1,0.7703105878488586,1
0,0.5868532275108416,1
0,0.09413818745810218,0
0,0.6004022427613893,1
0,0.18974057223393395,0
0,0.25683952953250044,0
0,0.1750647242888297,0
0,0.30088212923102203,0
0,0.2122118591363938,0
0,0.6621844690465658,1
0,0.08321502855728641,0
0,0.23568826623172456,0
1,0.8953552916460948,1
0,0.18434924294126634,0
0,0.5255153086886334,1
0,0.4897846149976641,1
0,0.590768865205192,1
0,0.7037600962945926,1
0,0.0655174929826711,0
0,0.10379862842643668,0
1,0.8572935849507094,1
0,0.40102214128045455,1
0,0.1349030948086517,0
0,0.1938781655567968,0
0,0.1953218021294726,0
1,0.849304800594954,1
0,0.17749776009251042,0
0,0.18559821713882735,0
0,0.8477487539119394,1
0,0.12053337034148681,0
0,0.10516241898325243,0
0,0.5488755993128962,1
0,0.22274219631037406,0
0,0.10017787192338688,0
0,0.18590814814882464,0
0,0.08938543301192363,0
0,0.11232891355478088,0
0,0.6361878062075548,1
0,0.08991187022526258,0
0,0.6179269964307758,1
0,0.6582026177686024,1
0,0.24209787191335455,0
0,0.7732216617646983,1
0,0.10116317665027513,0
0,0.787017797789002,1
0,0.21983017886532807,0
0,0.34942428324750624,0
0,0.1395246433050813,0
0,0.06431898838037962,0
0,0.6571403165695782,1
0,0.4261186026615742,1
0,0.16656139643708984,0
0,0.13273838090976386,0
1,0.9512555746600071,1
0,0.08193148192339758,0
0,0.08540859269008881,0
0,0.1430829053996156,0
1,0.8674049890097192,1
0,0.2680486282209582,0
0,0.062163041072795126,0
0,0.2110219578772852,0
1,0.8969210373582268,1
0,0.10760435718634875,0
0,0.10040496050817754,0
0,0.18025169638358415,0
0,0.10489808005526859,0
0,0.3563147042234923,1
0,0.10052986536000713,0
0,0.48488551096554305,1
0,0.17374127741062712,0
0,0.10718463149222991,0
0,0.08592878579744147,0
0,0.5305192365355483,1
1,0.902267689681461,1
0,0.10081010107269023,0
0,0.7466209604906064,1
0,0.3804991165522152,1
1,0.8503319057478277,1
0,0.07094538203124369,0
0,0.08423548475732164,0
0,0.09435054908933055,0
1,0.48479371632645496,1
0,0.3621743191003748,1
0,0.4709294538117475,1
0,0.09303468675323882,0
0,0.09496272669482833,0
0,0.27194124001387227,0
0,0.16056376383849666,0
0,0.18011184659289126,0
0,0.7597367345939395,1
0,0.14172455542192283,0
0,0.25267462215653924,0
0,0.44992900283624804,1
0,0.5724732523528285,1
0,0.10847487549932104,0
0,0.5637393703017202,1
0,0.13441535603676227,0
0,0.11932192433951443,0
0,0.08936120429247572,0
0,0.14704878501223823,0
0,0.20377750492426078,0
1,0.9270257406519613,1
0,0.05562241549949063,0
0,0.20532102350029735,0
1,0.21472807217070566,0
0,0.43772628673318964,1
0,0.11531761494627894,0
0,0.6088491791631164,1
0,0.36738913924044225,1
0,0.1209580681489436,0
0,0.08347446980288947,0
0,0.06877925379670682,0
0,0.07240557096559552,0
0,0.37099510604527813,1
0,0.05172725633539638,0
0,0.11547261369740856,0
0,0.27346199355900125,0
0,0.26194230334523144,0
0,0.17410256318501421,0
0,0.36337657595588996,1
0,0.3824899325876912,1
0,0.0831754750109504,0
0,0.08129061883438009,0
0,0.11684582623715056,0
0,0.08878981360618415,0
0,0.25055191115658715,0
0,0.09927276541832818,0
0,0.2063126609529808,0
0,0.6091028213210798,1
0,0.1615000108083574,0
0,0.1424518491309619,0
0,0.14067267584942744,0
0,0.08962443121297765,0
0,0.10450835098356873,0
0,0.21840288518239967,0
0,0.1092248243880425,0
0,0.081952534812936,0
0,0.05161055124951215,0
0,0.476416510935195,1
0,0.19328524343321477,0
0,0.3547367827047072,1
0,0.1871759199905264,0
0,0.1194377468922326,0
1,0.5428432989850016,1
0,0.07309275592994036,0
0,0.5088628343776505,1
0,0.1701123753401653,0
0,0.5488124088042537,1
0,0.09344093569737295,0
0,0.17807028913945236,0
0,0.07700842207568045,0
1,0.7343905300162995,1
0,0.3102239817306111,0
0,0.1765921708022653,0
0,0.11709028619680661,0
0,0.15514081876893365,0
0,0.09044338025964083,0
0,0.8141919839679765,1
0,0.11766258669453698,0
0,0.05211468940115306,0
0,0.2897753933589589,0
0,0.16539808003389136,0
0,0.7420568794786416,1
0,0.14775971721254474,0
0,0.3263599721546969,0
0,0.5721809473576076,1
0,0.09329200941325946,0
0,0.12621548736968183,0
0,0.498908968062901,1
0,0.1166208081135007,0
0,0.8425568542760442,1
0,0.21437958826797587,0
0,0.08476097688189492,0
0,0.09087318583915655,0
0,0.31199738613352695,0
0,0.5180335299515562,1
0,0.36818074250955996,1
1,0.9099034636036989,1
0,0.48769430601570285,1
0,0.11763831594005504,0
0,0.8791165627950764,1
0,0.5401243760598424,1
0,0.09876296531485501,0
0,0.8602184637701773,1
1,0.951986571264782,1
0,0.12633333185601464,0
0,0.4408619593156724,1
0,0.12553256729554937,0
0,0.3044307066383139,0
0,0.3501862101307553,1
0,0.4029528791842293,1
0,0.11242015679387776,0
0,0.5458109833121911,1
0,0.32485792585116885,0
0,0.11203813139003498,0
0,0.12832608573176182,0
0,0.5104910907900049,1
1,0.9330696122638727,1
0,0.5141648633552443,1
0,0.09581393240929587,0
0,0.16090194481170453,0
0,0.10799661711540101,0
0,0.2200025662924016,0
0,0.4704518003859702,1
0,0.21653545680093303,0
0,0.16268486807870763,0
0,0.30538766273917956,0
0,0.05776529201839664,0
0,0.24971201489214712,0
0,0.34443140640375003,0
0,0.07577152703735769,0
0,0.16047730054569898,0
0,0.5408967151580027,1
1,0.12719478543865578,0
0,0.3641466350718554,1
0,0.5177055833161226,1
0,0.34071330695762403,0
0,0.2312355199934551,0
0,0.5267960908371145,1
0,0.08065704600501315,0
0,0.5173410959566598,1
0,0.10197975924634003,0
0,0.059281013785697854,0
0,0.09034954430782896,0
0,0.09621173356013166,0
0,0.5348920889093184,1
0,0.3328029975413836,0
0,0.08383588800845897,0
0,0.2131092527175783,0
0,0.38659700946705655,1
0,0.07657173133369918,0
0,0.20931715967864598,0
0,0.6039200067870442,1
0,0.10268272558530528,0
0,0.10276958078840387,0
0,0.4015779348559847,1
0,0.07410018078457087,0
0,0.12161713548718259,0
1,0.8378765756638387,1
0,0.056316535751484015,0
1,0.5402406815790516,1
0,0.30886317925546936,0
0,0.7917462337608305,1
0,0.2578180479050367,0
0,0.053034157432632255,0
0,0.17706050774381812,0
1,0.9385173770841995,1
0,0.11656256919276158,0
0,0.13138649850508902,0
0,0.5650412166761366,1
0,0.11928602047121492,0
0,0.270002034122851,0
0,0.11917942736930272,0
0,0.17035741328883744,0
0,0.21343053279410593,0
0,0.34761953088229197,0
0,0.39624581812808884,1
0,0.43769305829760213,1
0,0.12566749739305838,0
0,0.19522204853076494,0
0,0.1672415689263725,0
0,0.16363148676366768,0
0,0.19714372850996723,0
0,0.17900907433057753,0
0,0.129582556464423,0
0,0.2824528627615074,0
0,0.07433254566688803,0
0,0.1152036043412132,0
0,0.2361370787497153,0
0,0.6314349865536687,1
0,0.4862524150790812,1
0,0.25619099828072556,0
0,0.26166426803655013,0
0,0.2346348066192327,0
0,0.1088938235087077,0
0,0.3116125450705774,0
0,0.3652321961655601,1
1,0.708841180646565,1
0,0.5227441908400156,1
1,0.6425885227866925,1
0,0.11187352512200176,0
0,0.12238208816076446,0
0,0.1970879381295287,0
0,0.1564686573324508,0
1,0.6446785611498587,1
0,0.6591281599132383,1
0,0.2595693056643754,0
0,0.10500513332030967,0
0,0.3377113096987803,0
0,0.08184876291503757,0
0,0.5425794989584386,1
0,0.1406149759246789,0
0,0.5117205044118706,1
0,0.17780154053597166,0
1,0.9561157133953502,1
0,0.05904468094600068,0
0,0.16744527474563436,0
0,0.7802042028849727,1
0,0.5845157047023185,1
0,0.16060875208274863,0
0,0.9553735011496214,1
0,0.6561596855522018,1
0,0.10004334655982475,0
0,0.06712236372781934,0
0,0.1554669454749473,0
0,0.13260308730190032,0
0,0.44800374430331563,1
0,0.42233593345437326,1
0,0.7341188010094316,1
0,0.19301023698092323,0
0,0.716406696042149,1
0,0.18718422429799333,0
0,0.4727338790543189,1
0,0.2042383728740215,0
0,0.3668778624557736,1
0,0.40279547179991143,1
0,0.48917183628260413,1
0,0.10060064817992159,0
0,0.29337835524372136,0
0,0.15069167157371105,0
0,0.09146925015657283,0
1,0.7487216807302393,1
0,0.07591247574596638,0
0,0.11366415624971035,0
0,0.09651681235233284,0
1,0.41225468262841847,1
0,0.09469966539856005,0
0,0.9345499675696955,1
0,0.12802754731039703,0
0,0.37717129372721697,1
0,0.6533930398552034,1
0,0.11835332302974465,0
0,0.5901147695569368,1
0,0.8820444175435462,1
0,0.20966401056671113,0
0,0.2821833187747062,0
0,0.06252330416952177,0
0,0.2596716521617271,0
0,0.45775400975406333,1
0,0.126117376345543,0
0,0.2776573432568358,0
0,0.1924610515538808,0
0,0.5220886867521792,1
0,0.10967201140866954,0
0,0.25737285669537724,0
0,0.18080424817579716,0
0,0.06865369544763751,0
0,0.1647936938541481,0
0,0.11877879425056953,0
0,0.13505750403948036,0
0,0.933236398474406,1
0,0.13312695967895727,0
0,0.5653707798444338,1
1,0.8353145104239086,1
0,0.09464515700908395,0
0,0.09962292263877505,0
0,0.0961617240941508,0
0,0.19530421968024056,0
0,0.12469749369972037,0
0,0.3452562725160212,0
0,0.7035025440277614,1
0,0.6532068626128292,1
1,0.5093891812802412,1
0,0.2732932404397919,0
0,0.5681296520548801,1
0,0.24790186298489167,0
0,0.16676859182074266,0
0,0.19906002734465666,0
0,0.12152092091950768,0
0,0.39922593181381333,1
0,0.12981631112135386,0
0,0.1420058449058957,0
0,0.29907705285407366,0
0,0.861670405832115,1
0,0.48735477069325045,1
0,0.15033829276767693,0
0,0.3801902730371905,1
0,0.17885664025407913,0
0,0.2853317457921772,0
0,0.13531683137954537,0
0,0.16891221245198737,0
0,0.4050157109239015,1
0,0.6361809399197499,1
0,0.3016935718924206,0
0,0.22939815736767102,0
0,0.14384570385234471,0
0,0.13540525546314694,0
0,0.07990786025915203,0
0,0.13634322011773495,0
0,0.0969812196168003,0
1,0.922116916805913,1
0,0.11967548578063983,0
0,0.2648266903986444,0
0,0.07734594606808877,0
0,0.3670275071076914,1
0,0.3373506119073538,0
0,0.12394341814343356,0
0,0.1457003712574657,0
0,0.4148782903176883,1
0,0.05499017513959913,0
0,0.06009358623992229,0
0,0.22426940439012366,0
1,0.8252338432782202,1
0,0.05599694601270521,0
0,0.4340513117596231,1
0,0.6069575042280347,1
0,0.1192197334952827,0
0,0.7488148211196078,1
0,0.40120070269322305,1
0,0.3891020069757846,1
0,0.11389436456686826,0
0,0.0695002294777341,0
0,0.1688308325295774,0
0,0.18599589199588734,0
0,0.44733564181948804,1
0,0.8127770027465286,1
0,0.31729789297419164,0
0,0.20022907002356147,0
0,0.9607115381537841,1
0,0.09696446083762675,0
0,0.11607927310458462,0
0,0.5800052570288666,1
0,0.09721716696686865,0
0,0.11872711012738689,0
0,0.1087410710205187,0
0,0.29276569058743684,0
0,0.16076930912283408,0
0,0.24692930395856408,0
0,0.11636836957777721,0
0,0.18288089470819396,0
0,0.36836133456977377,1
0,0.7623992886724458,1
0,0.18241808169662976,0
0,0.514910579268371,1
0,0.14590277568641444,0
0,0.08512729310272013,0
0,0.1470212061185684,0
0,0.44987455978148444,1
0,0.30517451207210955,0
0,0.7046241016436132,1
0,0.5846330746608972,1
0,0.12609591533236736,0
0,0.0839274690057306,0
0,0.4577551459867173,1
0,0.40231710250664277,1
0,0.07088931311041716,0
0,0.16312673278686232,0
0,0.7496944771663232,1
1,0.5020485161901114,1
0,0.18585644596023365,0
0,0.10674612685971828,0
0,0.2371077576052464,0
0,0.23125563609305086,0
0,0.390608426621977,1
0,0.23253122399420975,0
0,0.0959601485447026,0
0,0.22246620676840764,0
0,0.20312730031315251,0
0,0.17578075751036798,0
0,0.2199931958021539,0
0,0.10495868324425214,0
0,0.07874714668590535,0
0,0.14985731139826797,0
0,0.19390682842897491,0
0,0.5112812834980464,1
1,0.12161780077785776,0
0,0.40863559646346703,1
0,0.19011409395059825,0
0,0.11135344329359059,0
0,0.5192861273377647,1
0,0.08197357528606282,0
1,0.8458959697768104,1
0,0.41667557142701733,1
0,0.4051382617101975,1
0,0.5436395207967366,1
0,0.06767025701423494,0
0,0.1969558778422369,0
0,0.08076327502243417,0
0,0.15066701988697276,0
0,0.14920288338279145,0
0,0.17890106214552967,0
0,0.21715662710537065,0
0,0.7449889145753306,1
0,0.12348741064223313,0
0,0.6315167781418685,1
0,0.32616732632183165,0
0,0.11411369268879057,0
0,0.4165106343595113,1
0,0.13533401031537123,0
0,0.07154381939538942,0
0,0.1349079685072261,0
1,0.29833025119471046,0
0,0.11511360931077116,0
0,0.9361667422372532,1
0,0.2549645989839213,0
0,0.5414652996879558,1
0,0.3177064804946234,0
1,0.798995110076,1
1,0.7903698245538932,1
0,0.2068979731594714,0
0,0.1658825187465623,0
0,0.09220509957973182,0
0,0.12988506175756434,0
0,0.5517569139334932,1
1,0.6495979267572041,1
0,0.10512950644388143,0
0,0.3897098011515701,1
0,0.4429564963880181,1
0,0.37373189953067926,1
0,0.5941231515727627,1
0,0.11270953718025614,0
0,0.0997366984810758,0
0,0.2099256646439855,0
1,0.952327053821086,1
1,0.543468310073017,1
0,0.15166039511958954,0
0,0.6045853968856268,1
0,0.0761216370630094,0
0,0.09628705234135682,0
0,0.08454042204723819,0
0,0.16171907863003124,0
0,0.13419227245215923,0
0,0.3538697037967478,1
0,0.4928277456727463,1
0,0.3449795422407853,0
0,0.5067408256879019,1
0,0.1280928883899217,0
0,0.2912290272076294,0
0,0.33172806707357255,0
0,0.05137870297044221,0
0,0.06052430796716765,0
0,0.22163640447754002,0
0,0.11389107112348547,0
0,0.11841960475055392,0
0,0.2059127822245123,0
0,0.20833988767747302,0
0,0.3271452493530646,0
0,0.8605515711323551,1
0,0.05798209065215055,0
0,0.11421591045918836,0
0,0.13459786399082588,0
0,0.3166267200169755,0
0,0.36030649850257296,1
0,0.6255860386241915,1
0,0.3530410086697604,1
0,0.7515187742581385,1
0,0.3314596341126253,0
0,0.22102987262922297,0
0,0.3307719074102257,0
1,0.9438850749191416,1
0,0.1795878849046279,0
0,0.2405052632401921,0
0,0.5160660154815144,1
0,0.3674966272318905,1
0,0.15089925894928743,0
0,0.14541673506370456,0
0,0.33682505956307873,0
0,0.7303303707797518,1
0,0.4083098753133379,1
0,0.6224934350078933,1
0,0.09892368395515823,0
0,0.37639301924977914,1
0,0.24823608715888948,0
0,0.3591431656709155,1
0,0.13567619751400778,0
0,0.4562830467572826,1
0,0.6356043097404525,1
0,0.425349172425958,1
0,0.46071495088229436,1
0,0.18642274444017234,0
0,0.7566519967821997,1
0,0.38293488617949367,1
0,0.21975764875758239,0
0,0.23277390630541267,0
0,0.4857127318412965,1
0,0.3496986984326311,0
0,0.09861081919415832,0
0,0.11786871217211571,0
0,0.49722113878329294,1
1,0.30164932682238427,0
0,0.2706000593878592,0
0,0.2514667079964958,0
0,0.2013211622866125,0
1,0.17517048928523854,0
0,0.23579039602713933,0
0,0.11975291458172586,0
0,0.08759160270119559,0
0,0.14129243876018813,0
0,0.8171991925303058,1
0,0.17046742318768726,0
0,0.15744283081800897,0
0,0.7857636619430737,1
0,0.15645486418928706,0
0,0.11953035866372436,0
0,0.351721616478625,1
0,0.5752816681943013,1
0,0.26128418757044364,0
0,0.33500267687687413,0
0,0.30403769449364176,0
0,0.11453029567756251,0
0,0.1709520862330328,0
0,0.12807845603854637,0
0,0.20828408578186236,0
0,0.12068314999057354,0
0,0.48861554546024477,1
0,0.09001979152568322,0
0,0.8449025003790246,1
0,0.062106206154668275,0
0,0.10315804348630192,0
0,0.41738871857165116,1
0,0.21661954456921856,0
0,0.18007551944840922,0
0,0.16892407592147043,0
0,0.7380344456875216,1
0,0.4307383034543595,1
1,0.6019831146096419,1
0,0.1174639455037174,0
1,0.7819352914604369,1
0,0.8732240291241508,1
0,0.29451944018995185,0
0,0.10824511730025502,0
0,0.05749305141874951,0
0,0.13179522032537463,0
0,0.14865586747975348,0
0,0.5272614047333636,1
0,0.7380838241101184,1
0,0.1523283203022632,0
0,0.30950988553705916,0
0,0.1809591526454616,0
0,0.5807624014720414,1
0,0.3483937692980414,0
0,0.05221120861306332,0
0,0.12114371779148167,0
0,0.15103867467871254,0
0,0.19536148277515727,0
0,0.7001568849661637,1
0,0.08122264497860565,0
0,0.22795746512082013,0
0,0.23917240730498052,0
0,0.17429403715000782,0
0,0.27501910345314684,0
0,0.8607419257025547,1
0,0.11059451707487356,0
0,0.645264311216123,1
0,0.3753283939402954,1
0,0.10636984680209678,0
0,0.5330758168122213,1
0,0.42317600415008844,1
0,0.7759749439057292,1
0,0.2981708349610495,0
0,0.8552202756208059,1
0,0.10719177254373805,0
1,0.889033977619376,1
0,0.17591798902781067,0
0,0.09908996874325524,0
1,0.522024373344314,1
0,0.31444906371375886,0
0,0.07366717052249905,0
0,0.20233044615804643,0
0,0.12981043111431165,0
1,0.8847581963691493,1
0,0.6083063720936881,1
0,0.27511611438948014,0
0,0.5821227101903831,1
0,0.2627288587660806,0
0,0.07426332206241255,0
0,0.14412877919172315,0
0,0.20172377597817254,0
0,0.08649788180883593,0
0,0.15001377955368222,0
0,0.3578450906724986,1
0,0.14418252372405604,0
0,0.19507856954619565,0
0,0.1352438269767195,0
0,0.5266007825354246,1
0,0.3158175247180099,0
0,0.12867833767951772,0
0,0.560244358690216,1
0,0.23209377378203053,0
0,0.06912100027601426,0
0,0.23479192973283028,0
0,0.6679055438194997,1
0,0.11327836694600495,0
0,0.17928389585319424,0
1,0.9560128817800533,1
0,0.41240217834926346,1
0,0.6484319821375552,1
0,0.573233924944632,1
0,0.6137228104362216,1
0,0.24950176378113298,0
0,0.12681526764922302,0
0,0.14861117880525168,0
0,0.4742117025843957,1
0,0.11405500190084965,0
0,0.46996774101913985,1
0,0.15991293992893557,0
1,0.8232304512480639,1
0,0.4625625526511582,1
1,0.911042905101265,1
0,0.10053408491010939,0
0,0.12059166717258438,0
0,0.15252857775498924,0
0,0.16443661031247742,0
0,0.0848064206995613,0
0,0.753444198846484,1
0,0.4767930545907925,1
0,0.3639875666625776,1
0,0.8548033440608959,1
0,0.4725039158298177,1
0,0.12590532647931027,0
0,0.1321102610184493,0
0,0.4408019461461967,1
0,0.5079465576553668,1
0,0.10567997581372021,0
1,0.8557091092118637,1
0,0.30449260926270255,0
0,0.19023525304032496,0
0,0.772303525295792,1
0,0.12044148613948993,0
0,0.1771133873314405,0
0,0.05697169387142284,0
0,0.11007771159423427,0
0,0.13556636994401774,0
0,0.09296822579400037,0
0,0.33468197267554717,0
0,0.21073430076688618,0
0,0.5065395130170531,1
0,0.7941914931701726,1
0,0.22511306996112604,0
0,0.889976518700858,1
0,0.2194327566906341,0
0,0.5867359810591827,1
0,0.21352648248173756,0
0,0.58986411922773,1
0,0.4634567267358774,1
0,0.17837596680100137,0
0,0.30363204464743326,0
0,0.06748497635496542,0
0,0.208741769910871,0
0,0.16078451519379813,0
0,0.43388350459872355,1
0,0.197524575509443,0
0,0.1674333998684759,0
0,0.10082436950269061,0
0,0.44215773307822853,1
0,0.8199151967380873,1
0,0.14142442924591017,0
0,0.2635309531546102,0
0,0.21686372323124894,0
0,0.2269860450445421,0
0,0.27174103133686106,0
0,0.5931106629766518,1
0,0.16670598969461767,0
0,0.1414095854115663,0
0,0.5471561476978144,1
0,0.14366780620358477,0
0,0.28050827718579685,0
0,0.32072023317072595,0
0,0.4535127784298297,1
0,0.40376814049846566,1
0,0.12508178004677312,0
0,0.3983756955150405,1
0,0.8394383321534059,1
0,0.07316888432859817,0
0,0.12519727854113463,0
0,0.24133177288101587,0
0,0.38916385732240094,1
0,0.05530459575345522,0
0,0.17419009392835128,0
0,0.45378256274415746,1
1,0.863069520229138,1
0,0.1561724000293702,0
0,0.8576612128376588,1
0,0.1272992149131238,0
0,0.12161956001361948,0
0,0.8478453459646487,1
0,0.8420685908604497,1
0,0.14452001985183724,0
0,0.2172205911555168,0
0,0.08102669116236055,0
0,0.08745287676241137,0
0,0.40122528003780605,1
0,0.16480992653792326,0
0,0.9386948167823984,1
0,0.174199352353333,0
0,0.05467849423346702,0
0,0.14964591966222077,0
0,0.8562793720335286,1
0,0.8281634673571632,1
0,0.12509848651730027,0
0,0.5433961227909594,1
0,0.07214993963886115,0
0,0.06324277803856697,0
0,0.8221332011393147,1
0,0.6947124177135149,1
0,0.0816329176011321,0
0,0.1489826545297224,0
0,0.13252860261737562,0
0,0.05726998150248657,0
0,0.42246825322082043,1
0,0.7120068003329721,1
0,0.17409829200560137,0
0,0.165517118374647,0
1,0.4955883336931318,1
0,0.37425188515461033,1
0,0.3536045226037863,1
0,0.1982453910960097,0
0,0.10681865358624282,0
0,0.4977104635675065,1
0,0.3072210237996838,0
0,0.4586001235319561,1
1,0.4824114302694671,1
0,0.5577493015758798,1
0,0.11339136120979762,0
0,0.42913911538833616,1
0,0.10660590561780227,0
0,0.3241868881348932,0
0,0.21339473375635928,0
0,0.9486087094820683,1
0,0.1407573702254953,0
1,0.8452668401039857,1
0,0.8567501366565679,1
0,0.9338341839876477,1
0,0.33496221095462836,0
0,0.17713398646658526,0
0,0.3383833217256723,0
0,0.29877334737916167,0
0,0.11064170423021276,0
0,0.16165697597447062,0
0,0.12105765718723875,0
1,0.3192922594351178,0
0,0.5791454593566584,1
0,0.0965918825667675,0
0,0.16756774214888062,0
1,0.8415867311212624,1
0,0.5057660409828559,1
0,0.174028492022266,0
0,0.3310059354164666,0
0,0.3198212677563211,0
1,0.5842397517796903,1
1,0.8501014984345133,1
0,0.0901322151432025,0
0,0.1573620086945588,0
0,0.3697657744833256,1
0,0.13397048030822045,0
0,0.09278270369765204,0
0,0.14861627796965782,0
0,0.13059546191979188,0
0,0.3521681517547104,1
0,0.07756533016845975,0
0,0.3743428439735854,1
0,0.15205178646826653,0
0,0.16596685563362445,0
0,0.5334084430858738,1
0,0.7876202412868829,1
0,0.49648034439072336,1
0,0.8784718908188368,1
0,0.1363606367431172,0
0,0.2847950305922297,0
0,0.7880897254823959,1
0,0.5761118488225847,1
0,0.37059572021666026,1
0,0.16837722880827072,0
0,0.17839368589839794,0
0,0.9197398418256209,1
0,0.9061885891890379,1
0,0.14336833339137825,0
0,0.07501865184470104,0
0,0.5311483000979863,1
0,0.21203958435471945,0
0,0.06789503553755157,0
0,0.07732103060268365,0
0,0.139960611289555,0
0,0.08766881499358893,0
0,0.15229875918206373,0
0,0.16568969330351146,0
0,0.0705522526267836,0
0,0.08725000402707814,0
0,0.7536292136510908,1
0,0.8718321216464995,1
0,0.44197929309144673,1
0,0.7681757794669619,1
0,0.1881527491091606,0
0,0.1471359955467376,0
0,0.7929693853706198,1
0,0.1322031667701413,0
0,0.2008205353133986,0
0,0.8767725433390149,1
0,0.14455817602427892,0
0,0.2160630362019099,0
0,0.08409079754215561,0
0,0.37579006983945235,1
0,0.06771918518873511,0
0,0.19544227089283853,0
0,0.16903390953984634,0
0,0.09524283648275976,0
0,0.14594112270988388,0
0,0.15421327764217865,0
0,0.14100479961897183,0
0,0.10714788880846285,0
0,0.1254711794959946,0
0,0.19429020755765367,0
0,0.1304589144588042,0
0,0.11224187796345562,0
0,0.8049937988122212,1
0,0.29782287836974,0
0,0.10172734745687455,0
0,0.3015722262144005,0
0,0.10730668821477242,0
0,0.4049556014248283,1
0,0.1575431312567793,0
0,0.15969298575811441,0
0,0.35451576530003465,1
0,0.5687446733144179,1
0,0.31443898054737307,0
0,0.1420840231485023,0
0,0.16299623563775087,0
0,0.797048978752035,1
0,0.10454505395931432,0
0,0.3357170101785016,0
0,0.573576591129309,1
0,0.12251916197729425,0
0,0.6093309825330461,1
1,0.10967937176751082,0
0,0.10350399588881858,0
0,0.11485582473350521,0
0,0.06058508272752782,0
0,0.1773444343095798,0
0,0.12550814080793496,0
0,0.13593689257566863,0
0,0.2751551537859125,0
0,0.07781950180533537,0
0,0.06869849219251124,0
0,0.1093665362960218,0
0,0.10338404990255805,0
0,0.074299472186345,0
0,0.5042836351417048,1
0,0.1165641878744646,0
0,0.06167406583130694,0
0,0.8374340251467964,1
0,0.13611419556317494,0
1,0.8834616113056865,1
0,0.17445448514278522,0
1,0.8912358652072995,1
0,0.18234802899483704,0
0,0.15046362495536786,0
0,0.3596287355648966,1
0,0.6334032196258809,1
0,0.08192745404522159,0
1,0.08016941555623851,0
0,0.17140346928323782,0
0,0.1144125072895653,0
0,0.371047186879375,1
1,0.794017462461803,1
0,0.7052921415765713,1
0,0.6731162205982474,1
0,0.06932054144253276,0
0,0.10829330636155822,0
1,0.900774558935917,1
0,0.24956384902429998,0
0,0.10732584936028382,0
0,0.09633712767733184,0
0,0.1040840656810028,0
0,0.056726651673626026,0
0,0.20361909589724617,0
0,0.10943844676035377,0
0,0.07507093377233676,0
0,0.09893109246704529,0
0,0.5008732467153785,1
1,0.12029118437079094,0
0,0.06923013170013816,0
0,0.13553584699572238,0
0,0.08271970459987588,0
0,0.20308677675354428,0
0,0.8255412693214371,1
0,0.2718612093144503,0
0,0.21871336955454,0
0,0.12513020452608029,0
0,0.6865695137902954,1
0,0.5066337425260065,1
0,0.07365510853942867,0
0,0.5222312697476661,1
0,0.18907800312601578,0
0,0.05941115126640613,0
0,0.4461048012764536,1
0,0.12740515745017866,0
0,0.06911830643868776,0
0,0.09466989585996818,0
0,0.32092452652160436,0
0,0.37625734272278905,1
0,0.16784842314101367,0
0,0.25342624235178507,0
0,0.10485431554802689,0
0,0.0623516690806515,0
0,0.34180409291351005,0
0,0.19055901698296251,0
0,0.3663903223664015,1
0,0.7958240015929575,1
0,0.36061928967425627,1
0,0.10833786679668911,0
0,0.08316151822811774,0
0,0.9021288024959203,1
0,0.15940235387410476,0
0,0.2897424135109528,0
0,0.07128741312962449,0
0,0.33799893410208737,0
0,0.1393494474625436,0
0,0.05910045042039441,0
0,0.12473335426714945,0
0,0.17599103132373656,0
0,0.05675187880591223,0
0,0.715886154801185,1
0,0.08205147823444374,0
0,0.23025515730277377,0
0,0.11231100145941135,0
0,0.07284870290504554,0
0,0.12280324941193224,0
0,0.12968455545236895,0
0,0.18703553595575248,0
0,0.36778165394794177,1
0,0.3543811239789006,1
0,0.48217655249899755,1
0,0.854109189015011,1
0,0.4853695913453865,1
0,0.055686254007725824,0
1,0.6428881480272487,1
1,0.4572127476055766,1
0,0.40351737639883656,1
0,0.40150450485733785,1
0,0.08457988211037738,0
0,0.07471868371392605,0
0,0.46761408130729515,1
0,0.16014251505961485,0
0,0.09390301875348271,0
0,0.43051181658179816,1
0,0.13949245540058647,0
0,0.1832672135981313,0
1,0.9476302765477442,1
0,0.8228124906320798,1
0,0.11376424037981402,0
0,0.20683780451947864,0
0,0.5386062083607922,1
0,0.19471605567722727,0
1,0.19149692948950084,0
0,0.25536875590356023,0
0,0.09455758485064779,0
0,0.09880234333518188,0
0,0.7061570389399926,1
0,0.4962957735895917,1
1,0.1877350861116661,0
0,0.1305751286983274,0
0,0.14122599189869653,0
0,0.4400196210792352,1
0,0.09070006362542553,0
0,0.6704855450704542,1
0,0.11448179005574036,0
0,0.38453481896323777,1
0,0.07056258668570174,0
0,0.17838434277063556,0
0,0.6758598786197791,1
0,0.3431586627679834,0
0,0.41500606042556965,1
0,0.11796094592898897,0
0,0.6441099088706346,1
0,0.16020212801444172,0
0,0.5842491025084774,1
0,0.3318702373766157,0
0,0.16617671507010712,0
0,0.3532067337331379,1
0,0.3984089225919509,1
0,0.13021135490083346,0
0,0.1546481767168557,0
0,0.14246972488616788,0
0,0.11864864839049578,0
1,0.7835925598115708,1
0,0.11437876080200861,0
0,0.14682908884544604,0
0,0.10668247765536826,0
1,0.767229572032469,1
0,0.8770532735999498,1
0,0.08121952808615351,0
0,0.050124861405425006,0
1,0.7012715294263149,1
0,0.4460290961016737,1
0,0.5696418735330041,1
0,0.11080330993537292,0
0,0.07089253072237518,0
0,0.07123781141044425,0
0,0.07920240377913153,0
0,0.9191908485521971,1
0,0.9041850731485297,1
0,0.1735284555375548,0
0,0.37781003166336635,1
0,0.20683331944919486,0
0,0.37322834147859013,1
0,0.4163818158620573,1
0,0.11705385524742762,0
0,0.1612860841507665,0
0,0.5464462882245177,1
0,0.3988593932520593,1
0,0.06244447230531114,0
0,0.14192292587551786,0
0,0.1974515459545767,0
0,0.2185879941180701,0
0,0.12406193177063099,0
0,0.25667341446850994,0
0,0.08073134587719914,0
0,0.1109291559379434,0
0,0.1338558225432585,0
0,0.12938947871879897,0
0,0.5030624019435957,1
0,0.0999652451110087,0
0,0.17068154777347894,0
0,0.6703517325158007,1
0,0.0880319328314168,0
1,0.7181889895669019,1
0,0.5971617727465369,1
0,0.07330776301209195,0
0,0.839021772669459,1
0,0.2577437374780592,0
1,0.5676893653442546,1
0,0.09776390250271048,0
0,0.1851434011613173,0
0,0.06997871758142896,0
0,0.9479697073857354,1
0,0.44609797546667324,1
0,0.26483680005032917,0
0,0.8755851726881069,1
0,0.12684754883136773,0
0,0.2104450582923489,0
1,0.877938202431921,1
0,0.1657897236806851,0
0,0.13360972070898158,0
0,0.28594429496397145,0
0,0.08364513811372518,0
0,0.46720653531265743,1
0,0.11965743234490904,0
1,0.15108019141082274,0
0,0.05264304727862759,0
0,0.5100146775434345,1
0,0.2267636199905232,0
0,0.23079718583069053,0
0,0.07562039628058169,0
0,0.23918590821915756,0
0,0.3823294425146599,1
0,0.07280634240890466,0
0,0.05033040115376475,0
0,0.2640451489956549,0
0,0.0899535772240259,0
0,0.08521077718836825,0
0,0.060217889282832844,0
0,0.0954134882162911,0
0,0.0919310581358016,0
0,0.1951510075016026,0
0,0.08169796437529551,0
0,0.07218783525864848,0
1,0.9382679136437042,1
0,0.22532559659124676,0
0,0.072614784418517,0
0,0.13282118172840415,0
0,0.4234451397638474,1
0,0.11637528924879938,0
0,0.09974097479077193,0
0,0.1617601441850159,0
0,0.4760846378498874,1
0,0.08865656852628039,0
0,0.13469978372492827,0
0,0.14021127046045712,0
1,0.8990076966204312,1
0,0.07693939671106144,0
0,0.07973469031319234,0
0,0.16265602731601997,0
0,0.4745793170979719,1
0,0.42655148460911235,1
0,0.1833333161635374,0
0,0.06806010045922883,0
0,0.07684259894156853,0
0,0.5811965424540072,1
0,0.5123523034233802,1
0,0.31997003491084774,0
0,0.08445215497956904,0
0,0.5008766692237134,1
0,0.32560142250714147,0
0,0.16284372977547393,0
0,0.7801890104718602,1
0,0.8613475845125634,1
0,0.39103917170489066,1
0,0.7829394103203826,1
0,0.6847001446079171,1
1,0.14814383305601,0
0,0.32797917386057135,0
0,0.3133285325741318,0
0,0.20849473655458464,0
0,0.16368526988723778,0
0,0.06191429409000616,0
0,0.12286026405827871,0
1,0.9363828150487334,1
0,0.853295642871903,1
0,0.08169592696898742,0
0,0.705228386225003,1
0,0.14499430701743304,0
0,0.14827213404039027,0
0,0.14878290752075243,0
0,0.6068480278147965,1
0,0.09241574090810403,0
0,0.28896377828848485,0
0,0.254594702263391,0
0,0.4370815987083772,1
0,0.5580534663962803,1
0,0.6656857065923499,1
0,0.08237757386061886,0
0,0.3883218491215003,1
0,0.11397211764387777,0
0,0.20834090664465202,0
0,0.12316850610639582,0
0,0.16245026796989281,0
0,0.0850331677324346,0
0,0.13237119112698448,0
0,0.8207664421603956,1
0,0.24297094793714957,0
0,0.4935540298300418,1
0,0.13924324226090648,0
0,0.35601305683501683,1
0,0.0573986127494078,0
0,0.09627993075851758,0
0,0.16076451065744146,0
0,0.20245235239635617,0
0,0.09816178999705204,0
0,0.4601114098300009,1
0,0.7320845901254959,1
0,0.2866894809621934,0
0,0.21101556098704174,0
0,0.5588379232424423,1
1,0.640050645942377,1
0,0.3671738861183284,1
0,0.1298464934310799,0
0,0.15623754529700884,0
0,0.5097184307696704,1
0,0.0988156350236799,0
0,0.3047324581367215,0
0,0.10645663709402564,0
0,0.22594465566554325,0
0,0.09955774051600687,0
0,0.09958070449584266,0
0,0.6103813600391244,1
0,0.21024810994106943,0
0,0.08022630521881569,0
0,0.5058913285258947,1
0,0.41847951429376656,1
0,0.14986886261442112,0
0,0.6427808722405596,1
0,0.06689690098720756,0
0,0.0776885243625198,0
0,0.09765678916044913,0
0,0.4966291388098544,1
0,0.11762425850430319,0
0,0.08307450053530038,0
0,0.21069174139182217,0
1,0.8624906504620168,1
0,0.049017054544891664,0
0,0.5403901260774066,1
0,0.12746379831741894,0
0,0.3457742044066858,0
0,0.1036594256473437,0
0,0.32481871658573014,0
0,0.12910963720772478,0
0,0.10824127642208226,0
1,0.4183999703122787,1
0,0.12744510742293158,0
0,0.12640112046651544,0
0,0.48647348605370544,1
0,0.424606853792875,1
0,0.12847567532801707,0
0,0.44713595537517753,1
0,0.38052305838716227,1
0,0.32746704742563454,0
0,0.08467147662573968,0
0,0.18603862907513105,0
0,0.12344963390428255,0
0,0.07658914237931959,0
1,0.9208230440874223,1
0,0.5293437986031725,1
0,0.12042639948727714,0
0,0.13270876338916346,0
0,0.3008079438654846,0
1,0.4557805245866578,1
0,0.13831625093888314,0
0,0.11217853038472465,0
0,0.4548769874463099,1
0,0.4957950031327144,1
0,0.39160065657416954,1
0,0.11661196428606052,0
0,0.7915323929287914,1
0,0.23348141650107612,0
0,0.3893005181758234,1
0,0.24576602718348392,0
0,0.08680696288216522,0
0,0.39981574315040497,1
0,0.11220929490964188,0
0,0.42224840183511836,1
0,0.07706997298054175,0
0,0.18134165505269995,0
1,0.9492471948746315,1
0,0.17205522623674047,0
0,0.24897059235290983,0
0,0.07430928024359955,0
0,0.15243980169415816,0
0,0.15406333728732016,0
0,0.14583506386805395,0
0,0.10767782662392877,0
0,0.1121901042733962,0
0,0.5428625648985743,1
0,0.12527649659781906,0
0,0.31276359927367103,0
0,0.35151796157341586,1
0,0.48056223643025286,1
0,0.0883602496857003,0
0,0.2774083223753903,0
0,0.5438089601475257,1
0,0.06534840622420242,0
1,0.5760939823929667,1
0,0.33913351864129776,0
0,0.3653476805868273,1
0,0.1797757331842438,0
0,0.35495643797898707,1
0,0.7416458568534164,1
0,0.440586598988027,1
0,0.1254413655039913,0
0,0.9519992021394366,1
0,0.07148675956088077,0
0,0.5718304147785004,1
0,0.10170580494440001,0
0,0.4160220480884231,1
0,0.10173089431375368,0
0,0.797125560709864,1
0,0.07801943129644777,0
0,0.8662393456780629,1
0,0.08230924178819174,0
0,0.1415874534231531,0
0,0.185437511723676,0
1,0.22135085499684842,0
0,0.18584513863839658,0
0,0.38966208957829124,1
0,0.2688271435757305,0
0,0.2584917328034727,0
0,0.1454650354830468,0
0,0.18379689978372798,0
0,0.06739276180882543,0
0,0.2928719911805017,0
0,0.1693145165404457,0
1,0.906972754489528,1
0,0.5376146813053427,1
0,0.5217557218699646,1
0,0.11575747402685506,0
0,0.2617086677881516,0
0,0.17044878173420333,0
0,0.3756550744025521,1
0,0.30933220938728817,0
0,0.41492979865920593,1
0,0.15230338602433777,0
0,0.2460067823991322,0
1,0.7810052575502616,1
0,0.1484469719570457,0
0,0.09057608142502135,0
0,0.3149641564805173,0
0,0.421659932638349,1
0,0.3302508468561028,0
0,0.45231016144456543,1
0,0.6948925358327779,1
0,0.0970231362406569,0
0,0.11348402788024234,0
0,0.38369318843608835,1
0,0.8375696491078063,1
0,0.2467031247516647,0
0,0.22039434474462188,0
0,0.10350359308686245,0
0,0.10208487068044286,0
0,0.46475484037875714,1
0,0.1398079655491592,0
0,0.7103013858121855,1
0,0.5264365931222786,1
0,0.17263278420109604,0
0,0.13691799591909246,0
0,0.09910933328895208,0
0,0.11289098630840044,0
0,0.13223676501038115,0
0,0.1462607626964109,0
0,0.44709377667382116,1
0,0.15626119357426774,0
0,0.1463879231841893,0
0,0.34781059259468655,0
0,0.4113996023182312,1
0,0.21532327226173484,0
0,0.34588250368693063,0
0,0.4672029571197767,1
0,0.08949862250574495,0
0,0.12159477761377877,0
0,0.5810767009517522,1
0,0.13637123312379526,0
0,0.8145737928230016,1
0,0.4842242972657086,1
0,0.06690526036905341,0
0,0.1533970596735319,0
0,0.08593484146840948,0
0,0.10116692358327471,0
0,0.12192764390170922,0
0,0.07172559969752608,0
0,0.20925663805734981,0
0,0.3595851337542367,1
0,0.18374917018043355,0
0,0.15629656937803804,0
1,0.5807065894244352,1
0,0.08511142280321791,0
0,0.12976040671037614,0
0,0.14346233507378486,0
0,0.17056922899490032,0
0,0.33989232836953087,0
0,0.6527113265668484,1
0,0.5970437650371826,1
0,0.7607582626197305,1
0,0.08156028505630947,0
0,0.0977690049681746,0
0,0.8492052066862679,1
0,0.12147011437350046,0
0,0.10444830634075437,0
0,0.111604115302616,0
1,0.13700693779066753,0
0,0.11706718994291376,0
0,0.07299724407333599,0
0,0.0572263789072753,0
0,0.07332546247530286,0
0,0.09689032900122353,0
0,0.4160262530123367,1
0,0.2968002196523414,0
0,0.8864931559795712,1
0,0.24573677718501316,0
0,0.08424776593347313,0
0,0.08146630109997212,0
0,0.4244382910267049,1
0,0.2438310779744007,0
0,0.06059107893229766,0
0,0.3419360650279514,0
0,0.07489227679336534,0
0,0.09628770629695227,0
0,0.15839186300595562,0
0,0.18125299261621017,0
0,0.09555780862417473,0
0,0.19106304250469922,0
1,0.5237238092697655,1
1,0.950428935303137,1
0,0.15121323394118558,0
0,0.08802004849906861,0
0,0.07346981528398676,0
0,0.1563118025218616,0
0,0.10455503558745163,0
0,0.2419635738364341,0
0,0.09789918714208291,0
0,0.18876865959780212,0
0,0.42739502979426297,1
0,0.14157027855014243,0
0,0.23771664993208694,0
0,0.12372940907544053,0
0,0.40605526789991564,1
0,0.15025514221671138,0
1,0.4521978263723082,1
0,0.8089595012791668,1
0,0.18940516473087024,0
0,0.11637175373706941,0
0,0.15908098827461128,0
0,0.7478921965674237,1
1,0.5775792003389545,1
0,0.5655096367287856,1
0,0.8032517912773263,1
0,0.14091649787880114,0
0,0.1069099151334435,0
0,0.1495563581767494,0
0,0.34994540015338643,0
1,0.15299577432707606,0
0,0.38303768228130514,1
0,0.059553279412014014,0
0,0.5841286404039023,1
0,0.15684213327879604,0
1,0.13235373188969077,0
0,0.1305826702081807,0
0,0.7339159777121356,1
0,0.10131156108238414,0
1,0.7279514054567043,1
1,0.32543879076589327,0
0,0.1723333473470134,0
0,0.2344684989390896,0
0,0.07738796960323337,0
0,0.3159077685991157,0
0,0.4535911740646753,1
0,0.27222414699014214,0
0,0.2652121141759505,0
0,0.08528300053790328,0
0,0.6924676688786504,1
0,0.22373025279145617,0
0,0.17206110436829633,0
0,0.12357938457887144,0
0,0.07713002798056616,0
0,0.17714263583160603,0
0,0.20575844426621587,0
0,0.8400491470423357,1
0,0.16637995422533317,0
0,0.14304136439308338,0
0,0.7494292329031594,1
0,0.11340802868590236,0
0,0.8459387207543184,1
0,0.9462052650658864,1
1,0.609591428756296,1
0,0.09223945886028237,0
0,0.5795536082062422,1
0,0.10301143488985544,0
1,0.6214834700999441,1
0,0.1527385833919113,0
0,0.7913843463392712,1
0,0.3236209688229978,0
0,0.10604745348697374,0
0,0.27624304764075236,0
0,0.08506591653149813,0
0,0.3586018895470199,1
0,0.8490920861496328,1
0,0.06832358904014504,0
0,0.1593813026555163,0
0,0.2897995735720303,0
0,0.1299827229686457,0
0,0.07189595420557064,0
0,0.6293531115337694,1
0,0.3879692405418543,1
0,0.5402133660256486,1
0,0.15948678890265608,0
1,0.8611268085719394,1
0,0.0531416396216607,0
0,0.24934665224754335,0
0,0.22315311337789495,0
0,0.08901569928298808,0
0,0.4135380131162657,1
0,0.08554042930077745,0
0,0.385301428261159,1
1,0.5884767638048813,1
1,0.18036545856723932,0
0,0.09213250485267191,0
0,0.08065382015610655,0
0,0.23117161389865265,0
0,0.17146305886360674,0
0,0.111932313737215,0
1,0.5730514455044882,1
1,0.844386814051128,1
0,0.4046925795263423,1
0,0.14197036448679248,0
0,0.2896080040908258,0
0,0.3364793690120755,0
0,0.6524816547852963,1
1,0.9459219018481096,1
0,0.09203319369961163,0
0,0.7225774141095779,1
0,0.33029440300212654,0
0,0.9150316483803582,1
0,0.1170829530213561,0
0,0.14402529431008568,0
0,0.23904395567249334,0
0,0.22284726829606286,0
0,0.3671379355163255,1
0,0.15311750981771466,0
1,0.3276057005186932,0
0,0.25154095829174844,0
0,0.09649570236745961,0
0,0.2086834154581951,0
1,0.870288853439572,1
0,0.0839895078736938,0
0,0.2797141787435343,0
0,0.07252641419904597,0
0,0.1337616284559749,0
0,0.2894503404923446,0
0,0.07104443372047277,0
0,0.3528391342603114,1
0,0.574590667795477,1
0,0.5221826241739399,1
0,0.23061813160320366,0
0,0.5116435748793785,1
0,0.24559293632434948,0
0,0.09062938956215769,0
0,0.26839911304700104,0
0,0.447376118804382,1
0,0.35827531575274574,1
0,0.2468204069402586,0
0,0.19428342551589248,0
0,0.09846323902899608,0
0,0.6181070432276565,1
1,0.5892270571680209,1
1,0.3561394955290494,1
0,0.2528512778196431,0
0,0.3597928250430068,1
0,0.10523947615046231,0
1,0.0740735140790702,0
0,0.09286149017499225,0
0,0.5079228162126719,1
0,0.5143126224458864,1
0,0.08366829344378358,0
0,0.928278692917296,1
0,0.11740515137795202,0
0,0.33907422985638874,0
0,0.16933773790613235,0
0,0.768308362167792,1
0,0.18778435276984282,0
0,0.7092295232475982,1
0,0.27472194067518946,0
0,0.07823087751213706,0
0,0.5857949873846687,1
0,0.19647002528037139,0
0,0.17771887990989033,0
0,0.09995752988347348,0
0,0.09168895071507685,0
0,0.3110385098708461,0
0,0.348909109336845,0
0,0.4075477599337539,1
0,0.11057635379344492,0
0,0.49074187312761003,1
0,0.8470317922506813,1
0,0.31297729516840267,0
0,0.9316621557554504,1
0,0.5736773074579964,1
0,0.059647352422260706,0
0,0.33101023583807054,0
0,0.32362187613079424,0
0,0.13239601260023978,0
0,0.19803783569086778,0
0,0.9305564457050112,1
0,0.0750321750678001,0
0,0.11141637354282061,0
0,0.10652120138090297,0
0,0.26909556827235614,0
0,0.07795645795580544,0
0,0.2933548457430711,0
0,0.25975043923439256,0
0,0.4433082602446967,1
0,0.23165178452548874,0
0,0.12381842231812484,0
0,0.06242877174378422,0
0,0.25876760651918423,0
0,0.3295594396969798,0
0,0.051817835980763206,0
0,0.2831519648444626,0
0,0.08724117769289086,0
0,0.10309967575760577,0
0,0.37600342511733453,1
0,0.17691539538240375,0
0,0.2748846371507703,0
1,0.9181266424585272,1
0,0.11239090669931556,0
1,0.920579646328347,1
0,0.3112305005840857,0
0,0.18163432154536813,0
0,0.10558789189378283,0
0,0.30436256625841895,0
0,0.47786662542004793,1
1,0.929447661403621,1
0,0.143167491934076,0
0,0.10491788226180772,0
0,0.1033939765160357,0
0,0.40879835324074787,1
0,0.18177314331863106,0
0,0.24125665355260148,0
0,0.1091205524856713,0
0,0.09640715303425079,0
0,0.15612834035689324,0
0,0.44813183735041956,1
0,0.5767749838949204,1
0,0.08781507108432007,0
0,0.20655075783505067,0
0,0.08473153530167798,0
0,0.29471082257106684,0
0,0.6907545933479716,1
0,0.3479039752686953,0
0,0.5823165485197663,1
0,0.2125873833179417,0
1,0.9116270969329476,1
0,0.10982087246355166,0
0,0.3204861616433572,0
0,0.15297667163597106,0
0,0.12716608786880604,0
1,0.8128582261314056,1
0,0.24958811488714516,0
0,0.37932631404499106,1
0,0.12090416023163418,0
0,0.7597217833218743,1
0,0.053515353314787045,0
0,0.0998034521890576,0
0,0.40528736509622176,1
0,0.054431646298863774,0
0,0.1010506285484332,0
0,0.27229844494875705,0
0,0.21892748114315466,0
0,0.4437027935409695,1
0,0.40623193376454464,1
1,0.620847329396759,1
0,0.08619436934727065,0
1,0.8949083796372177,1
0,0.0804526829788415,0
0,0.3834693265633069,1
0,0.22239311604241246,0
0,0.2205737559554602,0
0,0.06695209906185548,0
0,0.1870509697954824,0
0,0.24875130584529756,0
1,0.7629114328084149,1
0,0.05962134090271969,0
0,0.11739303310529822,0
0,0.2168160601145762,0
0,0.07985341674100406,0
0,0.25658424336553404,0
0,0.19540411590536141,0
0,0.232022843957915,0
0,0.14611168665563,0
0,0.21766713972863433,0
0,0.414935410867753,1
1,0.77639723040785,1
0,0.1305132684343423,0
0,0.1483647109641879,0
0,0.07116769563235882,0
0,0.29945600914974657,0
0,0.5377334671811899,1
0,0.07033246004411842,0
0,0.10302937469013373,0
0,0.24168718380117132,0
0,0.5105096824353847,1
0,0.11617460434844123,0
0,0.16256037979023383,0
0,0.7174874185878264,1
0,0.1709914475146019,0
0,0.8309297296868933,1
1,0.2599362303051641,0
0,0.3031996627161019,0
0,0.5567663698505734,1
1,0.3013630321863722,0
0,0.3604730548038979,1
0,0.17434490491148458,0
0,0.32219756087512097,0
0,0.35974876676670775,1
0,0.537522433013252,1
1,0.6142116014793649,1
0,0.12834623137345394,0
0,0.09553399914862074,0
0,0.9286928703234926,1
0,0.8855782423980677,1
0,0.09168702343221942,0
0,0.0816096737776723,0
0,0.10756302347579075,0
0,0.24316747979038264,0
0,0.18960681886740197,0
0,0.3673790158134839,1
0,0.07883479478557838,0
0,0.1364615223627488,0
0,0.12481399984871866,0
0,0.854984070674286,1
0,0.13341288281277272,0
0,0.5467642023419779,1
0,0.09689870194161251,0
0,0.268036629491214,0
0,0.13471475668907812,0
0,0.1678728244800066,0
0,0.07746500106284912,0
0,0.3153377281790031,0
0,0.7403354422758454,1
0,0.14103360571222473,0
0,0.12076765152477421,0
0,0.20697333801042678,0
0,0.15260894196918356,0
0,0.17610087763427043,0
0,0.12021404162041056,0
0,0.3573283249517443,1
0,0.4869296002189282,1
0,0.1756713975711404,0
0,0.21586811082950197,0
0,0.3973859573986447,1
0,0.11417913483791496,0
0,0.28628521885526637,0
1,0.39979171792843415,1
0,0.6556802779424324,1
0,0.4242956373259323,1
0,0.4720567390320001,1
0,0.16332821216326956,0
0,0.3029936251600732,0
0,0.570345232906428,1
0,0.07050016423034816,0
0,0.5372538833641165,1
0,0.335803694142871,0
0,0.6902774047163126,1
1,0.4626212362511718,1
0,0.6663073295583049,1
0,0.5272498891459877,1
0,0.28470805290066037,0
0,0.308428396076339,0
0,0.05266390790981959,0
0,0.2085974340792976,0
0,0.36985516417348524,1
0,0.14273485687991916,0
0,0.056255459187216715,0
0,0.10151247620931703,0
0,0.5337907636051923,1
0,0.17832760040666346,0
0,0.5912735724398298,1
0,0.1320743913063087,0
0,0.3111776285959111,0
0,0.19074843962982144,0
0,0.5336280177714731,1
0,0.08674166619473421,0
0,0.2082576627581737,0
0,0.08593474453720874,0
0,0.12786569216683807,0
0,0.5049901071981935,1
0,0.07447017174512657,0
0,0.1669953174319915,0
0,0.5168178495837591,1
0,0.5098519689541313,1
0,0.3764646965047955,1
0,0.7416906677398148,1
0,0.11494323181648712,0
0,0.06993117445032143,0
0,0.4898444374259171,1
0,0.07166087512684018,0
0,0.14684491411171147,0
0,0.17009192827432384,0
0,0.08367217598721663,0
0,0.24025190472753366,0
0,0.9595402688492988,1
0,0.1466026219266895,0
0,0.48075041179636696,1
0,0.2687222700456612,0
0,0.14028812060841114,0
0,0.14865572453973877,0
0,0.21915493082064597,0
0,0.1308916859650781,0
0,0.35366257092276293,1
0,0.10961696349096471,0
0,0.20554373449820226,0
0,0.5209152898745127,1
0,0.1926726917147941,0
0,0.16687121848482417,0
0,0.3446041051730698,0
0,0.14340724781941833,0
0,0.10381130568055258,0
0,0.3628679147037413,1
0,0.12009793491518718,0
0,0.3721341032485282,1
0,0.3570740107680539,1
0,0.17203031114633985,0
0,0.7251143605425153,1
0,0.12284240976902619,0
0,0.38758075097364497,1
0,0.7587346171435594,1
0,0.4081781912859855,1
0,0.1172014798624587,0
0,0.32761754628534495,0
0,0.09265481018946609,0
0,0.06646847933993712,0
0,0.09721378456124335,0
0,0.2552880769708004,0
1,0.5711430559900017,1
0,0.07785695523973897,0
0,0.36835856490142554,1
0,0.11460530982573279,0
0,0.19517663776759123,0
0,0.11935180103097309,0
0,0.10007314978426654,0
0,0.4611929602219967,1
0,0.21056832287887275,0
0,0.08452935963512509,0
0,0.7657334200313,1
0,0.545873547447114,1
1,0.811150034841816,1
0,0.12823132169950838,0
0,0.1621093223939286,0
0,0.3717904340363504,1
0,0.14394039668014003,0
0,0.6810217613147443,1
0,0.1164270002179608,0
0,0.08788107885823654,0
1,0.7668606997840353,1
0,0.11570170832634574,0
0,0.0836989952526539,0
0,0.5936610529492204,1
0,0.25229316879684244,0
0,0.10406944564108381,0
0,0.10002532830747934,0
0,0.48608538838657117,1
0,0.5560910267025486,1
0,0.10199485038996432,0
0,0.8712961649192426,1
0,0.27067071527830544,0
0,0.13644695693395992,0
0,0.06819193392907005,0
0,0.12676368024002785,0
0,0.3547378869587213,1
0,0.41695481518942623,1
0,0.21939514499841242,0
0,0.09071200809618118,0
0,0.10229860582120304,0
0,0.10196388078709476,0
0,0.3180022428830168,0
0,0.171003613746137,0
0,0.3376861350545016,0
0,0.33838169794244505,0
0,0.08655724239887247,0
0,0.0772232506677338,0
0,0.5807972718042419,1
0,0.7521689892462621,1
0,0.5477204608566365,1
1,0.42771279606282336,1
0,0.1365760781404158,0
0,0.12038012414213488,0
0,0.10235581145275421,0
0,0.12445122821591009,0
0,0.3454344527000345,0
1,0.6203234437856402,1
0,0.15116857311448031,0
0,0.09486269446644911,0
0,0.5523222983257176,1
0,0.13225843252948927,0
1,0.848070270553567,1
0,0.9517684787728514,1
0,0.38720862025175073,1
0,0.09731437243047358,0
0,0.052523766397947626,0
0,0.07537487856389366,0
0,0.17059796671066374,0
0,0.774743414540533,1
0,0.8371494058538912,1
0,0.06733890354669535,0
0,0.05047478940873202,0
1,0.843931559432286,1
0,0.12385211494650411,0
0,0.07506036766760792,0
0,0.2025460487162055,0
0,0.10650459870852423,0
0,0.08810486715173722,0
0,0.10329463058023325,0
0,0.08189465284322033,0
0,0.5996855685552337,1
0,0.05543306113727411,0
0,0.06674803405848545,0
0,0.8103957836359919,1
0,0.8198858171673713,1
0,0.2168467113094377,0
1,0.4500738488371924,1
0,0.056921657841453914,0
0,0.055318409901697216,0
0,0.4755444603826897,1
0,0.8425488148112102,1
0,0.7172519807988493,1
0,0.2960433889834607,0
0,0.2419690690741632,0
0,0.9071758022351291,1
0,0.4438408413680573,1
0,0.11626760657345597,0
0,0.8520915195487396,1
0,0.12622678523478909,0
0,0.5691762304719593,1
0,0.13644583966738377,0
0,0.16785840825807377,0
0,0.14761354301945578,0
0,0.08756454245710082,0
0,0.09289218979594094,0
0,0.25507256871670836,0
0,0.19961292720713866,0
0,0.07875180391685045,0
0,0.057635525504005546,0
0,0.8393779510607519,1
0,0.5070645163676218,1
0,0.5275874990072467,1
1,0.82813025254664,1
0,0.28460406186492554,0
0,0.38429230932645253,1
1,0.8686972122563179,1
0,0.087163299260182,0
0,0.1112521153807126,0
0,0.12668311311341396,0
0,0.601060833717728,1
0,0.8382762470786391,1
0,0.3130583378648135,0
0,0.13157171662512412,0
0,0.2837270763029306,0
0,0.18632503345784057,0
0,0.18598288090224238,0
0,0.5930251920393129,1
0,0.08998674006460293,0
1,0.8198861511237562,1
0,0.10951681339536953,0
0,0.0773964866919228,0
1,0.24452647871303407,0
0,0.9004825706954436,1
0,0.18483040897264397,0
0,0.10109554730304532,0
0,0.1423202163553083,0
0,0.34871586673975696,0
0,0.17163454437295575,0
0,0.05297389873920153,0
0,0.12095569889372253,0
0,0.7423170931648937,1
0,0.8624829925303815,1
1,0.8980173439303651,1
0,0.6361085814909045,1
0,0.5152327328340535,1
0,0.1972713036981548,0
0,0.5267311757780312,1
0,0.10864341034623888,0
0,0.1345575588814341,0
0,0.09420387619784294,0
0,0.1955292042457547,0
0,0.1464338416881436,0
0,0.5358402840050732,1
0,0.2641135657824356,0
0,0.0769449046736584,0
0,0.745792442504099,1
0,0.43920008991417386,1
0,0.8153145185315586,1
0,0.13416545077288058,0
0,0.14622716202113986,0
0,0.3766807271345296,1
0,0.5443393384145158,1
0,0.12286554813078766,0
0,0.12069150859329111,0
0,0.5844919866703899,1
0,0.22425676620223986,0
0,0.2858474727580064,0
0,0.07296926057346306,0
0,0.29192983942885575,0
0,0.34686343044330803,0
1,0.9482592595522148,1
0,0.38900761227634706,1
0,0.09469178617882834,0
0,0.38612680551214645,1
0,0.185106903865872,0
0,0.4644772028913506,1
0,0.3118512308362782,0
0,0.07859164453494911,0
0,0.2001867851829715,0
0,0.11935640636378511,0
0,0.16949875807002104,0
0,0.12998362499400098,0
0,0.32201877487796443,0
0,0.11619153657499204,0
0,0.8218568125976522,1
0,0.05080417850953999,0
0,0.3566789932018998,1
0,0.402943774738208,1
0,0.233821908613575,0
0,0.10569104523323122,0
0,0.09311145157030971,0
0,0.3038086751463682,0
1,0.759870906852416,1
1,0.8653477920966847,1
0,0.3732548693987055,1
0,0.09380882314833801,0
0,0.13182460787510797,0
0,0.07123697902898479,0
0,0.09778482155215173,0
0,0.48399942246910616,1
0,0.46764542440971213,1
0,0.5871131943211755,1
0,0.29173813394670395,0
0,0.3132238020385376,0
0,0.343230556299832,0
0,0.5144651827452081,1
0,0.08545583104577367,0
0,0.06908103588024693,0
0,0.11183503623454027,0
0,0.8708163430621554,1
0,0.07768126801517515,0
0,0.0533031850992715,0
0,0.10357170054332988,0
0,0.08905272778989416,0
0,0.07412846494082456,0
0,0.286627304586566,0
0,0.5269736710939026,1
0,0.3700609923422908,1
0,0.09071267004042143,0
0,0.5058951429559481,1
0,0.2157979118343511,0
0,0.2825269714953518,0
0,0.38880404042520267,1
0,0.3795484342870682,1
0,0.07331938488234431,0
0,0.11717201096375049,0
0,0.9194882041803697,1
0,0.33568531616342484,0
0,0.3538114797810732,1
0,0.08241749150081114,0
0,0.12904278802880514,0
0,0.0823758323467795,0
0,0.09514423545793377,0
0,0.1496225526157122,0
0,0.8279248102568191,1
0,0.9303770970630358,1
0,0.8790578728433326,1
0,0.17184095913890762,0
0,0.3617458388761317,1
0,0.43879721220027185,1
0,0.6543119675685227,1
0,0.4695622829878684,1
0,0.16876854154275192,0
0,0.3505318217464999,1
0,0.19872338186009297,0
0,0.16921475025680063,0
0,0.1206139649183469,0
0,0.09542522187670463,0
0,0.16192264585872126,0
0,0.7879392915603379,1
0,0.939795192350733,1
0,0.17075348344069272,0
0,0.8269366027650922,1
0,0.26534880818204487,0
0,0.3816150366655618,1
0,0.17661535119766364,0
1,0.9616765684251395,1
0,0.20376230357502537,0
0,0.2809456611144368,0
0,0.1248928060290667,0
0,0.454481119349376,1
1,0.33742083903445536,0
1,0.7781695499004277,1
0,0.2560856211594691,0
1,0.20192951820249366,0
0,0.05895732073335625,0
0,0.083296417245619,0
1,0.6915790125777677,1
0,0.33836847877055376,0
0,0.06636189870927109,0
0,0.5362298514967357,1
0,0.1088200269431632,0
0,0.9047501385852232,1
0,0.12102857864193628,0
0,0.6897979655038591,1
0,0.8362318581142418,1
0,0.10469207037108916,0
0,0.3805938242590681,1
0,0.062152101092294805,0
0,0.1455579282651386,0
1,0.9133880763117869,1
0,0.2937659313404991,0
0,0.09256372598998135,0
0,0.13630901597141085,0
0,0.09535642391963085,0
1,0.4048270623548732,1
1,0.46221998110322365,1
0,0.10493465617306019,0
0,0.7322109660164235,1
0,0.48438047374364507,1
0,0.08673295319954666,0
0,0.24365838460990716,0
0,0.06700973082495743,0
0,0.14054285116353865,0
0,0.8545407794932927,1
0,0.08175733199924894,0
0,0.3043193406261213,0
0,0.12646898873961998,0
0,0.1311719512384646,0
1,0.951403746152266,1
0,0.15109766605975014,0
0,0.22218432476190178,0
0,0.059696044480149243,0
0,0.12957391994395573,0
0,0.0755213847408161,0
0,0.34909963561554747,0
0,0.2047639389718599,0
0,0.13388184976205084,0
0,0.17512523295154298,0
0,0.6223026167977769,1
0,0.5659188264234037,1
0,0.5257703265830773,1
0,0.14498315715621315,0
0,0.3862460600751064,1
0,0.1191906503408044,0
0,0.12677232257409582,0
1,0.8155020134042431,1
0,0.6226625106334609,1
0,0.10604534670139742,0
0,0.05785874964516539,0
0,0.07791562383686725,0
0,0.10034736202834173,0
0,0.11314507881209512,0
0,0.7523647039106603,1
0,0.30495616122786073,0
0,0.36024612472571466,1
0,0.093514694738918,0
0,0.42110988535320054,1
0,0.2578103726035858,0
0,0.5551588284459306,1
0,0.1287514308876933,0
0,0.09595396893422897,0
0,0.20913080468770315,0
1,0.4657094426536854,1
0,0.5877813570341651,1
0,0.09302118055862747,0
1,0.6118520747747848,1
0,0.10132209432683208,0
0,0.11045191110721571,0
0,0.7595076126155836,1
0,0.7199409403125917,1
0,0.27600266576114546,0
0,0.5245500882169216,1
0,0.1875758124788038,0
0,0.10684617790407107,0
0,0.8395907172038239,1
0,0.12435320750568936,0
1,0.5575998977571359,1
0,0.0713853977928549,0
0,0.15597265124323167,0
0,0.644169262297555,1
0,0.20157839367987673,0
0,0.22758304828208467,0
0,0.17710400718276478,0
0,0.2111944981982744,0
0,0.059223160259244845,0
0,0.14804233446293508,0
0,0.891223628980683,1
0,0.6557188729715678,1
0,0.18544824709538613,0
0,0.21028145107055352,0
0,0.42146857874733457,1
1,0.4563216287710239,1
0,0.5562124313911082,1
0,0.3824254756751508,1
0,0.0921984721924897,0
0,0.18338262488429402,0
0,0.4002985117596351,1
0,0.4755628618625506,1
0,0.2394821345827501,0
0,0.1779430470180636,0
0,0.7688219127231403,1
0,0.1952934665405999,0
0,0.14315660988048529,0
1,0.8593796148308246,1
1,0.9474747757814631,1
0,0.1959687816010313,0
0,0.15483619709752136,0
0,0.5393048810540274,1
0,0.0824990558628392,0
0,0.22078531181610533,0
0,0.5089693097395037,1
0,0.25457292082533567,0
0,0.11530412520020128,0
0,0.15044243158696236,0
0,0.08820008480435014,0
0,0.11426275729523733,0
0,0.15578238685839507,0
0,0.2143128514348235,0
0,0.1743120631716616,0
0,0.12075244016918454,0
0,0.09792856993090296,0
0,0.21991889402368817,0
0,0.12233217537641075,0
0,0.5654265606627557,1
0,0.09899498481503624,0
0,0.44867158457640754,1
0,0.06374120830103287,0
0,0.05626223699108569,0
0,0.385748816338433,1
0,0.3209034504839052,0
0,0.2008887180291211,0
0,0.30167325056486727,0
0,0.13791260267425234,0
0,0.08143219818307972,0
0,0.1128341308719136,0
0,0.07782116698902745,0
0,0.07415015124478476,0
0,0.23665694775380336,0
0,0.18166573035229855,0
0,0.5302741551860186,1
0,0.14753622535999064,0
0,0.5744258524200452,1
0,0.756042918631265,1
0,0.14202809955952375,0
0,0.13879767065679058,0
0,0.42564434620317004,1
0,0.5840892848285757,1
0,0.30076786908055103,0
0,0.41941336918622657,1
0,0.14256535674949739,0
0,0.10937874608166635,0
0,0.16341887580937586,0
0,0.5848596063215094,1
0,0.17639693202450465,0
0,0.6109844261014329,1
0,0.8624050220732994,1
0,0.2440086863320595,0
0,0.24630973372708218,0
0,0.14755579836447966,0
0,0.12473799527011027,0
0,0.8551870599882075,1
0,0.19058908455475704,0
0,0.7431851397082038,1
0,0.36011371711140155,1
1,0.5248837517652871,1
0,0.2290339923318414,0
0,0.060639898652508475,0
0,0.19583526901394577,0
0,0.13882518665286253,0
0,0.423354174147342,1
0,0.15572958468600256,0
0,0.10110285600050506,0
1,0.8716347944987092,1
0,0.16723441724659122,0
0,0.8045097000969369,1
0,0.4089932253012839,1
0,0.14530524707588355,0
0,0.23412214613965068,0
0,0.18061697768407475,0
0,0.09832999923723004,0
0,0.5155465705076953,1
0,0.1529870499455343,0
0,0.3416072619754248,0
0,0.3911826604580654,1
0,0.33012057387443405,0
0,0.09741239333299566,0
0,0.15032629928240882,0
1,0.4474601341723629,1
0,0.24352971206464857,0
0,0.08195552646457203,0
0,0.15739921765970638,0
0,0.1306264692413355,0
0,0.17602019041732642,0
0,0.38605318878157324,1
1,0.14895564459182406,0
1,0.8536047633666612,1
0,0.28317655763485616,0
0,0.1463285866782077,0
0,0.3148750014743659,0
0,0.068867900436639,0
0,0.8378097755483283,1
1,0.3058719616189877,0
0,0.12303234510751994,0
0,0.1515621459002914,0
0,0.07709150995478287,0
0,0.3634308513973646,1
0,0.4331062298767457,1
0,0.2060978535106091,0
0,0.2732460397109295,0
0,0.49739125330711204,1
0,0.3145734332161627,0
0,0.11650617439546399,0
0,0.09348891331563963,0
0,0.13284547099391789,0
0,0.16066640708607788,0
0,0.6412032901250617,1
0,0.1503733679313825,0
0,0.23472173115467082,0
0,0.29238385496666797,0
0,0.6088872355759093,1
0,0.08550838107315209,0
0,0.08892278230864789,0
0,0.0914136201027252,0
0,0.20877501762882686,0
0,0.07105265443514354,0
0,0.05193749310954746,0
0,0.087321763403385,0
0,0.21193671897948968,0
1,0.9632779975723939,1
0,0.17682217689644936,0
0,0.4811135945046386,1
0,0.33677760701259546,0
0,0.1531987615506503,0
0,0.07063394477869127,0
0,0.12202108400153203,0
0,0.6350028613809365,1
1,0.7268077287797725,1
0,0.17682256110262645,0
0,0.6047701378615143,1
0,0.058001408487136426,0
0,0.12473445006330888,0
0,0.5389093615474269,1
0,0.23946200420873714,0
0,0.17959453923605156,0
0,0.16485973475706311,0
0,0.24709605748365016,0
0,0.5001851461707608,1
0,0.16021187574135545,0
0,0.06041873750963608,0
0,0.848577085773955,1
0,0.3259184042626055,0
0,0.5081868688895341,1
0,0.10615696933022048,0
0,0.17613890777453892,0
0,0.09565698984143509,0
0,0.37406283495772086,1
0,0.14266539203056014,0
0,0.14192872487111174,0
0,0.5454297001410747,1
1,0.5675119451708825,1
0,0.5785289458379368,1
0,0.2552648168550888,0
0,0.1294794965749137,0
0,0.3433151862132644,0
0,0.08568867145552829,0
0,0.5762923652831042,1
0,0.16550513528646477,0
0,0.07289646525373865,0
0,0.11513439586827962,0
0,0.12186849301358507,0
0,0.18690661727772045,0
0,0.0960331653302986,0
1,0.37015223870456504,1
0,0.7475474068290614,1
0,0.6248591074007331,1
0,0.40721034063450573,1
0,0.054568980957068206,0
1,0.0706441958196593,0
0,0.12077677850616841,0
0,0.10116022923515383,0
0,0.20313766687048976,0
0,0.255259067217444,0
0,0.22538569703680078,0
0,0.24201381733221947,0
0,0.5225027096394786,1
0,0.8406489570807145,1
0,0.15073920078618802,0
0,0.17097863351852727,0
0,0.12441867323858521,0
0,0.7290334074401955,1
0,0.5314067903992923,1
0,0.11792764002494859,0
0,0.061825962385080105,0
0,0.15964319124697318,0
0,0.16850932316167777,0
0,0.08131353822633804,0
0,0.5667285292341928,1
0,0.9335103848673045,1
0,0.9196287348151448,1
0,0.09723459954652498,0
0,0.08937322510181915,0
0,0.09387025194724208,0
0,0.08266525621659748,0
0,0.06386653024041507,0
0,0.19946203768035567,0
0,0.5994523044848157,1
0,0.11655147370014562,0
1,0.8085774271692269,1
0,0.16827906592104033,0
0,0.5515960859041491,1
0,0.1232397147503238,0
0,0.7821610870630827,1
0,0.7719466273252138,1
0,0.18202775791037032,0
0,0.8788316717661869,1
0,0.15468627517442285,0
0,0.23725454889412256,0
0,0.11207083115936865,0
0,0.14105420350854703,0
0,0.07793474104957517,0
0,0.12400788733273338,0
0,0.8321574730152431,1
0,0.6466632625139139,1
0,0.43680764530339494,1
0,0.26212233886261516,0
0,0.5431706190121829,1
0,0.060564304050329934,0
0,0.4548432727775516,1
0,0.18870637921663516,0
0,0.830741801157678,1
0,0.10885036323589901,0
1,0.8072134815709971,1
0,0.552471261425181,1
0,0.07458471296586358,0
0,0.19247506829791358,0
0,0.14453626872262898,0
0,0.35651899583038277,1
0,0.7786024378610652,1
0,0.13188914539209184,0
0,0.08967913299012681,0
0,0.2791699356813097,0
0,0.14801548155599475,0
0,0.3263821023116924,0
0,0.20529963687128205,0
0,0.43919150269639784,1
0,0.09562061173017501,0
0,0.10491841186860107,0
0,0.23429625689827954,0
1,0.8498805046191844,1
0,0.1795249958266929,0
0,0.09339240873008342,0
0,0.18251804335302285,0
0,0.208116805966157,0
0,0.5045265044412155,1
1,0.6183785205075324,1
0,0.6217042126624941,1
0,0.4258222337177512,1
0,0.5665794765685704,1
0,0.2430477734782391,0
0,0.3069273510642506,0
0,0.13860764249207777,0
0,0.26393546780039007,0
0,0.14992339831373966,0
0,0.12000236005355312,0
0,0.370716210057215,1
0,0.11866070910430918,0
0,0.14287767312041447,0
0,0.2971614878419888,0
0,0.814548843883992,1
0,0.09742429764171245,0
0,0.20954623612893042,0
0,0.8272435276814404,1
0,0.5424205128342945,1
0,0.12179953020006706,0
0,0.12542711499318066,0
1,0.5700671131314995,1
0,0.10148669389837559,0
0,0.6566287149093667,1
0,0.1561732658789852,0
0,0.5412326267925366,1
0,0.123257706018586,0
0,0.7134522002730759,1
0,0.18825599030900955,0
0,0.4657432890926069,1
0,0.5214711996832638,1
0,0.23316139487512388,0
0,0.09108199659606225,0
0,0.27237294384228167,0
0,0.16567508695359706,0
0,0.17658541213441734,0
1,0.5337670014545366,1
0,0.10991070264117925,0
0,0.37997048833801356,1
0,0.1350595535215499,0
0,0.30733377844095,0
0,0.15736602648319567,0
0,0.31779729685742014,0
0,0.26428137761355447,0
0,0.3543902571696235,1
0,0.9078033921210804,1
0,0.45986308267998915,1
0,0.1544363584353252,0
0,0.1175050438534493,0
0,0.17578796971274008,0
0,0.12194318738505155,0
0,0.10434175068072747,0
0,0.34551789985111964,0
0,0.07925123863527697,0
0,0.44269867884012143,1
0,0.3082991880210643,0
0,0.8803765395828257,1
0,0.5831569914914466,1
0,0.24918055554760785,0
0,0.15990239337802575,0
0,0.23179378397376718,0
0,0.5966632252749349,1
0,0.0770150568359325,0
0,0.2925538665153067,0
0,0.0555127259352501,0
0,0.23443215044703322,0
0,0.14467375965468715,0
0,0.567297259225564,1
0,0.11742160770917803,0
0,0.36389834369854557,1
0,0.4255721661113391,1
0,0.7755592866831003,1
0,0.15177705955366416,0
0,0.13682002894431508,0
0,0.11079714109403575,0
0,0.21424182839091047,0
0,0.07961309811780887,0
0,0.22213137444381426,0
0,0.9242652852382567,1
0,0.31057683969120653,0
0,0.10701552186886194,0
1,0.909260205017604,1
0,0.36010287892417553,1
0,0.06303427367643236,0
0,0.11103799080335058,0
0,0.4721636271351165,1
0,0.5648982133647574,1
0,0.21208554857807893,0
0,0.5050514840818279,1
0,0.16690809044664903,0
0,0.3459496660806142,0
0,0.09990402182534396,0
0,0.4914804554605384,1
0,0.5035928696911582,1
0,0.12093637015074911,0
0,0.3226984539776776,0
1,0.620940878074877,1
0,0.8407173913164762,1
0,0.31886819531462507,0
1,0.8272785088993514,1
0,0.44580965489508734,1
0,0.470844364587628,1
0,0.45807056912056054,1
0,0.5511128410198955,1
0,0.062155427520076065,0
0,0.18906541090306114,0
0,0.09024821866552017,0
0,0.08099109428789401,0
0,0.12307019095378235,0
0,0.114916993897601,0
0,0.5327727119887019,1
0,0.08795715232946018,0
0,0.6903984416651994,1
0,0.13469713069320724,0
0,0.4393697846544823,1
0,0.36173565590935247,1
0,0.68157121352603,1
0,0.2738041232211923,0
0,0.10442000926063824,0
0,0.10963080363060816,0
0,0.5763060716052445,1
0,0.10080580365268393,0
0,0.211959057992007,0
0,0.10734515862778203,0
0,0.13779752778864884,0
0,0.30326490588780436,0
0,0.5987864044244502,1
0,0.2797019314244966,0
0,0.2622614047614092,0
0,0.5611962480358663,1
0,0.3748624182485808,1
0,0.5263144211631717,1
1,0.6615820215459685,1
0,0.1907735311594668,0
0,0.8270760657086392,1
0,0.200799581087744,0
0,0.153523726040916,0
0,0.12338565829254397,0
0,0.4369836975738414,1
0,0.5940012560503414,1
0,0.3501490129054714,1
0,0.10564100526594708,0
0,0.13402554434966102,0
0,0.11471800577411093,0
1,0.3978388618776506,1
0,0.229411030049801,0
0,0.6691885764447356,1
0,0.41328234379679335,1
0,0.40910928571515215,1
0,0.34364281688077364,0
0,0.2757573976443843,0
0,0.17422246777422493,0
1,0.569484687591097,1
0,0.09746383435901494,0
0,0.18175500033079717,0
0,0.6410870383019359,1
0,0.30624411758783626,0
0,0.546003707928494,1
0,0.11841808455455415,0
0,0.08185155946581264,0
0,0.11483963163168014,0
0,0.43344930095291495,1
0,0.0949443427274258,0
0,0.5269827949951124,1
0,0.5189376824690981,1
0,0.3248064554572129,0
0,0.5171439214239684,1
0,0.10819690288282563,0
0,0.18961896508406448,0
0,0.1236096121271549,0
0,0.07051805006234015,0
0,0.13132722199556482,0
0,0.347838111399826,0
0,0.49217976109326267,1
0,0.8616490909794734,1
0,0.7305501557508389,1
0,0.7709168043463174,1
0,0.7555122832515431,1
0,0.5049011792541663,1
0,0.11746722389052834,0
0,0.1130530591326652,0
0,0.30217651219866254,0
0,0.22884696501130747,0
0,0.06361331567945702,0
0,0.10604624592266186,0
0,0.5743417241930321,1
0,0.0640026877032514,0
0,0.12538446429114103,0
0,0.3874172015244383,1
0,0.16497706682030314,0
0,0.10640214931483015,0
0,0.12721335712833978,0
0,0.3552114189266672,1
0,0.08762437203680672,0
0,0.54791558986886,1
0,0.6047696532189601,1
0,0.13719844573976572,0
0,0.6451295806895138,1
0,0.10527394158328159,0
0,0.0840260316113382,0
0,0.20489569980060243,0
0,0.0899450761787819,0
0,0.13425794388005968,0
0,0.28732447144078715,0
1,0.8058544434267865,1
0,0.2883625372904669,0
0,0.08271206123508804,0
1,0.5488044163298261,1
0,0.8499345438618022,1
0,0.8378811281411033,1
0,0.07281986060564137,0
0,0.4207603135097502,1
0,0.1025509958378693,0
0,0.17970184419536628,0
0,0.17679927322511815,0
0,0.7927963434464774,1
0,0.07838894648092261,0
0,0.18692801343951412,0
0,0.4242666711068716,1
0,0.07268677985527502,0
0,0.05725072131059753,0
0,0.6278119626471275,1
0,0.11798601128864014,0
0,0.11692689774847516,0
0,0.13307049280070607,0
0,0.05566037069101116,0
0,0.38738399571028076,1
0,0.392194895333101,1
0,0.3477160001578079,0
0,0.21249981151861416,0
0,0.3016478604891266,0
0,0.12278051298398246,0
0,0.06781289886330283,0
0,0.5292033944806246,1
0,0.09152027420792483,0
0,0.1523711719695469,0
0,0.07228699064975137,0
0,0.13227924714577854,0
0,0.9362798624414116,1
0,0.2818215628273684,0
0,0.23348020339502645,0
0,0.5073207580968746,1
0,0.6080121312202792,1
0,0.107976426815455,0
0,0.11565570439482756,0
0,0.13918398102031293,0
0,0.10550228531599595,0
0,0.13902304582241962,0
0,0.34853330199919824,0
0,0.12912516032733073,0
0,0.5208198696015532,1
0,0.05811537138971488,0
0,0.12807961588492833,0
0,0.075274300795978,0
0,0.3436969471698406,0
0,0.1870731027359943,0
0,0.7559729096775682,1
0,0.19567777383398985,0
0,0.40319508185442315,1
0,0.19830822223428424,0
0,0.10567980523415962,0
0,0.179100016765892,0
0,0.25022817617110193,0
0,0.06723086308783592,0
1,0.943887685521516,1
0,0.8854779497637321,1
0,0.2794357179710205,0
0,0.25651949647030625,0
1,0.6456823280541658,1
1,0.9431659766883488,1
0,0.7787951600446168,1
0,0.2739333667491658,0
0,0.4999270340121,1
0,0.16772341955839729,0
0,0.10482998394695496,0
0,0.09387790135622798,0
0,0.07830414509657332,0
0,0.7252781017360453,1
0,0.1346028272856763,0
0,0.38826939303500013,1
0,0.1771370349445551,0
0,0.10647048097005772,0
0,0.13229516866868932,0
0,0.866560708453773,1
0,0.15931082541873345,0
0,0.32224036674725187,0
0,0.31700922698895684,0
0,0.13150138464435296,0
0,0.1536717849441502,0
0,0.8943482263541497,1
0,0.1790389300455315,0
0,0.10726559918638259,0
0,0.21137102710232947,0
0,0.3597913244554123,1
0,0.2832248518852806,0
0,0.38572781294939934,1
0,0.20392419388706232,0
1,0.7898931635433603,1
0,0.12399403533513684,0
0,0.07480050874099169,0
0,0.10089547652263231,0
0,0.17851849598966055,0
0,0.1151086970224569,0
1,0.9144890413324755,1
0,0.1386068433605769,0
0,0.600781748948088,1
0,0.5974471895247867,1
0,0.4035864882537881,1
0,0.12884154763178002,0
0,0.17927838479521932,0
1,0.33149966625151517,0
0,0.1679381212480996,0
0,0.6347774410609994,1
0,0.09227626861232938,0
0,0.07137364067782619,0
0,0.12226368095019782,0
0,0.1318111402516162,0
0,0.36307011087035135,1
0,0.09052227875827489,0
0,0.5820319394359038,1
1,0.0697403292171857,0
0,0.1203197436547935,0
0,0.3561667171338787,1
0,0.549637010581018,1
0,0.2940971558786957,0
0,0.37804332168091953,1
0,0.35323038135069934,1
0,0.17501756808221308,0
0,0.05496856588115718,0
0,0.3571171466917747,1
0,0.07158223079282859,0
0,0.32416754703608686,0
0,0.10831608381138444,0
0,0.05639372248724682,0
0,0.12523288204885077,0
0,0.8125994042797239,1
0,0.0932920271644339,0
0,0.1190335939759462,0
1,0.8348179350271722,1
0,0.21381495828294594,0
0,0.12797371719420914,0
0,0.7919819605314431,1
0,0.11368656431638395,0
0,0.16657520889858402,0
0,0.5772309543958781,1
0,0.5409155449189975,1
0,0.0954598818760712,0
0,0.13163589007958365,0
0,0.05204914032512336,0
0,0.08193340982679272,0
0,0.10622332434214081,0
0,0.07644075968893356,0
0,0.22830179805675954,0
0,0.7672506949299726,1
0,0.05575853673806519,0
1,0.9497523112393795,1
0,0.11339245599915965,0
1,0.5344244351114034,1
0,0.8038292794494508,1
0,0.121966518528421,0
1,0.44436025233179177,1
0,0.18281152789907779,0
0,0.5358764978673378,1
0,0.50372583342983,1
0,0.5551558066267371,1
0,0.28867588263506233,0
0,0.12469740070895874,0
0,0.19831686139141438,0
0,0.11547860971296546,0
0,0.10635603622267682,0
0,0.07989368560202603,0
0,0.2618666574394609,0
0,0.4750480435214757,1
0,0.2716291715244657,0
0,0.09909752884889096,0
0,0.10678156466150615,0
0,0.18150296595407925,0
0,0.44557391533712526,1
0,0.06367378433722314,0
0,0.4287801697738182,1
0,0.3972785393230747,1
0,0.3957842342543317,1
0,0.8783511547336612,1
0,0.6606224927631991,1
0,0.4922696221535953,1
0,0.1419671140880123,0
0,0.14579549144602366,0
0,0.5494759797254455,1
0,0.2586933668740882,0
0,0.09841690977193253,0
0,0.12537306781257784,0
0,0.2709091140358741,0
0,0.1623050995619004,0
0,0.7780503037084782,1
0,0.7905416567791534,1
0,0.13703224953621876,0
0,0.13364286841432027,0
0,0.1590723456140321,0
0,0.27285290550326546,0
0,0.1379310987992153,0
0,0.30802378029896976,0
0,0.19873926532246317,0
0,0.09623183601722704,0
0,0.12324819281864997,0
0,0.17650211737541013,0
0,0.5707203200577361,1
0,0.058722107464084905,0
0,0.2971511957878468,0
0,0.19587226086889997,0
0,0.5469431532006901,1
0,0.07261307778235353,0
0,0.32847673426580665,0
0,0.08956500395002637,0
1,0.7442364328831562,1
0,0.12163878563154737,0
0,0.09919296663572318,0
0,0.09359144603581475,0
0,0.08356897331200915,0
0,0.5941485040013564,1
0,0.3086815329380615,0
0,0.17830104425514415,0
0,0.45007317651698847,1
0,0.09037353021795896,0
0,0.06680605925361474,0
0,0.6225230662840904,1
0,0.19478165539844272,0
0,0.09465716118595892,0
0,0.13501028742073337,0
0,0.11643334614782631,0
0,0.07169362792755261,0
0,0.2094299127874925,0
0,0.11782592744291748,0
0,0.7184490573134306,1
0,0.1360354770753194,0
0,0.7804929429273244,1
0,0.1703438219330877,0
1,0.6681873774166068,1
0,0.14765901044793114,0
0,0.12171490301639099,0
0,0.13395595076596203,0
0,0.10662963605954966,0
0,0.35326612056080026,1
0,0.15490930874479905,0
0,0.08871741194984904,0
0,0.33375273844039044,0
0,0.2649806047218461,0
0,0.7521840370328442,1
0,0.0937103482958674,0
0,0.136622694433642,0
0,0.07662897289714986,0
0,0.12230039030797371,0
0,0.19286801281516944,0
0,0.10415474766182332,0
0,0.15765662035653982,0
0,0.1632454985199941,0
0,0.9159573661139334,1
0,0.3640028851745778,1
0,0.1849524509688507,0
1,0.9001720444901586,1
0,0.38867245942167433,1
0,0.6321889586735235,1
0,0.07539613614254824,0
0,0.9046524266280879,1
0,0.5624068473023374,1
0,0.275580134364077,0
0,0.2732648825735009,0
0,0.15642090064270014,0
0,0.10528162010259028,0
0,0.3778250190542768,1
0,0.08012431257053419,0
0,0.12339933035956725,0
0,0.21806688458249393,0
0,0.1466550788822009,0
0,0.5620944729771916,1
1,0.6662880112877839,1
0,0.27259240152983005,0
0,0.26668949367980677,0
0,0.5418632469930567,1
0,0.31489528980959736,0
0,0.12168034686476424,0
1,0.7526263937599137,1
0,0.7859385164588514,1
0,0.3743291523215049,1
0,0.12512369170690646,0
0,0.36482129359847815,1
1,0.9295734571690148,1
0,0.5995821735875747,1
0,0.40438950182079125,1
1,0.5448898983680669,1
0,0.21864828785825363,0
0,0.3157290678600695,0
0,0.0725585818284784,0
0,0.9650926581619239,1
0,0.2638874299432766,0
0,0.1466226916757903,0
1,0.7260131070533011,1
0,0.3925193314224657,1
1,0.5458219787339432,1
0,0.16971434761417742,0
0,0.13760904674107935,0
0,0.14562103789498188,0
0,0.07564241330981326,0
0,0.10898087211111078,0
1,0.8855521649872194,1
0,0.8409657132985273,1
0,0.2182106122722893,0
0,0.37323518449496923,1
0,0.1316559327543706,0
1,0.8511143005673829,1
0,0.10121994683399879,0
0,0.1435524392940981,0
0,0.2601658387861934,0
0,0.15009498807724056,0
0,0.33742884478339163,0
0,0.25954579262924343,0
0,0.4032916021311491,1
0,0.7510998072169452,1
0,0.26197730779366396,0
0,0.9088069431591718,1
0,0.10934936723174635,0
0,0.4738677590774318,1
0,0.08420358036377579,0
0,0.09011940373266092,0
0,0.501416889124543,1
0,0.14926694695970924,0
0,0.0689804485651634,0
0,0.2126039254980242,0
0,0.061453265094275206,0
0,0.29367606710643596,0
0,0.31251887782126897,0
0,0.3234893852863242,0
0,0.049746661473378646,0
0,0.25238240838607795,0
0,0.556641452777139,1
0,0.5913584976158467,1
1,0.9389903722302839,1
0,0.15408659769843452,0
1,0.9297503181310421,1
0,0.3436688041695239,0
0,0.32351824295317894,0
1,0.9412901407326877,1
0,0.45976913136261505,1
1,0.6302019790503608,1
0,0.35698821361003813,1
0,0.13712256934080114,0
0,0.17029717352061977,0
0,0.45399230492108045,1
0,0.46221097958460416,1
0,0.4302367705422988,1
0,0.11763273983410197,0
0,0.07584495084058401,0
0,0.22513115479704557,0
0,0.11282251695586278,0
0,0.6321873482088654,1
0,0.5054222708067674,1
0,0.08282920534735193,0
0,0.5095180272433683,1
0,0.47293188135675374,1
0,0.16310124225501563,0
0,0.1498145573162092,0
0,0.172862939061168,0
0,0.0865856073279471,0
0,0.10114964525255697,0
0,0.4100627359155761,1
0,0.181534112182948,0
0,0.5305112588062194,1
0,0.10207732582054761,0
0,0.28062026800311113,0
0,0.13504499357576075,0
0,0.30788116417980466,0
0,0.15514956762611976,0
0,0.11428789523193747,0
0,0.1620369115782605,0
0,0.5140795541214905,1
0,0.2407227847642561,0
0,0.4371552180105782,1
0,0.7889365939492201,1
0,0.9313913171857833,1
0,0.10813150196232084,0
0,0.24137939511894652,0
0,0.5296144865040509,1
0,0.542695913020996,1
0,0.25728760465459766,0
0,0.12111660963552867,0
0,0.5363997356792974,1
0,0.5687405800277331,1
0,0.06342599804724858,0
0,0.3163308872988171,0
0,0.8279229684296812,1
0,0.30354789996073456,0
0,0.8129784325068791,1
0,0.35724651668310947,1
0,0.2291555884924592,0
0,0.0968362609787598,0
0,0.474746560647669,1
0,0.6426553620637667,1
0,0.6421261495875247,1
0,0.18307720235566233,0
0,0.17035662039919403,0
0,0.5244805558477332,1
0,0.1353887708734446,0
0,0.5054347970891425,1
0,0.7876755046448636,1
0,0.7005345184899199,1
1,0.7201775700665891,1
0,0.14397308037553608,0
0,0.918381136607583,1
1,0.6487290043124754,1
0,0.31147790717044543,0
0,0.19225047773761295,0
1,0.9647191634134837,1
0,0.2966145467287778,0
0,0.15613697913292882,0
0,0.2430673787734681,0
0,0.21620422552739058,0
0,0.15730005249186726,0
0,0.357033037188284,1
0,0.20373965593234758,0
0,0.7984483018070082,1
0,0.5592863008725996,1
0,0.6749533788277677,1
0,0.20176006976388172,0
0,0.45715518282462103,1
0,0.12513882214762567,0
0,0.16731713895086564,0
0,0.12574108984659266,0
0,0.14825357244137777,0
0,0.3740733967541575,1
0,0.48176628501878954,1
1,0.6018495929900147,1
0,0.1770535360138508,0
0,0.5002656086077125,1
0,0.6590988826565517,1
0,0.1415222381385693,0
0,0.14506445239108937,0
0,0.33947982082961736,0
0,0.13695582036527712,0
0,0.14335933261140954,0
0,0.1757626196294287,0
1,0.8372752471745919,1
0,0.19157626229576852,0
0,0.25284783773804664,0
0,0.46123433849504814,1
0,0.0961419287077915,0
0,0.3137802397700001,0
0,0.4313300925999436,1
0,0.447422500228346,1
0,0.535061018951284,1
0,0.3732977818440121,1
0,0.1129423201131035,0
0,0.3720459298690537,1
0,0.0710756431156188,0
0,0.41851299779651724,1
0,0.16934746731990594,0
0,0.13689830810412723,0
0,0.23468879859621017,0
0,0.13265398200791018,0
0,0.17526320888387203,0
0,0.09246070157236769,0
0,0.11386760712766004,0
0,0.23566197669027414,0
0,0.76788345000905,1
0,0.17765388987411024,0
0,0.9049526375122123,1
0,0.14724883612460157,0
0,0.10515794935443447,0
0,0.1484769044017782,0
0,0.08662324739643962,0
0,0.13008134197325988,0
0,0.11194632744481497,0
0,0.10081889452449447,0
0,0.2943375636941163,0
1,0.7878900732265632,1
0,0.15338699916459073,0
1,0.8178480064037393,1
0,0.31955549740572525,0
0,0.42180895644779176,1
0,0.15925497902729036,0
1,0.6161179114734288,1
0,0.19538258056091534,0
0,0.16942105380095093,0
0,0.1511200451619681,0
1,0.45792438989687034,1
0,0.08365593423294539,0
0,0.21358186651771688,0
0,0.08196263603487212,0
0,0.10778263234485204,0
0,0.12734283488065876,0
0,0.10305070552525557,0
0,0.05017974749875082,0
0,0.27059375847297995,0
0,0.11230962887985266,0
0,0.08811949153578066,0
0,0.08058497113316632,0
0,0.15043982705253622,0
0,0.1776407819239595,0
0,0.10951280453251352,0
0,0.104335900540428,0
0,0.6033196405656097,1
0,0.09007591320360757,0
0,0.18229078137933255,0
0,0.8992504727562687,1
0,0.2893815318679326,0
0,0.09772424899041189,0
0,0.09234348565100335,0
1,0.6832720064075527,1
0,0.5674531821900789,1
0,0.14643230320284584,0
1,0.38913459866020633,1
0,0.11337021187955837,0
0,0.29549552682942687,0
0,0.32729081768860774,0
0,0.09937481576860471,0
0,0.18857513275453558,0
0,0.0876089323538988,0
0,0.10336661198457117,0
0,0.07983814954977543,0
0,0.4555475939884702,1
0,0.12579278971417526,0
0,0.19432161500144257,0
0,0.18414538489659718,0
0,0.19813159345367698,0
0,0.4051437275911102,1
0,0.10092550056894338,0
0,0.4891001690203777,1
0,0.05453028041029262,0
0,0.17226955113856862,0
0,0.1902378665470385,0
0,0.53576954917954,1
0,0.0917272708434936,0
0,0.22702715127697132,0
0,0.12143495059619058,0
0,0.3515191980870685,1
0,0.552724384722774,1
0,0.19530500091921707,0
0,0.7399726319733293,1
0,0.8676823433331878,1
0,0.13018979792545526,0
1,0.7361923622919139,1
0,0.09579098430447608,0
0,0.26187776704656396,0
0,0.2914541853826637,0
1,0.4006930054240573,1
0,0.41374224981333674,1
1,0.7725213149864737,1
1,0.9272677656009707,1
0,0.15923737955522368,0
1,0.25275116790110685,0
0,0.10463801554440982,0
0,0.12380194710778451,0
0,0.34673205688437536,0
0,0.07797923300350443,0
0,0.11911870297722804,0
0,0.10819069156593272,0
0,0.22087342204159655,0
0,0.14261010449045877,0
0,0.5642434843043912,1
0,0.4181128882573266,1
0,0.09660488713465322,0
0,0.5448887283901378,1
0,0.15418670096988785,0
0,0.14043576679773756,0
0,0.17992740562520082,0
0,0.1784497742665572,0
0,0.09690044602070078,0
0,0.48146089277504683,1
0,0.10877301805803277,0
0,0.21983835255467976,0
0,0.2531004483707602,0
0,0.3071354713286181,0
0,0.09079184138812348,0
0,0.10574371058149451,0
0,0.10865830211244441,0
0,0.08820694187629817,0
1,0.6195064009304434,1
0,0.08786246716498655,0
1,0.9579405237323377,1
0,0.1232159019403308,0
0,0.30591178796097174,0
0,0.48077255428096694,1
0,0.49581759030933226,1
0,0.9499427748088727,1
0,0.40935074438102986,1
1,0.9318119824327338,1
0,0.32444478816114464,0
0,0.4977907810435597,1
0,0.11547187204453593,0
0,0.17789557483112023,0
0,0.05689134472384735,0
0,0.20044897890922986,0
0,0.3035479780356402,0
0,0.2674942430697448,0
0,0.7001323361105265,1
0,0.0857573332410034,0
0,0.3689157843958326,1
0,0.18496209142907566,0
1,0.5936174401545253,1
0,0.13526735997447195,0
0,0.11682946227639154,0
0,0.4364019695102806,1
0,0.33135548399684384,0
0,0.10304244208615468,0
0,0.19195045119663096,0
1,0.4470026022187212,1
0,0.3314721482647477,0
0,0.08624958390480346,0
0,0.07149179378363338,0
0,0.14894054962906383,0
0,0.09801725532299693,0
0,0.057072159219015844,0
0,0.42117376941100687,1
0,0.09587341377565707,0
0,0.1275312290595587,0
0,0.2243184561536396,0
0,0.8663931192679002,1
0,0.11600508054115373,0
0,0.593515689840407,1
0,0.2573053257913463,0
0,0.6547678259601317,1
0,0.15626364706127763,0
0,0.1321224241590063,0
0,0.09778648481531999,0
0,0.2857498910935096,0
0,0.10569093899828817,0
0,0.7784914404273551,1
0,0.2138893785475913,0
0,0.13887141341694548,0
0,0.8197476778627752,1
0,0.8306972129398669,1
0,0.10676416899610346,0
0,0.061551390544693614,0
0,0.19857717514693862,0
0,0.5566225712905449,1
0,0.39295847930302624,1
0,0.06792368229436159,0
0,0.16733344012316068,0
0,0.14739443476788308,0
0,0.07965299536145584,0
0,0.0802955672384538,0
0,0.23501214106098753,0
0,0.35584956829400743,1
0,0.12045991706012492,0
0,0.08692503610256627,0
0,0.6516893931044769,1
0,0.10569192980344437,0
1,0.5627674709948689,1
0,0.13633545385215076,0
0,0.4097158485911553,1
0,0.12881719918019258,0
0,0.3764570678915669,1
0,0.5198993310676489,1
0,0.2427023664682542,0
0,0.12359492703591538,0
0,0.6207402187003288,1
0,0.48921351963900606,1
0,0.4397437396821719,1
0,0.6860624052087246,1
0,0.3585113064028051,1
0,0.32126328977226043,0
0,0.3058030707010494,0
0,0.10950801900072006,0
0,0.14147786588053238,0
0,0.1820702899857198,0
0,0.24560953410777392,0
0,0.5781556803911139,1
0,0.48642066104122345,1
0,0.10319538854244517,0
0,0.13087926142013137,0
0,0.19293417269988966,0
0,0.088227032938594,0
0,0.16179192374975163,0
0,0.07962497758644468,0
0,0.8380046641706422,1
0,0.5225867318962614,1
0,0.10350591516220926,0
0,0.11920102563550425,0
0,0.6730607539608093,1
0,0.45276517601887284,1
0,0.06599032828338804,0
1,0.6766547970411932,1
0,0.12257896646636411,0
0,0.30216903331231415,0
0,0.08817469069238808,0
0,0.18637587556460175,0
0,0.8889058639676074,1
0,0.2641678719418276,0
0,0.47969869268271936,1
0,0.37813308907151566,1
0,0.3921750563276071,1
0,0.13843652123488862,0
0,0.5390226246845324,1
0,0.8619903206450847,1
1,0.9579655509891004,1
0,0.10021367583160987,0
0,0.5087202929517626,1
0,0.7354289598652696,1
0,0.20415204896348962,0
0,0.08483377217249964,0
0,0.5410164302381814,1
0,0.3610831671512269,1
0,0.20151785965359517,0
0,0.0731992204994322,0
0,0.10251439513164261,0
0,0.5889382064929349,1
0,0.19827779342860602,0
0,0.4628322536215361,1
0,0.15154901796883474,0
1,0.8281389981863964,1
0,0.1157055347224181,0
0,0.2971840946639852,0
0,0.1612921258369455,0
0,0.12634681705258263,0
0,0.5159329823607887,1
1,0.3459660743351961,0
0,0.61559963199708,1
0,0.057533568118447356,0
0,0.3152817365265386,0
0,0.8149631953243948,1
0,0.08286384041584363,0
0,0.3593951241180321,1
0,0.13380134526857299,0
0,0.23070155722659408,0
0,0.6462753369541532,1
0,0.854163302762533,1
1,0.9198931507747288,1
1,0.9351397100928106,1
0,0.14347073741516653,0
1,0.9142547994824585,1
1,0.6063439420700235,1
0,0.8392653834105542,1
0,0.13241561928556125,0
0,0.058867811870482074,0
0,0.9553691143822003,1
0,0.1042078891183011,0
0,0.35194140439230454,1
0,0.28051791338306226,0
1,0.4244282337358293,1
0,0.06650098657618594,0
0,0.1433912322754995,0
0,0.5913005659711663,1
0,0.1038918068816448,0
0,0.468207509694777,1
0,0.578533753425375,1
0,0.09073526021528597,0
1,0.10631218869951184,0
0,0.5336645756922821,1
1,0.8464402160661345,1
0,0.5255565006006,1
0,0.1158262628558384,0
0,0.29324353493869276,0
0,0.3023104327407026,0
0,0.6993478771755687,1
0,0.10818059282254144,0
0,0.1271547408588364,0
0,0.40334593671673324,1
0,0.5642612040379716,1
0,0.07558022858865758,0
1,0.45687317968091096,1
0,0.47789134900032926,1
0,0.49244628544245617,1
0,0.08876046607909657,0
0,0.596673673264046,1
0,0.1057552287434694,0
0,0.07002911750384241,0
0,0.43118800899680926,1
0,0.37609332858031297,1
0,0.2565364453596967,0
0,0.08480780041045814,0
0,0.09526881614988104,0
0,0.09509628494017094,0
0,0.08866988184480314,0
0,0.7753241583211693,1
0,0.1182561751279389,0
0,0.09739400320885733,0
0,0.443483911385262,1
0,0.1634812266741185,0
0,0.10466496069352567,0
0,0.4357477784463189,1
0,0.30382883345496986,0
1,0.2245048350832641,0
0,0.5825781011008274,1
0,0.07754731595919225,0
1,0.34348485622368663,0
0,0.1573176298588849,0
0,0.811825857800557,1
0,0.05684654172193425,0
0,0.2098578266558413,0
0,0.6958687238966806,1
0,0.12610797450880293,0
0,0.3088884050095705,0
0,0.07318309467259504,0
0,0.22401349258100026,0
0,0.1535752476528688,0
0,0.0860862570264004,0
0,0.11563705501378768,0
0,0.24309565048759163,0
0,0.7196138234470001,1
0,0.11637661540610239,0
0,0.15291877643144156,0
0,0.31083520818252064,0
0,0.6177389008690799,1
0,0.42912566820419734,1
0,0.06407484953734369,0
0,0.20829838813411936,0
0,0.13790516940036282,0
0,0.1878483733493077,0
0,0.43548940954523574,1
0,0.07679046166080036,0
0,0.9032622146645095,1
0,0.3767951289334722,1
0,0.11814110801064993,0
0,0.21397583042861645,0
0,0.08653049763002645,0
0,0.10164599672764286,0
0,0.2125629986320833,0
0,0.48884172993866515,1
0,0.1890718071694258,0
0,0.6039782044383627,1
0,0.16722704335637567,0
0,0.3219171415971439,0
1,0.9018589795771087,1
0,0.0972760346082018,0
0,0.2900606419140463,0
0,0.18132136729647763,0
0,0.14461271749914048,0
0,0.5290377817178995,1
1,0.9653259629081663,1
0,0.6178545314477796,1
1,0.18836780257852792,0
0,0.09640803597133975,0
0,0.09370558233460816,0
1,0.8564215532088171,1
0,0.5808336219570828,1
0,0.051374979085419874,0
1,0.4803439492430791,1
0,0.29839034239778167,0
0,0.16684158991884163,0
0,0.10355436097406398,0
0,0.23262238268289168,0
0,0.1098765163025286,0
0,0.16386602034866316,0
0,0.2923573172457276,0
0,0.3594236306552486,1
0,0.09027501939167278,0
0,0.23072693659834181,0
0,0.08009743421823282,0
0,0.127954118466874,0
0,0.1169495926681923,0
0,0.29464384515446296,0
0,0.15913148860729506,0
0,0.5363811900414619,1
0,0.06334421008977789,0
1,0.14248650057543605,0
0,0.41984990957278573,1
0,0.73478286655752,1
0,0.33567950433486826,0
0,0.1682199865562023,0
0,0.09853167855709245,0
0,0.7521361225713377,1
0,0.3509404232124683,1
0,0.5858621226873676,1
0,0.09425397661369915,0
0,0.23561783368989714,0
0,0.30272841431089775,0
0,0.14681743028264235,0
0,0.3810817501454853,1
0,0.7681075987548867,1
0,0.16988467440277202,0
0,0.35651487684849875,1
0,0.8034615796239954,1
0,0.6316941881979201,1
0,0.27627967332173303,0
0,0.09957983133448206,0
0,0.5962411504360287,1
0,0.12115825224110788,0
0,0.33485280191329686,0
0,0.3317356253358149,0
0,0.3680427932502254,1
0,0.1798754941637079,0
0,0.12460424836516076,0
0,0.17458553678676655,0
0,0.4602924452824782,1
0,0.3547826647790224,1
0,0.6442278919848191,1
0,0.18566544277490651,0
0,0.11507238076822875,0
0,0.37551553596958925,1
0,0.2831089210602256,0
0,0.17265241612882312,0
0,0.09135905256056585,0
0,0.14116414667686936,0
0,0.22830266645560196,0
0,0.19226755983104196,0
0,0.0891033178430604,0
0,0.8032330504255162,1
0,0.14475735873586926,0
0,0.09039429509508524,0
0,0.5170992719844792,1
0,0.15679553841723287,0
0,0.13767629099315856,0
0,0.2220862260117507,0
0,0.19406632324401876,0
0,0.416402929947958,1
0,0.10150358418317161,0
0,0.14745264263768446,0
1,0.8347537123281225,1
0,0.31141368292521177,0
0,0.5934902956598884,1
0,0.11405548024320564,0
0,0.4326074109020494,1
0,0.19248396947012983,0
0,0.059640566861500786,0
0,0.18754181300823405,0
0,0.7728500487326921,1
0,0.12627952048574195,0
0,0.09004321467716185,0
0,0.2503542514673241,0
0,0.19082421070753142,0
0,0.7421165196607035,1
0,0.05986469001220525,0
0,0.3626691701931364,1
0,0.1971247825281083,0
0,0.34272180039356764,0
0,0.11300817690938836,0
0,0.06484244175841314,0
0,0.20744402180531785,0
0,0.31339675977511194,0
0,0.12433181190467335,0
0,0.12867000255595856,0
0,0.702344254874126,1
0,0.591625832805656,1
0,0.3525638945090104,1
0,0.569642362152697,1
0,0.2326103542418341,0
0,0.5274383485258739,1
0,0.12646538783731762,0
0,0.8479551527493813,1
0,0.17309934289887471,0
0,0.19498716389077309,0
0,0.26968471544049466,0
0,0.08385607929834661,0
0,0.5410488883259827,1
0,0.12192178347518157,0
0,0.32181465001147447,0
0,0.294425571470657,0
0,0.10937103132578666,0
0,0.5069627718315827,1
0,0.6354696586693227,1
0,0.5710577204744905,1
0,0.3788530209669853,1
0,0.377504913660227,1
0,0.3345328160935339,0
1,0.457558019887887,1
0,0.14760283678350333,0
0,0.36512697131392197,1
0,0.10745726688618212,0
0,0.28753381797938365,0
0,0.5221054352986161,1
0,0.5733827446305935,1
1,0.9152399129174534,1
0,0.28546703677458085,0
0,0.13781133841586996,0
0,0.13487908249484823,0
0,0.49894429185376965,1
0,0.10932847085442288,0
0,0.33271006384169816,0
0,0.3638594496357649,1
0,0.3825569936114034,1
0,0.1389040554169216,0
1,0.7822157267377696,1
1,0.7890123608550593,1
0,0.09316823109745459,0
0,0.38998553635330385,1
1,0.8562488668349165,1
0,0.09416767305933753,0
0,0.09666344054619132,0
0,0.09289248086040137,0
0,0.1501524753798256,0
0,0.5368687228513687,1
0,0.8494030555866351,1
0,0.0895013275108249,0
0,0.18361796270827463,0
0,0.39203200770382873,1
0,0.5676022671151146,1
0,0.33179959137852627,0
0,0.128475501974958,0
0,0.061017953838702406,0
0,0.5380036206578264,1
0,0.16480734465041402,0
0,0.08469708133710603,0
0,0.17514546122751648,0
1,0.580694459595877,1
0,0.4107529461855385,1
0,0.1730566109478307,0
0,0.3084517825769729,0
0,0.2226329755567582,0
1,0.1513121490043277,0
0,0.16649783398944168,0
0,0.08943754043255558,0
0,0.1827731539537448,0
0,0.10060050342873515,0
0,0.5535406620975888,1
0,0.24571355328146022,0
0,0.8198028372119256,1
0,0.10443380489708745,0
0,0.2673925422685872,0
0,0.152869026665623,0
0,0.5593588794380114,1
0,0.4505131106569358,1
0,0.18585947558191523,0
0,0.21838719142344293,0
0,0.36296844145016344,1
0,0.5985530440633826,1
0,0.266946770390858,0
0,0.07589202732294639,0
0,0.3348744591186991,0
0,0.12643669575776767,0
0,0.09087087128332615,0
0,0.9145080328995395,1
0,0.28611208477860933,0
0,0.4476778943790659,1
0,0.7743920337098199,1
0,0.127374187468373,0
0,0.08913699991910677,0
0,0.9272785547092007,1
0,0.0547554182909267,0
0,0.12777935629165008,0
0,0.43214332461008526,1
0,0.49586728554658216,1
0,0.38940031935102665,1
1,0.8226124948378758,1
0,0.2839749629297315,0
1,0.8117152995468069,1
0,0.4894758921433637,1
0,0.8130955996660777,1
0,0.14492785515700396,0
0,0.39042786306255584,1
0,0.5326723839769565,1
0,0.2394634686077316,0
1,0.17139945895682224,0
0,0.3125549415194661,0
0,0.10565052760727889,0
0,0.34576452123980506,0
0,0.10278970193765291,0
0,0.259212892472581,0
1,0.9459111932033079,1
0,0.4125110356018506,1
0,0.46555659391024257,1
0,0.09395421564931457,0
1,0.11848009618607437,0
0,0.2240498898499347,0
0,0.3952347366521093,1
0,0.47753175386199453,1
0,0.17402402846990528,0
1,0.43770382144508374,1
0,0.08397996534540554,0
0,0.2965550591772576,0
0,0.1865197911561344,0
0,0.14237945099569183,0
0,0.09103840499296341,0
0,0.07493779173246655,0
0,0.15560630410434723,0
0,0.09382277593219926,0
0,0.20488232803022413,0
1,0.9459752642347677,1
0,0.2169004833381885,0
0,0.10176759488656659,0
0,0.5333830462872987,1
0,0.44890704338622905,1
0,0.17238011708733414,0
0,0.13816090312061555,0
0,0.1545231570653332,0
0,0.2502880084130288,0
0,0.13490335441612755,0
0,0.06170411806103066,0
0,0.6478062082237297,1
0,0.4635953486713032,1
0,0.18299642721291814,0
0,0.15134377353055045,0
0,0.5096732958342498,1
1,0.8757095836010332,1
0,0.2284409869550052,0
0,0.6014429676663839,1
0,0.11442892266722722,0
0,0.5232417215171362,1
0,0.0703443711971574,0
0,0.3610659472090052,1
0,0.50603952340442,1
0,0.14675992197454646,0
0,0.7354403584949089,1
0,0.10527091949109893,0
0,0.7224179456792118,1
0,0.1494831075042615,0
0,0.1543169930528541,0
0,0.13117400487330125,0
0,0.12673209022753865,0
0,0.26617671492520684,0
0,0.4308831153653949,1
0,0.12348419401400253,0
0,0.15124571368881698,0
1,0.7623553538873035,1
0,0.5507293377845667,1
0,0.1783480062761645,0
0,0.6399796238924189,1
0,0.5642993579450646,1
0,0.4020957455061278,1
0,0.20355920096279004,0
0,0.31517928231217834,0
0,0.1571506926599211,0
0,0.12941905806895768,0
0,0.26064451915617937,0
0,0.16837530228161995,0
0,0.5737129264533268,1
0,0.2657123411894197,0
0,0.09311573015626559,0
0,0.2000544840208231,0
0,0.604351301869297,1
0,0.2665696720890018,0
0,0.21845209866589074,0
0,0.36296564255818947,1
0,0.19935255388740272,0
0,0.691576588330003,1
0,0.5258364335665078,1
0,0.4206861816917472,1
0,0.2050363710666801,0
0,0.22734849154007075,0
0,0.22719361082395892,0
0,0.14947913759484835,0
0,0.585922728979283,1
1,0.7851425303942019,1
0,0.09088338312490901,0
0,0.8439825341061589,1
0,0.14199709127252425,0
1,0.7619876939084892,1
0,0.10526670523926045,0
0,0.1442670375625502,0
0,0.10566411132576338,0
0,0.16345805660081286,0
0,0.5236388536038504,1
0,0.5746328502400919,1
0,0.13701859523008464,0
0,0.31762342947386474,0
0,0.15384129901645757,0
0,0.2703814844713836,0
0,0.3884911894394915,1
0,0.8190732643376578,1
0,0.10192326210307782,0
0,0.5991837525716008,1
0,0.07894352327424374,0
0,0.6305439176790729,1
0,0.4051675576913366,1
0,0.14299764585393163,0
0,0.18228172627017475,0
0,0.05364681307979352,0
0,0.4746678216466085,1
0,0.07854079276315605,0
0,0.11163121536313186,0
0,0.25129984980681463,0
0,0.0780389454879587,0
0,0.19111062863028688,0
0,0.14971232420123412,0
0,0.12776630551871013,0
0,0.10927474128662736,0
1,0.9342025588360652,1
0,0.20622304858489263,0
0,0.12990983185166338,0
0,0.10931561085549714,0
0,0.732697948273495,1
0,0.1369877041788479,0
0,0.3293913680766896,0
1,0.5310351965618826,1
0,0.16507385641619218,0
0,0.09861367630706788,0
0,0.2369691448687587,0
0,0.23018075666909643,0
0,0.1936129563113685,0
0,0.8138873953013981,1
0,0.23680266505511932,0
0,0.2424184082531547,0
0,0.1313901325777912,0
0,0.1335708169204472,0
0,0.23096321897825864,0
0,0.07339906438124959,0
0,0.6671360971848154,1
0,0.18546309363524396,0
0,0.8815954661119084,1
0,0.12150723654746928,0
0,0.1513171974265448,0
0,0.23184483166039668,0
0,0.0844942763024342,0
0,0.40202377212292817,1
0,0.6077071822285341,1
0,0.319355433186902,0
0,0.053710721615800615,0
0,0.5165496378585057,1
0,0.18850447124584083,0
0,0.2594518657050701,0
0,0.14428713758883885,0
0,0.16209438826693304,0
0,0.3773452566736823,1
0,0.692856656242152,1
0,0.23162444931260723,0
0,0.19245896371399365,0
0,0.6028856106403692,1
0,0.8963796937321382,1
0,0.13513912949274803,0
0,0.15050271667436035,0
0,0.17824538245233854,0
0,0.16772275555169153,0
0,0.08340618579427957,0
0,0.16282522304543218,0
0,0.1741672837826655,0
0,0.20858886096014387,0
0,0.5516394988785268,1
0,0.6106231711819803,1
0,0.15026632396411663,0
0,0.7074430546182673,1
0,0.4585612017688744,1
0,0.18811174324874994,0
0,0.5563336410164683,1
0,0.14994875809045013,0
0,0.14197371655401209,0
0,0.2636891795621464,0
0,0.4407586570161646,1
0,0.5351690696312593,1
0,0.14625170352895892,0
0,0.20922543186499357,0
0,0.09258646072090235,0
0,0.1156873872435081,0
0,0.22450429885009135,0
0,0.1517356229920991,0
0,0.23638925583433523,0
0,0.06347907138081442,0
0,0.09696360208037186,0
0,0.43735724972301654,1
0,0.6204687953721238,1
0,0.13264576631695732,0
0,0.15240897232206396,0
0,0.22266980374980055,0
0,0.09509667899140102,0
0,0.08240190053347946,0
0,0.05251508821402314,0
0,0.05645716272082579,0
0,0.32298712027885473,0
0,0.9142802259419784,1
0,0.10078642703258206,0
0,0.14917889652337607,0
0,0.19218770135374297,0
0,0.4480966120981951,1
0,0.23300170501978149,0
0,0.5165472866525782,1
0,0.13210742817552174,0
0,0.15436877531476667,0
0,0.1301524698897917,0
0,0.2523307568288546,0
0,0.7438311964619987,1
0,0.0635642298634777,0
0,0.37396465370840615,1
0,0.504500397148574,1
0,0.3592183598630423,1
0,0.13598778191566419,0
0,0.5073444945957276,1
0,0.0563754632153961,0
0,0.17705992681540192,0
0,0.13820059570452015,0
0,0.6242188638461066,1
0,0.8726781683235552,1
0,0.05754262969912072,0
0,0.09047651268121955,0
0,0.1426868457014974,0
0,0.41836928329947315,1
0,0.6320745491236524,1
0,0.2597939362486976,0
0,0.08938812640995408,0
0,0.13950943473647195,0
0,0.07104850189690141,0
0,0.12585139148176286,0
0,0.13511553129836765,0
0,0.3589403567865353,1
0,0.3430042836259515,0
0,0.33841561417035115,0
0,0.05741391972606766,0
0,0.15643297923925764,0
0,0.1694265579891676,0
0,0.19303934545366305,0
0,0.5281941813541551,1
0,0.672534380922622,1
0,0.511880443330557,1
0,0.1560794462381624,0
0,0.2099379722483057,0
0,0.4115567128402421,1
0,0.11842739460608573,0
0,0.07884010652509309,0
0,0.6503220184947412,1
0,0.913041586288779,1
0,0.12330302708861576,0
0,0.16883268540077942,0
0,0.10067473077023613,0
0,0.0983180777758435,0
1,0.9489774757016544,1
0,0.0876052952250049,0
0,0.11530855627935073,0
0,0.49776609041355385,1
0,0.23415772316688807,0
0,0.9395487917909321,1
0,0.10240532384390728,0
1,0.920258749410574,1
0,0.14177380697559275,0
0,0.4525244448382303,1
0,0.26498097914423613,0
0,0.760078667184859,1
0,0.134762950506068,0
0,0.30440435204714206,0
0,0.11455084631848979,0
1,0.8223668220960618,1
1,0.8845015645489371,1
0,0.6888147355284563,1
0,0.11309525740143568,0
0,0.32877012610133577,0
0,0.3690161760118458,1
0,0.15351064086571167,0
0,0.39870584739228976,1
0,0.2334268594469827,0
0,0.15137044684835269,0
0,0.478306981236532,1
0,0.13690753129631683,0
0,0.7610663575480894,1
0,0.8724949391650595,1
0,0.37096726620081305,1
1,0.9353018028356064,1
0,0.38416224591705517,1
0,0.4484139755792802,1
0,0.5371241020818921,1
0,0.20373090468860952,0
0,0.1272929473085883,0
0,0.11635193754275099,0
1,0.2421043205834045,0
1,0.8069765165841299,1
0,0.17058902919243568,0
0,0.10914397033998469,0
0,0.5158728812053938,1
0,0.378628506500073,1
0,0.913713682371602,1
0,0.3606451336317725,1
0,0.39329550074369923,1
0,0.2336885115124893,0
0,0.12548831361210355,0
0,0.8574262667914762,1
0,0.08059487585271546,0
0,0.08857361313428812,0
0,0.7782778689515003,1
0,0.2892009928137079,0
0,0.6965645474567342,1
0,0.17154822958513552,0
0,0.10325966118051569,0
1,0.8844777912214093,1
1,0.398674530214555,1
0,0.1531609869498459,0
0,0.13873978826611127,0
0,0.1877618584244672,0
0,0.20203832930981608,0
0,0.40635991210962047,1
0,0.5621768146839033,1
0,0.13768256760857428,0
0,0.4891388799871954,1
0,0.09319668910351311,0
0,0.2851000960237223,0
0,0.6305601415511418,1
0,0.164378836669794,0
0,0.7392997453615432,1
0,0.24673919907311728,0
0,0.10364143142140145,0
0,0.16687867066651504,0
0,0.17358122451232316,0
0,0.08897121951692814,0
0,0.0659809849062825,0
0,0.11470937625749196,0
1,0.8593829247915691,1
0,0.1849170449253395,0
0,0.22111610868133214,0
0,0.14956162991065142,0
0,0.17679531868327186,0
1,0.9356060063598322,1
0,0.29215383518810945,0
0,0.3092051037632553,0
0,0.12238824386657482,0
0,0.6644815768562082,1
0,0.24767641396765655,0
0,0.7860888582410203,1
1,0.7699102660213797,1
0,0.12324411545132671,0
0,0.08279578704903202,0
0,0.553420243805856,1
0,0.21176519012942344,0
0,0.168374891232937,0
0,0.5811410543073661,1
0,0.2025446951897206,0
0,0.16335607829368898,0
1,0.8320256318229855,1
0,0.8371917133345144,1
0,0.11622746195763026,0
0,0.10431477061950574,0
0,0.13412757302650796,0
0,0.28772750124205654,0
0,0.792774718868382,1
0,0.11456840866614698,0
0,0.44782552307130324,1
0,0.11600266120043402,0
0,0.11935640636378511,0
0,0.38049834564367024,1
0,0.6831688622775548,1
0,0.087291920801471,0
0,0.1597738983325339,0
0,0.5407252911411123,1
0,0.07772346417688539,0
0,0.30237598409126376,0
0,0.603641994508965,1
0,0.6991705303317955,1
0,0.11754850190137058,0
0,0.0724478910248195,0
0,0.1869546231643203,0
0,0.23389986997484352,0
0,0.1024458827801818,0
0,0.32448022936487964,0
0,0.31652690946823875,0
0,0.05246240537694072,0
0,0.37902207027394447,1
0,0.23313014642859153,0
0,0.192966011477575,0
0,0.2799883153863916,0
0,0.19718871841204821,0
1,0.8539634016582454,1
0,0.22894227321405689,0
0,0.06892113775789478,0
0,0.20205978394861035,0
0,0.07636263867609867,0
1,0.8110166839962116,1
0,0.39831071430930637,1
0,0.13600114069019353,0
0,0.10921798208822435,0
1,0.9110491390654871,1
0,0.07789897182643553,0
0,0.16272647554249622,0
0,0.1672129805049432,0
0,0.0770157124817242,0
0,0.09257164954597102,0
0,0.15732194095947127,0
0,0.0824801804172016,0
0,0.08374180244980027,0
0,0.11340797830345818,0
0,0.7433289719087909,1
0,0.5166577848306886,1
0,0.5288011939705587,1
0,0.1168807807222722,0
0,0.6327728375276702,1
0,0.0911608462382734,0
0,0.6703970333691649,1
0,0.896257452001779,1
0,0.3527308808033732,1
0,0.09678421086566096,0
0,0.07952210501135057,0
0,0.27476628093474265,0
0,0.17466860233555478,0
0,0.08543759190482168,0
0,0.17117014330989547,0
0,0.36466796741336577,1
0,0.19163879706390377,0
0,0.3282921671797781,0
0,0.14135695437064114,0
0,0.35926896136334674,1
0,0.41268742882599296,1
0,0.0745926015749691,0
0,0.5751530505174988,1
0,0.09225941503149572,0
0,0.13876017272523372,0
0,0.2019690554571884,0
0,0.10226645547725453,0
0,0.12363371208512296,0
0,0.053526913026866046,0
0,0.09899903922144726,0
0,0.11655714988419391,0
0,0.2460980741354247,0
0,0.07452788016539101,0
0,0.1169729978735469,0
0,0.8694456030612088,1
0,0.198814269382768,0
0,0.5987099439076661,1
1,0.9052544478551677,1
0,0.10578104346692838,0
0,0.32314227178435717,0
0,0.6354784069167336,1
0,0.4963952195052324,1
0,0.1241954998220462,0
0,0.07647812605943083,0
0,0.22160095160850432,0
0,0.6477837010190165,1
0,0.6546879227419867,1
0,0.11523247376387784,0
0,0.13270814769844072,0
0,0.2235107666926445,0
0,0.3088740953902499,0
0,0.38304977174919674,1
0,0.1045818746909878,0
0,0.12435241559551274,0
1,0.9280319220294196,1
0,0.08112305003513627,0
0,0.09385837177702391,0
0,0.1108928842501083,0
0,0.15570707150530483,0
0,0.2870704058468282,0
0,0.1518598109386959,0
0,0.3403586658087462,0
0,0.13451175856617667,0
0,0.7551936227242309,1
0,0.16395965735320095,0
0,0.12925917580820265,0
0,0.1668466851605867,0
0,0.8272862223799295,1
0,0.07469090552576492,0
0,0.058142516900724625,0
0,0.7260738721620876,1
0,0.1833910355800917,0
0,0.20572689663849425,0
0,0.2959449454964339,0
0,0.07731197144897148,0
0,0.15045036224515107,0
0,0.23110502505487976,0
0,0.11654716154184551,0
0,0.1951539213525508,0
0,0.0857276066175164,0
0,0.07684264579804176,0
0,0.12812271826740707,0
0,0.6282486905630394,1
0,0.10544223271664067,0
0,0.12265166813659721,0
0,0.07336053099176115,0
0,0.2612461051180508,0
0,0.36411416304554584,1
0,0.0749394022544296,0
0,0.3644843838264003,1
0,0.15369860333973664,0
0,0.1011216448224181,0
0,0.25369744391240817,0
0,0.8135688837268943,1
0,0.16454221277000894,0
1,0.3967259734988416,1
0,0.05731958433623003,0
0,0.3310709737411856,0
0,0.11456887171685369,0
0,0.41888553927000116,1
0,0.4804987354454709,1
0,0.05367918582141191,0
0,0.5064127190234204,1
0,0.5801912681615914,1
0,0.30668334293400545,0
0,0.11075770196616164,0
0,0.6004890945780423,1
0,0.08742024173354862,0
0,0.14444783398109878,0
1,0.5173241284527028,1
0,0.09808391492566693,0
0,0.7707418781676774,1
0,0.1606244571550567,0
0,0.07680228846088699,0
0,0.07554467396061387,0
0,0.08009567300293643,0
0,0.7970028319746881,1
0,0.1510282881099939,0
0,0.1786046357471077,0
0,0.312153331614685,0
0,0.1895299221806008,0
0,0.37140076633280983,1
0,0.2034970618670352,0
0,0.1056285346144674,0
1,0.64954320485629,1
0,0.3502434834617315,1
0,0.6139224534789606,1
0,0.07093428162146904,0
0,0.19784118768358508,0
0,0.058357465082160796,0
0,0.17783612422409772,0
0,0.4711773115057886,1
0,0.06909467084512326,0
1,0.9349250830817178,1
0,0.12854672714846815,0
0,0.2461510213014468,0
0,0.10670390974780934,0
0,0.590910076270394,1
0,0.49220117045567674,1
0,0.15373458344499172,0
0,0.26966791756168834,0
0,0.18703932456625222,0
0,0.3801382385174819,1
0,0.11132869439378465,0
0,0.707663463951215,1
0,0.538706790953444,1
0,0.056545033698928056,0
1,0.8457002498476339,1
0,0.582083526713256,1
0,0.4419330865762546,1
0,0.14725180957547168,0
0,0.4046464046047965,1
0,0.5130138788164358,1
0,0.1608699241560621,0
0,0.14791208289667512,0
0,0.5812669868476189,1
0,0.448450414257483,1
0,0.3871012977538482,1
0,0.48305740300782607,1
0,0.4068709462495294,1
0,0.20181391321501357,0
0,0.09237485766221917,0
0,0.10433284754976702,0
0,0.2586442264323255,0
0,0.19785204648826044,0
0,0.3317648695071814,0
0,0.20322883516930373,0
0,0.15272709684818606,0
0,0.5576962859853432,1
0,0.6635712502592209,1
0,0.15312040866965917,0
0,0.048941786272343205,0
1,0.1348458201955747,0
1,0.13543876278765674,0
0,0.1663068492226418,0
0,0.19859979224454355,0
0,0.09410137831804517,0
0,0.15600859807223624,0
0,0.3132870755728168,0
0,0.1633408112363395,0
0,0.14801806203972104,0
0,0.28173734321818567,0
0,0.2208265506933337,0
0,0.06567975761751077,0
0,0.5620134637365775,1
0,0.05879301011843594,0
0,0.29632889587393146,0
0,0.14841493612543585,0
0,0.09756014215005844,0
0,0.16363310726147573,0
1,0.5039358868295243,1
0,0.0832014624427693,0
0,0.35083179484141064,1
0,0.9407070382181492,1
0,0.28868459298579274,0
0,0.15147095103824182,0
0,0.17343052314391913,0
0,0.30105319767025274,0
0,0.1182663333559174,0
0,0.5844718943376228,1
0,0.5512935329292555,1
0,0.9227940629051739,1
0,0.11741084954648874,0
0,0.34767966660982763,0
0,0.05741988602511823,0
0,0.38762354976943,1
1,0.8781211556339222,1
0,0.19499222770278485,0
0,0.13903303933783673,0
0,0.2562982766681075,0
0,0.14023404070265263,0
0,0.27975527342016926,0
0,0.3736567834165884,1
0,0.4191893324343123,1
0,0.0642578882597576,0
0,0.12356506903150782,0
0,0.14211731390767912,0
0,0.4617973186532955,1
0,0.5858579510532081,1
0,0.44719366982218267,1
0,0.08167434902267152,0
0,0.10452121055631683,0
0,0.8545783041927253,1
0,0.35631140106392784,1
0,0.1455969857903478,0
0,0.2774418464184674,0
0,0.19123613663444744,0
0,0.5577538476997571,1
0,0.07699668887483833,0
0,0.4584588614806636,1
0,0.11240003693801424,0
0,0.25466404839860707,0
0,0.4556689888356661,1
0,0.2022850144965692,0
0,0.5211434610623681,1
1,0.8868271823079836,1
0,0.13903280109206625,0
0,0.13315703542438048,0
0,0.4189928063128691,1
0,0.11606497940122476,0
0,0.5369697142029493,1
0,0.6696355364733443,1
0,0.28097215116222957,0
0,0.8574974388476759,1
0,0.10392393331772228,0
0,0.4626589418930008,1
0,0.10856356006507412,0
1,0.16271421734572383,0
0,0.6006842720614128,1
0,0.3407448333933474,0
0,0.21559096566943536,0
0,0.5852316970614629,1
0,0.798038618492918,1
0,0.18289856165554988,0
0,0.07819051432839202,0
0,0.20661105832795348,0
0,0.13104032944771252,0
0,0.16930596824917574,0
0,0.1945061389425524,0
0,0.5702166239138465,1
0,0.10471621651219033,0
0,0.18084871142722667,0
0,0.07929940726544712,0
0,0.1471436814662713,0
0,0.4306977803715707,1
0,0.9105372847270717,1
0,0.4361675110049099,1
0,0.07122857602091531,0
0,0.37977817740868247,1
0,0.12023714280975845,0
0,0.5378316745234714,1
0,0.10856029016889752,0
0,0.8209910613903685,1
1,0.10778844443385217,0
0,0.5058814726388602,1
0,0.07402214539944582,0
0,0.5226761041343961,1
0,0.10216296439101666,0
0,0.1297715808796297,0
0,0.10079652929331724,0
0,0.2913658365535103,0
0,0.6981730963676146,1
0,0.33479404956529996,0
0,0.05177348366490971,0
0,0.563555715348482,1
0,0.40082640422546323,1
0,0.904454158643854,1
0,0.12991059782638745,0
0,0.35955794710988653,1
0,0.107088175689108,0
0,0.5696033443843224,1
0,0.11651581290459942,0
0,0.4725685234083743,1
0,0.11096689596544006,0
0,0.10194041019057595,0
0,0.10818338017138236,0
0,0.14275176128020223,0
0,0.6286765389772523,1
0,0.18369581796015133,0
0,0.1523855459023211,0
0,0.39112886687720644,1
0,0.3621685701401476,1
0,0.34762944611586066,0
0,0.09413975458561293,0
0,0.7391296515644751,1
0,0.29932957042063263,0
1,0.18367519191117915,0
0,0.514350828495655,1
1,0.48903787584390357,1
0,0.14110833723334146,0
0,0.2690151511801223,0
0,0.0841237830357665,0
0,0.09790499713106984,0
0,0.08919761532589647,0
0,0.27303348861409016,0
0,0.6665151547645446,1
0,0.27267712001696887,0
0,0.05976962140342432,0
0,0.3870467052215078,1
0,0.23778195546242448,0
0,0.4369836975738414,1
0,0.3041320185994666,0
0,0.4028107562978254,1
0,0.23053349759113048,0
1,0.5540080037454648,1
0,0.07682039529816762,0
0,0.7145110129761217,1
0,0.06889055151954994,0
0,0.4100627501679737,1
0,0.20008325704325694,0
0,0.11032499485559451,0
0,0.08067399493198817,0
0,0.29308429071333025,0
0,0.778982231000338,1
0,0.6348305536410112,1
0,0.09367573307519839,0
0,0.1423953052904484,0
0,0.5901032610487642,1
0,0.17533355644363002,0
0,0.3334326613976111,0
0,0.13482126072348516,0
0,0.9500951302726236,1
0,0.20101115343653414,0
0,0.058814661660577784,0
0,0.741370354613502,1
0,0.20234830160460981,0
0,0.2806746500484716,0
1,0.939176439055478,1
0,0.5502107269090563,1
0,0.6752977205073905,1
0,0.3446111572154505,0
0,0.059740562318788146,0
0,0.4436146428415845,1
0,0.2843558200251168,0
0,0.8262287661391795,1
0,0.6241690744659341,1
0,0.15179686764547018,0
0,0.10479148900368693,0
0,0.22471709466224368,0
0,0.4302867255292393,1
0,0.6090409906454627,1
1,0.8497993789143656,1
0,0.3730514829847574,1
0,0.08065208882914826,0
0,0.33343572292327617,0
0,0.3238634944019173,0
0,0.17658325751866175,0
1,0.8430994185626725,1
0,0.2571380645119061,0
0,0.327474543762277,0
0,0.13062452807015323,0
0,0.20326392501541207,0
0,0.721782970074163,1
0,0.6055801019836469,1
0,0.09326382981761054,0
0,0.11112815651031317,0
0,0.7644708625034176,1
0,0.4124494207764856,1
0,0.07031366417041118,0
0,0.11979215364286802,0
1,0.8939931661190292,1
0,0.50992001560779,1
0,0.08389747230313976,0
0,0.1722488588283818,0
0,0.07023841243627728,0
1,0.8392373144336532,1
0,0.10758371674473544,0
0,0.8606753339991121,1
0,0.5943541632447116,1
0,0.3022612118603478,0
0,0.18057574969297016,0
0,0.36790549023370267,1
0,0.09919084792482302,0
1,0.9238153368736113,1
0,0.43337580290598726,1
0,0.4745255133772686,1
0,0.1986772173135126,0
0,0.19762239976124532,0
0,0.09576246787559409,0
0,0.8315160284170904,1
0,0.12121288790123941,0
0,0.18605443872567265,0
1,0.5128551356467163,1
0,0.1192697992378332,0
0,0.31020984038250216,0
0,0.5848462695798433,1
0,0.13399170823850692,0
0,0.12446008677052237,0
0,0.39783333768031154,1
0,0.24563893873589882,0
0,0.15014090173456676,0
0,0.6653491384613694,1
0,0.13385050800231196,0
0,0.18566958682122223,0
0,0.7674752911403052,1
0,0.23799383499235177,0
0,0.1500018333422499,0
0,0.49033807153216485,1
0,0.4571862490662031,1
0,0.07729128008223957,0
0,0.19364087163162974,0
0,0.3711536474577668,1
0,0.092246458324878,0
0,0.19396098653998461,0
0,0.4039126024548908,1
0,0.11965409071554198,0
0,0.09528721420153295,0
0,0.8027125522466515,1
0,0.5519035788293061,1
0,0.291411982138555,0
0,0.6085413232635133,1
0,0.32510036793413494,0
0,0.2376200125093781,0
0,0.2740069913566113,0
0,0.33205477744974204,0
0,0.8942163297790063,1
0,0.16082304766329292,0
0,0.3212091225538647,0
0,0.1232900715288837,0
0,0.3595043985722124,1
0,0.10233783444135018,0
0,0.8187235944670238,1
0,0.11524407020898977,0
0,0.08836520113675374,0
0,0.07273713043659819,0
0,0.14314174525774034,0
1,0.8332824358641044,1
0,0.1356316746992565,0
0,0.11165893412723184,0
0,0.12638463041357373,0
0,0.24097579983560782,0
0,0.18288861130382078,0
0,0.26968815043338223,0
0,0.11799938548676543,0
0,0.1450553946101967,0
0,0.12306205804022834,0
0,0.1379682034557925,0
0,0.9235472968888231,1
0,0.09151238465107926,0
0,0.11517817391297551,0
0,0.5520850318445542,1
0,0.498124155868209,1
0,0.13412788107430848,0
0,0.19767640328033273,0
0,0.12233978805730089,0
0,0.19143897773190902,0
0,0.5961772522137657,1
0,0.09359481625128843,0
0,0.42193934952745416,1
1,0.9505727736889078,1
0,0.47716256415817204,1
0,0.2181425646071105,0
0,0.23786692737126178,0
0,0.09990405454989684,0
0,0.316202700728151,0
0,0.6210787431541062,1
0,0.5012255007048574,1
0,0.05034505317952034,0
0,0.49660169617922795,1
0,0.2584790605856984,0
0,0.4350978766651256,1
0,0.060463809796555384,0
0,0.38722151927968357,1
1,0.8316984746526593,1
0,0.13391649339127695,0
0,0.06556572668102548,0
0,0.8937386445685586,1
0,0.36043171283857406,1
0,0.08553743844158203,0
0,0.08670120469792908,0
0,0.13122941595984916,0
0,0.8586418892693619,1
0,0.10849261522697991,0
0,0.12006032992744935,0
0,0.11203195913644284,0
0,0.24255002056126757,0
0,0.0918519317056216,0
1,0.7833780461173673,1
0,0.6969286536018353,1
0,0.12058722895378916,0
0,0.07155217314199723,0
0,0.4812566421403187,1
0,0.20466743033169046,0
0,0.3186673362592782,0
0,0.33057292798786286,0
0,0.21332886693809205,0
0,0.22557401120270068,0
0,0.05134610038162896,0
0,0.8979699276491473,1
0,0.6830621393538643,1
0,0.07833408842026507,0
0,0.3117505022362487,0
0,0.1554986999851473,0
0,0.20737218545110575,0
0,0.46633048976978964,1
0,0.5024621241948939,1
0,0.2834563261424747,0
0,0.11608362833951313,0
0,0.11368013565448924,0
0,0.45951803493787935,1
0,0.16704279844562678,0
0,0.2085706833013309,0
0,0.1596542384734642,0
0,0.09597475224643039,0
0,0.12838115461323943,0
0,0.05788664853149599,0
0,0.5030608939749112,1
0,0.6055052233269995,1
0,0.21651552521999623,0
0,0.3006636749020601,0
0,0.144401961272822,0
0,0.7537929131243586,1
0,0.08888073681411719,0
0,0.39487803415081985,1
0,0.24054316604822168,0
0,0.6757360993545717,1
0,0.09258113760309214,0
0,0.213489176820414,0
0,0.666873905651213,1
0,0.17565029518858652,0
0,0.5392234875191146,1
0,0.3686002661608975,1
0,0.24117571605424204,0
0,0.12692848106443116,0
0,0.4315102844216125,1
0,0.1385292294255041,0
0,0.422327958507329,1
0,0.19356047468453166,0
0,0.9107900112143511,1
0,0.10492534632512383,0
0,0.5074799104589597,1
1,0.7051235393568686,1
0,0.0956763815471012,0
0,0.4995477601056617,1
0,0.7840794671480734,1
0,0.055526682736762444,0
0,0.5630472704785086,1
0,0.10380805438511216,0
0,0.2701962830087606,0
0,0.5473894173264233,1
0,0.10378383396898534,0
0,0.35093129794819994,1
0,0.29151639436584165,0
0,0.1278559811678414,0
0,0.3558286022910133,1
0,0.23373183113349702,0
0,0.3754193466334449,1
0,0.7576971391638501,1
0,0.12090430878413057,0
0,0.4900628549414134,1
1,0.7587346171435594,1
0,0.4247418967148023,1
0,0.49446832043162847,1
0,0.26441367002557475,0
0,0.114150114667224,0
0,0.4189893491819303,1
0,0.5128274769685395,1
0,0.06378076846723135,0
1,0.8957506836079502,1
0,0.15616523224325776,0
0,0.0787917916592232,0
0,0.10341196707492317,0
1,0.2932004409985073,0
0,0.09745653214946648,0
0,0.2690892743569787,0
0,0.3941426450298345,1
0,0.23898478127933118,0
0,0.3571542906715081,1
0,0.24176948169720647,0
0,0.16180994974095916,0
0,0.19475612385335747,0
0,0.10130734461434257,0
0,0.07862507772696688,0
0,0.20126115188118088,0
0,0.06541485484439336,0
0,0.13897857563618413,0
0,0.5639124376201372,1
0,0.16951538699952462,0
0,0.133687075835625,0
0,0.44229244608902574,1
0,0.10402288157925854,0
0,0.13428358992338094,0
0,0.08757570667771959,0
0,0.2153986243174611,0
0,0.3461386736891026,0
0,0.1270795588008248,0
1,0.47841022778432213,1
0,0.6528691240378063,1
0,0.18363462280639778,0
0,0.8536029973830438,1
0,0.14200338304947227,0
0,0.36670278857989524,1
0,0.9063097899491875,1
0,0.17726118986604014,0
0,0.2998705652757438,0
0,0.41520508757405306,1
0,0.5829164620620165,1
0,0.8990352469041131,1
0,0.22020961288483468,0
1,0.4011248874026263,1
0,0.5751461479358985,1
0,0.0607758950377657,0
0,0.11109864405153623,0
0,0.5946341321594306,1
0,0.4987829317157172,1
0,0.3657907623708861,1
0,0.08900188248731969,0
0,0.46318070825705604,1
0,0.0952135626586853,0
0,0.2417181605263426,0
0,0.13198225446016246,0
0,0.5991055543295348,1
0,0.35451417620672493,1
0,0.5684091409131677,1
0,0.285312582761652,0
0,0.12464373298330055,0
0,0.20131787995278622,0
0,0.33529564722411015,0
0,0.4411268727639585,1
1,0.8646540134424783,1
0,0.3124045438782444,0
0,0.11086038114357144,0
0,0.1438477487353189,0
0,0.056997578550994264,0
0,0.3275781555860665,0
0,0.11066686160309926,0
0,0.5428625648985743,1
0,0.25197923093557106,0
0,0.7622191318423404,1
0,0.20853672966394435,0
0,0.5036850985237982,1
0,0.07509893907176511,0
0,0.6527829951372446,1
0,0.21907937753533904,0
0,0.12178812873715932,0
0,0.4996968776585761,1
0,0.07199563471158682,0
0,0.09862574870321478,0
0,0.1435172753335779,0
0,0.10801494893008455,0
0,0.7621510126371258,1
0,0.910821084549377,1
0,0.1516174573563941,0
0,0.3314809104109814,0
0,0.46977910600228445,1
0,0.16054147735434382,0
0,0.12620729068984485,0
0,0.3210924941539955,0
0,0.10004715579800207,0
0,0.057424746367962395,0
1,0.1330800670077088,0
0,0.6072952195058183,1
0,0.9467777796297999,1
0,0.1171693211783958,0
0,0.13136751191034154,0
0,0.3760155985783849,1
0,0.269889785996739,0
0,0.4495670138834252,1
0,0.46801386135533846,1
0,0.12232294707172327,0
0,0.24100526708618608,0
0,0.13201219897823438,0
0,0.1508170856245773,0
0,0.6833050619331025,1
0,0.40150450485733785,1
0,0.19456273678053257,0
0,0.12606794495821558,0
0,0.11279485752698361,0
1,0.21566175227673712,0
0,0.1831280506256513,0
0,0.08012313701447793,0
0,0.29111523992420935,0
1,0.9150723102668175,1
0,0.3010757105042755,0
0,0.167459234297985,0
0,0.5836783867713663,1
0,0.19985270471314578,0
0,0.18500016012686388,0
1,0.8398663842457638,1
0,0.06136400877769188,0
0,0.08829316173492678,0
0,0.2853470181478956,0
0,0.8946499701726636,1
0,0.3018409107249335,0
0,0.4075406254068726,1
0,0.1774874964123208,0
0,0.9084664424527298,1
0,0.0792924004713904,0
0,0.549789177407282,1
0,0.09485343695622979,0
0,0.08650502535573042,0
0,0.1256983087493263,0
0,0.09855834052544071,0
0,0.40617838811136575,1
0,0.11449948923267646,0
0,0.5109612819619475,1
0,0.4864356734341818,1
0,0.19249161201534426,0
0,0.163984762033291,0
0,0.7261101877583646,1
0,0.16027121713452944,0
0,0.13893087779763852,0
0,0.09628826450037635,0
0,0.21198441701441445,0
0,0.13589211206359572,0
0,0.1198146147698021,0
0,0.45391081687591867,1
0,0.6073409395732481,1
0,0.15561699896901582,0
0,0.10804285909612901,0
0,0.750631818201059,1
0,0.8506755292983237,1
0,0.4565308277498893,1
0,0.15024114500054264,0
0,0.10292324157960206,0
0,0.7440068378998768,1
0,0.469955626388848,1
0,0.1869213961360136,0
1,0.8475078379460033,1
0,0.25302282600257614,0
0,0.43933660893016196,1
0,0.793980343286847,1
0,0.3147757829264614,0
0,0.4820103091842253,1
0,0.25076437371529114,0
0,0.07820190849226791,0
0,0.16425095477659277,0
0,0.16442818382480084,0
0,0.0993798850854164,0
1,0.4545868798715565,1
0,0.14561676965532114,0
0,0.3826098874943286,1
0,0.34637168254083595,0
1,0.8896117724660662,1
0,0.0931966160062929,0
0,0.15436474355686863,0
0,0.23897820074431284,0
0,0.09422513128074991,0
0,0.20341343027648634,0
0,0.8801287650853035,1
0,0.10977761344780423,0
0,0.318010978662227,0
0,0.12202051876523753,0
0,0.06460150087527568,0
0,0.629976695692907,1
0,0.13058522850944923,0
0,0.06338613082261571,0
1,0.9368800598134601,1
0,0.14998878696273016,0
0,0.1513369198090924,0
0,0.1869925626301682,0
0,0.3726801408760142,1
0,0.07713624824272351,0
0,0.11831911746955705,0
0,0.3614729785583116,1
0,0.1720894323509685,0
0,0.3801538072150518,1
1,0.8227038026576516,1
0,0.4543992635398043,1
0,0.35900608805943324,1
0,0.419746082697357,1
0,0.11094572919665796,0
0,0.6694793844923396,1
0,0.11911672290570507,0
0,0.4057209681731874,1
0,0.2153537214923726,0
0,0.13910551174007812,0
0,0.678837042032241,1
0,0.3030467431703252,0
0,0.3564513362784957,1
0,0.8014416588666734,1
0,0.05941133893562197,0
0,0.3163416278245201,0
1,0.4840717025321298,1
0,0.09443367955086647,0
0,0.5748882882250119,1
0,0.1739907456544564,0
0,0.10994257041280808,0
0,0.16743479392020258,0
0,0.145887502106103,0
0,0.7406305726118351,1
0,0.0950319468631915,0
0,0.6427153723162042,1
0,0.06579977031259164,0
0,0.09896757760783065,0
0,0.7725213149864737,1
0,0.055483284593342966,0
0,0.09533293236675133,0
0,0.362667989100532,1
1,0.9554357231412166,1
0,0.11953935413410709,0
0,0.2515954931791441,0
0,0.1814718098475856,0
0,0.12701728786819405,0
0,0.11018177444491424,0
0,0.08455853703083213,0
0,0.23240642075451035,0
0,0.5409451454488213,1
0,0.08734801886352887,0
0,0.15323153144972168,0
0,0.15134370754577367,0
0,0.22779840157499406,0
0,0.47769475774691633,1
0,0.23421883520051062,0
0,0.0735224414476185,0
0,0.09610733139657934,0
0,0.3439372995878656,0
0,0.12580649163890387,0
0,0.1068351243819731,0
0,0.0972569646920298,0
0,0.3388649488036468,0
1,0.4383483341011564,1
0,0.15007617440613438,0
0,0.21773444303670375,0
0,0.3840731125445421,1
0,0.14023534589004563,0
0,0.07731875678239776,0
0,0.14705823091199333,0
1,0.8258578050459238,1
0,0.19855096768614514,0
0,0.09888688688659569,0
0,0.1382625269560723,0
0,0.17181330318634364,0
0,0.3532607786898731,1
0,0.8366167488183512,1
0,0.09009437908444025,0
0,0.406633346896648,1
1,0.4890727716833459,1
0,0.14026830485659744,0
0,0.18465216485723576,0
0,0.07134030393173914,0
0,0.09689423357643234,0
0,0.2527205010537136,0
1,0.6451374600478444,1
0,0.10135731707861159,0
0,0.4075575504289983,1
0,0.44868363089587004,1
0,0.34452266520766034,0
0,0.08262759075643465,0
0,0.29057805873488846,0
0,0.5050302721222859,1
0,0.09253481253897801,0
0,0.6013317386356652,1
0,0.35108192508820796,1
0,0.8641106887901701,1
0,0.4814858087755793,1
1,0.8964273879787382,1
0,0.12555848301267952,0
0,0.10434686652806098,0
0,0.18689731971477855,0
0,0.3234501372375718,0
0,0.11774052417643095,0
0,0.697073199949256,1
0,0.10472080480532701,0
0,0.08746863212607851,0
0,0.6830312991380603,1
0,0.33908983638162105,0
0,0.09565365715344064,0
0,0.2390935609158079,0
0,0.2951319398450576,0
0,0.2864241960160598,0
0,0.25142576168975045,0
0,0.262784338761137,0
0,0.15749111244431968,0
0,0.3225121215677064,0
0,0.17920486937240931,0
1,0.3213824532113282,0
1,0.8328233720208609,1
0,0.16069108790638964,0
0,0.10969513564631735,0
0,0.3263358075134463,0
0,0.09733937559158,0
0,0.16435094669563355,0
0,0.24192169135098462,0
0,0.4257314752406072,1
0,0.07469391418455183,0
0,0.18662525534805438,0
0,0.4951338653217298,1
0,0.17977674393673404,0
0,0.16145088760225104,0
0,0.5503894116291862,1
0,0.1375741255949766,0
0,0.2164517212391724,0
0,0.9552061613914278,1
0,0.347171675288101,0
0,0.511155452049547,1
0,0.44823638288737055,1
0,0.21422626381469448,0
0,0.1371639024199448,0
0,0.11591429254524938,0
0,0.7091781302402385,1
0,0.06767516357805758,0
0,0.07616945861262346,0
1,0.7248528490063189,1
0,0.43969350346027425,1
0,0.31643613578637675,0
0,0.11216160314921261,0
0,0.09121905464486464,0
0,0.6076441184975573,1
0,0.9088396884201251,1
0,0.11669717856646614,0
0,0.18440195580008145,0
0,0.49805298061006054,1
0,0.26771666318775655,0
0,0.17193489855021343,0
0,0.1546669646603331,0
0,0.18597537493133753,0
0,0.7937237825283535,1
0,0.16405111768205805,0
0,0.5108929158094281,1
0,0.10690014352493683,0
0,0.5193081105396541,1
0,0.790928786955021,1
0,0.39253112439260873,1
1,0.9316268234067411,1
0,0.1306382243925218,0
0,0.10425836028104041,0
0,0.7819478164388208,1
0,0.7824416776856342,1
0,0.1262964408692529,0
0,0.9020729538165788,1
0,0.19464159918252835,0
0,0.3089622780277267,0
0,0.12710638734225083,0
0,0.2024166866838476,0
0,0.12446748401162398,0
0,0.1982130616303472,0
0,0.08504053685023237,0
0,0.23129078871548472,0
0,0.5316746031413091,1
0,0.14345675311590536,0
0,0.13797720115158452,0
0,0.14991454518675218,0
0,0.08657379585032529,0
0,0.2948139689168656,0
0,0.14538124455310708,0
0,0.13013075557885692,0
0,0.16011839159889787,0
0,0.3611926422121192,1
0,0.10915375798719076,0
0,0.1707050451968139,0
0,0.3561721344006241,1
0,0.08892031819224532,0
0,0.24430867270472684,0
0,0.29027471264830695,0
0,0.1150629938622964,0
0,0.050477782171638674,0
0,0.12385144202255444,0
0,0.7044377632034802,1
0,0.3150886701861813,0
0,0.12002278069493416,0
1,0.838108330406393,1
1,0.7913402096027746,1
0,0.12310505615161617,0
0,0.17122604635404365,0
0,0.13763498536249613,0
0,0.5346662372252642,1
0,0.4283655131514707,1
0,0.40682600724840057,1
1,0.8542933069782233,1
0,0.10928987743302218,0
0,0.07498895597846741,0
0,0.25438141050848334,0
0,0.09006854512452213,0
0,0.08184654817909431,0
0,0.6774785974012638,1
1,0.9228635227418376,1
0,0.2690850735963292,0
0,0.46070098643120655,1
0,0.14340775824319965,0
0,0.058556789811482705,0
0,0.0939465677442307,0
0,0.8675514991940146,1
0,0.08282684967165332,0
0,0.11930179283484496,0
0,0.16110248365459148,0
0,0.10538492985177449,0
0,0.161060995049038,0
0,0.11273052713005915,0
0,0.6068740746288186,1
0,0.11691164297375098,0
0,0.1050131670077526,0
0,0.15984475007635907,0
0,0.2160659614340382,0
0,0.1519779542835355,0
0,0.42965764118454464,1
0,0.12696475053878872,0
0,0.097211302212912,0
0,0.5203910518822668,1
0,0.18219904526827171,0
0,0.20316108479627515,0
0,0.6257497900231805,1
0,0.44726068478679526,1
0,0.0726948519950554,0
0,0.3835895149870845,1
0,0.15755743272773273,0
0,0.15397398749179547,0
0,0.12666828567316243,0
0,0.538252931119907,1
0,0.42071783356050607,1
0,0.18030035209987094,0
0,0.8187887890376128,1
0,0.12133236790856718,0
0,0.25862172301038056,0
0,0.4712009459069345,1
0,0.4893914637540553,1
0,0.12467692359919232,0
0,0.0860235134296237,0
0,0.08068687001748097,0
0,0.9207703981355976,1
0,0.22636664189336325,0
0,0.4452750241866704,1
0,0.0776619672981641,0
0,0.20696779947905794,0
0,0.592240911046374,1
0,0.11652007176345291,0
0,0.8911761787852902,1
0,0.1552085817126408,0
0,0.18639510152676766,0
0,0.05591543741406854,0
0,0.8049204398370103,1
0,0.07148466982037585,0
0,0.18386346660676295,0
0,0.712744691946372,1
0,0.11087425663080135,0
0,0.1666126469765603,0
0,0.3930255948148829,1
0,0.555408886960416,1
0,0.34301288687549886,0
0,0.3657896410393646,1
0,0.21655623154997292,0
0,0.1534385548424657,0
0,0.5391549692317948,1
0,0.37018632099412874,1
0,0.22026625494467558,0
0,0.0604923288729226,0
0,0.1551578371850307,0
0,0.47904870080216094,1
0,0.08393707995123492,0
0,0.1371467394759879,0
0,0.4264943031361333,1
0,0.6142495460415999,1
0,0.19783744357191524,0
0,0.2423454659323383,0
0,0.15174048230450435,0
1,0.097855906736916,0
0,0.6246252443088658,1
0,0.2833903402090401,0
0,0.1259349071676301,0
0,0.11724589836848004,0
0,0.41074572934154396,1
0,0.5839118609773503,1
0,0.20612332388830665,0
0,0.9540779985611135,1
0,0.13017418421456964,0
0,0.3948633352052456,1
0,0.11070387294039176,0
0,0.13712388340733847,0
0,0.2685292216548873,0
0,0.38784324219914607,1
0,0.5638237596385749,1
0,0.2890099164951351,0
0,0.11996112055377167,0
0,0.07583649573449121,0
1,0.8388843190380276,1
0,0.7120670050506628,1
0,0.10494146436829996,0
0,0.22258043492674853,0
0,0.18859001523851548,0
0,0.07568683051548278,0
0,0.07800054746470089,0
0,0.3687088054130107,1
0,0.1439771160629426,0
0,0.20071638510317324,0
0,0.10386996756521093,0
0,0.08335826403708185,0
0,0.1227034175215888,0
0,0.39287147854808757,1
0,0.07604883147016928,0
0,0.13411642143663083,0
0,0.6045909477584347,1
0,0.7593552558344796,1
0,0.3588496817619719,1
1,0.9093676876301405,1
0,0.09754325092502361,0
1,0.6381079566079678,1
0,0.14374945323091767,0
0,0.2532883807091497,0
0,0.9413062385213922,1
1,0.6631105584913578,1
0,0.14004385225345667,0
0,0.2516791128450595,0
0,0.12478647648292475,0
0,0.5088198089653481,1
0,0.5740088660098311,1
0,0.4725221456190545,1
0,0.11156376869730562,0
0,0.7858587732140899,1
0,0.22718589893986765,0
0,0.5326782070123705,1
0,0.2044184638682125,0
0,0.4446477314292263,1
0,0.17900842902038255,0
0,0.7507083123151359,1
0,0.5478447576359027,1
0,0.11902308654949728,0
0,0.17803457367831826,0
0,0.3247060120136293,0
0,0.36220797891901724,1
0,0.09869700786732355,0
0,0.3081030456808564,0
0,0.0963960535177951,0
0,0.1093821517379568,0
0,0.354331239319222,1
1,0.7732698847205287,1
0,0.5686036853317971,1
0,0.24810486410036067,0
1,0.7756582764971361,1
0,0.08114796985975321,0
0,0.7226666666196884,1
0,0.17974877438569947,0
0,0.2898559061574826,0
0,0.17922630291891323,0
0,0.36127026171939663,1
0,0.07580081357894225,0
0,0.6734785638700153,1
0,0.3864248700763855,1
0,0.17167377177562945,0
0,0.05755758914943077,0
0,0.230813889528772,0
0,0.241064048576221,0
0,0.07970165015714707,0
0,0.2293253455976766,0
0,0.08728918037157972,0
0,0.1907686500919962,0
0,0.06735365092204279,0
0,0.1949486147270822,0
0,0.3472357546087922,0
0,0.09251841186588701,0
0,0.09446885066815688,0
0,0.10995171431876548,0
0,0.1368233391680741,0
0,0.11166324861732446,0
0,0.2081755066129783,0
0,0.3419517658349123,0
0,0.0961991472369189,0
0,0.21131406377412953,0
0,0.10659306289484527,0
0,0.492930324211567,1
0,0.1358465353870468,0
0,0.05876990794128908,0
0,0.23662122861859947,0
0,0.10946640802507158,0
1,0.897886307742364,1
0,0.06087053022083657,0
0,0.5969937141353133,1
0,0.22179270953011757,0
0,0.10493293685385036,0
0,0.17627698676241907,0
0,0.2281067244510442,0
0,0.10830823022404305,0
0,0.6492544664549722,1
0,0.20521801543304002,0
1,0.9487528715550593,1
0,0.7303819320633607,1
0,0.9412519453290571,1
0,0.43221033643654144,1
0,0.25902232404492265,0
0,0.27114468096323535,0
0,0.8222484963348393,1
0,0.8057236824296652,1
0,0.10740879714429509,0
0,0.10854744804244774,0
0,0.12210019477676252,0
0,0.17689673639791895,0
1,0.8102520980270604,1
0,0.32838323939147995,0
0,0.43228768987960914,1
0,0.08133291472251002,0
0,0.3549386292242923,1
0,0.34855869751396334,0
0,0.30449034984465256,0
0,0.08601305309632443,0
0,0.4042678198859456,1
0,0.2187738235244126,0
0,0.136056058223842,0
0,0.10164001553242938,0
0,0.10422787330230503,0
0,0.7571915281133405,1
0,0.12203831263574022,0
0,0.11438623989539448,0
0,0.7955449905061076,1
0,0.5150137898238625,1
0,0.833183198761362,1
0,0.7826706112130024,1
0,0.09114281547253586,0
0,0.36604644308349227,1
0,0.11010006311484515,0
0,0.3458091505359701,0
0,0.1409307015079373,0
0,0.5942493765212865,1
0,0.1067480055642515,0
0,0.6040274725136351,1
0,0.08382573419651602,0
0,0.6944150484936019,1
0,0.08030552802432994,0
0,0.13726016745266917,0
0,0.5173150341565734,1
0,0.10644024359892908,0
0,0.5716592653162792,1
0,0.12841541548256366,0
0,0.13890565743147873,0
0,0.7995397891425656,1
0,0.2634672790449712,0
0,0.0958791846935173,0
0,0.10572311473203473,0
0,0.05441464222014293,0
0,0.7910172376893977,1
0,0.2131055004400958,0
0,0.26204941694639494,0
0,0.0854735794397569,0
0,0.33707055519138285,0
0,0.5845795821065791,1
0,0.1361719945148901,0
0,0.151985311540056,0
0,0.23987743737157938,0
0,0.15060331471256075,0
1,0.5864815480295552,1
0,0.39577547374551203,1
0,0.08554569564144231,0
0,0.13264416783488622,0
1,0.9609243190924763,1
0,0.10263979500051817,0
0,0.2022507575436783,0
0,0.08291490497963933,0
0,0.13660521478656287,0
0,0.3906115992883726,1
1,0.8017361751385109,1
0,0.07564846271255042,0
0,0.05344440053966513,0
0,0.14134987126648363,0
0,0.10022819197679493,0
0,0.2529751751231235,0
0,0.38832067155704003,1
0,0.27719348059696314,0
0,0.18065078471139617,0
0,0.24570551170900526,0
0,0.1568908795069457,0
0,0.16253063938329024,0
0,0.09847748683670489,0
0,0.26145836840069997,0
0,0.10162391794158832,0
0,0.4881249050211781,1
0,0.11917624835614653,0
0,0.3052900990254043,0
0,0.27022064053055367,0
0,0.08435963889172422,0
0,0.21455522662238205,0
0,0.4502153257718803,1
0,0.07462408169966067,0
0,0.12172680125493651,0
0,0.12456910713670148,0
0,0.40113477701780714,1
0,0.23094494096082296,0
0,0.42367398567399595,1
0,0.128846412134342,0
0,0.10500870189886592,0
0,0.09863403303274855,0
0,0.1298492988954135,0
0,0.09585357895450171,0
0,0.12024671307633324,0
0,0.33656810102470014,0
0,0.49885756807286,1
0,0.05358013816955643,0
0,0.42387271581512836,1
0,0.14169435132573116,0
0,0.3705258947803664,1
0,0.1769895789238296,0
0,0.5522927699541376,1
0,0.08937138513593727,0
0,0.16330866287192353,0
0,0.16846785962132219,0
0,0.10096113190780474,0
1,0.822198456701966,1
0,0.08612566803754335,0
0,0.9107934431872212,1
0,0.5450685089808005,1
0,0.08408640420624494,0
0,0.8687733100357887,1
0,0.06802252319098635,0
0,0.0812025959341451,0
0,0.4300567341446566,1
0,0.08292882045521058,0
0,0.05901557786903722,0
0,0.5364649953869137,1
0,0.0981522318414863,0
0,0.07986297015435548,0
0,0.09366405333762431,0
0,0.8552016029428781,1
0,0.537522433013252,1
0,0.10321039776576496,0
0,0.33557356056650056,0
0,0.08672823801702216,0
0,0.13435771249807626,0
0,0.7903698245538932,1
1,0.5812517467304943,1
0,0.29362374772983024,0
0,0.3172765285033825,0
0,0.2393693370527564,0
0,0.37666974628877803,1
0,0.21914606794884411,0
0,0.11162023127391475,0
0,0.14487760317609732,0
0,0.0742110455859225,0
0,0.12314871552945396,0
0,0.6550758388871394,1
0,0.8272268358388498,1
0,0.34055943680896256,0
0,0.5885772716027727,1
1,0.5826942333134187,1
0,0.06490393138880664,0
0,0.9104384454590009,1
0,0.07728729773835534,0
0,0.14111856655018676,0
1,0.8788336560127683,1
0,0.6163689196537379,1
0,0.7219056243748473,1
0,0.7661114052458253,1
1,0.37421319093894356,1
0,0.07206500066237713,0
0,0.10990928135149358,0
0,0.29094291451149723,0
0,0.09871857291034532,0
0,0.5106984686564824,1
0,0.3375048027844251,0
1,0.8717832082181938,1
0,0.2376760329245428,0
0,0.17509015414083157,0
0,0.11057461330426638,0
0,0.4441536385264294,1
0,0.1659015401862487,0
0,0.36340412536583133,1
0,0.2976819454813949,0
0,0.3638150342578627,1
0,0.14533884186688437,0
0,0.1451443539435882,0
0,0.291966257118785,0
0,0.07929062581963921,0
0,0.4126330419665628,1
0,0.4256450269234658,1
0,0.20018673475837778,0
0,0.2925276669253968,0
0,0.1428096392435298,0
0,0.5364640600294329,1
0,0.08564159166201171,0
0,0.28158014478600296,0
0,0.06412950585475719,0
1,0.9155801271117129,1
0,0.5862049463103516,1
0,0.11329638410837432,0
1,0.5007356504775523,1
0,0.9177652074262905,1
0,0.29670428837458407,0
0,0.8360285707265624,1
0,0.3497810562100573,0
0,0.33449517115396715,0
0,0.1335863132715369,0
0,0.12482845959217168,0
0,0.7407576526524683,1
1,0.22450469619854488,0
0,0.05480890416135536,0
0,0.2872843307491488,0
0,0.1318068292905146,0
0,0.16801814021119013,0
0,0.16277658956002694,0
0,0.07233326949310621,0
0,0.2963928153961733,0
0,0.09856491735207025,0
0,0.6945701957374001,1
0,0.10419018501924623,0
0,0.0756381988125296,0
0,0.49121596166489456,1
1,0.6026418018547363,1
0,0.11938051340282918,0
0,0.508520854824456,1
0,0.5296096496163684,1
0,0.05321140169352993,0
0,0.4072084374747453,1
0,0.6421722801056476,1
0,0.3999375685548031,1
1,0.8190896007263365,1
0,0.09695723351795112,0
0,0.10427942995215495,0
0,0.1697728829518348,0
0,0.8340843438585123,1
0,0.1764701726489612,0
0,0.11103228506849704,0
0,0.35483842457826353,1
0,0.1872548346775795,0
0,0.46438753979862685,1
0,0.09246307776121061,0
0,0.1832503622249376,0
0,0.11161391338147174,0
0,0.3883310812295341,1
0,0.1532895763348586,0
0,0.44788470947497205,1
0,0.40514296850460585,1
0,0.11570929406057157,0
0,0.5870763771074401,1
0,0.7744825030497942,1
0,0.14601420702836995,0
0,0.5413360879703791,1
0,0.29538295015224403,0
0,0.2684923141910566,0
0,0.6543253644913886,1
0,0.2387620843122211,0
0,0.31464198120967657,0
0,0.19354864801795651,0
0,0.11664913683354836,0
0,0.39340686624692317,1
0,0.13939583342982853,0
0,0.1509418626173426,0
0,0.14863708814445512,0
0,0.13277023721018072,0
0,0.20098612181163433,0
0,0.5797641142662855,1
0,0.7857867512385216,1
0,0.1040030433359877,0
0,0.09066413871458838,0
0,0.3759683270892505,1
0,0.13821150283944905,0
0,0.5116337486302032,1
0,0.31643436339568265,0
0,0.5219599391418371,1
0,0.24787465366206565,0
0,0.34509760099275205,0
0,0.1306119990762838,0
0,0.5247498597184336,1
0,0.10262901209676926,0
0,0.1489244196479815,0
0,0.08897619506583383,0
0,0.27812818652836213,0
0,0.16435771126164775,0
0,0.09483711557438786,0
0,0.7196997271453528,1
0,0.29603725301605655,0
0,0.20924468928783296,0
0,0.1523705242858874,0
0,0.15101853147213246,0
0,0.2018704808642539,0
0,0.15172230906024844,0
0,0.12320918996163606,0
0,0.10277175067269548,0
0,0.524963554170925,1
0,0.07679524328993087,0
0,0.09901063072102338,0
0,0.28901999402993517,0
0,0.14596320713575983,0
0,0.08333518307559833,0
0,0.6737594930027002,1
0,0.5277996569887099,1
0,0.13786786757130234,0
0,0.12426585599016095,0
0,0.44511601633961684,1
0,0.14602331062682927,0
0,0.4201346090848184,1
0,0.5533812585218328,1
1,0.7313770772819799,1
0,0.28568574712871847,0
0,0.09992871220684439,0
0,0.16301443074584537,0
1,0.9109976567229305,1
0,0.7070487710297094,1
0,0.8397908139738746,1
0,0.19768331665447153,0
0,0.14670879857151642,0
0,0.0729873359586101,0
0,0.5815796940190925,1
0,0.29814926903079336,0
0,0.675251336854121,1
0,0.05571743915549996,0
0,0.36471590816297494,1
0,0.36073875983165943,1
0,0.09838724372927474,0
0,0.696065144542462,1
0,0.11218411763509821,0
0,0.18114791990902815,0
0,0.6226153361227557,1
0,0.06919780669969797,0
0,0.22219603030682247,0
0,0.21652307573067764,0
0,0.13751244158473275,0
0,0.05277158044281726,0
0,0.16315474546663108,0
0,0.53377064265529,1
0,0.3164514199652343,0
0,0.2929274721584461,0
0,0.25017934754314836,0
0,0.14757108956654838,0
0,0.29484038573439836,0
0,0.137674983602812,0
1,0.9698295362217731,1
0,0.9227941359040219,1
0,0.08596227992371443,0
0,0.36209496803429964,1
0,0.21326993712370199,0
0,0.10308516976494024,0
0,0.6337327109604668,1
0,0.15643493973888958,0
0,0.28376397033428025,0
0,0.1811097290874137,0
0,0.20013377053649173,0
0,0.11943207044072528,0
0,0.4154020974933948,1
0,0.27505122458529296,0
0,0.16761753208387378,0
0,0.14468653289438577,0
0,0.3637684669324158,1
0,0.43049667221469945,1
0,0.4788559713544382,1
0,0.33619349833317597,0
0,0.12564348756110683,0
0,0.2611187536399108,0
0,0.2055882085404935,0
0,0.10183477097614117,0
0,0.12786351560219972,0
0,0.22819320078292657,0
0,0.4906726854608462,1
0,0.34643783902967096,0
0,0.608216468226801,1
0,0.0855126752327553,0
0,0.6237473558531668,1
0,0.14577981736382517,0
0,0.8733000883419169,1
0,0.3170019318195444,0
0,0.5396830760230044,1
0,0.11782542821714209,0
0,0.14785316600701537,0
0,0.18283505841329362,0
0,0.09557578688184006,0
0,0.07938203617080544,0
0,0.9311732367145272,1
0,0.15310086519513239,0
1,0.6890689547222828,1
0,0.18414697866638155,0
0,0.1847059926127715,0
0,0.2273594065161023,0
0,0.40291752203435577,1
0,0.48347182090689994,1
0,0.3112045434541023,0
0,0.4013400703536095,1
0,0.11481121737796669,0
0,0.15408660839765778,0
0,0.11257001416980207,0
0,0.10769166918604973,0
0,0.19028040837072413,0
0,0.4549684286355417,1
0,0.10048902394347481,0
0,0.14804436119644995,0
0,0.7993402965801655,1
0,0.5900220927037415,1
0,0.6309573029107287,1
0,0.29401872975249205,0
0,0.16649400722717309,0
0,0.1535517810013631,0
0,0.13538159134624378,0
0,0.11941711336609749,0
0,0.4309199205512083,1
1,0.9538254579742016,1
0,0.7244138545950142,1
0,0.11097973880606828,0
0,0.11899982980813913,0
0,0.24704826884722422,0
0,0.8721309603722678,1
0,0.23227818659091312,0
1,0.8298823595073863,1
0,0.5843729427415615,1
0,0.143859958097535,0
0,0.1428936556722026,0
0,0.08773899941142296,0
0,0.10133149663494033,0
0,0.5570641073606637,1
0,0.19221337767674748,0
0,0.22759259105453783,0
0,0.3688443533670071,1
0,0.16135048470412405,0
0,0.12439679589215315,0
0,0.2040842254124591,0
0,0.5112614916987295,1
0,0.49673378774445337,1
0,0.1368407283313065,0
0,0.6541487605901412,1
0,0.10586339589860952,0
0,0.8392825104390751,1
0,0.12208434711584838,0
0,0.9214248399797007,1
0,0.13049813870049895,0
0,0.6971032532536507,1
0,0.07285062449496622,0
0,0.7937492178136899,1
0,0.14230617101007415,0
0,0.1503466420166012,0
0,0.34448529402618555,0
0,0.10596669366046133,0
0,0.12858341561397357,0
0,0.42184932269189074,1
0,0.5238227250673182,1
0,0.5460343015304098,1
0,0.2669047641754582,0
0,0.17553314940214942,0
0,0.10856667925950887,0
0,0.2178930183064998,0
0,0.2234665257888275,0
0,0.3734811972770567,1
0,0.13971812506205492,0
0,0.36276051150675653,1
0,0.11110879913257318,0
0,0.9533831958975778,1
0,0.08752433711368383,0
0,0.0790574353705363,0
0,0.16872287576176967,0
0,0.3948342242237196,1
0,0.10502222163976944,0
0,0.10430024818899787,0
0,0.6199051634421943,1
0,0.18024331260577922,0
0,0.22956673500977387,0
0,0.2605691899341073,0
0,0.5936723530136722,1
0,0.4228271006054165,1
0,0.2460548261520555,0
0,0.14413401151011818,0
0,0.5577097686263802,1
0,0.5587893817582933,1
0,0.14004601981210293,0
0,0.14304728962457264,0
0,0.3103856209363811,0
0,0.18041430484709797,0
0,0.3238155018016713,0
0,0.10273606727333934,0
0,0.39958306420623246,1
0,0.37483868697828376,1
0,0.11508182399895892,0
0,0.19330668495261416,0
1,0.9153174425793597,1
0,0.3062847598885782,0
0,0.09942518287503686,0
0,0.1106985277332365,0
0,0.11087412377075814,0
0,0.5524945942051117,1
0,0.10280278601499065,0
0,0.39251276537743074,1
0,0.3289980638368421,0
0,0.4498267311799358,1
0,0.5667353607044983,1
0,0.48461098029553057,1
0,0.8760220448336016,1
0,0.34612762879972336,0
0,0.16447616343269802,0
0,0.12063798013813792,0
0,0.4895475597236326,1
0,0.507142030759256,1
0,0.23650113491486807,0
0,0.8597005421119612,1
0,0.6561991463007658,1
0,0.0746343474883994,0
0,0.4493472254172475,1
0,0.16529092546972726,0
1,0.38866234339006805,1
0,0.10709659299906792,0
1,0.29663504303794225,0
0,0.508496092971556,1
0,0.5325658933019983,1
0,0.08649139060009742,0
0,0.10761299683120981,0
0,0.11032123342119156,0
0,0.42765606972307807,1
1,0.5270484823343888,1
0,0.14560973230492213,0
0,0.16893223535134036,0
0,0.1514462551713792,0
0,0.2202060053137318,0
0,0.08772768436337305,0
0,0.09183688348945063,0
0,0.15107677108863976,0
0,0.1591473667247672,0
0,0.2641636476105732,0
0,0.42076063090210225,1
1,0.9318165276772673,1
0,0.07533322572340696,0
0,0.10175964250817936,0
0,0.13631169575951904,0
0,0.13630074410582763,0
0,0.7329672551004442,1
0,0.48536324719803947,1
0,0.3677021165127872,1
0,0.34743872662787,0
0,0.3855785223218484,1
0,0.25610735368633253,0
0,0.5309795782876883,1
0,0.264940911854757,0
0,0.3595391773796383,1
0,0.336217563449715,0
0,0.6731120742627733,1
1,0.7780207232949343,1
0,0.09032042147127199,0
0,0.45959058750837767,1
0,0.1141596424428333,0
0,0.1304251069784544,0
0,0.19770955885822203,0
0,0.906000288815946,1
0,0.08423000857838105,0
0,0.5662947955911768,1
1,0.10283175594569734,0
0,0.15006819997277446,0
0,0.5982480839538464,1
0,0.924143355859989,1
0,0.08956969850114618,0
0,0.09314645213501258,0
0,0.22738998317093187,0
0,0.185781894091424,0
0,0.08885817532598889,0
0,0.3341504057684962,0
0,0.10701497277016554,0
1,0.919299014158975,1
1,0.6221854810382903,1
0,0.36964231829241767,1
0,0.06849278740309805,0
0,0.1585941911691353,0
0,0.11929216005046572,0
0,0.26139127013894553,0
0,0.4188573951649066,1
0,0.11906037183033516,0
0,0.32466668550566913,0
0,0.1827937036465016,0
0,0.09705419069821683,0
0,0.403651318027228,1
0,0.6346109563497844,1
0,0.1747391362922873,0
0,0.07945058190412023,0
0,0.15574177869643704,0
0,0.3152289063008534,0
1,0.9223395511150091,1
0,0.0723771677670868,0
0,0.20310119759841977,0
0,0.5815937030133552,1
0,0.13702295049217786,0
0,0.33803799087745895,0
0,0.11586121828375366,0
0,0.7454239002328029,1
0,0.27626754734300474,0
0,0.467488859823218,1
0,0.26172906017675296,0
0,0.7814186487619299,1
0,0.08667415034378392,0
0,0.6112184425896252,1
0,0.07188362280290485,0
0,0.21288177809102793,0
0,0.5724625442651601,1
0,0.16156703062147604,0
0,0.3563514564769226,1
0,0.6231578382306747,1
0,0.28519512874329406,0
0,0.8682323020297754,1
0,0.1142716636029957,0
0,0.05551888632096825,0
0,0.18716227011989328,0
1,0.9611852898522697,1
0,0.2566652836259976,0
0,0.22652232500986547,0
0,0.08188291276086225,0
0,0.36431680505403435,1
0,0.09029876259800598,0
0,0.13376603159648284,0
0,0.11056860036453178,0
0,0.14374305161686654,0
0,0.16871419952012937,0
0,0.12269518734885256,0
0,0.3210321140072015,0
0,0.4345135606901311,1
0,0.6259725369956859,1
0,0.25268957178089074,0
0,0.09717587928597592,0
0,0.07278433975816043,0
0,0.25663621294950695,0
0,0.0954087592952761,0
0,0.4600745271658606,1
0,0.1287054050369289,0
0,0.4126949139255205,1
0,0.6703608548049749,1
0,0.191046615324965,0
0,0.05051901569110139,0
0,0.3941711261744899,1
0,0.12160787280069374,0
0,0.14639389014666146,0
0,0.10237059967836948,0
0,0.3242832172121922,0
0,0.06484110316358661,0
0,0.19398325215620352,0
0,0.08085205711289865,0
0,0.08577032142672528,0
0,0.5083803259431303,1
0,0.09846849525028635,0
0,0.8968686016197502,1
0,0.1826760570448243,0
0,0.053689955382282356,0
1,0.9062376341631351,1
0,0.5073381732910363,1
0,0.34763212107787617,0
0,0.07651864583026763,0
0,0.2656219515873925,0
0,0.10048300052726977,0
0,0.12363218340083587,0
0,0.08850844149632897,0
0,0.2159594306081794,0
0,0.20862038157856266,0
0,0.21385909792099075,0
0,0.1607316083357255,0
0,0.1508944347501158,0
0,0.15002826706390487,0
0,0.9223814637903007,1
0,0.5793531081671226,1
0,0.09027501939167278,0
0,0.6476802153163613,1
0,0.4706632495025128,1
0,0.5384506589594237,1
0,0.5333217041424191,1
0,0.10723382560897006,0
0,0.11945979090160946,0
0,0.11320452438186768,0
0,0.30598394499514675,0
0,0.1363288532807498,0
0,0.1249055081639243,0
0,0.8169692242638102,1
0,0.7178713954277646,1
0,0.4642334657554106,1
1,0.8563057429476125,1
0,0.11340356153636662,0
0,0.11408758601049428,0
0,0.1322072798164618,0
0,0.24897747993618755,0
0,0.07338610952338423,0
0,0.11632572299854106,0
0,0.16920319660324412,0
0,0.1287257758526928,0
0,0.09423745554844896,0
0,0.2168352087563327,0
0,0.14666718377384516,0
0,0.338701490252781,0
0,0.5203279626012913,1
0,0.14859173015468397,0
0,0.13583510763060658,0
0,0.5872506767874588,1
0,0.7356573349760798,1
0,0.929602429925869,1
0,0.10928292439719954,0
0,0.2510442528912013,0
0,0.8901716632851668,1
0,0.16131955467375866,0
0,0.4043700953673846,1
0,0.14206720972349957,0
0,0.287092537900779,0
0,0.09220286544966043,0
0,0.3405676730395741,0
0,0.3833299773993938,1
0,0.5576143843879443,1
1,0.9022153301503149,1
0,0.6077666406255625,1
0,0.20436951585452973,0
0,0.6605307435941555,1
0,0.7819478164388208,1
0,0.15382877761570274,0
0,0.2025378583881342,0
0,0.11398884823113072,0
0,0.10833742740990256,0
0,0.1535433860449169,0
0,0.0947643303853217,0
0,0.16051545355822075,0
0,0.4244768463649065,1
0,0.6309647263774059,1
1,0.8771665762351677,1
0,0.11945209472999184,0
0,0.21995046549981442,0
0,0.19070910791013326,0
0,0.056377767724444916,0
0,0.45330871616805835,1
0,0.9270689709941929,1
0,0.29322392546076087,0
0,0.5049685432479095,1
0,0.7584158380069485,1
0,0.0541381448220314,0
0,0.06721417257835609,0
0,0.20428814149416438,0
0,0.6228874374336998,1
0,0.5759937590187405,1
0,0.3463276435971082,0
0,0.583901890415998,1
0,0.20921792531783062,0
0,0.12581654343378687,0
0,0.14357224429620827,0
0,0.5046680642474989,1
0,0.13397400379861354,0
1,0.9345977505155229,1
0,0.2392401448446858,0
0,0.36287739738185204,1
0,0.5588022938487859,1
0,0.5564570315219033,1
0,0.27966111741549593,0
0,0.13891745342446865,0
0,0.089319445938689,0
0,0.25879989999913056,0
0,0.42888880551695135,1
0,0.14780033893840044,0
0,0.15754299746719874,0
0,0.6930262190098904,1
1,0.9247492804454864,1
0,0.08255703135651017,0
0,0.10072945233626322,0
0,0.6031198474459835,1
0,0.31134792621486457,0
0,0.8021003507882998,1
0,0.08502718073444998,0
0,0.3699758802100418,1
0,0.5511267071201782,1
0,0.516639285052397,1
0,0.30000232893527823,0
0,0.07460761856401246,0
0,0.3296358828253787,0
0,0.09680065957499236,0
0,0.24228285808746497,0
0,0.5001306294847147,1
0,0.1180420984297842,0
1,0.08168747781376251,0
1,0.40438410290308197,1
0,0.7666025345542272,1
0,0.14553158350865328,0
0,0.6320931911172415,1
0,0.059332055221994626,0
0,0.13854388170258247,0
0,0.6739970383062203,1
0,0.12093098457917416,0
0,0.5140862842160959,1
0,0.1661668840041813,0
0,0.5644188775017126,1
0,0.20730543379985591,0
0,0.30592578676301124,0
0,0.8484986527930432,1
0,0.16588123269976898,0
0,0.7808311981565295,1
0,0.37133288147287224,1
0,0.08003664623764285,0
0,0.46857384614316105,1
0,0.7637824639956501,1
1,0.9405312527983347,1
0,0.8226995922398918,1
0,0.16122831025479128,0
0,0.22798868729638908,0
0,0.13799379505610834,0
0,0.2332162223569288,0
0,0.1483357740134792,0
0,0.18505841744200296,0
0,0.10638174411072206,0
0,0.4143657824840374,1
0,0.06940385919080026,0
0,0.5217021670675105,1
0,0.05515522146417984,0
0,0.2656551380966162,0
0,0.20284547391505833,0
0,0.08883204522598907,0
0,0.72625796915272,1
1,0.9212609759029755,1
0,0.1308340521098552,0
0,0.6177776837256471,1
0,0.6030011918398653,1
0,0.08152387924334817,0
0,0.12690324341791231,0
0,0.7851917267451397,1
0,0.2626641234678408,0
0,0.23590471415874595,0
0,0.30823205727485603,0
0,0.8763893329489127,1
0,0.3549570795578073,1
1,0.8632955997467396,1
0,0.07877763230031087,0
0,0.2326316786237245,0
0,0.16456310235212587,0
0,0.22343765035119995,0
0,0.17346294172202717,0
0,0.1276900526164778,0
0,0.3662597899867667,1
0,0.12008125879113644,0
0,0.20458843340302707,0
0,0.1012232614273044,0
0,0.22039061667071053,0
0,0.1449483590617741,0
0,0.5133901176086693,1
0,0.5698736444278919,1
0,0.08195770190246772,0
0,0.5115569706010693,1
0,0.15238202629988082,0
0,0.1567034954427968,0
0,0.48421598307634317,1
0,0.15670914475577122,0
0,0.06781144784708149,0
0,0.4041969436259927,1
0,0.12747346577331586,0
0,0.5750968456703134,1
0,0.31227566886057595,0
0,0.07070892802819753,0
1,0.919830897680669,1
0,0.11786082636151207,0
1,0.529017734853737,1
0,0.07546404743646593,0
0,0.1523399844864519,0
0,0.18061345029318848,0
0,0.07096387592564225,0
0,0.7380436118064524,1
0,0.06747880710670386,0
0,0.06421821664197039,0
0,0.2806369785535666,0
0,0.06722009704676642,0
0,0.5169736808537178,1
0,0.29812704924864974,0
0,0.10199931211530695,0
0,0.15651484304218913,0
0,0.8909510376701426,1
0,0.3822931949473367,1
0,0.20457673888855754,0
0,0.35383176652623366,1
1,0.8047008861071108,1
0,0.5837193775761,1
0,0.12328276194345995,0
0,0.5113475311312947,1
0,0.10596377112488291,0
0,0.08150064426289072,0
0,0.21309221458325234,0
0,0.06737061230484513,0
0,0.16364237454115427,0
0,0.6198220813397167,1
0,0.111041328943098,0
0,0.6379729569720031,1
0,0.12800060056150467,0
0,0.0695236562272731,0
0,0.15505300316299778,0
0,0.0615561017289365,0
0,0.10253007801044672,0
0,0.05501811156514247,0
0,0.1612749470645908,0
0,0.2849839144127524,0
1,0.8421658055136483,1
0,0.3986255127572368,1
0,0.2867588925735587,0
0,0.058641702069306544,0
0,0.24371728560668232,0
0,0.14820259065239616,0
0,0.7467856870520073,1
1,0.9732109286475086,1
0,0.2825724100988139,0
0,0.7296515422641641,1
0,0.20716517024549894,0
0,0.18413370115688465,0
0,0.7893012695653577,1
0,0.11015836739194147,0
0,0.13879824396180826,0
1,0.7116046926348545,1
0,0.24361091099021295,0
0,0.10081776535406957,0
1,0.8704166249726861,1
0,0.33685044737183734,0
0,0.30213523426911326,0
0,0.777202391317166,1
0,0.05711719867221407,0
0,0.16708322749481325,0
1,0.8640879380546718,1
0,0.10921616072564748,0
0,0.7539762823471842,1
0,0.156913134213386,0
0,0.1708433844020998,0
0,0.1027690745326609,0
0,0.09473460236306722,0
0,0.16559529006319806,0
0,0.08191261418771341,0
1,0.7815816741302289,1
1,0.9113198607808414,1
0,0.24211149170748697,0
0,0.20401226048665855,0
0,0.07405611239921918,0
0,0.1936295026265363,0
0,0.07542847007717846,0
0,0.4992273141551638,1
0,0.5671661261867731,1
0,0.6486251338014684,1
0,0.14606243142186337,0
0,0.12802017912507094,0
1,0.7671672191141257,1
0,0.13774000150153898,0
0,0.2175455501689043,0
0,0.13955154413585374,0
0,0.11616595716792873,0
0,0.061589040909455786,0
0,0.6746252262727354,1
0,0.12735359662794973,0
0,0.10394560132013608,0
1,0.4397651926426343,1
0,0.12395329790156419,0
0,0.06674796787975108,0
0,0.14839570851305983,0
0,0.11659413563684685,0
0,0.22467879072842142,0
0,0.15187687929697466,0
0,0.9168102954559106,1
0,0.08145924351169673,0
1,0.8105742433392871,1
0,0.7427122322829156,1
0,0.12917611745871535,0
1,0.6567157596634149,1
0,0.09554631681693755,0
0,0.7784049960932539,1
0,0.10371004078281144,0
1,0.9370398747348812,1
0,0.12099117791877446,0
0,0.16487433201618384,0
0,0.10794820992365492,0
0,0.12527283479436818,0
0,0.12794938697269978,0
0,0.16979264465013674,0
0,0.0586176351467432,0
0,0.6485286626997234,1
0,0.09968020944833005,0
1,0.9470827123797767,1
0,0.24943063233207666,0
0,0.20104565690995768,0
0,0.1028362543577334,0
0,0.5085139311375562,1
0,0.1630641495892091,0
0,0.2099081746400994,0
0,0.18560147653980458,0
0,0.7134228059241006,1
0,0.20274112727467175,0
1,0.8732767612386851,1
0,0.3521157138041633,1
0,0.30887955549979346,0
0,0.22883177402312374,0
0,0.05456956580759204,0
0,0.12396793454251279,0
0,0.1451545422031103,0
0,0.15256353195270841,0
0,0.14566074056915138,0
0,0.07534122845934739,0
0,0.12200516574840743,0
0,0.14668985911745716,0
0,0.07378114368547933,0
0,0.5596655731310513,1
0,0.23752428754926086,0
0,0.2331107469034709,0
0,0.09414079676101894,0
0,0.27792898978329544,0
0,0.06770519247586837,0
1,0.5991099883859429,1
0,0.13957775476352294,0
0,0.3343396342059078,0
0,0.5830329756041143,1
0,0.12228105641441524,0
0,0.18690379090891793,0
0,0.642672953998103,1
0,0.18630705890674096,0
0,0.43242601705647105,1
0,0.13355343987297855,0
0,0.11702832439116789,0
0,0.3343695267504743,0
0,0.32376198804081063,0
0,0.3500317184584055,1
0,0.33830961266605375,0
1,0.6003890739233414,1
0,0.5422129319934166,1
0,0.5436463387191541,1
0,0.3774592446728638,1
0,0.11692382112998438,0
0,0.3603999172142583,1
0,0.2651414608193951,0
0,0.07954331809490225,0
0,0.11839194061997191,0
0,0.1274490048293244,0
0,0.15802048052795734,0
0,0.19321095145239933,0
0,0.9307896250828073,1
0,0.8460949353481838,1
0,0.09225571079347437,0
0,0.1439823149240362,0
0,0.5158833196131615,1
0,0.47005289066660577,1
0,0.41074019106983933,1
0,0.21988566254078554,0
1,0.3723405236025755,1
0,0.12425231624895003,0
0,0.10458091621854981,0
0,0.5759535300355414,1
0,0.36789202871348764,1
0,0.5123277452642924,1
0,0.4062257657455407,1
0,0.3280251848823476,0
0,0.22817210132786045,0
1,0.22528322022198538,0
0,0.24635738116068576,0
0,0.15676755360228403,0
0,0.16817299574700928,0
0,0.5794812678577551,1
0,0.2936728392809362,0
0,0.06928491927206819,0
0,0.09325292678938646,0
0,0.12745410817482816,0
0,0.48041850943268294,1
0,0.1621253679477908,0
1,0.7893039871477701,1
0,0.14627314245230344,0
0,0.129950552136011,0
0,0.3413564398588743,0
0,0.4269642906218175,1
0,0.14380509647762169,0
0,0.055431205409309785,0
1,0.43396462963227833,1
0,0.1280666610581336,0
0,0.20916700306685343,0
0,0.08208620919777712,0
0,0.10192383405059045,0
0,0.11742074686234635,0
0,0.14248083265398215,0
0,0.10758920240291026,0
1,0.6608865892765142,1
0,0.3668531691767939,1
0,0.15833307428651056,0
0,0.8659767427010763,1
0,0.8549736860730367,1
0,0.07216838180851061,0
0,0.830094545463184,1
0,0.30053606230695884,0
0,0.10034862529776657,0
0,0.1502300725878871,0
0,0.09201445876976172,0
0,0.6555651266268246,1
0,0.16223523754680236,0
0,0.108002618627371,0
0,0.20059294989001636,0
0,0.09209174969922028,0
0,0.0874395896063849,0
0,0.7630652205959837,1
0,0.1118461005295346,0
0,0.09128489633818877,0
0,0.8484921398646276,1
0,0.07809798628580578,0
0,0.8450586139815032,1
0,0.317460681123612,0
0,0.4829814973081802,1
0,0.1041581734059084,0
0,0.09708557802563295,0
0,0.1353592972881051,0
0,0.1479415012008067,0
0,0.10445771838121422,0
0,0.37861745733541097,1
0,0.30903873587749753,0
0,0.5148552167569257,1
0,0.46495710413713576,1
1,0.6876438865413721,1
0,0.42733728594514353,1
0,0.14978368549539287,0
0,0.13208594798128265,0
0,0.13065730527588396,0
0,0.13107294083880713,0
0,0.32344127631599484,0
0,0.12906420518045816,0
0,0.10808710856395265,0
0,0.1440210785866294,0
0,0.2551287238786484,0
0,0.23101344964105971,0
0,0.45834201365587557,1
0,0.1658181617986229,0
0,0.8342966255897247,1
0,0.14517231828617674,0
0,0.6313398911166652,1
0,0.2811738033809047,0
0,0.08138148711702704,0
0,0.20831871696810264,0
0,0.08088516810724053,0
0,0.2314203231820286,0
0,0.16493658516388787,0
0,0.28479456463690944,0
0,0.6328864735717332,1
0,0.1758374234791927,0
0,0.19608853311069546,0
0,0.15883588192695397,0
0,0.7996410410212188,1
0,0.08353782030954106,0
0,0.10710411214885475,0
0,0.16225362804073548,0
