y_true,pd_score,pred_label
0,0.6460154561786882,1
0,0.17109863325131647,0
0,0.12838822447902187,0
0,0.10245077149428378,0
1,0.4358034826674011,1
0,0.21550995535547277,0
0,0.6597108176253879,1
0,0.32445157847375616,0
0,0.11983670845260294,0
0,0.5804767413498814,1
0,0.11419892866915163,0
0,0.12245418561989688,0
0,0.12743746759282965,0
0,0.09929549677861506,0
0,0.19800501271604168,0
0,0.24443787548063858,0
1,0.9255664071816952,1
0,0.22036819298437535,0
0,0.07943946380356336,0
0,0.09132712926787052,0
0,0.34824907895218865,0
0,0.568570604401337,1
0,0.1087499837668746,0
0,0.07838911783483522,0
0,0.8478802891188891,1
0,0.7714642045351688,1
0,0.5071228636523619,1
0,0.27247224038508067,0
0,0.09602995222483487,0
0,0.28545640175860443,0
0,0.1509046557949608,0
1,0.8433248549847812,1
0,0.9648981224653393,1
1,0.7843409775864166,1
0,0.16418854582373427,0
0,0.5798204865038362,1
0,0.4767878508971949,1
1,0.8349950143964194,1
0,0.09191834276910248,0
0,0.20648091881779992,0
0,0.37338082626631247,1
0,0.06892768560299227,0
0,0.4259213255246714,1
0,0.26831718592643383,0
0,0.07059968903416662,0
0,0.16387727835952945,0
0,0.8089602073608227,1
0,0.27841887456785447,0
0,0.16596443300123595,0
0,0.7635127440549531,1
0,0.2612860460736772,0
0,0.46658689697356426,1
1,0.9631047594345261,1
0,0.5901220690362734,1
0,0.13136395822835734,0
1,0.30344959823493084,0
0,0.11836862455011786,0
1,0.6942126045548448,1
1,0.6078216365739615,1
0,0.8183159235171812,1
0,0.23551635896735437,0
0,0.10097615680200858,0
0,0.17255294509926858,0
0,0.10658072781410546,0
0,0.22342625944645655,0
0,0.06853246182677333,0
1,0.3462502288405116,0
0,0.08130991881230515,0
0,0.13281825300959332,0
0,0.6516037337227742,1
0,0.31638293056280065,0
0,0.13434039455469468,0
0,0.09857586304700623,0
0,0.06022830203240617,0
1,0.9594351613794836,1
0,0.37135750583894334,1
0,0.4429742822460917,1
0,0.1525658777200348,0
0,0.15237022818938237,0
1,0.678039754325193,1
0,0.60447821509566,1
0,0.057271628115153066,0
0,0.9581162387501724,1
0,0.10012498975801395,0
0,0.06087735312262026,0
0,0.5504960656570287,1
0,0.3013328702969283,0
1,0.15340054229128197,0
0,0.20522800752054282,0
0,0.0951994379361913,0
0,0.15452026128365579,0
0,0.14899650166152598,0
0,0.13731484736816774,0
1,0.9304122039407161,1
0,0.10052720828572922,0
0,0.47420579646446764,1
0,0.3270618894268531,0
0,0.14891593118877813,0
0,0.3248603938724532,0
0,0.7153169074966592,1
0,0.35851580817944817,1
0,0.19435559197253233,0
0,0.18788237387278942,0
0,0.09248199374383646,0
0,0.30860594836543775,0
0,0.3777469470514122,1
0,0.739173573295185,1
0,0.11360384600458955,0
0,0.13730980003221774,0
1,0.916941763757735,1
1,0.19706228467709114,0
0,0.41001499641771044,1
0,0.14727817548489394,0
0,0.3530463715082598,1
0,0.31948235856090007,0
0,0.16778482198081612,0
0,0.3285816779167488,0
0,0.15072998918560707,0
0,0.4132107138094383,1
0,0.11412715237402588,0
0,0.048021760913140345,0
0,0.45728018387799013,1
0,0.14402090260615522,0
0,0.12520241910235314,0
0,0.10803311992230605,0
0,0.1343832116581142,0
0,0.6261726158806707,1
0,0.7474978596857846,1
0,0.19583369050160343,0
0,0.11148371117090351,0
0,0.12060957087419318,0
0,0.42522882238521187,1
0,0.6324147020460064,1
0,0.4268872442314306,1
0,0.6277121038196483,1
0,0.18903728912231668,0
0,0.3049161485192885,0
0,0.3463793322600448,0
0,0.05520547655076735,0
0,0.11950317413414642,0
0,0.10421648271579306,0
0,0.38316474156697033,1
0,0.09351705993067762,0
0,0.3010625129766492,0
0,0.6148194159081859,1
1,0.5351107488179295,1
0,0.7545640226000485,1
1,0.46466957446601537,1
0,0.08885127800545672,0
0,0.38763804262843204,1
0,0.20790273031393094,0
0,0.06283707948855577,0
0,0.8607446208763044,1
0,0.9563748626448436,1
0,0.12770188617558842,0
0,0.674569711017343,1
0,0.5689690668001514,1
0,0.06807593239380207,0
0,0.09159515115906341,0
0,0.19057860353375963,0
0,0.2459608957979969,0
0,0.11138745325662841,0
0,0.0761050143166501,0
0,0.08048178395282904,0
0,0.11400674129744623,0
0,0.0792321657416905,0
1,0.786197765578925,1
0,0.15416838426939486,0
0,0.5351067305720624,1
0,0.18247297241572846,0
0,0.19714372850996725,0
0,0.7915497678793517,1
0,0.10382855952149131,0
0,0.1356120205761556,0
0,0.2076733291566946,0
0,0.13220413512594517,0
0,0.4101106703131699,1
0,0.7892149105477446,1
0,0.22844105822588678,0
0,0.13332703655136988,0
0,0.19926856665510953,0
0,0.2709770088649438,0
0,0.08625533657598068,0
0,0.10606117621444185,0
0,0.387954157669709,1
0,0.13110000056242732,0
0,0.07392056976627788,0
0,0.23116257036360652,0
0,0.387482031828554,1
0,0.1762550156762654,0
1,0.8912810116864845,1
0,0.17874948439406965,0
0,0.3202448416590924,0
0,0.09873977944446866,0
0,0.3604160794171015,1
0,0.12479567648942802,0
0,0.5670991505200113,1
0,0.07743581336352004,0
0,0.42308066677239015,1
0,0.4976928153434352,1
0,0.5229599410547628,1
0,0.7935634518856112,1
0,0.08012862907513708,0
0,0.08392863477085818,0
0,0.656713802852622,1
0,0.09769004210684652,0
0,0.07450974106798482,0
0,0.1903918522745009,0
0,0.9209950915077701,1
0,0.08398542275465809,0
0,0.2558154300600429,0
0,0.07833180512298656,0
0,0.46859375835715544,1
0,0.8145072646079834,1
0,0.155924371440879,0
0,0.13449848660281372,0
0,0.33224205785577166,0
0,0.19710714872843724,0
0,0.6465757139101023,1
0,0.5088370375320937,1
0,0.31245910155419077,0
0,0.1348710367262873,0
0,0.10870416876344732,0
0,0.06301264421687919,0
0,0.3893734832849726,1
0,0.27919225649408747,0
0,0.20641434098938927,0
0,0.33624695064381804,0
0,0.28420797281900306,0
0,0.6352772514073609,1
0,0.11359911890196296,0
0,0.37351609822578236,1
0,0.32048625835879047,0
0,0.8910754625668176,1
0,0.07197771638432782,0
0,0.17907859397125273,0
0,0.13429519191664263,0
0,0.08227030013454291,0
0,0.15344505137305783,0
0,0.08847537440207821,0
0,0.12703768135486443,0
0,0.20559746401348142,0
0,0.07375891118865145,0
0,0.4784873914786634,1
0,0.11636871772383031,0
0,0.2343264980231188,0
0,0.1083691779712442,0
0,0.3170050273748717,0
1,0.6745561909750164,1
0,0.3361938167257749,0
0,0.2328481701072636,0
1,0.7602644972263342,1
0,0.053978809924403494,0
0,0.055292156646484424,0
0,0.14418374810114645,0
0,0.3519909961168143,1
0,0.2883552512308806,0
0,0.2458542950820152,0
0,0.17713530033472868,0
0,0.23067733773912924,0
1,0.8808679824018194,1
0,0.11389091931761001,0
0,0.12990171427371883,0
0,0.2204638670171424,0
0,0.367003157915782,1
0,0.1389112177480218,0
0,0.22074306154229725,0
0,0.38992563868645863,1
0,0.49427384844145594,1
0,0.08469197504133996,0
0,0.3178047409863406,0
0,0.3703483263569479,1
0,0.2936714323569575,0
0,0.21816927007630454,0
0,0.3504244051300508,1
0,0.7006947302876186,1
0,0.10882825560818292,0
0,0.7689495902999186,1
0,0.07980066590810012,0
0,0.06438130343030986,0
0,0.12623664775844798,0
0,0.07299108758714888,0
0,0.26048975978728767,0
0,0.23680922838492655,0
1,0.8631888454407609,1
0,0.10614918503007102,0
0,0.16212204554044077,0
0,0.13073526679056965,0
0,0.4664812442358266,1
0,0.2925462903986473,0
0,0.12946336444656167,0
0,0.3775957377491076,1
0,0.0895555407330035,0
0,0.22698788111732962,0
0,0.47273606605041335,1
0,0.07708031600144347,0
0,0.09310585512726208,0
0,0.19561934492353616,0
0,0.09559127940671587,0
0,0.3073393267205769,0
0,0.2955493381689652,0
0,0.2769150901383676,0
0,0.1546784678685385,0
0,0.1757339758193058,0
0,0.06505101826397622,0
0,0.0904966082652848,0
0,0.06050872623336352,0
0,0.4371700383934936,1
0,0.15316890175553793,0
0,0.09056040013703053,0
0,0.42293176821983935,1
0,0.5853080064192825,1
0,0.10337692104267826,0
0,0.09699483491721517,0
0,0.1083111485931829,0
0,0.20155566705573133,0
0,0.05639750589708561,0
1,0.8700305320061945,1
0,0.1666981467762965,0
0,0.09977446059471104,0
0,0.27399755625454436,0
0,0.6186236022149008,1
0,0.13504346706310086,0
1,0.7578227163701328,1
0,0.21341241938167946,0
0,0.39142523150472525,1
0,0.32366193475362565,0
0,0.21805168393164284,0
0,0.2090240195493731,0
0,0.10913216270962733,0
0,0.09815310785401876,0
0,0.17464066239114545,0
0,0.14195727634024422,0
0,0.13880391801555747,0
1,0.8471384052168522,1
0,0.08596910074485745,0
1,0.8355094255526758,1
0,0.05356550747963793,0
0,0.2222099340920487,0
0,0.2940861875825794,0
0,0.5696673049265562,1
0,0.6564382779789526,1
0,0.3079800845867858,0
0,0.09424434305253379,0
0,0.12741454805903699,0
0,0.07947937060428359,0
0,0.25950748710830474,0
0,0.21393237453449074,0
0,0.09969447351504128,0
0,0.3855881783360336,1
0,0.09236961518649918,0
0,0.11940865896094537,0
0,0.09336815082867249,0
0,0.07921789346000413,0
0,0.07113154488759303,0
0,0.42741639737084675,1
0,0.09567009463560044,0
1,0.8467769282826171,1
0,0.5697177555852813,1
0,0.1676127416201581,0
0,0.33098285807154587,0
0,0.25016663631133906,0
0,0.2545398334539685,0
0,0.13116440828544745,0
0,0.14851307500091296,0
0,0.19874937273015147,0
0,0.1873037558813816,0
0,0.2530653861345097,0
1,0.09879003216746282,0
0,0.19163893543679766,0
1,0.9083701929826125,1
0,0.22253974734813178,0
0,0.053882830161987624,0
0,0.10578899810835155,0
0,0.7340949220009508,1
0,0.08948334590965998,0
0,0.14395501558977386,0
0,0.08434259318809235,0
0,0.25157070046332475,0
0,0.12202496808191868,0
0,0.5512895142546417,1
0,0.24117461127128023,0
0,0.4696289747632598,1
0,0.07980308748016128,0
1,0.5944840932296152,1
0,0.6493343590262803,1
0,0.5255638633218288,1
0,0.36078251075026574,1
0,0.7654600748704057,1
0,0.07470635387798744,0
0,0.1197570291976542,0
0,0.19446844162259797,0
0,0.15698550548969462,0
1,0.6318858615704261,1
0,0.33216991902655446,0
0,0.08276708229117043,0
0,0.3034427110136253,0
0,0.0900203128412591,0
0,0.18942660912164175,0
0,0.3064192752130897,0
0,0.5255777018347029,1
0,0.11736315005593918,0
0,0.4726768718035108,1
0,0.443013150119342,1
0,0.14456584857189636,0
0,0.07336440771007165,0
0,0.20002770313207244,0
0,0.13775660519652072,0
0,0.12501003685624312,0
0,0.8651319719645789,1
0,0.17564890895667754,0
0,0.3555564356567922,1
0,0.10054620884982883,0
0,0.3428452281393506,0
0,0.2040374541539329,0
0,0.11578090838895816,0
0,0.08874859041665743,0
0,0.20690915528619844,0
0,0.15762856159504654,0
0,0.8527041856991844,1
0,0.08590931701375892,0
0,0.13970515529750097,0
0,0.1064136341218919,0
0,0.04890215352916031,0
0,0.06951562093875105,0
0,0.5791469448160823,1
0,0.2010768685022001,0
1,0.7461150174969045,1
0,0.153596268136116,0
0,0.3281336397800617,0
0,0.1611285916019179,0
0,0.09305746258070294,0
0,0.0721188768011428,0
0,0.529708281600943,1
1,0.49769459305575786,1
0,0.17261139912341222,0
0,0.44080767991717307,1
0,0.10525224117304463,0
0,0.4567272708820603,1
0,0.489741205081859,1
0,0.7326289128631382,1
0,0.067995203825692,0
0,0.42549382388991247,1
1,0.8594051486108021,1
0,0.11459150216225446,0
0,0.11176143258236268,0
0,0.3336489892241199,0
0,0.2337286895247497,0
0,0.20259183254961896,0
0,0.9118810007345869,1
0,0.5293544559826476,1
0,0.7075926919438392,1
0,0.7208634014649377,1
0,0.14351806138690296,0
0,0.5150032882230828,1
0,0.3314386769245598,0
0,0.194899483840663,0
0,0.5390848182965168,1
0,0.125760886617074,0
0,0.5019436854294373,1
0,0.10066598849666314,0
0,0.27808328066165516,0
0,0.12435540070312086,0
0,0.23645299298608422,0
0,0.1461034615301647,0
0,0.08988020649470589,0
0,0.057419069341870486,0
0,0.12070279961073062,0
1,0.934197538241953,1
0,0.24304853271438892,0
0,0.9342342202076668,1
0,0.7950917943444317,1
0,0.10353004645420145,0
0,0.06576908574914407,0
0,0.33050759856545814,0
0,0.22541679538010703,0
0,0.12740438789089958,0
0,0.3361319860211265,0
0,0.1552319087018955,0
0,0.1395075125043917,0
0,0.31002532013133527,0
0,0.39405537925595424,1
0,0.32262201805902685,0
0,0.1726334315184975,0
0,0.3024449924004006,0
0,0.200289549550353,0
0,0.3269517737287055,0
0,0.17345842183144522,0
0,0.4147373091971465,1
0,0.09794530145202647,0
0,0.5284201075118002,1
0,0.5361522566658529,1
0,0.1657210463090294,0
0,0.19472848729559938,0
0,0.11893301838931211,0
0,0.19836385137936446,0
0,0.10881545263719102,0
0,0.6958716731936868,1
0,0.1784033492507502,0
0,0.5326644221209591,1
1,0.5886551686695344,1
0,0.39624378896190876,1
0,0.4251858820850622,1
0,0.1427459740700801,0
0,0.15966160593991585,0
0,0.46524724795635836,1
0,0.21569296420506429,0
0,0.13441105513475796,0
0,0.36693047656079036,1
1,0.9629333382099731,1
0,0.12768001244409674,0
0,0.08025492805034946,0
0,0.0752656141720306,0
0,0.15097208022340095,0
0,0.4888322388853888,1
0,0.10847737710104743,0
0,0.24896741564192273,0
0,0.2497620124543827,0
0,0.8383551969764333,1
0,0.10965410401726894,0
0,0.2733781127773586,0
0,0.46032219571535954,1
0,0.1354435827801678,0
0,0.1732094709622688,0
0,0.8090419205376752,1
0,0.07365056047570312,0
0,0.7755243324997946,1
0,0.1771475603983388,0
0,0.2160230675001111,0
0,0.46087785328249564,1
0,0.3626812810057487,1
0,0.4584484270410477,1
0,0.7508182101251942,1
0,0.5326670331557951,1
0,0.7351683620839441,1
0,0.12694694396272968,0
0,0.21282855786651783,0
0,0.12496046075857571,0
0,0.36351601403118744,1
0,0.7587346171435593,1
0,0.4554903135082129,1
0,0.33394760501069576,0
0,0.483728538693672,1
0,0.17248426272228556,0
0,0.28147164062302227,0
1,0.41544706819042093,1
0,0.2534520051783144,0
0,0.8102837667745478,1
0,0.05858336835924338,0
0,0.3162043350595969,0
0,0.35959785020417334,1
0,0.7464211367181588,1
0,0.18129868565586113,0
0,0.09689443710378129,0
0,0.31028080311183376,0
0,0.7873162621237675,1
0,0.16205251085738762,0
0,0.5764448515906195,1
0,0.9043204726846833,1
0,0.10374901818673729,0
0,0.1355182566462314,0
0,0.3513003767565611,1
0,0.19074053019730672,0
0,0.1068056183657041,0
0,0.10460654805250626,0
0,0.1910611750412877,0
0,0.13030511152071894,0
0,0.1207300752935677,0
0,0.17838167454637466,0
0,0.2249517781677353,0
0,0.05669649795231031,0
0,0.1293453827409174,0
0,0.8231124508511971,1
0,0.7990685404789828,1
0,0.11527161493892994,0
1,0.5178680189978409,1
0,0.22768158661425597,0
0,0.14883662397210243,0
0,0.06531496019471048,0
0,0.09545952068063948,0
1,0.32081794104652067,0
0,0.09715248565980182,0
0,0.3911387620650569,1
0,0.16076986920919756,0
0,0.48265593614218155,1
0,0.09663785158465021,0
0,0.08836769504967865,0
1,0.9598586048218744,1
0,0.8560180940184413,1
0,0.5420664030911473,1
0,0.15157384027998813,0
0,0.209745846128186,0
0,0.09342378366277627,0
1,0.25939008474296343,0
0,0.6094491819924545,1
0,0.14666403651525367,0
0,0.31117552190129183,0
0,0.4321589245847604,1
0,0.7970527285138306,1
0,0.5713599240341415,1
0,0.34572128176900113,0
0,0.12887700818150769,0
0,0.14754246256305872,0
0,0.25751979874323827,0
0,0.17254439290842694,0
0,0.13126867444179685,0
0,0.5958264564711905,1
0,0.14135729420917728,0
0,0.08764276146165918,0
0,0.16201958830395108,0
0,0.0590384559964059,0
0,0.542322774239835,1
0,0.2021030328780203,0
0,0.07567953355707159,0
0,0.13835230181964106,0
0,0.150140355826218,0
0,0.12158416699662951,0
1,0.7706255153505188,1
0,0.09495454018849077,0
0,0.12211924829670401,0
0,0.3416737562101041,0
0,0.09733826163093501,0
0,0.07970393183003836,0
0,0.09819295957008653,0
0,0.1571273378592623,0
1,0.1168220032840033,0
0,0.09490067825324608,0
0,0.15742660672275224,0
0,0.41552658476307885,1
0,0.6341858550756069,1
0,0.5152627945700506,1
0,0.2696338321367926,0
0,0.3579068879676589,1
0,0.6189440932172071,1
0,0.10638210682832593,0
0,0.7701387746506033,1
0,0.13854446707603757,0
0,0.28523201713309776,0
0,0.1204637230469891,0
0,0.3760614704834694,1
1,0.0846367573014783,0
0,0.14674947155539314,0
0,0.1850178849242699,0
0,0.25673692871368925,0
0,0.17350770036908106,0
0,0.10287681065701591,0
0,0.09572573854981643,0
0,0.1394661838949246,0
0,0.06917373173593805,0
1,0.9288521970376942,1
0,0.32249461574838034,0
0,0.45179422653506585,1
0,0.5832295462948222,1
0,0.12334178657977032,0
0,0.6259778699951283,1
0,0.12315195807092792,0
0,0.6751377937619942,1
0,0.21643202570984726,0
0,0.08459299183227818,0
0,0.13844423350638005,0
0,0.053499145780777864,0
0,0.1410382390025186,0
0,0.2775722015216752,0
0,0.3452119673756414,0
0,0.3013166518921812,0
0,0.346423242650135,0
0,0.12606213960347018,0
0,0.15895420328461193,0
0,0.4287042364562192,1
1,0.3404909001330863,0
0,0.14154504207154858,0
0,0.514283823002024,1
0,0.5721507489393772,1
0,0.8493956206422091,1
0,0.17311479250292383,0
0,0.36670836562360437,1
0,0.08217932170291546,0
0,0.4948596820071891,1
0,0.16848803371409635,0
0,0.16966772787701506,0
0,0.4109977864762699,1
0,0.1764170635045231,0
0,0.13192204050659814,0
0,0.4135069052671443,1
0,0.11890032102792905,0
0,0.2256075676679348,0
0,0.555112635789392,1
0,0.38377946385126926,1
0,0.15259125221154607,0
0,0.5942324113952153,1
0,0.2159911656586816,0
0,0.108477227808963,0
0,0.5083620541042486,1
0,0.454451877380396,1
1,0.8426413862657404,1
0,0.11949753068855418,0
0,0.07203864059904531,0
0,0.1212566113646483,0
0,0.5493121775473551,1
0,0.3082179171270697,0
0,0.08669382647891404,0
0,0.29269177085102965,0
0,0.33851764813327606,0
0,0.1211246923224718,0
0,0.763590481089472,1
0,0.0743952650811433,0
0,0.3173796731307208,0
0,0.2081948713149724,0
0,0.7277884758633213,1
0,0.06742907287536742,0
0,0.08608471565392434,0
0,0.08850206728676409,0
0,0.23022110494497744,0
0,0.05859175220861431,0
0,0.07201156208121451,0
0,0.10728868737992708,0
0,0.18488686462746212,0
1,0.6369031531050836,1
0,0.18361424406742077,0
0,0.146197694360408,0
0,0.09109482867738392,0
0,0.8160392526882514,1
0,0.13141091576567746,0
0,0.2403114628367239,0
0,0.05745753159077894,0
0,0.2504481768954017,0
0,0.09352024253849589,0
0,0.05693390192780858,0
1,0.8935853312511814,1
0,0.3206116864873027,0
0,0.2920636438483517,0
0,0.3053179656541017,0
0,0.1700463276887777,0
0,0.15803317930470404,0
0,0.12510778283582036,0
1,0.4937977058280728,1
0,0.20102718820918572,0
0,0.16278663595529227,0
0,0.08357782567453437,0
0,0.2878938657273709,0
0,0.14260743087806088,0
0,0.09519147459073163,0
0,0.05643961578552936,0
0,0.1869639841660723,0
0,0.5537446193462214,1
0,0.8964945740168624,1
0,0.3211574812578294,0
0,0.11497725983545887,0
0,0.11470997645202093,0
0,0.46381530121026554,1
0,0.17419665967138384,0
0,0.13530461469352786,0
1,0.8844914806027255,1
1,0.7539574944647432,1
0,0.15164457907123408,0
0,0.49011196212114755,1
0,0.11596894610628526,0
0,0.4020231825651006,1
0,0.7518524765637316,1
0,0.13313887816279102,0
0,0.32922958168471467,0
1,0.1966728433059219,0
0,0.466938254290435,1
0,0.08682997859270096,0
0,0.42473748571381725,1
0,0.08684595106225074,0
0,0.6132692637689389,1
0,0.13380000854658478,0
0,0.16452637384382976,0
0,0.18001350230582297,0
0,0.08169132892649823,0
0,0.07486242164543191,0
0,0.18997886370479874,0
0,0.3495086353590022,0
0,0.1007730213441406,0
0,0.21051073548600074,0
0,0.27377760221670716,0
0,0.10345604888071616,0
0,0.36725383688757235,1
0,0.12674010635145574,0
0,0.5205260049212578,1
0,0.06857895935777668,0
1,0.6088139816508763,1
0,0.49971771187188524,1
0,0.6258755249348016,1
0,0.46564173987540625,1
0,0.09187713608378253,0
0,0.1860373831933835,0
0,0.5862603944036906,1
0,0.11404194118869362,0
1,0.6936942834220032,1
0,0.10302762936195327,0
0,0.19969434370827205,0
0,0.1251998166628706,0
0,0.1311098424094601,0
0,0.2666449641067599,0
0,0.5225514574590187,1
0,0.1300903640000494,0
0,0.07405793453071005,0
0,0.21887452893727513,0
0,0.29718334690885373,0
0,0.06965427401621771,0
0,0.05132902563568105,0
0,0.41820314699210004,1
0,0.2049682449883456,0
0,0.13502101364798802,0
0,0.12304011756519699,0
0,0.05618098330682596,0
0,0.10818451694791903,0
0,0.5561102843192183,1
1,0.9226957655631662,1
0,0.7556933852065435,1
0,0.6015187263048861,1
0,0.5504784713519297,1
0,0.0798613187143741,0
0,0.06848867561426385,0
0,0.5392424804250449,1
0,0.12003513111082839,0
0,0.1404024388327323,0
0,0.4495220726178524,1
0,0.24321681038325063,0
1,0.9344217662311555,1
0,0.7435798443872986,1
1,0.8632872203501031,1
0,0.1149025535346267,0
0,0.11105411304645858,0
0,0.17090540956327063,0
0,0.26301104772826406,0
0,0.05805477148678619,0
0,0.140572776387861,0
0,0.11953531483539613,0
0,0.15567898389781107,0
0,0.07653140288096072,0
0,0.13854614686510652,0
0,0.05633543657305769,0
0,0.10067281268929511,0
1,0.3292139493645426,0
0,0.23222099976023253,0
0,0.12627162456238794,0
0,0.7145367310734676,1
1,0.9285074355247859,1
0,0.08970059973519584,0
0,0.11338236601647561,0
0,0.09683331437674757,0
0,0.5196998851332424,1
0,0.2013768899349437,0
0,0.05498059157676199,0
0,0.07691665015261571,0
0,0.6744282969823601,1
0,0.3573554445316946,1
0,0.7257170064361689,1
0,0.23889732520807588,0
0,0.05987301888395634,0
0,0.18122383241164752,0
0,0.1750048958509171,0
0,0.08467211061116249,0
0,0.146324094439278,0
0,0.07064570958429803,0
0,0.07087383971315697,0
0,0.16577617739980344,0
0,0.05876591391171542,0
0,0.1124623068266394,0
0,0.11960489712857508,0
1,0.5982359516287531,1
0,0.601691195802848,1
0,0.1624352980458667,0
0,0.08613345824116174,0
0,0.09718474161336317,0
0,0.08589868742951082,0
0,0.9609298942494484,1
0,0.5451991834976215,1
0,0.34571109631603014,0
0,0.8957698946673541,1
0,0.11938870990748787,0
0,0.07662934129677763,0
0,0.33706247993338195,0
0,0.058841386288482386,0
0,0.4748127272440803,1
0,0.13009335305123196,0
0,0.618711506035251,1
0,0.21422699045284468,0
0,0.0804665068753496,0
0,0.2823242285046702,0
0,0.14159956356116082,0
0,0.4567561221176145,1
0,0.08042642806446554,0
1,0.8458708962800442,1
0,0.31434624127395366,0
0,0.257196873869954,0
0,0.06304288384412254,0
1,0.9534905031397892,1
0,0.10433293817806574,0
0,0.40133956763215894,1
0,0.22700282242925132,0
0,0.09714849789534166,0
1,0.227752645346349,0
0,0.1874969715730881,0
0,0.16819747177692293,0
1,0.9187586181538187,1
0,0.059621147631885876,0
0,0.5618981295619631,1
0,0.43231168550236787,1
0,0.17046403738377622,0
0,0.08329798149313368,0
0,0.5798139214905211,1
0,0.4200620386596933,1
0,0.10871392246385116,0
0,0.12643505124095605,0
0,0.1353937926971558,0
0,0.22250414628696305,0
0,0.38920951939776127,1
0,0.08387863338125735,0
1,0.49433419863936007,1
0,0.3678949412182412,1
0,0.16038406029199356,0
0,0.6698911342193649,1
0,0.04755243325357227,0
0,0.1869245346653148,0
0,0.10647531263126174,0
0,0.4106143892545626,1
0,0.4150049295402616,1
0,0.2362646289728964,0
0,0.08526889662774156,0
0,0.7834266297168772,1
0,0.10819241401949715,0
0,0.05363787365576924,0
0,0.3435313097249487,0
1,0.4463398612112895,1
0,0.5140121516926722,1
1,0.9251721717967861,1
0,0.8897463503822901,1
0,0.11446731596873048,0
0,0.1539913339828161,0
0,0.12400473834294239,0
0,0.6788661237733377,1
0,0.061207488276131226,0
0,0.18296461286532997,0
0,0.21223359563314587,0
0,0.6849260741186581,1
1,0.3482640392156854,0
0,0.6047680019726409,1
0,0.07558095892285682,0
0,0.16951602647458458,0
0,0.2232353925497773,0
0,0.5711509751715482,1
0,0.053257857010543565,0
0,0.473187396978136,1
0,0.1934256902635399,0
0,0.6166273332224679,1
0,0.10056539948310697,0
0,0.5043341825765913,1
0,0.690079859409982,1
0,0.14020642620302665,0
0,0.32294212758231583,0
0,0.13854797071229824,0
0,0.1076878587517673,0
0,0.7895285391725464,1
0,0.27391572501310246,0
0,0.8290822651219943,1
0,0.1356770518585576,0
0,0.06992669687480964,0
0,0.08730392409789998,0
0,0.11370936358855652,0
0,0.8465057614653758,1
0,0.11032104360489048,0
1,0.719894925502686,1
0,0.12748202028262803,0
0,0.06685567408756485,0
0,0.7029309133688396,1
0,0.27112025344427826,0
0,0.32414428858368727,0
0,0.11635741120215203,0
0,0.3725945833263686,1
0,0.5948598918076748,1
0,0.24025465700743126,0
0,0.24057670678160098,0
0,0.08362158890827139,0
0,0.6315110673451426,1
0,0.11077371606034314,0
1,0.9040168173244016,1
0,0.5322533892350596,1
0,0.13244004430788928,0
0,0.1528162151278111,0
0,0.5724294330679519,1
0,0.502857270621261,1
0,0.27265414702758406,0
0,0.13880647777666472,0
0,0.0756952413802169,0
0,0.7746446887726125,1
0,0.14844224134404777,0
1,0.6243906144090942,1
0,0.32501365834717133,0
0,0.20113653744628263,0
1,0.5693381860187893,1
0,0.13442725504264566,0
0,0.31987322964918635,0
0,0.3129623051737843,0
0,0.14114192548322718,0
0,0.09884188411669215,0
0,0.6669236169080047,1
0,0.1042368894198498,0
0,0.36394076002291265,1
0,0.09861841248338687,0
0,0.8811707375243143,1
0,0.28464547404293933,0
0,0.2541650320993135,0
0,0.08149142516130617,0
0,0.7287882339364767,1
1,0.14291483284429488,0
0,0.44792526159701046,1
0,0.5203970417472122,1
0,0.12508176140774627,0
0,0.49915442768409674,1
0,0.1167376649221063,0
0,0.4344197894621645,1
0,0.6944967828970928,1
0,0.7427175165258616,1
0,0.2736208908571296,0
1,0.9649517982206658,1
0,0.18632651167724076,0
0,0.7023929530278252,1
0,0.8985851481928174,1
0,0.722045266825597,1
0,0.3644755147422704,1
0,0.8642284935835485,1
1,0.8317886363608396,1
0,0.38177152048743473,1
0,0.12756149312224022,0
0,0.6606358320523579,1
0,0.17477785902055643,0
0,0.3189817768622108,0
0,0.1981270715806827,0
0,0.40842521235161283,1
0,0.11941630748370442,0
0,0.8273617017700728,1
0,0.1695881957725845,0
1,0.9081457214940213,1
0,0.1517237916448898,0
0,0.12179105020482903,0
0,0.07836885520217615,0
0,0.4089245798376937,1
0,0.10062397641293432,0
0,0.370592321052688,1
0,0.8387146455264181,1
0,0.18730717390937224,0
0,0.14492848701842245,0
0,0.0573082586773996,0
0,0.6487063726097546,1
0,0.1634788509436667,0
0,0.06751392872457011,0
0,0.6700273028293405,1
0,0.07387041884723028,0
0,0.23097563376126223,0
0,0.21214199552152566,0
0,0.49997216007588957,1
0,0.6441600559600674,1
0,0.14501253034699227,0
0,0.9453310776184982,1
1,0.40720103729385176,1
0,0.07797722638213299,0
0,0.5703584750301057,1
0,0.11841945807759328,0
0,0.1977772946184596,0
1,0.8594943775783201,1
0,0.11245989329827415,0
0,0.6649891498307554,1
0,0.15140222931393765,0
0,0.48183192131296937,1
0,0.10330381550505212,0
0,0.3865324615945859,1
0,0.4023343907569025,1
0,0.6545256306413427,1
0,0.4377023565496148,1
0,0.9296519082526403,1
0,0.08489908432504303,0
0,0.3066947029726521,0
0,0.3261599343093107,0
0,0.08119189321714232,0
1,0.9328830669551277,1
0,0.1028154829985866,0
0,0.5435883166264923,1
0,0.06571736150160704,0
0,0.5153788472444069,1
0,0.06006876031691777,0
0,0.14239913696614695,0
1,0.92350908945671,1
0,0.2077229139545771,0
1,0.5744811647017417,1
0,0.21218017367274297,0
0,0.6512551896086606,1
0,0.12454878545208324,0
0,0.08233760707451117,0
0,0.1804470480591177,0
0,0.2453659839716724,0
0,0.05790396628923516,0
0,0.7627091427578945,1
1,0.9374964980039686,1
0,0.14931470459894713,0
0,0.10326699907128441,0
0,0.09313753716011557,0
0,0.5706832693831099,1
0,0.08094720703242439,0
0,0.35739396063175116,1
0,0.08689057005967453,0
1,0.7187849750746663,1
0,0.15223325706413035,0
0,0.6340790243232143,1
0,0.6576000810079295,1
0,0.30286270848149194,0
0,0.17334749906122754,0
0,0.11247733792741066,0
0,0.19166260765327894,0
0,0.6558657564523508,1
0,0.24924438482642083,0
0,0.12833483854843838,0
0,0.2813958296066094,0
0,0.11757763377243312,0
0,0.11465309964765874,0
1,0.940044733123419,1
0,0.40732942981089937,1
0,0.17457535777809352,0
0,0.1449702809833516,0
0,0.08781557613293621,0
0,0.1049917043640742,0
0,0.4343484179544082,1
0,0.488321133834711,1
0,0.8401378548104336,1
0,0.10994572170612796,0
0,0.2182588640638805,0
0,0.09266234809356647,0
0,0.6687885442047055,1
0,0.5349971387507606,1
0,0.2829491059091387,0
0,0.1544399467250803,0
0,0.6473139402588475,1
0,0.17635820443219746,0
0,0.4851003865707402,1
0,0.07476181141512833,0
0,0.515148284053438,1
0,0.1516553876941984,0
0,0.5973581939738634,1
0,0.8796954528164241,1
0,0.19760897027525304,0
0,0.20227612573942924,0
0,0.7090763446356344,1
0,0.10309522604116492,0
0,0.7213562516248743,1
0,0.18947351383217798,0
0,0.29627936174794994,0
1,0.5464240480909953,1
0,0.5161234459974191,1
0,0.18790093988602777,0
0,0.1805187267794588,0
1,0.9716763086782962,1
0,0.13386768435048246,0
0,0.5762776506535384,1
0,0.24150409065123063,0
0,0.04942962866425629,0
0,0.3257968199175375,0
0,0.3208849973068517,0
0,0.6761769650219039,1
0,0.21556926222406964,0
0,0.1844680143461016,0
0,0.7964836065271026,1
1,0.8513283952291704,1
0,0.16894214807216967,0
0,0.9010330744403637,1
0,0.1045821779175602,0
0,0.11432659159380977,0
0,0.7946623746759678,1
0,0.2296687647524551,0
0,0.5027586928451497,1
0,0.09302285798207498,0
0,0.13014354468283545,0
1,0.6557985257920628,1
0,0.13520570483477135,0
0,0.1482397814384211,0
0,0.20557185466543818,0
1,0.6084079138818118,1
0,0.13444066411050173,0
0,0.1618755117999956,0
0,0.11972106348189827,0
0,0.09106102417275821,0
0,0.1193729510942821,0
0,0.7886012047600783,1
0,0.19813795547998952,0
0,0.21428454942771089,0
0,0.1552651146838602,0
0,0.057852448874992045,0
1,0.5817658614180723,1
0,0.3634922534813986,1
0,0.10463520860523634,0
0,0.11666523358120079,0
0,0.13820786773392063,0
0,0.6069993806835428,1
0,0.14518570690927932,0
0,0.5243704559158653,1
0,0.13944128941818343,0
0,0.11980432302587528,0
0,0.8098665241868817,1
0,0.1283186655531515,0
0,0.31256062719202593,0
0,0.558563561496506,1
0,0.08865897477102057,0
0,0.21805596763684376,0
0,0.16225745958685747,0
0,0.11931932174864464,0
0,0.511699623672113,1
0,0.0758539867567547,0
0,0.38917333990379105,1
0,0.1435193069155776,0
0,0.18317502091553492,0
0,0.10268027119743371,0
0,0.1312723345878668,0
0,0.40859652616227143,1
0,0.1367997383586039,0
0,0.2746315160611602,0
0,0.5337255536531222,1
0,0.22029768925611332,0
0,0.5309190261018182,1
0,0.18296138467459422,0
0,0.16208506461643554,0
0,0.377131151069627,1
0,0.3799194353247249,1
0,0.09928070559780436,0
0,0.06081153390341542,0
0,0.429271826716905,1
0,0.20153059726558284,0
0,0.18058589842319692,0
0,0.10244166942308429,0
0,0.12597866365095894,0
0,0.3607340283108499,1
0,0.15666167240052883,0
0,0.11087449720715668,0
0,0.583915889058559,1
0,0.15937554829371087,0
0,0.1975224880054328,0
0,0.0829590769166145,0
0,0.14516172004635625,0
0,0.8850451037060076,1
0,0.2534013672473205,0
0,0.8092252163672533,1
1,0.5670693907647374,1
0,0.10632730131398717,0
1,0.45623314162148876,1
0,0.28231483798396845,0
0,0.4865522852637623,1
0,0.15053859319954557,0
0,0.09997571254058465,0
0,0.2489452537953553,0
0,0.07829871307805707,0
0,0.1205496627287133,0
0,0.07221034588673932,0
0,0.13924081374211458,0
0,0.7731619477575734,1
0,0.15409239613345196,0
0,0.11043155216734389,0
0,0.4820421850869831,1
0,0.11101940768527008,0
0,0.0719228439034228,0
0,0.7811993735365813,1
0,0.11027836850526573,0
0,0.13263170529477608,0
0,0.13003049492047772,0
0,0.2154850805270754,0
0,0.13806750070555018,0
0,0.46570968021408166,1
0,0.1965199679285253,0
0,0.6194487696100591,1
0,0.7110123699395265,1
0,0.08604169244209997,0
0,0.11156613923671617,0
0,0.17878625585481953,0
0,0.0907284488878531,0
0,0.3475645080799284,0
1,0.9050336596378584,1
0,0.3120432615088229,0
1,0.8407635009686911,1
0,0.1490514728702594,0
0,0.07479694478081174,0
0,0.37973856297498976,1
0,0.16598818830362747,0
0,0.5987807873111282,1
0,0.1076587617361485,0
0,0.11514484805557085,0
1,0.4744277305983466,1
1,0.376342132042679,1
0,0.09545444820874725,0
0,0.42012703907713084,1
0,0.09870214299012786,0
0,0.3401341056853705,0
0,0.5582467111006871,1
0,0.6974133395746569,1
0,0.2259646674332248,0
0,0.11478715563033427,0
0,0.09343215855033589,0
0,0.933753426211673,1
0,0.13845232072960822,0
0,0.38588279278463433,1
0,0.45957610722492337,1
0,0.19074515506277803,0
0,0.11908536196942597,0
0,0.2515527384530101,0
0,0.08229725717347135,0
0,0.13139046218098174,0
0,0.17344639966718692,0
0,0.15884820873427422,0
0,0.7886964023304536,1
0,0.08632477955571506,0
0,0.1915730018234306,0
0,0.28044508497251097,0
0,0.05419665289815419,0
0,0.07101908831626617,0
0,0.6002822640841359,1
0,0.10927708314510956,0
0,0.5592668041663078,1
0,0.8077316955888322,1
0,0.13286399017403117,0
0,0.14017261882371504,0
0,0.11364862916819952,0
0,0.49477106618324845,1
0,0.6297478829458166,1
0,0.09688694332144368,0
0,0.11475199777045858,0
0,0.45893883289059306,1
1,0.5434553882792992,1
1,0.3760102766652702,1
0,0.13845833578751968,0
0,0.36951641434505583,1
0,0.5741870314273877,1
0,0.22875948603393625,0
0,0.09028409929304257,0
0,0.1353385628807818,0
0,0.06399716873266832,0
0,0.17835821433684432,0
1,0.3662346403830989,1
1,0.755212467118487,1
0,0.2589550294364203,0
0,0.7351227556796455,1
1,0.9146091407866722,1
0,0.1632257323931278,0
0,0.191535439726228,0
0,0.6130624914530006,1
1,0.48040042644408515,1
0,0.09246170968135721,0
0,0.11428317311881889,0
0,0.17387697866627547,0
0,0.0887631717713508,0
0,0.299700464471995,0
0,0.11946620990509657,0
0,0.17634330654877994,0
0,0.10914333128295875,0
0,0.11538013307808614,0
0,0.6113762336727856,1
0,0.11142122374842368,0
0,0.3744175406847204,1
0,0.10822517298146794,0
1,0.9664360251849535,1
0,0.12871773345401555,0
0,0.09317490454231767,0
0,0.5709767730699012,1
0,0.30702672929320696,0
0,0.12765058765690263,0
0,0.6407808389087731,1
0,0.11529819913971705,0
0,0.31374730407138973,0
0,0.11990922238045859,0
0,0.8700931042098379,1
0,0.1102407536514341,0
0,0.16575306002430656,0
0,0.5401019546817597,1
0,0.15438864044406223,0
0,0.3366294246748312,0
0,0.31554589080447754,0
0,0.5342585709176197,1
0,0.32296170251504286,0
0,0.18379747266253607,0
0,0.10340372955672228,0
0,0.14470741295955508,0
0,0.6270963026392357,1
0,0.2596686909836784,0
0,0.1585761876449438,0
0,0.09548711413159051,0
0,0.06904143335836263,0
0,0.3633674177409457,1
0,0.14472640297011355,0
0,0.11656529280837345,0
0,0.10983115437840711,0
0,0.22777053581054582,0
0,0.10196988312454298,0
0,0.41209611562773024,1
0,0.12930367088835576,0
0,0.6917748391238442,1
0,0.7970854065768198,1
0,0.45704698713358766,1
0,0.14174328161774444,0
0,0.16234619960817454,0
0,0.5089713740998719,1
0,0.22004601316199565,0
0,0.5627535268181886,1
0,0.38479688144795227,1
0,0.28011806030898445,0
0,0.4559227483152342,1
0,0.14881360754378045,0
0,0.6894892012455408,1
0,0.1477714103164505,0
0,0.5712778489777502,1
0,0.1798332831741647,0
1,0.9552892629616827,1
0,0.16881775238489694,0
0,0.458399330013618,1
0,0.21131932457252448,0
0,0.37422553824637583,1
0,0.3366728248192123,0
0,0.3816885850713899,1
0,0.3958827437633196,1
0,0.05599333838050047,0
0,0.3376643191049998,0
1,0.9348548996632513,1
0,0.08008260738669101,0
0,0.1345203412834944,0
0,0.14444829552778304,0
0,0.16679166912024898,0
0,0.22508017983695894,0
0,0.22674917510288292,0
0,0.08098098065203771,0
0,0.075819161318452,0
1,0.7960389157717307,1
0,0.20082193139509963,0
0,0.30703212734672375,0
0,0.0773417861054019,0
0,0.09061987641994629,0
0,0.11625388344388239,0
0,0.09841823335125208,0
0,0.15862910466056798,0
0,0.28363118144158966,0
0,0.11423549547728742,0
0,0.09154753234872298,0
0,0.08055208552719278,0
0,0.1660181496685614,0
0,0.3842180172220472,1
0,0.3369949192903397,0
0,0.1670120932107317,0
0,0.8240581766821297,1
0,0.7023929530278252,1
0,0.6294097124055904,1
0,0.6219770898623663,1
0,0.10574206847869415,0
0,0.2174425489886639,0
0,0.14067574300185876,0
0,0.8081877169921345,1
1,0.4299538838869528,1
0,0.19263058357656918,0
0,0.14370367791964037,0
0,0.14305890048517164,0
0,0.36479504746970326,1
0,0.4700909513888853,1
0,0.5692383203092269,1
0,0.14740517767198752,0
0,0.7150957206771845,1
1,0.5965197681578988,1
0,0.06531220383072317,0
0,0.14565637592270414,0
0,0.37718711888212747,1
0,0.7690936457247594,1
1,0.7383453385416001,1
0,0.1982423503809595,0
0,0.4319459428154209,1
0,0.3250163319512424,0
0,0.1844233292734768,0
0,0.0632215557932526,0
1,0.9086566208539206,1
0,0.677106046387684,1
0,0.8171036075846969,1
0,0.10348622527954653,0
1,0.8949853137745377,1
0,0.08733902284239546,0
0,0.07366580784639963,0
0,0.699738369433538,1
0,0.11777745073901674,0
0,0.3891914858223851,1
0,0.10324138251579171,0
0,0.08379094393893936,0
0,0.05430685678917367,0
0,0.7237479026109642,1
0,0.29735713421153154,0
0,0.13678538531439297,0
0,0.13165437275105452,0
0,0.6559558535441098,1
0,0.13792007006401893,0
0,0.3830990082558919,1
0,0.2230835442624446,0
0,0.11814434312655697,0
0,0.09682356222547722,0
0,0.08027710995743184,0
0,0.1179163147703927,0
0,0.07687066771675477,0
0,0.163725701247814,0
0,0.7406663069549693,1
0,0.2963831618300889,0
0,0.23314978539373707,0
0,0.1995131512839223,0
0,0.7897905630339269,1
0,0.61977424253998,1
0,0.5018101063838136,1
0,0.21416954641088173,0
0,0.1834281695509982,0
0,0.09551271313770744,0
0,0.1900902044225363,0
0,0.5603089392526561,1
0,0.19273136831795828,0
0,0.14632958484023093,0
0,0.13447060562944887,0
0,0.774049237001583,1
0,0.8961263305071159,1
0,0.24481792292225252,0
0,0.3984923349576702,1
1,0.8119992801629831,1
0,0.4413150560148089,1
0,0.11895310422757234,0
0,0.12234604340959537,0
0,0.055539429925579406,0
0,0.17669276131762537,0
1,0.5034115736038802,1
0,0.11375853971086189,0
0,0.12885078914629475,0
0,0.13337846623463856,0
0,0.11053747297468036,0
0,0.565163820711572,1
0,0.4362882491582313,1
0,0.4319748950600147,1
0,0.3946767872117668,1
0,0.14535258583814994,0
0,0.14238661918138518,0
0,0.5011154707687122,1
1,0.8683575323220448,1
0,0.8581172074845854,1
0,0.15354658077579553,0
0,0.24803962849294361,0
0,0.2626786487664821,0
0,0.4534647504176732,1
0,0.07013819516697067,0
0,0.7996261224605897,1
0,0.06704619000970986,0
1,0.6398491036796168,1
1,0.8839715043491079,1
0,0.3457773352910943,0
0,0.27554743675029647,0
0,0.08326085198225185,0
0,0.2373582690033301,0
0,0.1023623103694893,0
0,0.29724637816114885,0
0,0.42970504465966275,1
0,0.21445540806914906,0
1,0.848819934675309,1
0,0.15424421835860141,0
0,0.4371789767201367,1
1,0.9519471339717266,1
0,0.21591107283454827,0
0,0.8347137117880824,1
0,0.5434669400302681,1
1,0.3082674958749353,0
0,0.17091836506136876,0
1,0.9326455262939881,1
0,0.17667612510997113,0
0,0.1563134362029563,0
0,0.11798763231807072,0
0,0.5845926695819621,1
0,0.12937226725215925,0
0,0.053646813079793486,0
0,0.34295173504948895,0
0,0.1232977789899288,0
0,0.7962776227466902,1
0,0.842883681558174,1
0,0.08422851819026535,0
0,0.29339174981624727,0
0,0.12523041588609515,0
0,0.40242401465555905,1
0,0.2172994686413202,0
0,0.30497034037892706,0
0,0.09635254986439376,0
0,0.554735741052685,1
0,0.3322372243323,0
1,0.8319962770387717,1
0,0.16273932762717416,0
0,0.9338852669621639,1
0,0.6024130267879625,1
0,0.14471774519465028,0
1,0.43797643517429036,1
0,0.10458408143120733,0
0,0.4299767567871295,1
0,0.46180854558956014,1
0,0.5520651373704097,1
0,0.11128640957580845,0
0,0.11138324042351919,0
0,0.4199564187393174,1
0,0.3650441761420584,1
0,0.4685914593242495,1
0,0.060354931532217,0
0,0.13414874297163942,0
0,0.507434454707413,1
0,0.22215096708567444,0
0,0.14616497137197895,0
0,0.35821187321894904,1
0,0.5368464283739811,1
0,0.6690084420955693,1
0,0.2127254727407285,0
0,0.14054426247455892,0
0,0.6380481970835575,1
0,0.07284678268742119,0
0,0.3077899935799959,0
0,0.09076648639456097,0
0,0.16232983928296216,0
0,0.5321497387502803,1
0,0.154348960595973,0
0,0.8350858617922812,1
1,0.9270235842036878,1
0,0.1383099004724175,0
0,0.06612900352718984,0
0,0.40090116280376215,1
0,0.27610771531645656,0
0,0.14247249257283603,0
0,0.17549606317726613,0
1,0.8369790983603274,1
0,0.535091589426487,1
0,0.13884101789233963,0
0,0.12463673959708449,0
0,0.5575459046952683,1
0,0.16859253138754227,0
0,0.9470458628260654,1
0,0.4028196983737407,1
0,0.1920490311824163,0
0,0.1324273871069804,0
1,0.5141779550559256,1
1,0.6212199067548317,1
0,0.5738335515268246,1
0,0.407741443096304,1
0,0.0929034973858903,0
0,0.16254160652246472,0
0,0.12561052473724305,0
0,0.11968187740250787,0
0,0.34381733532651226,0
0,0.3990910678271103,1
0,0.20496207276002185,0
0,0.11298957773400524,0
0,0.40792179452282995,1
0,0.27621537510300165,0
1,0.43547251876858195,1
0,0.14702387962318744,0
1,0.5564880596817807,1
0,0.4627571141911034,1
0,0.0646308629157688,0
1,0.9139233877997849,1
1,0.2260625890011868,0
0,0.4864322081532146,1
0,0.0868742733024213,0
0,0.09218131568684584,0
0,0.12380091533834575,0
1,0.8793217841278997,1
0,0.0824160281595982,0
0,0.7564348117627773,1
0,0.29640497825369794,0
0,0.34651107496048833,0
0,0.1938113093407545,0
0,0.11029865080875102,0
0,0.1382317953934554,0
0,0.08150753182128401,0
0,0.12288431055684332,0
0,0.236392544424383,0
0,0.6287940303947894,1
0,0.09808334221793373,0
0,0.12986599657631315,0
0,0.3594899405647024,1
0,0.1664287766378146,0
1,0.9473531234219348,1
0,0.12307594184844102,0
0,0.26840650170059555,0
1,0.24594779379561435,0
0,0.5831911676620162,1
0,0.07754826931207207,0
0,0.12870478536883065,0
0,0.3219599500338513,0
0,0.679867102888313,1
0,0.1274675084241791,0
0,0.711123909342116,1
1,0.5263911302506955,1
0,0.1309044127244876,0
0,0.5468077610009351,1
0,0.5828871452859364,1
0,0.132371420990821,0
0,0.07706642419846581,0
0,0.14822774051465215,0
0,0.5924288619897716,1
1,0.9635773478717182,1
0,0.28263598434830367,0
0,0.08183312946326513,0
0,0.37608228386655534,1
0,0.24565408815996687,0
0,0.13936342837987475,0
0,0.5513102527584612,1
0,0.09081402884978428,0
0,0.11793245380007465,0
0,0.29144446511961064,0
0,0.6163488411658882,1
0,0.4003697060432061,1
0,0.8319358814020559,1
0,0.6615596108865741,1
0,0.16083645038988645,0
0,0.09817372618485071,0
0,0.2578893078916696,0
0,0.10809179566254815,0
0,0.2611442349257894,0
1,0.7500785433702396,1
0,0.821313767406668,1
0,0.16939273403629304,0
0,0.13394099788533503,0
1,0.6749661071667195,1
0,0.38753401459306724,1
0,0.33740879803974855,0
0,0.08565671690973183,0
0,0.14750588978197832,0
0,0.8062574897147389,1
0,0.10509785736853432,0
0,0.1026876027503528,0
0,0.2784627017497498,0
0,0.708142507062781,1
0,0.1351171810411742,0
0,0.11531393300416436,0
1,0.8860232733557317,1
0,0.5689389330414178,1
0,0.5293457819793882,1
0,0.1693638494360134,0
0,0.2915589744432755,0
0,0.13400883326120738,0
0,0.09863310289889325,0
0,0.18628297429689344,0
0,0.5218810706551703,1
0,0.0610372046403228,0
0,0.35622864413178673,1
0,0.07981024125226345,0
0,0.4612835907753053,1
0,0.7848717728605296,1
0,0.10612977624479857,0
0,0.19204808083221742,0
0,0.060772347251981614,0
0,0.09282287679634114,0
0,0.15664416960684113,0
0,0.4680010068619101,1
0,0.27534367022279926,0
0,0.34418466017305943,0
0,0.9207803179400692,1
0,0.2243978856776772,0
0,0.06686639086148721,0
0,0.08766778232037392,0
0,0.09260652261300274,0
1,0.6782360643743282,1
1,0.9419513527129181,1
0,0.14843597593966387,0
0,0.3294968821887503,0
0,0.25758868019167913,0
0,0.1731581435994579,0
1,0.5055810830338356,1
0,0.3130336787992222,0
0,0.7675536959148616,1
0,0.32453350509692486,0
0,0.9470856327161855,1
1,0.9463451830284462,1
0,0.1364554191437279,0
0,0.626022034632796,1
0,0.1995624723965447,0
0,0.407797497903125,1
0,0.12191573950931577,0
0,0.7623880200048844,1
0,0.6274138934300735,1
0,0.13124739177755163,0
0,0.08752241926284944,0
1,0.8861006528554867,1
0,0.07860705747387818,0
0,0.20188735186158374,0
0,0.262940640580543,0
0,0.14683941084064706,0
0,0.17724117019586771,0
0,0.4396884527330831,1
1,0.5699566023123581,1
0,0.5991490508732223,1
0,0.22181176186559212,0
0,0.49289865374746855,1
0,0.293209750650847,0
0,0.15576732598468065,0
0,0.22114664131862122,0
0,0.6407604277443965,1
0,0.17340903495592147,0
0,0.447486696344289,1
0,0.5882125506542476,1
0,0.43269314347780324,1
0,0.42389813313326813,1
0,0.1633029492279943,0
0,0.8950927843750858,1
0,0.13566663124134268,0
0,0.11309037072323752,0
0,0.23887497925536574,0
0,0.10496465748117564,0
0,0.10402338386944417,0
1,0.5378863133380725,1
0,0.4786996810945062,1
0,0.11795999271058105,0
1,0.902107666931076,1
0,0.13918373767185327,0
0,0.20463705398996485,0
0,0.1123582079900615,0
1,0.8770785304381669,1
0,0.15557221448260175,0
0,0.2139607817169096,0
0,0.38422244400669137,1
0,0.08748176201440667,0
0,0.17263748032571183,0
0,0.18579823563127096,0
0,0.15788011307543667,0
0,0.1546061529027165,0
0,0.5169752499616395,1
0,0.1511885854351438,0
0,0.16746347545615017,0
0,0.11499073800083612,0
0,0.7280455701975845,1
0,0.41768138055434234,1
0,0.6644531122482964,1
0,0.13332159237020183,0
0,0.14640226542549875,0
0,0.14845044559544612,0
0,0.9026680374517433,1
0,0.2988322188302927,0
0,0.5366697290203064,1
0,0.17241495418364264,0
0,0.28774129598617537,0
0,0.11918101223455536,0
0,0.06339885630632704,0
0,0.25789556484074316,0
0,0.16116123155209358,0
0,0.14158483622684007,0
0,0.12245542828784566,0
0,0.5700349805472702,1
0,0.13778178571506514,0
0,0.49846033819037494,1
0,0.19116203937914414,0
0,0.41571547275163256,1
0,0.7651008800122882,1
0,0.07926913677281906,0
0,0.13077069763424187,0
0,0.562659423408444,1
0,0.11928088593874575,0
0,0.48133070277775936,1
0,0.20066174418416444,0
0,0.3987753814880055,1
0,0.11931442964347608,0
1,0.7253024797352708,1
0,0.1735110845407192,0
0,0.11421186978486124,0
0,0.0804337905464426,0
0,0.5257159353633188,1
0,0.058320861769571956,0
0,0.21390202678659365,0
0,0.4995075871780125,1
0,0.22665419164517497,0
0,0.061213805984673166,0
0,0.11945405295678464,0
0,0.1263670928756315,0
0,0.21193262517116626,0
0,0.7339384253435433,1
0,0.3586630453681549,1
1,0.3372422931554062,0
0,0.1752523362276836,0
0,0.2162992919624467,0
0,0.9331517889520018,1
0,0.10002581159747093,0
0,0.09923963206867321,0
0,0.12020283813679046,0
0,0.1582806357445131,0
0,0.38288753407497816,1
0,0.11536211034260506,0
0,0.41612402907674617,1
0,0.44820110539063024,1
0,0.0826706631677285,0
1,0.5029726808244724,1
0,0.37517561136658273,1
0,0.8145689591407087,1
0,0.11785147966274778,0
0,0.0828878101823899,0
0,0.48141861584344925,1
0,0.08004795739910102,0
0,0.1113716341154862,0
0,0.12693301679484592,0
0,0.0781128271915674,0
0,0.11121082100934013,0
0,0.08423330937492886,0
0,0.1846121868258511,0
0,0.11191019450098315,0
0,0.5268796718429027,1
0,0.2078388648697392,0
0,0.1197862510581046,0
0,0.19690993354491446,0
0,0.2952327117403138,0
0,0.44974716525261055,1
0,0.1647553909225892,0
0,0.3082893148241773,0
0,0.32475090192953776,0
0,0.5565072531509505,1
0,0.08090116588897198,0
0,0.33794106854104194,0
0,0.2316616379637647,0
1,0.9561862308553735,1
0,0.1539738580171687,0
0,0.31064221409504506,0
0,0.260735534093103,0
0,0.22898442834010357,0
0,0.1030310890187329,0
0,0.29179006203950403,0
0,0.23696366343965777,0
0,0.09198090384945713,0
0,0.11197658948309169,0
0,0.2612170075434289,0
0,0.07659689473852396,0
0,0.05576477340470269,0
1,0.20893278442917437,0
0,0.12096682257998603,0
0,0.21014559848090975,0
0,0.46075161687152844,1
0,0.39419829640706106,1
0,0.17306625343100618,0
0,0.5754827911437898,1
0,0.07732308915341154,0
0,0.225230640975014,0
0,0.3039985333757734,0
0,0.15679733509838237,0
0,0.11519518848908766,0
0,0.39405670245925783,1
0,0.37577207821440517,1
1,0.7948532590157582,1
0,0.3623016768073281,1
1,0.7607559226342431,1
0,0.5526191432276685,1
0,0.18940971994481232,0
0,0.15280929996630757,0
0,0.5871302962801511,1
0,0.35844564776333887,1
0,0.49132471862464533,1
0,0.231561778437023,0
0,0.4242209703839695,1
0,0.14518249494823965,0
0,0.649635109628226,1
0,0.3032463036951252,0
0,0.17972379244491268,0
0,0.14809417022665683,0
0,0.16142660563916636,0
0,0.27686958451154536,0
0,0.22293027206987054,0
0,0.2084888850685858,0
0,0.50057701070983,1
0,0.8613471351023776,1
0,0.11750106069097731,0
0,0.07698069892224027,0
0,0.2956732444025888,0
0,0.5572451488598931,1
0,0.4726657250077597,1
0,0.12565371394814157,0
0,0.46414167795627265,1
0,0.19701154885060185,0
0,0.08591272416554027,0
0,0.09015485501117877,0
0,0.5276457785818807,1
0,0.3746140098691702,1
0,0.36240543064974534,1
0,0.07315615566213617,0
0,0.12720493680118708,0
0,0.5626335286855233,1
0,0.13370991461786932,0
0,0.13086845523574323,0
0,0.33544788042886675,0
0,0.9363324760852204,1
0,0.09350136858488042,0
0,0.55693762965225,1
0,0.3575994806177937,1
0,0.10474569398571992,0
0,0.09651800325111595,0
0,0.2594342511644102,0
1,0.6643681796423279,1
0,0.05264304727862758,0
0,0.8574165701319354,1
0,0.4139878718990989,1
0,0.5828412489517752,1
0,0.41310966830371,1
0,0.16573728544085148,0
0,0.3327117231906894,0
0,0.08177881643091486,0
1,0.6432671698846428,1
0,0.15019639768710225,0
0,0.08399287364530189,0
0,0.18118849254672836,0
0,0.16501287894861827,0
0,0.9095362791145664,1
0,0.1407007051126303,0
0,0.2753783614796463,0
0,0.2812920954286677,0
0,0.09202174991451861,0
0,0.6253162623609609,1
0,0.20867703187230252,0
0,0.6086645682182039,1
0,0.2162743593837053,0
0,0.10568527486550312,0
0,0.23475545762948816,0
0,0.4185302938014887,1
0,0.4966933872459501,1
0,0.06256798964776598,0
0,0.09179854692361969,0
0,0.14724332262282191,0
0,0.09955066381641602,0
0,0.17655922323531417,0
0,0.2533798368868465,0
0,0.38895273060670177,1
0,0.18957892287696942,0
0,0.4953766293292491,1
0,0.17625426960079058,0
0,0.11587855944960715,0
0,0.3554319386422275,1
0,0.10264329235836359,0
0,0.3444261030792745,0
0,0.22787494389667073,0
0,0.07808141729270106,0
0,0.608056017801552,1
0,0.3858883973455828,1
0,0.056573119887658896,0
0,0.14664005099871846,0
0,0.09476691296148551,0
0,0.39046735300076907,1
0,0.2672386290139968,0
0,0.43323799744162933,1
0,0.7226328785261552,1
0,0.36455638252772704,1
1,0.791527517862925,1
0,0.06556736058872814,0
0,0.37485763634137526,1
1,0.5851293294321666,1
0,0.1475719391007827,0
0,0.09827510073214683,0
0,0.8063075538909255,1
0,0.7665013864949864,1
0,0.7817089812694369,1
0,0.5384067281799598,1
0,0.05221591160745161,0
0,0.35088311827363644,1
0,0.09405674134872806,0
0,0.10399209513932485,0
0,0.2074263644927558,0
0,0.1856595411552104,0
0,0.4106155040549199,1
0,0.17530492226364872,0
0,0.3055425362273695,0
0,0.5557667086251288,1
0,0.21410407871561504,0
0,0.5714164018363302,1
0,0.7756549282313191,1
0,0.2710057300831099,0
0,0.18357765900179057,0
0,0.1187201960479035,0
0,0.2327945354710566,0
0,0.39217177639208456,1
0,0.16858016547854487,0
0,0.452661687148224,1
0,0.1293188528674188,0
0,0.12597605475516405,0
0,0.05632479727475906,0
0,0.07996408511619134,0
0,0.17296954398283565,0
0,0.3192263400834108,0
0,0.076574674382744,0
0,0.44247249701577573,1
0,0.09071768810387087,0
0,0.4258525827760917,1
0,0.0837623951121475,0
0,0.12789069361910724,0
0,0.09701914018967964,0
0,0.15573364617748073,0
0,0.2022079577115157,0
0,0.09633978703232482,0
0,0.24008380795937037,0
0,0.09198349491243515,0
0,0.07795722930734365,0
0,0.13357471087107647,0
0,0.26702809827003277,0
0,0.29540006417014464,0
0,0.5911056332828966,1
0,0.14325491415843353,0
0,0.05418909424559028,0
0,0.09058194633752573,0
0,0.12170847474814582,0
0,0.05875668311019951,0
0,0.4379957438541094,1
0,0.33919439801769974,0
0,0.08530511980218515,0
0,0.11759949384700867,0
0,0.5155207526188254,1
0,0.3784651288119784,1
1,0.8791892880002073,1
0,0.17135383932938242,0
0,0.7051235393568686,1
0,0.600198390449743,1
0,0.12771639793425196,0
0,0.08626738743697529,0
0,0.2243693036611604,0
0,0.13332084741019534,0
0,0.24129707789723853,0
0,0.16203462677470185,0
0,0.14739988100829554,0
1,0.942266209302875,1
0,0.5041565123735755,1
0,0.10575662746885653,0
0,0.06808838956350384,0
0,0.10623370500330752,0
0,0.2760994068511422,0
0,0.2899657800431538,0
0,0.2908325492249016,0
0,0.2046843511329212,0
0,0.13771592694922255,0
0,0.5108735904118913,1
0,0.08217861893735237,0
0,0.542478668647922,1
0,0.4502942515940769,1
0,0.07646139421983107,0
0,0.263838469656999,0
0,0.12170258547950115,0
0,0.27147725779501686,0
0,0.5354212570246927,1
0,0.21533809309552596,0
0,0.1293348029057916,0
0,0.8477664427678097,1
1,0.9227576449945155,1
0,0.7840429058986154,1
0,0.1333298259672514,0
0,0.6455463239150218,1
0,0.5116495614258515,1
0,0.3165937295986218,0
0,0.7367727045172546,1
0,0.08985825360972065,0
0,0.05637756884091796,0
0,0.2715802694417064,0
0,0.21101323327377858,0
0,0.29319200310317667,0
1,0.9469140187344188,1
0,0.3818496043822757,1
0,0.09554918777321401,0
0,0.12276669951664332,0
0,0.9283970121344884,1
0,0.12548507985608018,0
0,0.1847122119869799,0
0,0.20362115636197917,0
0,0.44083064367236885,1
0,0.16860589665782807,0
0,0.12017325537199121,0
0,0.6076850762179951,1
0,0.35484335510468695,1
0,0.079551910815108,0
0,0.4638660945410978,1
0,0.11501692771108601,0
0,0.15234980501677933,0
0,0.42951757344762453,1
0,0.5505376547063583,1
0,0.6401816513257857,1
0,0.3760851051661322,1
0,0.524419974240024,1
0,0.09828960517893857,0
0,0.28078005697662267,0
0,0.12658056467368684,0
0,0.05645464995380341,0
0,0.198113523339389,0
1,0.868633158635159,1
0,0.6310473030233622,1
0,0.09537317691085091,0
1,0.9121024559245211,1
1,0.06166534503363546,0
0,0.7772160333703129,1
0,0.5970123486092148,1
0,0.189440685383598,0
0,0.37543991577324415,1
0,0.09567195228660437,0
0,0.9594648927593685,1
0,0.0796527167091097,0
0,0.2926435089293257,0
0,0.07540578531903984,0
0,0.7829920898735787,1
0,0.4260659983779359,1
0,0.3678034784087802,1
0,0.1851524133830892,0
0,0.2715945135730544,0
0,0.10311770498254572,0
0,0.12368918648693215,0
0,0.3391912054282946,0
0,0.39670282879443086,1
0,0.495926397406409,1
0,0.24518120882527006,0
0,0.0999656936192251,0
0,0.5191863649872317,1
0,0.9083637658684184,1
0,0.08309616880378336,0
0,0.6142330060381469,1
0,0.25882342608353276,0
0,0.20643675574066397,0
0,0.1124257836637493,0
0,0.48435847448656544,1
0,0.10384961167763863,0
1,0.8806669621278728,1
0,0.05550304611954675,0
0,0.3407105499432309,0
0,0.8243559865612653,1
0,0.4285341814045363,1
1,0.5324474457691959,1
0,0.3403940797118069,0
0,0.17789446504620338,0
0,0.12863103746559595,0
0,0.36925336200617775,1
0,0.30445594216473887,0
0,0.09066636270816811,0
0,0.6004281951137928,1
0,0.3008818976272503,0
0,0.08807595563347814,0
0,0.6431173186937066,1
0,0.11699350098122717,0
1,0.33108128025490713,0
0,0.1337877528016051,0
0,0.6021163975247756,1
0,0.7821805404467806,1
0,0.8890187702760327,1
0,0.4450891209089902,1
0,0.09060630942261406,0
0,0.2265070437420032,0
0,0.05760123558583052,0
0,0.09588518310071144,0
0,0.9650946800912269,1
0,0.37321351321716906,1
0,0.4567388043692854,1
0,0.5785356657778155,1
0,0.9516042820793369,1
0,0.14857044567199945,0
0,0.49619815573204257,1
0,0.36810253107848384,1
0,0.5831142825935166,1
0,0.13769266500847063,0
0,0.9564693988693098,1
0,0.06957921948307168,0
0,0.10345838747019882,0
0,0.2450347384109414,0
0,0.08720996158876738,0
0,0.12844771522120407,0
0,0.12288976873108325,0
0,0.40605790178193246,1
0,0.0934598452605723,0
0,0.5403231570546277,1
0,0.15387064040536053,0
0,0.41011014678654606,1
0,0.4854211397234451,1
0,0.2189372853801234,0
0,0.453135341999919,1
0,0.08474867583624707,0
0,0.3855176120353589,1
0,0.11968837065755125,0
1,0.8662004900898779,1
0,0.10390052516186259,0
0,0.36447512880272415,1
0,0.08771621977065946,0
0,0.06302429291273501,0
0,0.18496132784224664,0
0,0.12306291010775519,0
0,0.16273157936412852,0
0,0.5988214684737956,1
0,0.4138381252206141,1
0,0.8891063745922816,1
0,0.4448185684122506,1
0,0.10062676488545322,0
0,0.12581077622071557,0
1,0.1298516128330189,0
0,0.1386836748157184,0
0,0.271374938809891,0
0,0.0920996299810261,0
1,0.9401981981626579,1
0,0.5307422948966567,1
0,0.4926530935224128,1
0,0.10642081950706932,0
0,0.1555332329793973,0
0,0.2706563390969268,0
0,0.08353068981433077,0
0,0.1538701763346286,0
0,0.34699775523247517,0
0,0.3517089315749179,1
1,0.8150059896867387,1
0,0.5246436836856148,1
0,0.1347582311971369,0
0,0.17797255533080417,0
0,0.09004342806600851,0
0,0.21613572374539203,0
0,0.13589202501280562,0
0,0.0934238302074382,0
1,0.9335614052587428,1
0,0.09498366588432924,0
0,0.17764532106220107,0
0,0.07310050050788477,0
0,0.3493087101392527,0
0,0.08878603370030053,0
0,0.18386671783162542,0
0,0.1137293994916457,0
0,0.4399492953838832,1
0,0.4471499844019682,1
0,0.12751909602882533,0
0,0.1343240799397166,0
0,0.10164603263254461,0
0,0.16456487669298306,0
0,0.4052228024683287,1
1,0.6804332637248722,1
0,0.12572567143369406,0
0,0.18462079330124267,0
0,0.08422367352346682,0
0,0.2268388034550039,0
0,0.560339572855276,1
0,0.09338300020943334,0
0,0.11104080595799865,0
0,0.11598202218832308,0
0,0.4831691330258472,1
0,0.12987225329237911,0
0,0.21190294383844097,0
0,0.16452634728606505,0
0,0.14167854915076888,0
0,0.09918141600068989,0
0,0.924993909476487,1
0,0.3320469736402865,0
0,0.15029181701736724,0
0,0.19157396560067805,0
0,0.13925561197713357,0
0,0.2699012702825245,0
0,0.15670203639538088,0
0,0.12737733966088552,0
1,0.5017064833616943,1
0,0.24266711591679563,0
0,0.1549645079494639,0
1,0.9345181024322246,1
0,0.4436555301784994,1
0,0.7860276542125778,1
1,0.5632231991111687,1
0,0.3239394345944017,0
0,0.5673672974219492,1
0,0.09679913072607697,0
0,0.13663554457030996,0
0,0.08526779113043774,0
0,0.23522872759657537,0
0,0.06886833058749268,0
0,0.34008262946574985,0
0,0.10995557490115627,0
0,0.14199832520760203,0
0,0.12318757763957798,0
0,0.7479446278177864,1
0,0.5457639024245281,1
0,0.11623331275945281,0
0,0.07392470575158912,0
0,0.12339306226770776,0
0,0.17626139412531694,0
0,0.4711014131869271,1
0,0.17402831214200806,0
0,0.335361544868877,0
0,0.10265523266717053,0
0,0.17113403496354887,0
0,0.15476633854737107,0
0,0.13972895999527643,0
0,0.6317431292025484,1
0,0.10986084802521728,0
0,0.08441888918999225,0
0,0.12658538811859255,0
0,0.4182988159595277,1
0,0.0573085451068174,0
1,0.4245309132031155,1
0,0.16693397851408484,0
0,0.14379753103056092,0
0,0.18559103739144203,0
0,0.32289143194700337,0
0,0.1194583546594269,0
0,0.12776723528590772,0
1,0.9656552007230761,1
0,0.14270187784844288,0
1,0.3571287713750842,1
0,0.1064544019380613,0
0,0.05392421314573295,0
0,0.8527497211714298,1
0,0.1197695363198878,0
0,0.07791418742561235,0
0,0.5994526413940406,1
0,0.6758974654593053,1
0,0.11402054961647591,0
0,0.35308593599552474,1
0,0.10704146211266613,0
0,0.12982824750277241,0
0,0.09004647624182831,0
0,0.05774081054626501,0
0,0.44922128297714475,1
0,0.3664187739334984,1
0,0.1713954170741438,0
1,0.20661467694203065,0
0,0.2162929068064197,0
0,0.25386584811557944,0
0,0.1529411619079516,0
0,0.2322964591438423,0
0,0.3250695135714335,0
0,0.17106956647785118,0
0,0.21992657577379413,0
0,0.4630264363589274,1
0,0.25010289347318865,0
0,0.5417781159938758,1
0,0.1269802062515371,0
0,0.39195925967326606,1
0,0.07003727579713895,0
0,0.06110100959087808,0
0,0.07269740439086915,0
0,0.4545061436320325,1
0,0.07069337810231563,0
0,0.09768203998570005,0
0,0.2327794430056761,0
0,0.18533416246722056,0
0,0.16803507407506849,0
0,0.09884869801510734,0
0,0.28904422176704697,0
0,0.4346599566834953,1
0,0.464470571388675,1
0,0.6504861710057631,1
0,0.18712546728870966,0
0,0.08179981971723678,0
0,0.1638772235592178,0
0,0.1320959054540054,0
0,0.13025791976881465,0
0,0.1626142167951027,0
0,0.10163055345522672,0
0,0.7457912300055676,1
0,0.10397931691175152,0
0,0.06997755590916799,0
0,0.10100633859313847,0
0,0.19435356852080873,0
0,0.0494228137335782,0
1,0.9292856873645695,1
0,0.13332317357310594,0
0,0.07815809544567398,0
0,0.33069745575529375,0
0,0.15425754972555888,0
0,0.08610655037276897,0
0,0.18096999794805577,0
0,0.0733284812143465,0
0,0.21828016985737075,0
0,0.23675704444119422,0
1,0.8486234519995554,1
0,0.1222003096224801,0
0,0.2899576939963703,0
0,0.1055250570912013,0
0,0.14304103937964735,0
0,0.6120623898856067,1
0,0.49375662868357184,1
0,0.19014066911891228,0
0,0.8740221869270188,1
0,0.26314873077278167,0
0,0.1314835381419746,0
0,0.1689162797838353,0
0,0.9316023272620091,1
0,0.28562725969921665,0
0,0.5309214281244489,1
1,0.8975706892069542,1
0,0.06072894943790823,0
0,0.17784480248548074,0
0,0.17117229378246437,0
0,0.458323697920558,1
0,0.1455899422158072,0
0,0.18618504291391785,0
0,0.37231883643731384,1
0,0.3009707897714807,0
0,0.05892445504284576,0
0,0.08156323298253272,0
0,0.17002929172260206,0
0,0.3965597710580397,1
0,0.6523643225064523,1
0,0.5310304114568178,1
0,0.4187152031039995,1
0,0.45795522131936583,1
0,0.13022759045582882,0
0,0.6637064106745811,1
0,0.1483362935466371,0
0,0.22617269951881705,0
0,0.8066504132222543,1
0,0.08904793912594146,0
0,0.32502924552261764,0
0,0.22356728113244495,0
0,0.4046629793925805,1
0,0.13259679924386017,0
0,0.09764926825266962,0
0,0.810135073312166,1
0,0.7222673416166561,1
0,0.19869008267853944,0
0,0.4230420190601586,1
0,0.0775191305562196,0
0,0.07139037976264226,0
0,0.07191285618441007,0
0,0.26779457521232347,0
0,0.16526522748808242,0
0,0.1485573604053147,0
0,0.4770957517798154,1
0,0.4059635646268122,1
0,0.5856733578339475,1
0,0.08170898524562402,0
0,0.2287867541404308,0
0,0.07657943120486063,0
0,0.15126954723879296,0
0,0.3823023572095724,1
0,0.41336807469623676,1
0,0.3202782225610687,0
0,0.1779505413956477,0
0,0.7571175732699984,1
0,0.56848117210951,1
0,0.09285662268599283,0
0,0.12622607341622938,0
0,0.20773436094230613,0
0,0.09958565856732514,0
0,0.48903817623779083,1
0,0.2132916097557558,0
0,0.14556615160608122,0
0,0.3894714367539602,1
0,0.10765018496684936,0
0,0.11284270988931525,0
0,0.7609778606891543,1
0,0.11649275551198779,0
0,0.5350778214779904,1
0,0.05750995367845749,0
0,0.7009227675088674,1
0,0.4442408946710959,1
1,0.31965200869023985,0
0,0.7365095020302646,1
0,0.17262139543607552,0
0,0.5263777459665814,1
0,0.43253659663708854,1
0,0.11825383955413618,0
0,0.6237763337864661,1
0,0.0746312441874601,0
0,0.08643210268841646,0
0,0.12683091112443087,0
0,0.05269239031203114,0
1,0.960115326620807,1
0,0.08921817588328194,0
0,0.5920370697914878,1
0,0.20294838038362856,0
0,0.17887068186261806,0
0,0.13444288503509885,0
0,0.3350982858906566,0
0,0.7640701827888731,1
0,0.07411933775950463,0
0,0.22425590059169967,0
1,0.5872491831356655,1
1,0.9110028779139255,1
0,0.21768885828819654,0
0,0.2419222297273949,0
0,0.186466478712658,0
0,0.8348883186516471,1
0,0.1205206882034698,0
0,0.17631308124647777,0
0,0.09448534442052074,0
0,0.7883293953798015,1
0,0.11853741515278886,0
0,0.14545126066884242,0
0,0.1944295880844714,0
0,0.478560116086353,1
1,0.9443621276533167,1
1,0.667634794482227,1
0,0.05151970756016774,0
0,0.4210348872729405,1
1,0.8247016215533769,1
0,0.3471859960279769,0
0,0.3861111338959903,1
0,0.09419586772607523,0
0,0.24492749146116446,0
1,0.5830301709032994,1
0,0.419355774753877,1
0,0.20932670590873256,0
0,0.1562518208667037,0
0,0.24838838640074154,0
0,0.19063090375228497,0
0,0.7922607876738078,1
0,0.3892786632396908,1
0,0.11049712329087062,0
0,0.3601169969221442,1
0,0.10879094148759859,0
0,0.3663462880078706,1
0,0.18310972233259087,0
0,0.14162517772139285,0
0,0.480207289728695,1
0,0.12189696535711794,0
0,0.07696318697836094,0
0,0.3313540406785697,0
0,0.16237899854227178,0
0,0.14504608565454846,0
0,0.5030673792027082,1
0,0.14261909724538985,0
0,0.49323679038579515,1
0,0.1288654405948875,0
0,0.17124932348021923,0
0,0.08363947123106637,0
1,0.9394982655306715,1
0,0.11244932776286104,0
0,0.15589287997866852,0
0,0.36367318218753153,1
0,0.23458974108293398,0
0,0.3124162313014097,0
0,0.4949719134986205,1
0,0.6858464983622241,1
0,0.1700034946242568,0
0,0.10285604463564021,0
1,0.765873750667889,1
0,0.24638448413027642,0
0,0.1017121227497772,0
0,0.13333534037024236,0
0,0.887253743054513,1
0,0.13703512391767136,0
0,0.6069654885633811,1
0,0.15399209323282798,0
0,0.3240904774401955,0
0,0.09640823065133486,0
0,0.13063281177205882,0
0,0.3622120671430066,1
0,0.08499491799329331,0
0,0.11659718864707613,0
0,0.43738588540445356,1
0,0.3988257691812795,1
1,0.7883339841792605,1
0,0.18109329797691592,0
0,0.6913610980650995,1
0,0.12188982960672919,0
0,0.5503883963616276,1
0,0.07869949119772639,0
0,0.2223813350211429,0
0,0.3709615589656394,1
0,0.5111964372922495,1
0,0.2077310540879388,0
0,0.5373002771808192,1
0,0.469725849610572,1
0,0.625472530008582,1
0,0.1165302566523283,0
0,0.17466606444611307,0
0,0.20629391778366168,0
0,0.1328936053574964,0
0,0.5262002615844225,1
0,0.128257747579989,0
0,0.20861569163959817,0
0,0.1906287782133678,0
0,0.8292005047354127,1
1,0.9266313549632877,1
0,0.2461954845596215,0
0,0.10579757389064702,0
0,0.44985598419066214,1
0,0.09047248125824096,0
0,0.4611152063745057,1
0,0.13220451083342818,0
0,0.5884111403645408,1
0,0.23725454889412256,0
0,0.5502927427634612,1
1,0.5387596811962745,1
0,0.11452641485859295,0
0,0.11928368856385971,0
0,0.12416737049705809,0
0,0.5165428198905837,1
0,0.4742077166336346,1
0,0.05821826984799455,0
0,0.21638310589242069,0
0,0.3665963362193688,1
0,0.7063938267218371,1
0,0.2529581953563618,0
0,0.6032106452528684,1
0,0.12384001888126302,0
0,0.35175121294484724,1
0,0.13211746452502968,0
0,0.10553509005323802,0
0,0.14538640237277103,0
0,0.8722887252437395,1
1,0.4560327633533542,1
0,0.1748689731422206,0
0,0.7630250115121174,1
0,0.4331824904694778,1
0,0.605781387846969,1
0,0.180229784695181,0
0,0.31078123816082354,0
0,0.4918504489026553,1
0,0.13142482065182473,0
0,0.5534357440387861,1
0,0.0740834806450156,0
0,0.4895633364064354,1
0,0.3150837530275395,0
0,0.2532770299061581,0
0,0.37324391656791067,1
0,0.39688770498952997,1
0,0.1391759621809933,0
0,0.14356160607072627,0
0,0.6535870831661392,1
0,0.7252185182168551,1
0,0.16326785833745827,0
0,0.09980370053999862,0
1,0.7888621211990595,1
0,0.10364984037128307,0
0,0.403912906180401,1
0,0.8174742252348363,1
0,0.29580443246639404,0
0,0.4345779491284494,1
1,0.5412547044875442,1
0,0.10303271486238706,0
0,0.12639819303517155,0
0,0.07427423947013238,0
0,0.17211428536062304,0
0,0.11881071417542739,0
0,0.07910877447535518,0
0,0.1274325684360086,0
0,0.09172835392353385,0
0,0.7494939979726876,1
0,0.07554280202207937,0
0,0.16550405645399754,0
0,0.23421145211799824,0
0,0.11087602025279387,0
0,0.7494970863948764,1
0,0.7389463803163551,1
0,0.2623643680641351,0
0,0.09312469096043376,0
0,0.10234123359131558,0
0,0.10786111798092592,0
1,0.7875355942914855,1
0,0.11560785984380456,0
0,0.15368854514118835,0
0,0.1575956432172412,0
0,0.5124091807000214,1
0,0.10187404648922103,0
0,0.23271177089273887,0
0,0.06907741704406516,0
0,0.13839753012104236,0
0,0.35916324544254224,1
0,0.2360910229968484,0
0,0.7902301326607709,1
0,0.15156788453327372,0
0,0.06733425360594979,0
0,0.121460937408337,0
0,0.11865654603764071,0
1,0.6540364767673503,1
0,0.5207475956155124,1
1,0.6617976807977171,1
0,0.10554420177045502,0
0,0.17579047845576656,0
0,0.37773623097193865,1
0,0.10101765287349784,0
0,0.2053887495210087,0
0,0.16027513889695172,0
0,0.11845329741617915,0
0,0.5620180820928246,1
0,0.17099227923183294,0
0,0.8889121715690497,1
0,0.3943762298149361,1
0,0.345049861984743,0
0,0.5382763522287193,1
0,0.10776630808314988,0
0,0.10569237909853002,0
0,0.12868947359740368,0
0,0.48662370195670285,1
0,0.10506053772274236,0
0,0.15703316455811417,0
0,0.26450019936552055,0
0,0.0896677159140041,0
0,0.20404165894697013,0
0,0.5097501713390932,1
0,0.05316336910089768,0
0,0.49487473799921333,1
0,0.34897949705376285,0
0,0.16131280996080996,0
0,0.1584997810783525,0
0,0.07279345474335507,0
0,0.2476767248482701,0
0,0.21093148325525135,0
0,0.5952287615795856,1
0,0.3373543315256105,0
0,0.2958741279586478,0
0,0.11799726635736635,0
1,0.6127873084465019,1
0,0.7927064072739568,1
0,0.719239698759696,1
0,0.8637854707724303,1
0,0.5500321183873106,1
0,0.055682883947496445,0
1,0.91046831871619,1
0,0.9396518635173298,1
0,0.07999975360501096,0
1,0.7925120479423307,1
0,0.10610490658070343,0
0,0.11221350878437825,0
0,0.6400504776110895,1
0,0.6832507323180976,1
0,0.8269800799586051,1
0,0.654950478970634,1
0,0.3429001759525473,0
0,0.34140271546713,0
0,0.08877432863380133,0
0,0.21725610112107901,0
0,0.15767769063370005,0
0,0.3126092202404805,0
0,0.2557809733107976,0
0,0.1541632163665908,0
0,0.07156605405109535,0
0,0.5133161533781245,1
0,0.14460247232890558,0
0,0.3845380415897817,1
0,0.37754906441013886,1
0,0.4981132870666074,1
0,0.14151184093070976,0
0,0.18451367604133773,0
0,0.25535401027522087,0
0,0.1146317631963269,0
0,0.22731188748449757,0
0,0.08808218849029513,0
0,0.6510783804024101,1
0,0.1742302655144148,0
0,0.20861322812838695,0
0,0.07556225383760666,0
0,0.5479171904511986,1
0,0.10864691819164446,0
0,0.07217057513910122,0
0,0.32665765152389875,0
0,0.4621092245544247,1
0,0.12324613058398744,0
0,0.19878083623830917,0
0,0.5361481687473422,1
0,0.2679837436613343,0
0,0.12017456863614584,0
0,0.07516073350219028,0
0,0.17676627797902,0
0,0.47838107529366664,1
0,0.8237132973586864,1
0,0.4500397838685391,1
0,0.20348833439041109,0
0,0.0921679319184574,0
0,0.46234565014936274,1
0,0.13027912641469722,0
0,0.5727422408776397,1
0,0.18075664736866617,0
0,0.056215259718716847,0
0,0.8013802144700587,1
0,0.7334036897609848,1
0,0.14132573983527272,0
0,0.2085373288057262,0
0,0.5830416090965295,1
1,0.9578342831557175,1
0,0.2283602752453836,0
0,0.22524160550050562,0
0,0.09404386030141093,0
0,0.11680554536555836,0
0,0.6277001796721302,1
0,0.15624683223617766,0
0,0.14024952104641933,0
0,0.46849497766655085,1
0,0.08214712940333448,0
0,0.44088597091429893,1
0,0.08803137115663554,0
0,0.08505141709443645,0
0,0.13327549147777948,0
0,0.09130779926574166,0
0,0.38709681668962054,1
0,0.3470118804912533,0
0,0.12333435632692918,0
0,0.10836595059699543,0
0,0.09442891987223145,0
0,0.08281640099257975,0
0,0.05077785467518432,0
0,0.22209968515950937,0
0,0.3161275426522742,0
0,0.15046207357484304,0
0,0.5394162627825451,1
0,0.3177841000496014,0
0,0.37714402464515595,1
1,0.2582088189464312,0
0,0.18816656738958976,0
0,0.37021559020540407,1
0,0.12475388981040235,0
0,0.7577112245852695,1
0,0.09204162494207986,0
0,0.05493946507014547,0
0,0.420640404850776,1
0,0.3745866458192433,1
0,0.12162840193976107,0
0,0.12554722442194174,0
0,0.17954781711533951,0
0,0.08411192559617012,0
1,0.7156122330932639,1
0,0.1082671385533286,0
0,0.1981151015539128,0
0,0.5080439635897035,1
0,0.1053649667612745,0
0,0.6006664076669055,1
0,0.10900899731654519,0
0,0.2144957177197269,0
0,0.4954335728836,1
0,0.8950756354318999,1
0,0.21337857424705053,0
0,0.09398951176528515,0
0,0.2873228326344141,0
0,0.06836433260638967,0
0,0.08292578127901466,0
0,0.07273906255704572,0
0,0.07617431046681326,0
0,0.21678261432748575,0
0,0.2106984817725996,0
0,0.14967012287365078,0
0,0.38338290369343436,1
0,0.15327719277652832,0
0,0.31581576504410264,0
1,0.9236648294619424,1
0,0.4957021279236537,1
0,0.5964713907708907,1
0,0.1278505281687831,0
0,0.2857232243530249,0
0,0.14066492410602052,0
0,0.06725690130065937,0
0,0.17526126920155566,0
0,0.2053699694090047,0
0,0.33528208935479153,0
0,0.07788525117855843,0
0,0.2839438421499984,0
0,0.1531521781311199,0
0,0.5376972826812971,1
0,0.05976077613222883,0
0,0.5435484993466912,1
0,0.5110477771619467,1
0,0.2000607820516487,0
0,0.3747456447960922,1
0,0.23061073680745367,0
1,0.14950121124734822,0
0,0.21054985527860343,0
0,0.35759793035171694,1
0,0.10173626423425464,0
0,0.3353957974989024,0
0,0.8661421088992406,1
0,0.12014957512415442,0
0,0.4764259422454137,1
0,0.5539146193639513,1
1,0.9098186197914883,1
0,0.3111821807529971,0
0,0.12976940867918477,0
1,0.20643339027738936,0
0,0.4308233185676789,1
0,0.15265216835667425,0
0,0.08415526514941267,0
0,0.1780837350605119,0
0,0.7140097631516287,1
0,0.1583723944361364,0
0,0.12580882150335337,0
0,0.22735883925159725,0
0,0.2128804230473211,0
0,0.13541233487775436,0
0,0.39633087799520283,1
0,0.08617009123337878,0
0,0.8687824908712038,1
0,0.26346253615725285,0
0,0.7994072873511008,1
0,0.0811704358219699,0
0,0.30378475519379633,0
0,0.06013691864650806,0
0,0.11721011131358078,0
0,0.556189163265936,1
0,0.40820641606695107,1
0,0.13334582840947642,0
0,0.45345082493442135,1
0,0.7592799387740811,1
0,0.47474395240994444,1
0,0.7038936127310904,1
0,0.40746361045930346,1
0,0.5546534823226068,1
0,0.17721192488889806,0
0,0.14834290927277605,0
0,0.1716792502980904,0
0,0.07334309882864419,0
0,0.1449965329024524,0
0,0.09055374421252389,0
0,0.8816778732107927,1
0,0.19154327724630413,0
0,0.8033015122698501,1
0,0.10823198176236257,0
0,0.07862227959060286,0
0,0.6994667423698272,1
0,0.2266266998039586,0
0,0.10495191878605221,0
0,0.11051711931823306,0
0,0.5778011786394145,1
1,0.35663398706900135,1
0,0.27948625844767977,0
0,0.3683899156728885,1
0,0.2794306722394976,0
0,0.12271923734111446,0
0,0.10783614054082487,0
0,0.5276208151287156,1
0,0.08290732227956683,0
0,0.3421021006118806,0
0,0.3308436141808606,0
0,0.1981724993391774,0
0,0.3632184591524692,1
0,0.7242472328314473,1
0,0.28641327476362655,0
0,0.18468662871381625,0
0,0.2064239305252406,0
0,0.2793064867409159,0
0,0.1216039828940531,0
0,0.21347357650077123,0
0,0.3273861245889456,0
0,0.10275066202364949,0
0,0.09054792460779729,0
0,0.4324940257913017,1
0,0.23396486502490854,0
1,0.944937869604388,1
0,0.5069701359511954,1
0,0.8637221542720387,1
0,0.4767393879200848,1
0,0.2541436651536583,0
0,0.08269465587419515,0
0,0.057514812874525395,0
0,0.0844582846459057,0
0,0.07299867882548222,0
0,0.09343486577254691,0
0,0.10217326014757641,0
0,0.2208422443793041,0
0,0.09080115214023497,0
0,0.39708790770484087,1
0,0.16665823656765077,0
0,0.2340586471809148,0
0,0.13925476829814612,0
0,0.7255308015455033,1
0,0.21577936196566058,0
0,0.2686251510774207,0
0,0.14400238884589506,0
0,0.8689623925813538,1
0,0.15966577033699692,0
1,0.42350853445599684,1
0,0.10903380174945873,0
0,0.1957554141342646,0
0,0.2103567330681188,0
0,0.12033505959028937,0
0,0.10481856293893042,0
0,0.09227594046330677,0
0,0.15243494192982898,0
0,0.3754341627494605,1
1,0.8670543797274887,1
0,0.4576680654397263,1
0,0.053211401693529926,0
0,0.16955474783752897,0
0,0.42825738753643794,1
0,0.34096862455171045,0
0,0.1265704729775508,0
1,0.9449763077567593,1
0,0.5886025267527806,1
0,0.491029264693754,1
0,0.4176909042980198,1
0,0.2953100216477051,0
0,0.22439829126993496,0
0,0.10334973269356221,0
0,0.06596020747335958,0
0,0.6128282281462029,1
0,0.4306610204994928,1
0,0.15174157634293253,0
0,0.19126039729351485,0
0,0.07726273314110255,0
0,0.5619559668584891,1
0,0.3058750853939208,0
0,0.8893027117857211,1
0,0.9480587185832864,1
0,0.41878974462491586,1
0,0.08460541883483996,0
1,0.8776174394037803,1
0,0.499121338385267,1
0,0.1530919403440817,0
0,0.39994786066038573,1
0,0.3403530094747076,0
0,0.08193547465756292,0
0,0.3923863753048612,1
0,0.07568424552335204,0
0,0.2614495311652502,0
0,0.06381070809557952,0
0,0.1536446298733034,0
0,0.10116932154778038,0
0,0.09538169535272872,0
0,0.23959271845750157,0
0,0.9316114002837458,1
0,0.16756692313888433,0
0,0.30193117864858315,0
0,0.7874717468425064,1
0,0.15517455587053283,0
0,0.35572983612294434,1
0,0.5263738250474265,1
0,0.3591897509046968,1
0,0.36828730521369657,1
0,0.1715945999403674,0
0,0.10807565050197468,0
1,0.8441216026795966,1
0,0.309312413915425,0
0,0.8206455190167279,1
0,0.19358430961488976,0
0,0.8299667067664369,1
0,0.32928868069238687,0
0,0.4251701518187117,1
0,0.08249616744853255,0
0,0.1966606859875366,0
0,0.1853179723541525,0
0,0.16220182527456908,0
0,0.06780559931215066,0
1,0.8634829732513617,1
0,0.20662643489987256,0
0,0.3809839980189256,1
0,0.0924637963505267,0
0,0.5850076636912482,1
1,0.788162414256921,1
0,0.3688773000242286,1
0,0.1291869811404363,0
0,0.43500837890889243,1
0,0.8140245326369091,1
0,0.13392104938751598,0
0,0.22407839524153525,0
0,0.9344073700916833,1
1,0.5818536505412742,1
0,0.6036546594800547,1
0,0.23210735833219004,0
0,0.07061352616626436,0
0,0.11504532281977399,0
0,0.17939520688594254,0
0,0.13863891307660633,0
0,0.10680121116550197,0
0,0.0874075204095015,0
0,0.5175018472535671,1
0,0.1300535525936118,0
0,0.0615628300917303,0
0,0.1348516070459044,0
0,0.3592601265724928,1
0,0.07312400849633795,0
0,0.09861035428397076,0
0,0.5559588627315464,1
0,0.2888094085600167,0
0,0.19951904159488593,0
0,0.10362032797437576,0
0,0.06325134439531208,0
0,0.7124341620331804,1
0,0.5447154277148543,1
1,0.1645726815527673,0
0,0.09826520561503761,0
0,0.41044491106684405,1
0,0.38371171565518336,1
0,0.0791909099042646,0
0,0.08535445924630435,0
1,0.9066069556694868,1
1,0.9007455515984842,1
0,0.5005484411555942,1
0,0.0748522515745508,0
0,0.06119387373772138,0
0,0.08075476756401215,0
0,0.15152477136023207,0
0,0.23332959046356844,0
0,0.05264304727862758,0
0,0.1245385038328878,0
0,0.6599085645770921,1
0,0.5742979013936049,1
0,0.0982208338780528,0
0,0.145302083611506,0
0,0.10057081556861715,0
0,0.1091262018167937,0
0,0.0952457616825866,0
0,0.4691522044218242,1
0,0.10689229262069538,0
0,0.16403448683819996,0
0,0.16099046616816412,0
1,0.9333348485098236,1
0,0.1974367624426194,0
0,0.35487525438722956,1
0,0.7483518510307132,1
0,0.617908083069924,1
0,0.8204122838708177,1
1,0.5510041623975911,1
0,0.1904267439768095,0
0,0.21075304930388164,0
0,0.1425649081847425,0
0,0.24851880854165984,0
0,0.3438210404088408,0
0,0.12242784539125713,0
0,0.18637267913765102,0
0,0.15627916762240063,0
0,0.8006270392577529,1
1,0.8818501977293448,1
0,0.1697009067181811,0
0,0.11595330366468111,0
1,0.521953873105888,1
0,0.13387244072645424,0
0,0.5368577770596126,1
0,0.21739177219971897,0
0,0.4712306752918861,1
0,0.08321694859219658,0
0,0.8918291547012289,1
0,0.08619210034402021,0
0,0.5099182296857001,1
0,0.3630053251304693,1
0,0.1198279982535856,0
1,0.9284854233672369,1
0,0.0860687086755493,0
0,0.1700800286836301,0
0,0.07967870713435786,0
0,0.20657328003783343,0
0,0.0812271741766243,0
1,0.8328008433663139,1
0,0.11873616564833962,0
0,0.12835905484900587,0
0,0.13814474908096414,0
0,0.24046778857806592,0
0,0.062340750431463345,0
0,0.18691731291403826,0
0,0.7755802705967758,1
0,0.12518078207740535,0
0,0.5932335942035276,1
0,0.08116788280053575,0
0,0.08483967456752381,0
0,0.3003392822214134,0
1,0.8104639332160044,1
0,0.45545829609032107,1
1,0.9146096713496924,1
0,0.057869833735266156,0
0,0.3236725133009841,0
0,0.17844772789262978,0
1,0.49434442268031414,1
0,0.1276756971709916,0
0,0.37187196489837254,1
0,0.11457460640401654,0
0,0.06856462140701276,0
0,0.1284305399059927,0
0,0.058273675798277594,0
0,0.35992093429230265,1
0,0.22270689509342007,0
1,0.8895132698059834,1
0,0.16624621815315485,0
0,0.10910647603700871,0
0,0.5699264295675565,1
0,0.2096420125591536,0
0,0.14354257617588254,0
0,0.38322921319667863,1
0,0.08888932717033114,0
0,0.13849284591970706,0
0,0.059245689847420804,0
0,0.4848031227229208,1
1,0.5723858379478426,1
0,0.15052033195743503,0
0,0.09564701827748788,0
0,0.17247815557443236,0
0,0.10313377481552863,0
0,0.07664938481021231,0
0,0.47619027707012357,1
0,0.36978732962528343,1
0,0.09633417574342257,0
0,0.8146710037503285,1
0,0.17513277795787044,0
0,0.195810145900302,0
0,0.14577171947617162,0
1,0.9293440102613956,1
0,0.1373616790785943,0
0,0.2697663834040436,0
0,0.15842745756981402,0
0,0.11353734609034385,0
0,0.16151675753385447,0
0,0.1800613218524693,0
0,0.7601754419173316,1
0,0.5637974355154416,1
0,0.12123870467414069,0
0,0.58461127861598,1
1,0.2307276630669455,0
0,0.8012341718384622,1
0,0.4676306197346804,1
0,0.7545019049825343,1
0,0.08545997173356577,0
0,0.14639475014412978,0
0,0.313854196932154,0
0,0.37288141816788356,1
0,0.16085681401006724,0
0,0.20367247182487702,0
0,0.45919303741202344,1
1,0.9503153952523473,1
0,0.24948522276927718,0
0,0.33975889752616856,0
0,0.11141240606170813,0
0,0.7844853809190802,1
0,0.4685454489001318,1
0,0.0913612832333377,0
0,0.21317682783424438,0
0,0.05534537360302928,0
0,0.10608458528251391,0
0,0.21107350115869838,0
0,0.06793684424208715,0
0,0.5784749999926694,1
0,0.14225040564779165,0
0,0.701541922280212,1
0,0.22613645812272987,0
0,0.09678225914348876,0
0,0.5820813257978241,1
0,0.11389329545730573,0
0,0.36869338629813275,1
1,0.6208591926071876,1
0,0.3681707067202142,1
0,0.17337855322018347,0
0,0.1407381438704676,0
0,0.6656743579020424,1
0,0.13248610278052683,0
0,0.16485486944185784,0
0,0.09544862568008311,0
0,0.05949512871949718,0
0,0.21808498594548326,0
1,0.22423732157489978,0
0,0.1287329457477007,0
0,0.6570318467652991,1
0,0.34398960967536996,0
0,0.8554545324517949,1
0,0.23264057136608676,0
0,0.1715146538677117,0
0,0.13434387632590014,0
0,0.12083731158882093,0
0,0.3077174077527233,0
0,0.22192274045839652,0
0,0.7626801306247796,1
0,0.16940847055424663,0
0,0.34064576512450423,0
0,0.24444239492582762,0
0,0.08812655482425744,0
0,0.34106688706189864,0
0,0.13415511534851354,0
1,0.1422221855695895,0
0,0.3113819391969031,0
1,0.8410898772668283,1
0,0.13726949095911714,0
0,0.10892428699539931,0
0,0.8273096033792582,1
0,0.06940414133100622,0
0,0.5616140388267257,1
0,0.07518983774061315,0
0,0.5561542118187041,1
0,0.10087519938984131,0
0,0.4886107107891501,1
0,0.15090884163015253,0
0,0.23935550928501476,0
0,0.39991476048789515,1
0,0.33431956611253044,0
0,0.5066188529005277,1
0,0.1962953561392773,0
0,0.07215139872587975,0
0,0.38039214262528603,1
0,0.10592556511783568,0
0,0.1198738163647027,0
0,0.42575866507908905,1
0,0.14130116279918792,0
0,0.07500041313682584,0
0,0.11959518900903866,0
0,0.321111959484937,0
0,0.20646160997101948,0
0,0.8243523475376436,1
0,0.5316533129536696,1
0,0.5037297563326627,1
1,0.9478663009609737,1
0,0.3114938308528348,0
0,0.07171729543893482,0
0,0.29624916697781967,0
0,0.10924308632944917,0
0,0.21267992982099224,0
0,0.35252128935621585,1
0,0.14522941248962148,0
0,0.10624146790678747,0
0,0.09242250043043967,0
0,0.6284768931755413,1
0,0.08765953405800753,0
0,0.5716880680640822,1
0,0.4828846207818391,1
0,0.4602999033284174,1
0,0.3602757432454407,1
0,0.11549351932667297,0
0,0.23013973194093423,0
0,0.10075383822982933,0
0,0.8399967431378738,1
0,0.13783994142958308,0
1,0.2710027722010618,0
0,0.05565080373669122,0
0,0.12185265425270453,0
0,0.4678153490850926,1
0,0.10835438216694149,0
0,0.11549283880974677,0
0,0.11053442352377904,0
0,0.3936460664086304,1
0,0.13240103763938144,0
0,0.40707840128842226,1
0,0.468614626588816,1
0,0.13798600687665954,0
0,0.13382264821443646,0
0,0.14910533266243034,0
0,0.13835294661971229,0
0,0.20438704308912625,0
0,0.14731055860894646,0
0,0.34808027337687925,0
1,0.7781534382079534,1
0,0.12079332543822666,0
0,0.2575738856073339,0
0,0.09023195637053283,0
0,0.1422100398610655,0
0,0.16265700891014162,0
0,0.14575530251434535,0
0,0.35256208864582345,1
0,0.8294039128883735,1
0,0.08658719301977591,0
0,0.1661762743779537,0
0,0.5280257350553185,1
0,0.5144617280967893,1
0,0.30920009631129597,0
0,0.3403237559027986,0
0,0.07703898455987364,0
0,0.06345716104567761,0
0,0.7228391205322919,1
0,0.07303935438126864,0
1,0.13857788109150074,0
0,0.0826672833910666,0
1,0.5809935585603094,1
1,0.9547441323394692,1
0,0.19994357183319889,0
0,0.5404191534250856,1
0,0.05601176684350637,0
0,0.49392871447157793,1
0,0.2350369849279461,0
0,0.15722587483696454,0
0,0.18548087954270015,0
0,0.8665348239091899,1
0,0.922375015552719,1
0,0.3142326454516931,0
0,0.8816417510734781,1
0,0.7609753175333498,1
0,0.6820676314329308,1
0,0.8403408220857019,1
0,0.7236942288375736,1
0,0.5448414860021186,1
0,0.23473851674546603,0
0,0.5581579707192218,1
0,0.3108679328955206,0
0,0.08753395596205665,0
0,0.41256487901707006,1
0,0.1606779815694687,0
0,0.5691789413725447,1
0,0.2572217049770446,0
0,0.3769744053410292,1
0,0.11401491594370479,0
0,0.09400667446961224,0
0,0.9372506796098728,1
0,0.4580082068292367,1
0,0.12296491587247248,0
0,0.12287869604292415,0
0,0.18395644348425988,0
0,0.07397259083429165,0
0,0.5916194390376995,1
0,0.2375181375159494,0
0,0.510755867848719,1
0,0.10443580188258976,0
0,0.09725732980216353,0
0,0.468990781483681,1
0,0.17334371681578908,0
0,0.2234507467150102,0
0,0.14141642266926682,0
0,0.09139199307160091,0
0,0.3437985405434139,0
0,0.07648668612873256,0
0,0.2743455833978545,0
0,0.07116208084998848,0
0,0.3842422553400016,1
0,0.07404841298239909,0
0,0.5865205105030514,1
0,0.41911390031407286,1
0,0.162655779410298,0
0,0.13180824923043227,0
0,0.13614079721472308,0
0,0.49160676314860646,1
0,0.39488952356819546,1
0,0.0815143783740255,0
0,0.10713479366237581,0
0,0.07810892622321519,0
0,0.2524486083654565,0
0,0.4505757202568727,1
0,0.06379591861385185,0
0,0.16586134521013107,0
0,0.35576427983442116,1
0,0.1409512334457299,0
0,0.09778005167683211,0
0,0.8374213165053231,1
0,0.07691526105038697,0
0,0.19368700251977353,0
0,0.603137237073387,1
0,0.43362289002245386,1
0,0.16625014175556424,0
0,0.8743401963031302,1
0,0.07852850908987116,0
0,0.7607215441698681,1
0,0.09977973954609737,0
0,0.43750035386340347,1
0,0.17814742221465643,0
1,0.19753403840331016,0
0,0.11993624144833795,0
0,0.29964005254581294,0
0,0.11705092602839137,0
0,0.08153219880799095,0
0,0.05930963506956721,0
0,0.1442907517805227,0
0,0.5223239014571072,1
0,0.20172961275542897,0
0,0.11453201558647547,0
0,0.1518949517235425,0
0,0.21617081547988637,0
0,0.1935971403453302,0
0,0.08376235677510536,0
0,0.37650898422521795,1
0,0.32354006296033483,0
0,0.20821295669835063,0
0,0.10648530755627167,0
0,0.5648379190361378,1
0,0.5022043517279899,1
0,0.17184172705666662,0
0,0.12032930588507035,0
0,0.09074606202467526,0
1,0.9644310209254744,1
0,0.2526327342576561,0
0,0.10833527569337384,0
0,0.08404066814724993,0
0,0.1900769529756359,0
0,0.4355585377187375,1
0,0.20582396996528157,0
0,0.33309177547600977,0
0,0.5523986086134818,1
0,0.4383799113953452,1
0,0.06078650096316635,0
0,0.12110577213316612,0
0,0.22943673294131414,0
0,0.3426783057223022,0
0,0.5696465544363475,1
1,0.5510522534911115,1
0,0.10515806480302614,0
0,0.10914543724825608,0
0,0.41480928999225547,1
0,0.2104361915572537,0
0,0.5910661504922924,1
0,0.27830531297975336,0
0,0.1332893222135822,0
0,0.31523868521231924,0
0,0.05736882138835656,0
0,0.4090641986060065,1
0,0.3220411738955588,0
0,0.7914341616789645,1
0,0.15472008473384563,0
0,0.37355576069263263,1
0,0.26143999048455785,0
0,0.3111264680219071,0
0,0.13723226008451442,0
0,0.11183451477181443,0
0,0.1812679086287755,0
0,0.16320763298010807,0
0,0.11170615666663555,0
0,0.37366063342933087,1
0,0.1401695651152318,0
0,0.14178193340987783,0
0,0.8198389147124264,1
0,0.2663658625520052,0
0,0.10791545838619418,0
0,0.10574844191193328,0
0,0.5462456814477716,1
0,0.11675589645336759,0
0,0.12867111804857098,0
0,0.09336379913166243,0
0,0.1251706979186381,0
0,0.15039516408129835,0
0,0.07238579370636467,0
0,0.21736565307926942,0
0,0.2533631616718856,0
0,0.09545369331514261,0
0,0.20554289115669963,0
0,0.12687266517603737,0
0,0.7571609194212366,1
0,0.665660914900434,1
0,0.19145772976542078,0
0,0.24622648181552922,0
0,0.14878290752075243,0
0,0.09219418562905596,0
0,0.5385059259867037,1
1,0.9041867685815356,1
0,0.5059752402520697,1
0,0.1181124890052907,0
0,0.12456124287108428,0
1,0.8274579395089178,1
0,0.058722107464084905,0
1,0.9126288038612722,1
0,0.08770679152463795,0
0,0.23218727397422834,0
0,0.29338592771510413,0
0,0.11455951325677691,0
0,0.8056077122199378,1
0,0.651670465776452,1
0,0.509607515575953,1
0,0.26391095376535384,0
0,0.6312585619975676,1
0,0.10350438675995206,0
0,0.32576450700986304,0
0,0.09701876588149318,0
0,0.1751401075735198,0
0,0.4477564662401858,1
0,0.1787705868711548,0
0,0.521633571780047,1
0,0.12922488503375865,0
0,0.07211643522042915,0
0,0.1467724575954886,0
0,0.5346139340896576,1
0,0.11686737066622799,0
0,0.0726988887527568,0
0,0.07666720447272983,0
0,0.39102126055696007,1
1,0.6263625767117986,1
0,0.18253186134470747,0
0,0.4384839343158797,1
0,0.12375865392356045,0
0,0.19284860242136198,0
1,0.8436572739665347,1
0,0.1401263638383316,0
0,0.14604675593470598,0
0,0.5379503979299185,1
0,0.1568821043015756,0
0,0.3093643934335312,0
0,0.21323069588144153,0
0,0.3461131037422048,0
1,0.9111598724644648,1
1,0.888189670816429,1
0,0.2348586591832462,0
0,0.12836529839221011,0
0,0.6814155676378685,1
0,0.3706027909113171,1
0,0.2708128184474921,0
1,0.8120330232885111,1
0,0.06799682226094984,0
0,0.3798448958665361,1
0,0.4147330992139386,1
0,0.08405121586926985,0
0,0.08967560708255165,0
0,0.3807295779239067,1
0,0.5485141792022232,1
0,0.2414716899969173,0
0,0.13590695407525966,0
0,0.7834266297168772,1
0,0.11916199630547278,0
0,0.07400189145428133,0
0,0.10412704766218397,0
0,0.5815479493253072,1
1,0.15729344994762437,0
0,0.10328545749717662,0
0,0.07754851678214562,0
0,0.12263423138959997,0
0,0.08074267322303957,0
0,0.7942814405608651,1
0,0.07021000789500953,0
0,0.5136041906124741,1
0,0.29369175033988343,0
0,0.0924617655009045,0
0,0.07167093688793008,0
0,0.4982772191770789,1
0,0.37010692027095576,1
0,0.1958661712540308,0
0,0.09867244842538403,0
0,0.42306355967490866,1
0,0.09114196455138582,0
0,0.7327233675092346,1
0,0.1012704359232998,0
0,0.14496687528016106,0
0,0.35080053922795207,1
0,0.1016991837442007,0
0,0.18034581810190026,0
0,0.216426867144427,0
0,0.14749723168263829,0
0,0.21091804352059754,0
0,0.2742920139363943,0
0,0.09277580824958993,0
0,0.4517759499249242,1
0,0.21369508019963818,0
0,0.15955234003539634,0
0,0.3214153991136125,0
0,0.17243241940489684,0
0,0.11207333661563458,0
0,0.7543520263651557,1
0,0.9128814281513739,1
0,0.12858695355551011,0
0,0.12097149251358547,0
0,0.39538049069047876,1
0,0.13874121902727563,0
0,0.17918085033549383,0
0,0.7417701836147917,1
0,0.16513525891571276,0
0,0.3953692073221151,1
0,0.30854861680378065,0
0,0.17860600970435717,0
0,0.6872600549087325,1
0,0.506912310066457,1
0,0.159727811666649,0
0,0.07763446749501114,0
0,0.1608259650323468,0
0,0.08888308538565579,0
0,0.3203978474989802,0
0,0.08238472117561647,0
0,0.3431683490392202,0
0,0.1370196982119189,0
0,0.12755422361175126,0
0,0.7083154720768494,1
0,0.1295217189285962,0
0,0.5235939241818137,1
1,0.8960650784825109,1
0,0.25303828637740217,0
0,0.3867674473207659,1
0,0.13751166800722658,0
0,0.19649756346341735,0
0,0.3714673956378532,1
0,0.07222163740906214,0
0,0.12727814827094172,0
0,0.12756727309938745,0
0,0.11279671408338428,0
0,0.13070398831293198,0
0,0.1393945426017782,0
0,0.7616515895533383,1
0,0.1628940838520183,0
0,0.6252864314916876,1
0,0.42868458165434903,1
0,0.11926409378852941,0
0,0.3261702674329521,0
0,0.156372247800732,0
0,0.15525215549025578,0
0,0.0651447997958746,0
0,0.22378687820561788,0
0,0.09894963426059725,0
0,0.04751280051038938,0
0,0.216270602017504,0
0,0.6300765355393335,1
1,0.42918399469217916,1
0,0.08668221383650858,0
0,0.0646548513762138,0
0,0.6160987930604082,1
0,0.1516308521178158,0
0,0.1218896305900586,0
0,0.2430469274897095,0
0,0.17460323418029838,0
0,0.3523739137936608,1
0,0.41582122253118636,1
0,0.26007364361678637,0
0,0.6419888515289768,1
0,0.37480479994069643,1
0,0.5708154024728231,1
0,0.8229349362755656,1
0,0.48625806102675995,1
0,0.40171964687769296,1
0,0.11455116908985354,0
0,0.35540878561181977,1
0,0.10876910707389906,0
0,0.11552379179328864,0
0,0.46013718508991447,1
0,0.0856365226098961,0
0,0.37589377444201627,1
0,0.1490238708078098,0
0,0.1756669111312318,0
0,0.12147580564846795,0
0,0.057640484593555204,0
0,0.051610551249512145,0
0,0.0932240696201805,0
0,0.3758242968995474,1
0,0.5195131200972025,1
0,0.12370578129614304,0
0,0.13011306519912652,0
0,0.06263612730450359,0
0,0.8277377329763214,1
0,0.15164589453991473,0
0,0.1209580046097574,0
0,0.11745992211984024,0
0,0.4546411403122831,1
0,0.315943747764828,0
0,0.2907839626578427,0
0,0.15247535481448687,0
0,0.23206407780901542,0
0,0.08160658996862487,0
0,0.4316811885769336,1
0,0.09737974007219052,0
0,0.30582770392764286,0
0,0.7073015097373143,1
0,0.14276538679714668,0
0,0.48865047350293833,1
0,0.11692123362728725,0
0,0.43189839625380244,1
0,0.4677068677660493,1
0,0.6733691106088895,1
0,0.10328578796399743,0
0,0.15528903791489743,0
0,0.07393909332770897,0
0,0.3727028474541027,1
0,0.40914928378010273,1
0,0.7998393308069858,1
0,0.12454986501990147,0
0,0.1386978650078148,0
0,0.15564333199213462,0
0,0.2910971925955253,0
0,0.3777118612555248,1
0,0.05403076399160971,0
0,0.3932816394668162,1
1,0.6276504090188044,1
0,0.5037005767558653,1
0,0.18142363780310114,0
0,0.7722254994863085,1
0,0.6489763471521758,1
0,0.26731504418490865,0
0,0.3079298951589295,0
0,0.1011081512981867,0
0,0.14910012210194143,0
0,0.5111706461313541,1
0,0.7770997786018173,1
0,0.3105739610962065,0
0,0.11571531730953173,0
0,0.13170728755337585,0
0,0.3257776096921086,0
0,0.19338063226437013,0
0,0.6448920057434506,1
0,0.1755331548742963,0
0,0.5035928696911582,1
0,0.20842102632750595,0
1,0.3758577412694771,1
0,0.18459120378738622,0
0,0.17050622345940997,0
0,0.0953428462788128,0
0,0.10285642281894895,0
0,0.8623940390752932,1
0,0.19854466238930243,0
0,0.08237162559740535,0
0,0.36712723616675136,1
0,0.32163391092856697,0
0,0.20140827032256836,0
0,0.26962296284543047,0
0,0.08878280969692022,0
0,0.14663298514294418,0
0,0.5528669439665225,1
0,0.8819572940280471,1
0,0.5322302122777959,1
0,0.06585489809216374,0
0,0.4215190297311562,1
0,0.5204761709671188,1
0,0.5254996559423112,1
0,0.2508246128417175,0
0,0.10349206022490537,0
0,0.219957727843139,0
0,0.16471713289867396,0
0,0.4685968010750194,1
0,0.14493455462247978,0
0,0.36473544280470943,1
0,0.330244941174853,0
0,0.5676626895031516,1
0,0.13240028590265165,0
0,0.48507939479434803,1
0,0.07432473664456124,0
0,0.8904094386971517,1
1,0.4147890907348282,1
0,0.18114384357189894,0
0,0.802074323054294,1
0,0.07792161378528663,0
0,0.11751915859505743,0
0,0.45445035744910617,1
0,0.1709323538787353,0
0,0.11830329774335283,0
0,0.5822646975686916,1
0,0.18475285617876216,0
1,0.4555588218885748,1
0,0.9321411562694455,1
0,0.05563696387780162,0
1,0.10778229791340756,0
0,0.07241508325224624,0
0,0.30499351664650015,0
0,0.06601611208523632,0
0,0.1487780227871798,0
0,0.061777861444099864,0
0,0.0796266087678923,0
0,0.15702207077527153,0
0,0.2770653744509215,0
0,0.31172248661038354,0
0,0.12175603721327803,0
0,0.08491171757770967,0
0,0.13442010230990561,0
0,0.5098947346186797,1
0,0.6166995883668303,1
0,0.07081890620350771,0
0,0.741807439535073,1
0,0.11120216126176037,0
0,0.09419426581042716,0
0,0.08373127115044073,0
1,0.8764097671334118,1
0,0.21276503361633647,0
0,0.27024164363276804,0
0,0.054731629494457826,0
0,0.19534333451711505,0
0,0.7076915690079598,1
0,0.11308516847713937,0
0,0.8041448381085439,1
0,0.17321740314991999,0
0,0.5202331494223136,1
0,0.3551866455543588,1
0,0.4652540606729797,1
0,0.6259967909367159,1
0,0.11450431997268282,0
0,0.09390578527921091,0
0,0.18431080151083368,0
0,0.48246886379161225,1
0,0.05646880854602988,0
0,0.42346135151203373,1
0,0.5459030228240775,1
0,0.10168745889468038,0
0,0.33929157993899756,0
0,0.27009122648541967,0
0,0.2953562114058586,0
0,0.541762459744806,1
0,0.08145924351169674,0
0,0.13884910420503938,0
0,0.2898299674440787,0
0,0.1931849105266803,0
0,0.12308371586273739,0
0,0.27527365629892664,0
0,0.8895118471397077,1
0,0.12214417418948813,0
0,0.0667697622943852,0
0,0.06928189192806808,0
0,0.1001539975183017,0
0,0.4859195302630841,1
0,0.09131943284434606,0
0,0.14122864118763256,0
0,0.18113548486149297,0
0,0.08391347168526696,0
0,0.07617569738392375,0
0,0.5165230247200882,1
1,0.6862531958981919,1
0,0.06972520036382727,0
0,0.06623837189261363,0
0,0.16453805800053212,0
1,0.5331069849125828,1
0,0.11840055525234637,0
0,0.2167741040448406,0
0,0.14423970773072076,0
0,0.3199053416797812,0
0,0.20884479602198516,0
0,0.11189924061545076,0
0,0.38139236114002273,1
0,0.39168319539824503,1
0,0.1781713318362668,0
0,0.12284005432225259,0
0,0.11296064382613323,0
0,0.8339841439174495,1
0,0.35406452378971776,1
0,0.08536024492237071,0
0,0.11810827301633126,0
0,0.07525681896933024,0
0,0.14348566265770793,0
0,0.055210363165290106,0
1,0.8072687549410705,1
1,0.8687176142048723,1
0,0.34967219128822485,0
0,0.37951556908870626,1
0,0.13704340405590143,0
0,0.25312880834159684,0
0,0.0829548935544844,0
1,0.21667326876817267,0
0,0.12322996230047778,0
0,0.824677027296362,1
0,0.18709052022063785,0
0,0.0871089249461706,0
0,0.7217460196552592,1
0,0.12420801115367204,0
0,0.10305802808354633,0
0,0.28189030402498116,0
0,0.5789096990965771,1
0,0.14011636504575917,0
0,0.1995164986331009,0
0,0.16877415187857533,0
0,0.3296748202077917,0
0,0.09159412113565527,0
1,0.7154752229878579,1
0,0.1735133457228206,0
0,0.1414974234789309,0
0,0.22491981176817485,0
0,0.10313431306993923,0
0,0.1272824288614792,0
0,0.15394694238167952,0
0,0.45583612273514545,1
0,0.09509685836639079,0
0,0.7941023858232206,1
0,0.19815889039100668,0
0,0.22255531090311295,0
0,0.08791488583018055,0
0,0.06603178178165733,0
0,0.1413533357245615,0
0,0.41241947002103707,1
0,0.11691721124843951,0
0,0.09073991815266404,0
0,0.2289585631638785,0
0,0.11835657769751672,0
0,0.25843929446436426,0
0,0.11558471614681698,0
0,0.46545980579164137,1
0,0.33180023106341616,0
0,0.5539382457160577,1
0,0.12854372322372104,0
0,0.15737063977624796,0
1,0.5270664690443689,1
0,0.8518242279169193,1
0,0.11547698750941784,0
0,0.09483788463205746,0
0,0.8942142690043507,1
0,0.12455413759405505,0
1,0.8229367522066445,1
0,0.12222544933977175,0
0,0.339269066843754,0
0,0.07168899734147305,0
0,0.6644378269981331,1
0,0.13037754882630836,0
0,0.396881710114006,1
0,0.8117101885583441,1
0,0.30903305051672914,0
0,0.18236061636522663,0
0,0.05907574573839149,0
0,0.12443250230048067,0
0,0.5098920698324342,1
0,0.13187235705952022,0
0,0.8800605565098548,1
0,0.08949837333428136,0
0,0.07022037705169519,0
0,0.1410878533633242,0
0,0.5366866958737974,1
0,0.10656517788676828,0
1,0.9248199474659127,1
1,0.15488081056026448,0
0,0.10739966202993524,0
0,0.18546800740262667,0
0,0.19309525708289876,0
0,0.16247408615128095,0
0,0.12699285590265721,0
0,0.15890538193293802,0
0,0.05928101378569783,0
0,0.40379301166697423,1
0,0.44992980019409484,1
0,0.09763666819996394,0
0,0.13567631038487324,0
0,0.1944793108665204,0
0,0.5941474775394701,1
0,0.6974595667580775,1
0,0.33224473632400164,0
0,0.14621295339016727,0
1,0.4953074273849244,1
0,0.3206869171987697,0
0,0.2359988000091454,0
0,0.07221726601334397,0
0,0.6992856402958008,1
0,0.5261130301590893,1
0,0.14239635385869223,0
0,0.501193356425453,1
0,0.08682008381336516,0
0,0.530247875703076,1
0,0.5154376206965149,1
0,0.7389560319686329,1
0,0.1105740537259445,0
0,0.6734749235482417,1
0,0.8169956784070546,1
0,0.10709844698285333,0
0,0.5957187116189583,1
0,0.16492985047589898,0
0,0.07477328162631995,0
0,0.4277851834609535,1
0,0.7337767818979165,1
0,0.10308276254485503,0
0,0.7689171015673605,1
0,0.20922482246686777,0
0,0.2706557887646701,0
0,0.25007650739865256,0
0,0.2013903789354518,0
0,0.05339879560595659,0
0,0.12854093404716394,0
0,0.2796097183247503,0
0,0.18630709392267375,0
0,0.8265334301681965,1
1,0.8333795286877197,1
0,0.10748670643352552,0
0,0.32506897134486434,0
0,0.8619034047909334,1
0,0.8469827500115702,1
0,0.3214370820319838,0
0,0.39560179304657606,1
0,0.07423869753135329,0
1,0.1273675443120694,0
0,0.6949887613232897,1
0,0.08758287781786031,0
0,0.11888440059512191,0
0,0.13638345623539755,0
0,0.4762951804911248,1
0,0.30749569157595064,0
0,0.1588362784338344,0
0,0.13785775195246788,0
0,0.15968940708370497,0
0,0.1918098581342022,0
0,0.08500469133065473,0
0,0.3386795150757388,0
0,0.47811713882242896,1
0,0.4587020517079838,1
0,0.7230386168620739,1
1,0.940318228974106,1
0,0.20855144274054846,0
0,0.4609758141528111,1
0,0.16855434353098556,0
0,0.259172774513875,0
0,0.34334239332588096,0
0,0.09099639179765452,0
0,0.1350601478439611,0
0,0.280677511648168,0
0,0.5059398906573924,1
0,0.26247899700704685,0
0,0.0864850624298517,0
0,0.07000898379160739,0
0,0.17134093793282593,0
0,0.5561686487400272,1
0,0.08752676302062462,0
0,0.15872338880235465,0
0,0.5029330029478389,1
0,0.14517410787179447,0
0,0.07280643455588627,0
0,0.4360038690577511,1
0,0.05188534498401553,0
0,0.590877996602215,1
0,0.4186900492590252,1
0,0.24110766354688062,0
0,0.25563011691341364,0
1,0.6947974044986222,1
1,0.7932195903996309,1
0,0.08791287602869285,0
0,0.26103510928348944,0
0,0.5225238161315278,1
0,0.5888068421620679,1
0,0.322399616406483,0
0,0.13122162666495907,0
0,0.3512931950139867,1
0,0.08204519922890023,0
0,0.3320359186079776,0
0,0.14899080512159274,0
0,0.07092565622057223,0
1,0.8454810783029391,1
0,0.23413740250751208,0
0,0.10625619904518094,0
0,0.0891092572994045,0
0,0.14389517966853374,0
1,0.11422838015676506,0
0,0.1322349361115577,0
0,0.3878711236559892,1
0,0.14352174996505962,0
0,0.4562220291625587,1
0,0.27944313777983465,0
0,0.1228835535010398,0
0,0.41994253982243224,1
0,0.07338046740891603,0
0,0.42843757860033,1
0,0.19332370333731694,0
0,0.1811184520760552,0
0,0.4392569205871024,1
0,0.17553187066521092,0
0,0.45261773968429364,1
0,0.2688397184147634,0
0,0.08753906172089586,0
0,0.327323411499415,0
0,0.2137357201806655,0
0,0.19402920955731512,0
0,0.12537700237936603,0
0,0.24869271556270736,0
0,0.8212792830518214,1
0,0.5443806535503983,1
0,0.3270719065896179,0
0,0.12694587598377485,0
0,0.10376788270223458,0
0,0.9398738105981668,1
0,0.4951759259932025,1
0,0.09907037634973098,0
0,0.715529181499718,1
0,0.26182053583953924,0
0,0.15219679545102902,0
0,0.10047732155054091,0
0,0.14267929850442082,0
0,0.656865333610901,1
0,0.6040540664982353,1
0,0.9058736207961501,1
0,0.3237162424977051,0
0,0.17723431699267406,0
0,0.2707790203532442,0
0,0.19199258682387874,0
0,0.2570964622107032,0
0,0.6191153820846405,1
0,0.11153812995080967,0
0,0.07654773785266196,0
0,0.3780038612727101,1
1,0.9464857984627273,1
0,0.10972992531205394,0
0,0.12652176331872456,0
0,0.8260446168297044,1
0,0.5898429290314348,1
0,0.11154495958046255,0
0,0.1322008149849042,0
0,0.3114975620902598,0
0,0.12309035603496545,0
0,0.4132265844093876,1
0,0.21425731228878991,0
1,0.4469966874610329,1
0,0.17013946203968,0
0,0.34401648624662884,0
0,0.2802900005888317,0
0,0.3728692644260847,1
0,0.2847186455961377,0
0,0.13846365621806106,0
0,0.34526567482031273,0
0,0.24064915309490412,0
0,0.08905997901996283,0
0,0.28077642029376143,0
0,0.07783154073942435,0
0,0.0748128709280494,0
0,0.12201882163272867,0
1,0.831987715564024,1
0,0.3064193840183161,0
0,0.073356141383083,0
0,0.4291872617599125,1
0,0.05520088815251238,0
0,0.24544625880166313,0
0,0.18191133404659368,0
0,0.14116256332498162,0
0,0.11583523600107154,0
0,0.8162366651819897,1
0,0.2217353254388413,0
0,0.24204745116047358,0
0,0.35722024111862477,1
0,0.43146949192022976,1
0,0.5808189541122764,1
0,0.0951170707014964,0
0,0.18784075765721486,0
0,0.14006693682510124,0
0,0.17306476608935795,0
1,0.9061203705939354,1
0,0.08300254624290831,0
0,0.12986242727692604,0
0,0.1891304904630373,0
0,0.0814075076860463,0
0,0.09097175223168187,0
0,0.17769270202543191,0
0,0.11612390362373641,0
0,0.1390842283048581,0
0,0.10067611303378221,0
0,0.10354422838385273,0
0,0.6865826756656452,1
0,0.5493219961931493,1
0,0.18850517786878593,0
0,0.7912000772962029,1
0,0.1531586191590736,0
0,0.41050418202996825,1
0,0.4946145954492948,1
0,0.5817619351135294,1
0,0.8550075489252873,1
0,0.07827146481012856,0
0,0.2002656410737245,0
0,0.19398651554724056,0
0,0.1542140895322843,0
0,0.5358142197795654,1
0,0.38521243697524643,1
0,0.5966999130103838,1
0,0.18620881754082746,0
0,0.3069293239330395,0
1,0.5695789685935476,1
0,0.05805662709973985,0
0,0.11922576208686053,0
0,0.05852878710818845,0
0,0.29059875197937246,0
0,0.11427589106352302,0
0,0.12281792495930138,0
0,0.11954040940406695,0
0,0.0772222398195485,0
0,0.1693308538499483,0
0,0.18785899787147642,0
0,0.17160077437635388,0
1,0.31944752338819693,0
0,0.08096357014018657,0
0,0.2456527500274979,0
0,0.27342204497515904,0
0,0.9179958341109026,1
0,0.6602002736632504,1
0,0.4255030351029031,1
0,0.09765591315392391,0
1,0.6615285590026001,1
0,0.5881144682743995,1
0,0.43817683482326203,1
0,0.2590698041710926,0
1,0.6401903543132028,1
0,0.36109435127460987,1
0,0.05433931524001743,0
0,0.05502283611751776,0
0,0.06525372822174957,0
0,0.34277585293245605,0
0,0.08733440195668456,0
0,0.1019279760605922,0
0,0.4604279781607345,1
0,0.35852714494479637,1
0,0.13688996430940678,0
0,0.10132184101320593,0
0,0.10598010848233223,0
1,0.6342602514181277,1
0,0.9525602342017616,1
0,0.1903727816169461,0
1,0.9079902354082071,1
0,0.36536873508454665,1
0,0.256528367358075,0
1,0.9307206253990051,1
0,0.30423331456971375,0
0,0.7438985567366116,1
0,0.08258236524697166,0
0,0.8666870911241714,1
0,0.2943928222967403,0
0,0.5125813816054596,1
0,0.6146350115271263,1
1,0.7701163981643923,1
0,0.07822998182595314,0
0,0.46696140309109174,1
0,0.3602697512468895,1
0,0.4875543982208944,1
0,0.2036152261652718,0
0,0.05871879455551499,0
0,0.15816153658156362,0
0,0.5348840958716324,1
0,0.383649695409446,1
1,0.9123177989135587,1
0,0.1688620225032316,0
0,0.8522639855342982,1
0,0.2908642503308792,0
0,0.3534442075936919,1
0,0.26523228461662657,0
0,0.365481372124416,1
0,0.26009061347992013,0
0,0.15545954526985153,0
0,0.2832908120366758,0
0,0.5622385441366335,1
0,0.8831781862933773,1
0,0.2531598800005909,0
0,0.08043553400776784,0
0,0.4143998266124257,1
0,0.563261759534072,1
0,0.7423907831853553,1
0,0.6765369955345484,1
0,0.5863106047301061,1
0,0.12957931636508224,0
0,0.05817722946308181,0
0,0.07591270213839846,0
0,0.23532466077525405,0
0,0.15459925295816596,0
1,0.39856200473052456,1
0,0.2811960035027305,0
0,0.35215903658277514,1
0,0.23223505649515427,0
0,0.23618774523753727,0
0,0.3588049672761737,1
0,0.5345775068968892,1
0,0.6652846394652489,1
0,0.10341388583047259,0
0,0.33738570212954117,0
1,0.13353259975827733,0
0,0.08398087736030427,0
0,0.10962360081693857,0
0,0.09394620645106903,0
0,0.13968434167057003,0
0,0.17076583244597715,0
0,0.8201181056791964,1
0,0.09846222802940319,0
0,0.07062105185445988,0
0,0.17876564705395614,0
0,0.380345627462456,1
0,0.1467434259190249,0
0,0.5090929038251591,1
0,0.14587217585385123,0
0,0.08349637586388017,0
0,0.09049732705953772,0
0,0.10895353006504166,0
0,0.10571743664339837,0
0,0.17435062215103642,0
0,0.4076483669267956,1
0,0.08170576767227453,0
0,0.25994564584649427,0
0,0.1303211813820846,0
0,0.3856106528542364,1
0,0.2584222812220753,0
0,0.548551135355832,1
1,0.5749600027381713,1
0,0.34223869581660865,0
0,0.0928338870259995,0
0,0.07363216200108674,0
0,0.32199238509805533,0
0,0.13736801250439706,0
0,0.18677498558473365,0
0,0.6449284899596971,1
0,0.7350787844575856,1
0,0.3600461502266704,1
0,0.08527103180435175,0
0,0.0748770384524156,0
0,0.11896377600673022,0
0,0.38851786824925566,1
0,0.16193931520079238,0
0,0.15819519438870192,0
0,0.13069960277052795,0
0,0.08221637617665695,0
0,0.31788687521501113,0
0,0.13075585764120287,0
0,0.43921195821136516,1
0,0.22224703364866433,0
0,0.07841562447980979,0
0,0.12744442812544926,0
1,0.5175999568342516,1
0,0.11569874255260608,0
0,0.28769250644486627,0
0,0.0874075204095015,0
0,0.4291622867136355,1
0,0.5791280837872532,1
0,0.13400033936445205,0
0,0.2953140336296175,0
0,0.0886403245106583,0
0,0.43086593406341905,1
0,0.8752017877122313,1
0,0.08099232148286042,0
1,0.46084492378340314,1
0,0.5250915630459279,1
0,0.1043745292480582,0
0,0.5575805805523547,1
0,0.2498884720807538,0
1,0.457181307261539,1
0,0.21435930081133933,0
0,0.1358861143076792,0
0,0.1794228929559055,0
0,0.4535009642132904,1
0,0.08704926410032408,0
0,0.07627602067395686,0
0,0.17739228883618696,0
0,0.05676085265909109,0
0,0.7158215329968003,1
1,0.7547936793051726,1
0,0.12639459534360517,0
0,0.24438277058221083,0
1,0.8844651199913913,1
0,0.07767238184825342,0
0,0.10681624538061898,0
1,0.3252701285107197,0
0,0.09479438324605116,0
0,0.7845148029424485,1
1,0.6478432138701596,1
0,0.42798734897656004,1
0,0.12964528016722418,0
0,0.5201248058798247,1
0,0.29889999381754223,0
0,0.5806833651078916,1
0,0.5374273362254391,1
0,0.16319042577353493,0
0,0.40737541784769876,1
0,0.2743570993367639,0
0,0.13425354286351585,0
0,0.09074448506201688,0
0,0.08277942502780093,0
0,0.13853593632300007,0
0,0.30691053676080515,0
0,0.5198757154833729,1
0,0.8180243155078235,1
1,0.3981794384659263,1
0,0.10182578263267636,0
0,0.05715486582235874,0
0,0.524987310443364,1
0,0.34378650099948865,0
0,0.7057203771503976,1
0,0.4590685892961171,1
0,0.26779191910397543,0
0,0.5174137437638099,1
0,0.3580299818440437,1
0,0.5733541811652162,1
0,0.13443694383397445,0
0,0.24478700642231857,0
0,0.12516904297796347,0
0,0.07729103632395767,0
0,0.09949322855006466,0
0,0.27964144900058585,0
0,0.29771838429322145,0
0,0.37274039044112334,1
0,0.06409592980029079,0
0,0.14379079293421382,0
0,0.27606363201297324,0
0,0.6889475708553182,1
0,0.9452816575535303,1
0,0.16760997426680357,0
0,0.6234173738984992,1
1,0.782945166010448,1
0,0.11684073107852472,0
0,0.20344033199977776,0
0,0.1348273123747968,0
0,0.5368687596559645,1
1,0.7595076126155835,1
0,0.07386411659296357,0
0,0.3787923980211357,1
0,0.9249800402590318,1
0,0.12277362432980563,0
0,0.6024937449149118,1
0,0.10664580009668284,0
0,0.8099664051724311,1
0,0.37063255733704004,1
0,0.29405133327694155,0
0,0.09959938801697757,0
0,0.34986761030582253,0
0,0.2855301905473595,0
0,0.13092672087851884,0
0,0.232582584856439,0
1,0.358815501772322,1
0,0.8063710897023755,1
0,0.3291913391312964,0
0,0.14521453026197045,0
0,0.40041572106765766,1
0,0.5176896627331344,1
0,0.1829564900632989,0
0,0.14078883748416046,0
1,0.8532423428084722,1
0,0.2777685638895475,0
0,0.2676313409246012,0
0,0.2973972333564885,0
0,0.35690946231751586,1
0,0.7478381098238605,1
0,0.809009377058841,1
0,0.23821374592998343,0
0,0.11331517886797289,0
0,0.09354583648515213,0
1,0.1273838929190326,0
0,0.10251312759007149,0
0,0.3002898535601538,0
0,0.18212895066377982,0
1,0.6128796488003433,1
0,0.08498226189769105,0
0,0.1567291653936177,0
0,0.4358424867364629,1
0,0.5678491658438231,1
0,0.33390754555696184,0
0,0.5965778633012232,1
0,0.5517302374813564,1
0,0.8012755959374926,1
0,0.05873730379984288,0
0,0.11824459608162056,0
0,0.09347458977605431,0
0,0.12334283525671012,0
0,0.07251106787704305,0
0,0.31572289923943697,0
0,0.3331147329571947,0
0,0.17122994723607696,0
1,0.9477718470788395,1
0,0.13443535107770507,0
0,0.10067942626759427,0
0,0.0809952650182757,0
0,0.07950474789771388,0
0,0.17613469209208096,0
0,0.46679476861896535,1
0,0.15740864662808188,0
0,0.16043646220694244,0
0,0.14167833074531064,0
0,0.0880251192157281,0
0,0.131580456658786,0
0,0.9478054735221211,1
0,0.23289096497349518,0
0,0.1361675232988512,0
0,0.14928409543064297,0
0,0.20348312948130648,0
0,0.10976971677137345,0
0,0.5425008311627056,1
0,0.12829994200049435,0
0,0.18635746886572457,0
1,0.5768460376360631,1
0,0.36075383927389015,1
0,0.23707332759873403,0
0,0.23262539938604174,0
0,0.7889614891880102,1
0,0.4340177524835256,1
0,0.37063966883529886,1
0,0.34146105534638777,0
0,0.11400521401655427,0
0,0.6947078070264943,1
0,0.12807395737621735,0
0,0.2456763056231683,0
0,0.7908671688130637,1
0,0.14111547147417322,0
0,0.5140086332120093,1
0,0.1636341339644634,0
0,0.4538421840067233,1
0,0.22476249502644333,0
0,0.23842182987692864,0
0,0.3784264799049735,1
0,0.38474461677759025,1
1,0.9204484432724989,1
0,0.21371938848424976,0
0,0.2735953339781388,0
0,0.5459319840955358,1
0,0.08883042975711702,0
1,0.7361839028005306,1
0,0.08297968482501375,0
0,0.10346630491421449,0
0,0.3744313174891382,1
0,0.16913428492541335,0
0,0.08379988844541963,0
0,0.14931106612743125,0
0,0.10796077308757304,0
0,0.10453876421022472,0
0,0.45774392784409146,1
0,0.11464470618089723,0
0,0.23469969178698227,0
0,0.06272214667483011,0
0,0.2568027208671267,0
0,0.20455211165071374,0
0,0.07746206134983204,0
0,0.5623283711923511,1
0,0.20910810910189154,0
0,0.34930823012279083,0
0,0.06470199750585548,0
0,0.19559196170413032,0
0,0.15421247188552678,0
0,0.3224348058975552,0
0,0.3307169503558674,0
0,0.22886604722045648,0
0,0.4057753126603807,1
0,0.9245576576544785,1
0,0.47557131625144594,1
0,0.5210373252981381,1
0,0.49458918135269064,1
0,0.7545545752757269,1
0,0.18267414466459594,0
0,0.22382620521289656,0
0,0.31905094366007297,0
1,0.677688937523807,1
1,0.9082613950786722,1
0,0.4370455310829938,1
0,0.1307261379524878,0
0,0.7878897777196469,1
1,0.9464146510330566,1
0,0.18832534461356112,0
0,0.7845258072484045,1
0,0.0946421907342188,0
0,0.40821983807776674,1
0,0.11635435908551263,0
0,0.5915778469424167,1
0,0.6193078368268538,1
0,0.38323892890606376,1
1,0.9443227449408429,1
0,0.09697948246518542,0
1,0.15477969227853147,0
0,0.11509525551068539,0
0,0.09682667193301943,0
0,0.097341370275322,0
0,0.15462515024859286,0
0,0.5730137077279385,1
0,0.15536919918551043,0
0,0.3365595193253738,0
0,0.10215021849901991,0
0,0.44552159061741625,1
0,0.1839001665132453,0
0,0.7118301004491031,1
0,0.3902965939845556,1
0,0.46519345347225993,1
0,0.08794182912075756,0
0,0.12147160100712476,0
0,0.32098056457418306,0
0,0.42970574458912886,1
1,0.15043980235566484,0
0,0.21292000867328872,0
0,0.10583197154848326,0
0,0.13181925746692086,0
1,0.9379489386327239,1
0,0.1984704655080798,0
0,0.08203165437039954,0
0,0.7790394865308301,1
0,0.05189505243867612,0
0,0.3805653442912211,1
0,0.13064142517857988,0
0,0.30412309949852595,0
0,0.19122997788162402,0
0,0.2487270928571762,0
0,0.07971529287581265,0
0,0.30948347554747413,0
0,0.33462896048813073,0
0,0.2044529792344357,0
0,0.3433415209615151,0
0,0.5809693060905167,1
0,0.22506155070824216,0
1,0.26157823175856937,0
0,0.8229751341417679,1
0,0.692702339212587,1
0,0.1632309846040517,0
0,0.5501972729415582,1
0,0.09001918676709048,0
0,0.1398733393807646,0
0,0.5485416519947474,1
0,0.08463966577877491,0
0,0.09967319258721898,0
0,0.6275969711521512,1
0,0.2861935206926985,0
0,0.6222349039128283,1
0,0.5613769614283897,1
0,0.39244295189885997,1
0,0.15561566401717597,0
0,0.12622509286645842,0
0,0.7185888225531235,1
0,0.2534603869841086,0
0,0.2752041915192521,0
0,0.2656477038697643,0
0,0.2878993194729769,0
0,0.40160846668484984,1
0,0.756103249914383,1
0,0.25887955842228294,0
0,0.06102643823731802,0
0,0.2409541826977275,0
0,0.8064091365350984,1
0,0.10662014547086042,0
0,0.23712761068910684,0
0,0.4801397473700145,1
0,0.12384876423310359,0
0,0.2594026923109509,0
0,0.7927364899182169,1
0,0.783236173266179,1
0,0.10847379685216973,0
0,0.07773678257318097,0
0,0.3820781376433962,1
0,0.5846021245553363,1
0,0.09100983901474129,0
0,0.052798899427373355,0
0,0.34857912126469826,0
0,0.24191000365169207,0
0,0.19706267091562796,0
0,0.509072718192777,1
0,0.5632662442327677,1
0,0.2533872164201791,0
0,0.37924509462925776,1
0,0.27595779021185013,0
0,0.13296759668134267,0
0,0.17321364873127784,0
0,0.4957213764795064,1
0,0.0824997067141363,0
0,0.0959916313226603,0
0,0.8606088006211629,1
0,0.09460916759871393,0
0,0.12860761592531647,0
0,0.15412742531165377,0
0,0.2618198573926027,0
0,0.2507522700844447,0
0,0.0990538896589123,0
0,0.12396688042617368,0
0,0.937313634495589,1
0,0.062764337104543,0
0,0.10721379783309436,0
0,0.5970712488599678,1
0,0.19115650528277683,0
1,0.25822815364003904,0
0,0.24613366825678049,0
0,0.17439707412071306,0
0,0.08179235677872763,0
0,0.08201303007169868,0
0,0.13208191285097293,0
1,0.9295350227865424,1
0,0.10748626953342189,0
0,0.10899654266091414,0
0,0.0796614942934142,0
1,0.5164837536731401,1
0,0.1207683622442341,0
0,0.13776953379179854,0
0,0.23777120812971522,0
0,0.5445487478226068,1
0,0.15445691673638007,0
0,0.07065856942440214,0
0,0.19535947591230077,0
0,0.3451158805591091,0
0,0.5605462394368477,1
0,0.11573897818285526,0
0,0.8522208945456257,1
0,0.19008314940615711,0
0,0.8484961077941667,1
1,0.6129422251253568,1
0,0.08771536778109028,0
0,0.7909469931161662,1
0,0.12602541266887174,0
0,0.1034265092707987,0
0,0.15143687909524203,0
0,0.13614463518627085,0
0,0.1774734170274577,0
0,0.10261479893663307,0
0,0.666354201148093,1
0,0.4212896002344694,1
0,0.3632388948689572,1
0,0.30774361601918787,0
0,0.34302700059731295,0
0,0.828234007165228,1
1,0.8137762644898525,1
0,0.4051124634298523,1
0,0.39590395050518157,1
0,0.26847887092155576,0
0,0.22152182681744828,0
0,0.13804221580705278,0
0,0.5255889473792732,1
0,0.2573353574750739,0
0,0.6233114890899402,1
0,0.08264696193946296,0
0,0.31711046731674436,0
0,0.5765315201301672,1
0,0.09774396440165178,0
0,0.1466205847589172,0
0,0.14850597866866225,0
0,0.31300385941005077,0
0,0.0986719302026184,0
0,0.5565163685427783,1
0,0.38616731799242315,1
0,0.7683543718865026,1
0,0.64922768418558,1
0,0.536571793229615,1
0,0.7411441112509397,1
0,0.8726860858067227,1
0,0.1618617025358046,0
0,0.06340319705928045,0
0,0.2665230103292794,0
0,0.08384435456213236,0
0,0.20052133284881382,0
0,0.32475529711997736,0
0,0.7382917941282879,1
0,0.18546968612691322,0
0,0.5401156487509873,1
0,0.6243856731802593,1
0,0.2398662397559554,0
0,0.08130232587172843,0
0,0.0986360022628535,0
0,0.6271020087946307,1
0,0.09795884943656885,0
0,0.12964776304532108,0
1,0.5260350244520189,1
0,0.09495424551913333,0
0,0.14247560833994474,0
0,0.14544455540679124,0
0,0.38913632845629975,1
0,0.1220443945059336,0
0,0.11878660021019959,0
0,0.1302769204182246,0
0,0.2506742056884139,0
0,0.1338696390140079,0
0,0.3553157370175816,1
0,0.41653344894869687,1
0,0.22885518747301323,0
0,0.4788642919692734,1
0,0.11547532495985893,0
0,0.5361285957306597,1
0,0.3025147070664074,0
0,0.13011172062591564,0
0,0.26128708682264884,0
0,0.09016969940057436,0
0,0.10110890650489282,0
0,0.5861494182075492,1
0,0.5024465760378924,1
0,0.187875941639906,0
0,0.5955496231596017,1
0,0.07283713174628849,0
0,0.15302111693218975,0
0,0.16815936510161186,0
0,0.4209132501170484,1
0,0.13064863706623805,0
0,0.2341801086953282,0
0,0.08467189635343936,0
0,0.6661545436072654,1
0,0.35494702395225874,1
1,0.8303451829159637,1
0,0.11764378584089616,0
0,0.2415116737187043,0
0,0.12360637852606755,0
0,0.5231886437269421,1
0,0.08600845540824015,0
0,0.6275841700026867,1
0,0.11692502528283358,0
0,0.14422547984453507,0
0,0.9377832541496266,1
0,0.8096973904729184,1
0,0.1487220432279335,0
0,0.3047094392794373,0
0,0.14188244591454022,0
0,0.13704872435870696,0
0,0.3600239858374912,1
0,0.059857471991076244,0
0,0.4231833921497177,1
0,0.18460561015262159,0
0,0.12401190565904625,0
0,0.12281919216913262,0
0,0.9333583683235663,1
0,0.08156486827727182,0
0,0.5058003347714158,1
0,0.252328690150868,0
0,0.3635794858066578,1
0,0.7465597491737939,1
0,0.24481388679176125,0
0,0.14537367333672643,0
0,0.12270711541896118,0
0,0.43569790330335145,1
0,0.538433064228503,1
0,0.16517977246021662,0
0,0.11662489289721958,0
0,0.17705555464597886,0
0,0.5574675323460485,1
0,0.3201037073926079,0
1,0.6590163292182825,1
0,0.5274203686567378,1
0,0.1437505198363821,0
0,0.46929992667009807,1
1,0.5753305915206194,1
0,0.19320137321714795,0
0,0.07992955914121115,0
0,0.07359072440924348,0
0,0.29773504409523943,0
0,0.1109601515142769,0
0,0.18356238445924,0
0,0.10016915786940775,0
1,0.9573482986510292,1
0,0.1465631339912646,0
0,0.7542780049279771,1
0,0.4551104474468127,1
0,0.12617451437409782,0
1,0.9485555587347005,1
0,0.4255507782160939,1
0,0.09922793521851558,0
0,0.1270080977701361,0
0,0.16866675639700748,0
0,0.8880000605658176,1
0,0.5112670952354783,1
0,0.15074319484478255,0
0,0.11678552448223703,0
0,0.39735502445046317,1
0,0.13189554602854517,0
0,0.1661822984157367,0
0,0.15445103223000742,0
0,0.11289843294278498,0
0,0.45521198044858174,1
0,0.8583647339141087,1
0,0.3083560782765611,0
0,0.4064541616325127,1
0,0.1438417311690179,0
0,0.37944836797301473,1
0,0.8141005950555167,1
0,0.2726664141614664,0
1,0.592595943133318,1
0,0.06446082681767368,0
0,0.6146659797415703,1
0,0.17332483283687036,0
0,0.07485934001530985,0
0,0.5292610274796279,1
0,0.1111702611192306,0
0,0.2067335786102331,0
0,0.12099019411507508,0
0,0.09476125147510038,0
0,0.14353510741397482,0
0,0.8549289626305362,1
0,0.11085918577258903,0
0,0.20839215709192138,0
0,0.09878789993976426,0
0,0.32626744452926104,0
0,0.2999473778326178,0
0,0.09534077045981464,0
0,0.08517302162453164,0
0,0.13065779085426665,0
1,0.19896828068380135,0
0,0.1774697795784072,0
0,0.1130696865017448,0
0,0.6067319648304015,1
0,0.13734688392030509,0
0,0.5579048447577674,1
0,0.14806061393276007,0
0,0.18274105915044966,0
0,0.10637454779867948,0
0,0.11211197151540807,0
0,0.4376008831972471,1
0,0.23645295783810966,0
0,0.12152901689166325,0
0,0.17183192399262082,0
0,0.7041370896051905,1
0,0.5778561098046338,1
0,0.10366134970570819,0
0,0.14419769710499442,0
0,0.46911965643201453,1
0,0.1031892856015067,0
0,0.1412754673696164,0
0,0.6396952717535201,1
0,0.09475977494338655,0
0,0.15858496794895002,0
0,0.142724896230657,0
0,0.1810989279445641,0
0,0.5664906584376448,1
0,0.07194701595973066,0
0,0.05894609784884648,0
0,0.33646737943880756,0
0,0.21700323341009461,0
0,0.08102141261574257,0
0,0.08911253809641675,0
0,0.7197809403924783,1
0,0.11224429426759402,0
0,0.13634572029532557,0
1,0.9202424475465385,1
0,0.11299597307480544,0
0,0.1819200655561095,0
0,0.14463160666603672,0
0,0.2566826251152791,0
0,0.09051215435280925,0
0,0.3753765131044376,1
0,0.8309634521987465,1
0,0.7063380252591545,1
0,0.13394315610181623,0
0,0.08864641503668852,0
0,0.20796120766049947,0
0,0.15572278563461361,0
0,0.09914558938572293,0
0,0.1972451662853513,0
0,0.1045227437801415,0
0,0.09129668453014239,0
0,0.27968130162509725,0
0,0.46955584104960196,1
0,0.23918262642724206,0
0,0.1256067518615189,0
0,0.3049571172258245,0
0,0.5723544214647488,1
0,0.0706026793351363,0
0,0.1300447913492477,0
0,0.2530998404985249,0
0,0.11439767895946616,0
0,0.12312551618695058,0
0,0.1247311334722104,0
0,0.3268685887006548,0
0,0.07059270545053821,0
0,0.33782834974370873,0
0,0.8292195462607719,1
0,0.23057493612878915,0
0,0.5386846442613553,1
0,0.09623585585667327,0
0,0.08321146344236312,0
0,0.17860818297457803,0
0,0.13421896472678965,0
0,0.17989321377217282,0
0,0.13986168550055036,0
0,0.265288127768751,0
0,0.2246975066794333,0
0,0.17221329025754828,0
0,0.3941444992347076,1
0,0.14725191334973964,0
0,0.5825380120131033,1
0,0.11525377653488443,0
0,0.6091157975631241,1
0,0.7928665534708866,1
0,0.8795959053141805,1
0,0.8663333015071546,1
0,0.14816435202723946,0
0,0.5600476912364718,1
0,0.29445718920532027,0
0,0.06204938600619903,0
0,0.09828517812750874,0
0,0.3297496970812286,0
0,0.12606199978103266,0
0,0.5744977502466035,1
0,0.32519907334684867,0
0,0.12701167925443516,0
0,0.1298490148835508,0
0,0.7636637167601872,1
0,0.1325803623161438,0
0,0.4753925422747631,1
0,0.28774376150505815,0
0,0.22243898783204832,0
0,0.15726813373664386,0
0,0.1874884051372161,0
0,0.21981807804337322,0
0,0.8677166182793902,1
0,0.5430402364740666,1
1,0.713701518320551,1
0,0.061529909794235484,0
0,0.14060119623440176,0
0,0.6261034268514786,1
0,0.10524842190374957,0
0,0.14268980151578803,0
0,0.12267760806123168,0
0,0.14577625346774833,0
0,0.38160024531356773,1
0,0.13345717087266173,0
0,0.14786126916929085,0
0,0.1958063528056481,0
0,0.17730149293833844,0
0,0.3542077263633308,1
0,0.612141703462584,1
0,0.11754506073996533,0
0,0.06543455652658219,0
0,0.09135484616186182,0
0,0.6759496660365472,1
0,0.8140081358902045,1
0,0.45813524332549294,1
0,0.23390163797719274,0
0,0.5371154628461033,1
0,0.3597939620949799,1
0,0.16620838910836724,0
0,0.10375354229503936,0
0,0.17116394755232722,0
0,0.4963589681182485,1
0,0.10833718089999406,0
0,0.11151594633148451,0
0,0.15819893752898873,0
0,0.17311565527545553,0
0,0.9574079124147171,1
0,0.42127046848716737,1
0,0.13330199656196962,0
1,0.4713893470615051,1
0,0.06743886676358651,0
1,0.8295331979506687,1
0,0.4034806894207622,1
0,0.12696533094572274,0
0,0.17262212402257454,0
0,0.08531527259149214,0
0,0.07292001968809511,0
0,0.41407344031027693,1
0,0.7378975858151501,1
0,0.4446294265630312,1
0,0.10521284752605788,0
0,0.08980246560823282,0
0,0.1550770793619703,0
0,0.18399858856236945,0
0,0.4623946947605136,1
0,0.2525174449604207,0
0,0.3878521043215706,1
0,0.1461219443091289,0
0,0.19421985537133876,0
0,0.6171062282865234,1
0,0.10294559895739572,0
0,0.10961861274122818,0
0,0.12261088554802385,0
0,0.08612214689748686,0
0,0.37077951954680394,1
0,0.06850241665859728,0
0,0.05361435850776948,0
0,0.09692216180149152,0
0,0.8073526931285623,1
0,0.20085535249727107,0
0,0.10038792056728449,0
0,0.18676711537709864,0
0,0.2012539378612203,0
1,0.0589165196276632,0
0,0.13429506643808453,0
0,0.6158796761791665,1
0,0.3385039284177403,0
0,0.1908341560492326,0
0,0.7073724208562236,1
0,0.9102410432601292,1
0,0.15492320234209725,0
0,0.06118319782140585,0
0,0.18541613408394955,0
0,0.08565905720584154,0
0,0.13101065708160592,0
0,0.3756950985221132,1
0,0.12336728839308933,0
0,0.8203863741606419,1
0,0.12531476386776785,0
0,0.42212909896986356,1
0,0.1524965583572227,0
0,0.2607553381370317,0
0,0.18867687891928692,0
0,0.6935352920890432,1
0,0.16352072912510732,0
0,0.2184535968002173,0
0,0.25286950089875543,0
0,0.17592336473727832,0
0,0.5139329037687781,1
0,0.11948809669242089,0
0,0.0811112742643063,0
0,0.22005907760136778,0
0,0.09136213687626658,0
0,0.05819511118800861,0
0,0.8070004121138643,1
0,0.43330480669237725,1
0,0.1740838928883389,0
0,0.12258317490613872,0
0,0.9255535902390113,1
1,0.38046915785869745,1
0,0.12187408660280241,0
0,0.2621230150460281,0
0,0.5838301198359575,1
0,0.08991663546255031,0
0,0.5274824114408777,1
0,0.253694470011027,0
0,0.10509236753262186,0
0,0.20061008513598752,0
0,0.21293433098372513,0
0,0.7113061585724411,1
0,0.1078258775899023,0
0,0.07528721268007253,0
0,0.35647807468292453,1
0,0.35099882711661173,1
0,0.11712025536265304,0
0,0.3740664126689313,1
0,0.056089233048181766,0
0,0.06436237280332936,0
0,0.2399903555874901,0
0,0.10427379200258487,0
0,0.41940058868704827,1
0,0.21737847438136057,0
0,0.5688365177913957,1
0,0.5743766146139154,1
0,0.7888585691950513,1
0,0.5885940381707114,1
0,0.13721853619410804,0
0,0.08176684439217868,0
0,0.6521998072680529,1
0,0.07191014632698906,0
0,0.10507703426214383,0
0,0.3567268885217571,1
0,0.8781542330726914,1
0,0.08323632437841536,0
0,0.8319148519065566,1
0,0.12445417415864048,0
0,0.06146845235138745,0
0,0.07118540470800855,0
1,0.817537985134619,1
0,0.7506334174021005,1
0,0.157505652270857,0
0,0.634214981928778,1
0,0.07901240003059667,0
0,0.20267815230763633,0
0,0.5048609680328007,1
0,0.27435057307425764,0
0,0.11702008778092633,0
0,0.17710799684872228,0
0,0.1553112608474828,0
0,0.2569885290861101,0
0,0.15107589080443054,0
0,0.06406582914980388,0
0,0.16216886996335464,0
0,0.11161875356585156,0
0,0.3356255581293693,0
0,0.15248005039535997,0
0,0.6425384018851586,1
0,0.5073475131345274,1
0,0.4922690341628793,1
0,0.06499325531165925,0
0,0.09966460327973115,0
0,0.472224453350982,1
0,0.14128794636023448,0
0,0.06647014415182326,0
0,0.48862221669039824,1
0,0.8289442251463249,1
0,0.18254104052802775,0
0,0.18430567779436333,0
0,0.1216657880643838,0
0,0.09494202291157801,0
0,0.2627633320983423,0
0,0.28247591419246537,0
0,0.09348514170071918,0
0,0.3122519218761844,0
0,0.20963243938764553,0
0,0.8521350384186114,1
1,0.9275055641740837,1
0,0.32238470335085156,0
0,0.2893042000902269,0
0,0.13071105166147615,0
0,0.2489432910084966,0
0,0.2349297262145492,0
0,0.4544811193493761,1
0,0.11216595038489054,0
0,0.2022679426130276,0
0,0.10717319654130505,0
0,0.18778957625912804,0
0,0.10649312222466915,0
0,0.09238800260004869,0
0,0.10471016809441024,0
0,0.07367957520767009,0
0,0.5299618287570248,1
0,0.6697576732579693,1
0,0.1440860523838575,0
1,0.5146992591155178,1
0,0.1526023727614122,0
0,0.6893256654697465,1
0,0.10373717243589398,0
0,0.3775571415757691,1
0,0.23133327760644554,0
0,0.11005037737859155,0
0,0.09605286704148593,0
0,0.44294895605017237,1
0,0.08557400985676619,0
0,0.9260706289526295,1
0,0.417168602094145,1
0,0.3489798083882381,0
0,0.20307949493923838,0
0,0.3534183163387768,1
0,0.08861953573621337,0
0,0.10599987084646845,0
0,0.4670669976693836,1
0,0.4545507028687578,1
0,0.135785101084945,0
0,0.35859230059629493,1
1,0.6575029735767643,1
0,0.2721284742390883,0
0,0.12991509317636327,0
0,0.16885784347123342,0
0,0.1849688881016727,0
0,0.33288174636128964,0
0,0.23764342379007658,0
0,0.13291054087210172,0
0,0.9121147238636631,1
0,0.10420212667128591,0
0,0.44430368731368475,1
0,0.12432415638151165,0
0,0.4277385431947253,1
0,0.2481373057844501,0
0,0.8197870433834202,1
0,0.46929268153497605,1
0,0.1554121798887089,0
0,0.13286684982505392,0
0,0.17477193001886498,0
0,0.09738342908438972,0
0,0.4530641670121913,1
0,0.16406383904919392,0
0,0.09078809350190278,0
0,0.12799703598682413,0
0,0.4932330009341607,1
0,0.5610262195975622,1
0,0.28477213453060524,0
0,0.27289589364978273,0
0,0.37348422891215177,1
0,0.573771155700337,1
0,0.06894795496185709,0
0,0.15092091398675303,0
0,0.34062388111412223,0
0,0.15037093447990194,0
0,0.12934644636689083,0
0,0.26907981854118207,0
0,0.2391584491106454,0
0,0.10412269916988641,0
0,0.130101061524022,0
0,0.11821865713271949,0
1,0.4717007731368785,1
0,0.8327091392775479,1
0,0.09561358252964282,0
0,0.8550037939683007,1
0,0.3695957679235118,1
0,0.31260091803472817,0
0,0.46812530393533736,1
0,0.12350559673911356,0
0,0.09364454758820479,0
0,0.38334315871718244,1
0,0.33055391093120323,0
1,0.9615838705900296,1
0,0.09558657672432698,0
0,0.06153001520116098,0
0,0.12701636914166534,0
0,0.7575778818187818,1
1,0.15922971872558958,0
0,0.7640109982802596,1
0,0.2624688977495282,0
0,0.09847156613489973,0
0,0.503700656476669,1
0,0.3370448937720616,0
0,0.08726048765306564,0
0,0.21207131066670815,0
0,0.7930101839061205,1
0,0.160992430180671,0
1,0.9530399741867666,1
0,0.12518611024844875,0
0,0.5542559794500319,1
0,0.2038338267940325,0
0,0.6338653036426646,1
0,0.10053763466046513,0
0,0.44691926315158886,1
0,0.6513693468042372,1
0,0.44751289228073377,1
0,0.10931210633115951,0
0,0.05132939778690206,0
0,0.10865191169254944,0
0,0.12524076054936606,0
1,0.8383217130466092,1
0,0.10595285098643666,0
0,0.8317905248475378,1
0,0.10791784619779446,0
0,0.19248344315657287,0
0,0.10987004618214449,0
0,0.12304040189682947,0
0,0.7246901126421651,1
0,0.2151671807189048,0
0,0.18742005464391492,0
0,0.5941345241234831,1
0,0.7730407164810777,1
0,0.057751693494689296,0
0,0.054770912881517475,0
0,0.3988466027812578,1
0,0.8166482906420621,1
0,0.1926253938823425,0
0,0.2305673027881781,0
0,0.18871620852763446,0
0,0.2743847129109367,0
0,0.09073629248781283,0
0,0.18602925940632645,0
1,0.38916380971086517,1
0,0.520695895668171,1
0,0.20198038349398792,0
0,0.48748405675651924,1
0,0.201619861120505,0
0,0.24303707049429565,0
0,0.20151402247232778,0
0,0.3157579852800151,0
0,0.2213178345002686,0
0,0.5970552604786428,1
0,0.13705242374657767,0
0,0.952626905464921,1
0,0.4592523668172634,1
0,0.1522543711115362,0
0,0.13318713681962505,0
0,0.31998875065640775,0
0,0.14532215610501878,0
0,0.1899345932825006,0
0,0.32127209858665173,0
0,0.3843258830729095,1
0,0.05960475149769381,0
0,0.09799494243374346,0
1,0.10605747455943389,0
0,0.27134656313470645,0
0,0.39052329619248244,1
0,0.23866134726840377,0
0,0.4912988224535285,1
0,0.10454821342922269,0
0,0.44327941467469895,1
0,0.9640250005420294,1
0,0.9071846491935234,1
0,0.863851949217147,1
0,0.49342013442422294,1
0,0.11402093806474044,0
0,0.3503504685879995,1
0,0.20391965357155886,0
0,0.12830463184059568,0
0,0.13989007521969155,0
0,0.6414299237791508,1
0,0.3598054876337003,1
0,0.6694475426408547,1
0,0.29455030428555334,0
0,0.0955169845582336,0
0,0.5599041280827708,1
0,0.5868315809233332,1
0,0.21256830828467935,0
1,0.8253094668560628,1
0,0.07189400287356622,0
0,0.16238025791420482,0
0,0.09767055084578331,0
0,0.2608890664014548,0
0,0.9343573566572115,1
0,0.2756395614932876,0
0,0.5703794550909471,1
0,0.2959623399712794,0
0,0.4270750536397477,1
0,0.44509298640217165,1
0,0.06484495619458032,0
0,0.377344142349032,1
0,0.20352067246199462,0
0,0.4416077406367981,1
0,0.12631579402931925,0
0,0.18746409214519055,0
0,0.199171788757386,0
0,0.14753784779989426,0
0,0.18352076546251406,0
1,0.48954136042229485,1
0,0.11377751636861888,0
0,0.09617512777345393,0
0,0.4123562817496819,1
0,0.3712876539518739,1
0,0.07479956548839863,0
0,0.8955789471520393,1
0,0.44854863965244257,1
0,0.11555540780085433,0
0,0.21709884399497567,0
0,0.10480091460276565,0
0,0.4170497987026245,1
0,0.10795833275289679,0
0,0.183398743197612,0
0,0.09463926257334224,0
0,0.45491005862221195,1
0,0.8537748212200029,1
0,0.09528944126120449,0
0,0.27321397963627114,0
0,0.12351710290422664,0
0,0.31126904436494834,0
0,0.1830616910257274,0
0,0.20558455760155292,0
0,0.06959544506581256,0
0,0.41412877612527677,1
0,0.7032464846081935,1
0,0.14406265373760122,0
0,0.08058227017309051,0
0,0.5828843521990091,1
0,0.1701360568801959,0
0,0.1258203660716286,0
0,0.9240883427222664,1
0,0.1895815695067279,0
0,0.6237780454856928,1
0,0.22736926576156022,0
0,0.21671278707485722,0
0,0.1529327784727929,0
0,0.3762805411107341,1
0,0.5240772140311782,1
0,0.13167608007010864,0
0,0.11923475952058761,0
0,0.4708637583875627,1
0,0.0683394141864632,0
0,0.09481150353911144,0
0,0.21058579162955693,0
0,0.050333393916671396,0
0,0.07411962255188312,0
0,0.12135218064350747,0
0,0.2685109761608941,0
1,0.8761342625150981,1
0,0.12318043730237536,0
0,0.07297268475253144,0
0,0.19840865564443957,0
0,0.10615578774203112,0
0,0.07631917347961718,0
0,0.11910411270698136,0
0,0.11452502563263295,0
0,0.09763128573086902,0
0,0.5874494744560455,1
0,0.2969092962550705,0
0,0.07966169893973314,0
0,0.15019097479458016,0
0,0.12595752617409053,0
1,0.9374278397190374,1
0,0.1307476360333393,0
0,0.1843044946701068,0
0,0.13037719752442334,0
0,0.3112173497153728,0
0,0.14191589985746061,0
0,0.0845220709974355,0
0,0.5146931588859627,1
1,0.6891405776445538,1
0,0.6997813825378578,1
0,0.31813904556475275,0
0,0.42941687763762315,1
0,0.10682255255259432,0
0,0.5703268791889584,1
0,0.0764133664362162,0
0,0.12993478664426023,0
0,0.21131792189586432,0
0,0.8982628343929349,1
0,0.8657194615567213,1
0,0.2731273742921198,0
0,0.838049266194559,1
0,0.10694190342962388,0
0,0.0495137619384814,0
0,0.15404652242353456,0
0,0.1219683488831502,0
0,0.07372380471821852,0
0,0.7418400726400166,1
0,0.18123008974227903,0
0,0.0837556813281248,0
0,0.2138503416036158,0
0,0.11055173773193808,0
0,0.3902484185271875,1
0,0.17812006999540558,0
1,0.5796990535394471,1
0,0.596850114737114,1
0,0.1145818654934719,0
0,0.19960624309808161,0
0,0.05250243994942103,0
0,0.14697953865368388,0
0,0.3252924553248248,0
0,0.09741827681963315,0
0,0.42264927492305726,1
0,0.04998723817399671,0
0,0.13265156149115293,0
0,0.442834121287604,1
0,0.11984146807335383,0
0,0.0701990555892205,0
0,0.3550102570021011,1
0,0.6222545111308364,1
0,0.8075125829860257,1
0,0.23221699651598235,0
0,0.22600201185409582,0
0,0.17558751163562245,0
0,0.49136742242831855,1
0,0.09553054477085403,0
0,0.11630232091818234,0
0,0.20622911043116665,0
0,0.6097261833267402,1
0,0.24030468537559968,0
0,0.15242854240166678,0
0,0.7301590640674781,1
0,0.13194213577940608,0
0,0.06157747858954464,0
0,0.12342957502623274,0
0,0.37299379977722275,1
0,0.1461851594202191,0
0,0.5341217950814635,1
0,0.917706137614208,1
0,0.12198341092772658,0
0,0.25272894739807567,0
0,0.1402397101504084,0
0,0.12380215988752208,0
0,0.3564850648919315,1
0,0.17574876801433426,0
0,0.35875448607705956,1
0,0.1204077897580522,0
0,0.20009964992144635,0
0,0.14208138390555183,0
0,0.5474927932164592,1
0,0.176536863954477,0
0,0.4426411702250949,1
0,0.42475498597641653,1
0,0.4579712884475465,1
0,0.1174044152632455,0
0,0.24732920013752155,0
0,0.5282728892480826,1
0,0.057248544529898845,0
0,0.24095622273570982,0
0,0.8204059017944856,1
0,0.051609173353185454,0
0,0.35774160830650975,1
0,0.2920081215952653,0
0,0.8536929927305107,1
0,0.1162240338059671,0
0,0.25633735274071207,0
0,0.0797650721819083,0
0,0.21741968542885312,0
1,0.5940346305232033,1
0,0.5472936127188206,1
0,0.15113403764036668,0
0,0.6118411828344388,1
0,0.12066705097035907,0
0,0.33946665481739874,0
1,0.8921184814306147,1
0,0.13315036244145617,0
0,0.7178207514980907,1
0,0.062300061517780836,0
0,0.4881438059684126,1
0,0.18969730359486614,0
0,0.14963620851823245,0
0,0.11900394774751881,0
0,0.5219476766036915,1
0,0.1691639907223044,0
0,0.10778594029045926,0
0,0.2318528611202133,0
0,0.488464124871053,1
1,0.550027310959561,1
0,0.350101955169696,1
0,0.513881808947595,1
0,0.12013455263627648,0
0,0.5466049599487863,1
0,0.8834144959290273,1
0,0.5301362496993705,1
0,0.23013968069917756,0
0,0.4834114529137442,1
0,0.12776639867439535,0
0,0.12827786915353742,0
0,0.5590440014031394,1
0,0.21731750754474968,0
0,0.2974337958623565,0
0,0.10666563849903289,0
0,0.1476321155313786,0
0,0.3814663436640105,1
0,0.46737805168934593,1
0,0.13795883311236296,0
0,0.9334027754806086,1
0,0.5948915806028352,1
0,0.5917210328452389,1
0,0.11735201199867099,0
0,0.1369803677711655,0
0,0.3398729612326133,0
0,0.5945048348949022,1
0,0.1149967450339553,0
0,0.0860207072451833,0
0,0.41432106331287644,1
0,0.355708502808241,1
0,0.09122434491351965,0
0,0.08116770519040405,0
0,0.39209061427281183,1
0,0.6332460102763541,1
0,0.3022341622089046,0
0,0.40564030714368904,1
0,0.10839337192687074,0
0,0.1491788965233761,0
0,0.07010948504759397,0
0,0.4793369597357439,1
0,0.3701382270882141,1
0,0.12771493215118848,0
0,0.4576886019455526,1
0,0.12535427558952547,0
0,0.8245234856914565,1
0,0.1744176014314443,0
0,0.1853654740088324,0
0,0.21331773216704986,0
0,0.087477546266538,0
0,0.14672929056359643,0
1,0.9063823217797601,1
0,0.24519315695609686,0
0,0.5182363250169671,1
0,0.5428295616835785,1
0,0.7731262752507342,1
0,0.13994272885510878,0
0,0.44202483529192277,1
0,0.35848240867663717,1
0,0.6450207707840558,1
0,0.07267819942998656,0
0,0.5925080614665985,1
0,0.29940185880980463,0
0,0.29916882075165313,0
0,0.17100533164724255,0
0,0.11286787560963955,0
0,0.6020702572881409,1
0,0.2772470931609061,0
0,0.2226382722105574,0
0,0.14304599538768978,0
0,0.8736230645627504,1
0,0.1795426939099345,0
0,0.16386820781008368,0
0,0.17353029610712267,0
0,0.1667708255743072,0
0,0.41901371097516293,1
0,0.08083111249148288,0
0,0.0761234778786915,0
0,0.13353617247237434,0
0,0.26600376655324176,0
0,0.09326826685871357,0
0,0.18687869446424607,0
0,0.1726407670620903,0
0,0.14136448456077433,0
0,0.14843149724246604,0
0,0.35204676610586383,1
0,0.05238129395755532,0
0,0.18710248718014028,0
0,0.1101370460586606,0
0,0.8345624691138266,1
0,0.34334110597162365,0
0,0.1219428659191675,0
0,0.2250152110617977,0
0,0.7626550309200437,1
0,0.05886855514216767,0
0,0.2618848934674535,0
0,0.10873549857784306,0
0,0.09041877266832937,0
0,0.45869694531058847,1
1,0.7890752504054439,1
0,0.10502956550693421,0
0,0.05604060785072131,0
0,0.09806673804778708,0
0,0.5679557111789454,1
0,0.1313204439970493,0
0,0.599491539332849,1
1,0.8728670175462077,1
0,0.8263311915689886,1
0,0.11438752352428024,0
0,0.13584080666542853,0
1,0.8729793983217354,1
0,0.05962160872020495,0
0,0.3548270168831544,1
0,0.1301790533399821,0
0,0.2259105236096604,0
0,0.6040972346993372,1
0,0.16439376303574804,0
0,0.1618500441293151,0
0,0.30339659751567033,0
0,0.1446600020571688,0
0,0.21738683970841635,0
0,0.40825901843928725,1
0,0.09151703942995958,0
0,0.17898722265879294,0
0,0.6859976520712828,1
0,0.19485076675633733,0
0,0.0823249619911068,0
0,0.2907095008950224,0
0,0.47600507604495507,1
0,0.07956721029982299,0
0,0.10578061373470675,0
0,0.11954083688003841,0
0,0.13213312945265734,0
0,0.2883625372904669,0
0,0.17026129285512448,0
0,0.09797151002287562,0
0,0.6493019756418188,1
0,0.10225987203689453,0
0,0.10537679316159544,0
0,0.3361365961495256,0
0,0.27270098450873254,0
0,0.20538482738543068,0
0,0.5345515430154021,1
0,0.18326482403585453,0
0,0.4206337789178733,1
0,0.22722182386826564,0
0,0.11221709247843023,0
0,0.25514937055944914,0
0,0.0927106824961261,0
0,0.8829199550389821,1
0,0.23573724819162697,0
0,0.893936281849559,1
0,0.13653611021348483,0
0,0.37415703583445903,1
0,0.11400891825658203,0
0,0.8516765744495525,1
0,0.16760069045030535,0
0,0.15726727336799026,0
0,0.13743042966630126,0
0,0.10421233803020918,0
0,0.1345059018104579,0
0,0.7797755245574559,1
0,0.10619497306910412,0
1,0.6755602159335086,1
0,0.09317432985919655,0
0,0.3459593215829751,0
0,0.4091552203058356,1
0,0.05728562628166147,0
0,0.14600664783992462,0
0,0.12922158981874682,0
0,0.27041538772836615,0
0,0.47613631081378394,1
0,0.1420859369923255,0
0,0.11484746333310256,0
0,0.1244638442810926,0
0,0.052077266831514576,0
0,0.22517223675106096,0
0,0.2183995484394995,0
0,0.07203705136094248,0
0,0.19787588596261216,0
0,0.3833627779316416,1
0,0.7886012047600783,1
0,0.3691672642963903,1
1,0.915669250887922,1
0,0.49999649983416417,1
0,0.11119419217430902,0
0,0.3067319429235693,0
0,0.156062069842928,0
0,0.07357086048277266,0
0,0.16575532163626341,0
0,0.3276737590107972,0
0,0.4227549568103394,1
0,0.4876140169317824,1
0,0.5135657884511646,1
0,0.7978494949755073,1
0,0.543344703570743,1
0,0.23162145810325882,0
0,0.3458771747510343,0
0,0.10897124609538357,0
0,0.25897356897519813,0
0,0.5602805203743072,1
0,0.24144392113670554,0
0,0.20942880118687293,0
1,0.5658117258331589,1
0,0.11071343663677133,0
1,0.9584770732647598,1
0,0.30825250865418646,0
0,0.3926015571163762,1
0,0.20274061920297098,0
0,0.1206084631948025,0
0,0.5159994210103442,1
1,0.8476096011533044,1
0,0.17551636682551816,0
1,0.3750583395718965,1
0,0.13088895542435441,0
0,0.3634757982809956,1
0,0.8969211716013956,1
1,0.878779749279928,1
0,0.3384934747738162,0
0,0.23610913492198535,0
0,0.7886012047600783,1
0,0.11149573156871355,0
0,0.4184096319241121,1
1,0.5887659288453639,1
0,0.07770190474188762,0
0,0.2965277693402306,0
0,0.2814268184514178,0
0,0.13733080455967633,0
0,0.34929492787354566,0
0,0.7496818713632616,1
0,0.24774502128711656,0
0,0.10012443859441375,0
0,0.07881251291513394,0
0,0.11455708638239451,0
0,0.062036835975648116,0
0,0.510809801316264,1
0,0.24633520556692082,0
0,0.8277999524841744,1
0,0.27546156059430094,0
0,0.2251558758309811,0
0,0.37911658865122655,1
0,0.13849194289412714,0
0,0.5669082791936126,1
0,0.23367546104387998,0
0,0.230794074606191,0
0,0.08537921758538189,0
1,0.19282279211479023,0
0,0.3272739915588726,0
0,0.09399787449936292,0
0,0.2854406631990889,0
0,0.24555350538235138,0
0,0.5985183419061826,1
0,0.592360939172313,1
0,0.696242755572169,1
0,0.7778807458776466,1
0,0.33660622013816877,0
0,0.4894365480154239,1
0,0.34655792438468125,0
0,0.07429468559661356,0
0,0.12568244822263996,0
0,0.28638874085971067,0
0,0.11256459012577574,0
0,0.3337922932072716,0
0,0.12214976001978087,0
0,0.6564929009808729,1
0,0.3737782886677339,1
0,0.16929966476558386,0
0,0.15151195326647002,0
0,0.4543171245814699,1
0,0.12763430221037875,0
0,0.11266330417385123,0
0,0.5371262940653145,1
0,0.4319187933532183,1
0,0.2166720796282913,0
0,0.5490274606000117,1
0,0.32589257354477846,0
0,0.1935261815410252,0
0,0.15645079329065778,0
0,0.8596769721168969,1
0,0.09081634393783733,0
0,0.21620864600104303,0
0,0.9370078639314168,1
0,0.3293887572679472,0
0,0.7414376826907779,1
0,0.8798141941772007,1
0,0.22379659517289174,0
0,0.25393839297903426,0
0,0.5970725783101487,1
0,0.5142762614757103,1
0,0.12261768817428499,0
0,0.13058240805486654,0
0,0.32483916668591034,0
0,0.1668510975913717,0
0,0.09828671782212198,0
0,0.41632310904678016,1
0,0.337698064032089,0
0,0.08249135801122463,0
0,0.32642448055141793,0
0,0.6196866057709323,1
0,0.17283202815481086,0
0,0.8742361824751358,1
0,0.10891636132398955,0
0,0.15795287551390996,0
0,0.11619631101657958,0
0,0.39135841389251946,1
0,0.1782876477869636,0
0,0.28526525026051985,0
0,0.27518274866330045,0
0,0.12384360644732749,0
0,0.11061742346122515,0
0,0.10001394819793653,0
0,0.3358568402651604,0
0,0.19170789542822084,0
0,0.4410397243827712,1
0,0.09564247592628491,0
0,0.14795786577065645,0
0,0.41033299188690164,1
0,0.3720730273252658,1
0,0.11105503157932928,0
0,0.07411186966112848,0
0,0.14520283268437195,0
0,0.12621105958539827,0
0,0.09376911399742088,0
0,0.10868292335197619,0
0,0.11092984008415996,0
0,0.5361795549770318,1
0,0.32494821861989737,0
0,0.17326694285934868,0
0,0.1276136411684982,0
0,0.7108803494108283,1
0,0.3139305524366065,0
1,0.8666854945148316,1
0,0.17800595362637056,0
0,0.09712693660975232,0
0,0.07612466606448304,0
0,0.1919873730371089,0
0,0.45014400795668885,1
0,0.07677229514380647,0
0,0.20510555263814534,0
0,0.12843097124450656,0
0,0.36135985639181895,1
0,0.5805360562986249,1
0,0.12471769854170503,0
0,0.19044285877837738,0
0,0.06525372822174957,0
0,0.12063299503597441,0
0,0.29638405049514815,0
0,0.13633430622548,0
0,0.25826180505351365,0
0,0.08516299333579336,0
0,0.17147582459721727,0
0,0.8304943612420588,1
0,0.41397812349655366,1
0,0.16601382376751014,0
1,0.6007028013520216,1
0,0.11331473529747524,0
0,0.5084670398012292,1
0,0.32988230831972115,0
0,0.4685062102938345,1
0,0.06992669687480964,0
1,0.19449061029672826,0
0,0.08134117845268045,0
0,0.06891611614420406,0
0,0.36936554402723676,1
0,0.9492809804823829,1
0,0.1915032677119089,0
0,0.3652333014542641,1
0,0.08698224873401125,0
0,0.3042028102365327,0
0,0.2177476406316076,0
0,0.6166949546465645,1
0,0.08942345012494184,0
0,0.5904813844237059,1
0,0.09075491828050444,0
0,0.4461874548095714,1
0,0.2204910830129503,0
0,0.4533130650398467,1
0,0.4742427047531021,1
0,0.6346878672317657,1
0,0.1475782097041958,0
0,0.3908953149622164,1
1,0.8220731730221789,1
0,0.2412363677244522,0
0,0.8310164115575641,1
0,0.5777652000693113,1
0,0.5152733846839656,1
0,0.40742642604846907,1
0,0.3411330663261796,0
0,0.38026696650806074,1
0,0.43392687484634657,1
0,0.4292320239312144,1
0,0.19074991702671895,0
0,0.12717326365615764,0
0,0.13469141961675898,0
0,0.6802680128769122,1
0,0.935980550224805,1
0,0.6135586555977149,1
0,0.1300637990613852,0
0,0.39870584739228976,1
0,0.34081025602389897,0
0,0.13795599108638637,0
0,0.1516016474122942,0
0,0.9272133116631565,1
0,0.7481663131175084,1
0,0.4984541420989181,1
0,0.1435595235655904,0
0,0.5900893655302711,1
0,0.3360200093178633,0
0,0.1320760315334365,0
0,0.2437248363005026,0
0,0.40727031007448095,1
0,0.07751787991032263,0
0,0.24039561110747817,0
1,0.9550383319330635,1
0,0.07175183634682424,0
0,0.16231147691124434,0
0,0.23118866029164967,0
0,0.2191937652236002,0
1,0.09789634044149374,0
0,0.07722554360237158,0
0,0.3780438956871823,1
0,0.3295214572693311,0
0,0.1491552989161532,0
0,0.10816902101413257,0
1,0.9121345911787906,1
0,0.8076322701712364,1
0,0.8274888797802815,1
0,0.07764714697779483,0
0,0.1386129512986624,0
0,0.1085757033969057,0
0,0.661917082291723,1
0,0.14043721053361294,0
0,0.6542986291047782,1
0,0.20775107640671722,0
0,0.13911443649984478,0
0,0.09171722414115455,0
0,0.275228109482106,0
0,0.1688800535162758,0
0,0.5537281015754054,1
0,0.061043194905794684,0
0,0.07092506742074292,0
0,0.4679233110885872,1
0,0.7331760752184353,1
0,0.7568394960992869,1
0,0.054241455200997234,0
0,0.5748461495062718,1
0,0.20150416679890207,0
1,0.7845148029424485,1
0,0.6426648123877569,1
0,0.07968520994072406,0
0,0.2161553842305441,0
0,0.40437476414941076,1
0,0.8550649584009098,1
0,0.06853892984212702,0
0,0.11548772404453106,0
1,0.9338204922411723,1
0,0.8549736860730369,1
0,0.47432592942739965,1
0,0.4617950320711677,1
0,0.09110369414052859,0
0,0.3561766114018362,1
0,0.21579256766103677,0
0,0.3672170621039679,1
0,0.20030928416222019,0
0,0.12040620540674701,0
1,0.7046067778753942,1
0,0.57829674203922,1
0,0.10867251567441626,0
0,0.9217383714057573,1
0,0.2344774147419051,0
0,0.37495287381039955,1
0,0.32332675310949305,0
1,0.9226409504477093,1
0,0.0979014788512846,0
0,0.12799284343303255,0
0,0.11886394377840195,0
0,0.10320842846526233,0
0,0.5202717245596712,1
0,0.37254927074426086,1
0,0.09986660007101773,0
1,0.3741754097749166,1
0,0.8933055488851503,1
1,0.9064387977673746,1
0,0.571394497382226,1
0,0.4116525290303341,1
0,0.11993522782187938,0
0,0.21001874124639042,0
0,0.15396180975636092,0
0,0.6631420806914881,1
0,0.1841286796807041,0
0,0.1437533121210902,0
0,0.15643991689946796,0
0,0.12944637983016755,0
0,0.5652906743482123,1
0,0.153731771438811,0
0,0.09727871744508018,0
0,0.11487018798561621,0
0,0.07395299893163584,0
0,0.08431941363417489,0
0,0.36772678716935503,1
0,0.35505762937291535,1
0,0.08391313126153145,0
0,0.05581204814214642,0
0,0.1220169603891205,0
0,0.09810044242006903,0
0,0.11333100342803613,0
0,0.4130390516895067,1
1,0.36655076952152865,1
0,0.13492322978220694,0
0,0.6745692457112826,1
0,0.9105425344990058,1
0,0.6610446467603123,1
0,0.7972977013457427,1
0,0.22470370185885719,0
0,0.27258876109587243,0
0,0.13001658076875064,0
0,0.409815084534602,1
0,0.16171125943659115,0
0,0.13868623606046887,0
0,0.3922099362858755,1
0,0.16022987611113282,0
0,0.7162325105713866,1
0,0.09103093447526275,0
0,0.07930731400886698,0
0,0.9076226736311016,1
0,0.38870949253706644,1
0,0.08899672388879298,0
0,0.40321935906376183,1
0,0.14216947542846023,0
0,0.17127810182456932,0
0,0.23495968993853247,0
0,0.10179486255979858,0
0,0.7771203067014181,1
0,0.4338716932986647,1
0,0.14653784914123835,0
0,0.16561899843480427,0
0,0.1399853916148133,0
0,0.0716481360266374,0
0,0.7677956018689724,1
0,0.09921645859922046,0
0,0.10616718507688759,0
0,0.07521718043688876,0
0,0.19288395655572768,0
0,0.2575129242267254,0
0,0.17177391970945222,0
0,0.1072347612383382,0
0,0.05461513154602874,0
0,0.948502748489117,1
0,0.24352462511067208,0
0,0.42449968702702856,1
0,0.1738241319533116,0
0,0.5395694048283464,1
0,0.15614985052956962,0
0,0.21959827332208784,0
0,0.09835867593320574,0
0,0.165306364340985,0
0,0.12958762826964,0
0,0.2305689977423305,0
0,0.12402180158702658,0
0,0.11713927412336758,0
0,0.28456139746441955,0
0,0.28166132529157417,0
0,0.6651741822404925,1
1,0.36482129907663435,1
0,0.6010544933103928,1
0,0.3328882437813567,0
0,0.12721742156820176,0
0,0.3396543095432258,0
0,0.5568524726409174,1
0,0.1247376342864548,0
0,0.1155868456488713,0
0,0.13868886279158665,0
0,0.07113325675090834,0
1,0.8586694312692774,1
0,0.1587853974820115,0
0,0.12606115944325336,0
0,0.3293447947361416,0
0,0.0952434262742586,0
0,0.5895503470014265,1
0,0.15457489631408775,0
0,0.895822270032114,1
0,0.123100115145064,0
0,0.6323990185499764,1
0,0.07836389907718376,0
0,0.2752819505921655,0
1,0.44693342085933285,1
0,0.20263745646687711,0
0,0.4371717363610915,1
0,0.3349332523466909,0
0,0.4830903513824552,1
1,0.8051644827604516,1
0,0.1443587571299235,0
0,0.08533401807112767,0
0,0.5501826333339114,1
0,0.2958069098464227,0
0,0.24499143462231573,0
0,0.1895689107567792,0
0,0.21075167073581588,0
0,0.23111962266321698,0
0,0.5788844463776638,1
0,0.19002597072583055,0
0,0.15256138775855158,0
0,0.4127685946945438,1
0,0.07001328694268558,0
0,0.0945337173333054,0
0,0.3661855761646421,1
0,0.14412995959635574,0
0,0.1961403571658668,0
0,0.16892972275262794,0
0,0.4501296026746349,1
0,0.49432008671594785,1
0,0.38606474427674875,1
0,0.5392061841417756,1
0,0.5238031532427695,1
0,0.5269522069029077,1
0,0.8186115063691473,1
0,0.09652534322942101,0
0,0.6201523802933857,1
0,0.24252967726228608,0
0,0.11004045674118529,0
0,0.17938760133148646,0
0,0.4707249721308239,1
0,0.09454429302978673,0
0,0.14363700629173523,0
0,0.1337752587677426,0
0,0.10878953442557304,0
0,0.3033272966284319,0
0,0.6577739555043961,1
0,0.17684828149410292,0
0,0.10641352709213583,0
1,0.6276712394282561,1
1,0.7121789912539204,1
0,0.31517227600944264,0
0,0.08173318711418254,0
0,0.4336996064957612,1
0,0.9508387864987344,1
0,0.1366874294625056,0
0,0.298102286722128,0
0,0.20616192191087315,0
0,0.14613974708812238,0
0,0.11648986538493751,0
0,0.08687486624721563,0
0,0.14253013473925877,0
0,0.17321531211071892,0
0,0.28783942435159937,0
0,0.5002238618420067,1
0,0.116883319729947,0
0,0.1879429972180718,0
0,0.3816458985836455,1
0,0.16485700226005784,0
0,0.1504436133769516,0
1,0.8459605183970135,1
0,0.14226327148880943,0
0,0.325212176402837,0
0,0.37256380908958003,1
0,0.32050092327531415,0
0,0.2556689700411233,0
0,0.12102194658881044,0
0,0.15618285825990655,0
0,0.44308562166418664,1
0,0.34354992444389393,0
0,0.4248122197261058,1
0,0.08229088380038647,0
0,0.6083017914423589,1
0,0.640468386175993,1
0,0.07946771475222182,0
0,0.3660145615865159,1
0,0.5242933436573873,1
0,0.10116820966334099,0
0,0.5997332793200065,1
1,0.8545042612539171,1
0,0.11601895273272689,0
0,0.22128842996014966,0
0,0.08510324484678178,0
0,0.08649297397676134,0
0,0.0634423390718645,0
0,0.3069976958356957,0
0,0.11353796038712417,0
0,0.5589815287477021,1
0,0.2981869163753611,0
0,0.17033856607601983,0
0,0.24536623301613134,0
0,0.1537023265880706,0
0,0.30888131153369086,0
0,0.11345687163310023,0
0,0.5407279626141357,1
0,0.7177229813064705,1
0,0.14160125815530447,0
0,0.1671838863073751,0
0,0.067874776229379,0
0,0.10249785134014817,0
1,0.26080223808757336,0
0,0.105566182142366,0
0,0.14033412149452706,0
0,0.15220457136078577,0
0,0.3965379893244956,1
0,0.09209005076508417,0
0,0.12417515206719432,0
0,0.1355360907397084,0
0,0.06938469304886265,0
0,0.060481627386771895,0
1,0.8936524798449192,1
0,0.05702363991953535,0
0,0.09987946060632807,0
0,0.0717975385275366,0
0,0.16340707138121532,0
0,0.14422643946128524,0
0,0.14355856096384398,0
1,0.9221705156065275,1
0,0.2927487572304966,0
0,0.180146660600653,0
0,0.9521950469880898,1
0,0.604768013110859,1
0,0.821841815754254,1
0,0.12809502298851028,0
0,0.14921375740784812,0
0,0.05197216260528636,0
0,0.47325105387823196,1
0,0.11749027800977557,0
0,0.16382961190273024,0
0,0.6178793018950179,1
0,0.07507557040602326,0
0,0.1466222452814356,0
0,0.10274659070765474,0
0,0.09595882191389309,0
0,0.25696573663027933,0
0,0.1408951497107424,0
0,0.11195974779363932,0
0,0.7980280663421584,1
0,0.8632989946795226,1
0,0.0805827456933992,0
0,0.13488872617339026,0
0,0.17645279378404574,0
0,0.11193885944464398,0
0,0.27972900443583776,0
0,0.7076284989591808,1
0,0.763863532769528,1
0,0.2649246715744047,0
0,0.1712018162470925,0
1,0.523054848450038,1
0,0.1870683148031532,0
0,0.24389075701227564,0
0,0.5484616669618645,1
0,0.42150409997202726,1
0,0.13177542323697566,0
0,0.10377878674598548,0
0,0.0822457652098298,0
0,0.7781815581399392,1
0,0.6006859770869446,1
0,0.40844385391280247,1
0,0.3337074543920329,0
0,0.0565867872188498,0
0,0.10339062952890726,0
0,0.5374103862909025,1
0,0.09415857930713444,0
0,0.3501650194367612,1
0,0.45280048293597164,1
0,0.10469487475853398,0
0,0.4140980604822738,1
0,0.9561187465000481,1
0,0.14608280049222877,0
0,0.16361196414529156,0
0,0.3565695408582019,1
0,0.0557804832296428,0
0,0.4802806670434245,1
0,0.14131501777738534,0
0,0.05985046515137861,0
0,0.08176006822701161,0
0,0.1331650641496878,0
0,0.2913280494240555,0
0,0.2706825759543573,0
0,0.38308881012731755,1
1,0.9214380016740709,1
0,0.44275600200890947,1
0,0.126850751816825,0
0,0.5900618873109065,1
0,0.1543146465499079,0
0,0.24662652615011155,0
0,0.22975864954217712,0
0,0.1081593420576237,0
0,0.10068542417765389,0
0,0.13773554642059793,0
0,0.4281496337107276,1
0,0.0648457751605859,0
0,0.3622520885797149,1
0,0.315181375446878,0
0,0.15208641043667445,0
0,0.12461344044051702,0
0,0.07324605057634165,0
0,0.5267887585441281,1
0,0.1620411317887961,0
0,0.18288078065695124,0
0,0.07127429703678018,0
0,0.19318638848298517,0
0,0.09214449109975621,0
0,0.38410169601795924,1
0,0.1741560173002335,0
0,0.20283771558164682,0
0,0.623905732965899,1
0,0.07310050050788477,0
0,0.7137793557503298,1
0,0.3255777861811887,0
0,0.22149787705883345,0
0,0.43085013613719414,1
0,0.1200056864581687,0
0,0.19626505454804177,0
0,0.1014510210598195,0
0,0.08152275517173198,0
0,0.5132897976269456,1
1,0.5896997942003079,1
0,0.38741384199105555,1
0,0.13258223565513713,0
0,0.31532706732122806,0
0,0.5256726718666905,1
0,0.422129600844449,1
0,0.5093205550440634,1
0,0.12948203241186487,0
0,0.08768570127751268,0
0,0.09337045838354864,0
0,0.32615237979289524,0
1,0.9316151297001662,1
0,0.6719720327656729,1
0,0.43838811080913065,1
0,0.1597690292466386,0
0,0.41336309555268674,1
0,0.18258422152263154,0
0,0.108897068160457,0
0,0.2942415548686949,0
1,0.6008311043485652,1
0,0.06281682289873079,0
0,0.7218878533232024,1
0,0.18408449908951843,0
0,0.07065677251726703,0
0,0.09013715658968281,0
1,0.4943247940281712,1
0,0.855853558432333,1
0,0.17290421350441154,0
0,0.5796947952250963,1
0,0.8867405399079524,1
1,0.5412716513268007,1
0,0.1244610477448485,0
0,0.06488190818408432,0
0,0.17173564941694242,0
0,0.49455224164153655,1
0,0.184874386025026,0
0,0.23685637488672626,0
0,0.16196417498711074,0
0,0.286363356208292,0
0,0.30025353344355904,0
0,0.1112601302686078,0
0,0.23285372529500048,0
1,0.8473331521772852,1
0,0.30252318764802844,0
0,0.1417000583684734,0
0,0.11448139598870836,0
0,0.45942815083087624,1
0,0.08576763087436053,0
0,0.11614956666276124,0
0,0.09707153611474596,0
0,0.4236612773639131,1
0,0.054287828727786286,0
0,0.09547060972924189,0
0,0.5407036064070319,1
0,0.09752810447986493,0
0,0.07975084855297931,0
0,0.14122558477176053,0
0,0.1020623345775469,0
0,0.5523261359478236,1
0,0.10778429387324664,0
0,0.4158455833977004,1
0,0.08135914297771439,0
0,0.9179408781805781,1
0,0.8268928658554283,1
0,0.1724238385323602,0
0,0.48720598292993655,1
0,0.060532131433194476,0
0,0.5846978496671044,1
0,0.1350524245583069,0
0,0.12611330097987783,0
0,0.09960240525156516,0
0,0.513676852077943,1
0,0.11253525982085828,0
0,0.0969606530314295,0
0,0.1174579835330037,0
0,0.09641048076242073,0
0,0.15840523444871366,0
1,0.17277836540967442,0
0,0.1112572149211475,0
0,0.11979745700842408,0
0,0.24405407331122878,0
0,0.09574465650433517,0
0,0.3438220797126281,0
0,0.13051771347398444,0
0,0.5258592642284771,1
0,0.8889717059038628,1
0,0.15417969902365938,0
0,0.32874550247484513,0
0,0.41546483107408483,1
0,0.7229883590417914,1
0,0.21521311764936685,0
0,0.14719646328893066,0
0,0.09566097563171815,0
0,0.8395001563380667,1
0,0.09529072447624977,0
0,0.1492707414159764,0
0,0.1933068899912001,0
0,0.10507320349429344,0
0,0.12628956610920913,0
0,0.149680690601499,0
0,0.10798462390164054,0
0,0.18672999241803284,0
1,0.8950061130260796,1
0,0.11577243810360877,0
0,0.5215665144193644,1
0,0.5649626810030306,1
0,0.13930228933453132,0
0,0.5170419520022036,1
0,0.20673820527776704,0
0,0.06604055955683708,0
0,0.12601728703023674,0
0,0.4010676771303136,1
0,0.1013956470201176,0
0,0.053703558509672254,0
0,0.10453772442126065,0
0,0.44355447008314086,1
1,0.7979664920142057,1
0,0.17190265580653682,0
0,0.1156593327668966,0
0,0.06849343246041471,0
0,0.5096445882174808,1
0,0.14036015768377305,0
0,0.07813761194883237,0
0,0.2155852829282824,0
0,0.13345227625353423,0
0,0.13388751265584606,0
0,0.11233924534547936,0
0,0.7774826289208328,1
0,0.7924783147494252,1
0,0.07243214118726196,0
0,0.07004340249862842,0
0,0.2664580334725678,0
1,0.5344343659747642,1
1,0.5031394476242022,1
0,0.38773926385634266,1
0,0.09134703096413889,0
0,0.7255669565619415,1
0,0.1709127787833329,0
0,0.17289826361413088,0
0,0.5598405738856037,1
0,0.10979722304307661,0
0,0.7288911403431088,1
0,0.10844009165156931,0
0,0.24756860385341128,0
0,0.08605118044259108,0
0,0.06119904666744001,0
0,0.38637335128304134,1
0,0.09483490280651587,0
1,0.708782041052586,1
1,0.8535724786881237,1
0,0.11347241531518758,0
0,0.4821858955160158,1
0,0.08616337158419554,0
0,0.05550425858910464,0
0,0.37846823600698537,1
0,0.46355060351859295,1
0,0.5386557478666963,1
0,0.08134835663026296,0
0,0.44404683088575003,1
0,0.09733888613496168,0
1,0.9383235875967334,1
0,0.08366829344378358,0
0,0.5186001299317609,1
1,0.9165553479609375,1
0,0.5344446180129276,1
0,0.09915752929466731,0
0,0.25419312149496176,0
0,0.22852005270189996,0
0,0.1279067458787514,0
0,0.3524048916853442,1
0,0.060712870237302936,0
0,0.12748143598139997,0
0,0.6292182435872091,1
1,0.44515874158173685,1
0,0.15806696874353557,0
0,0.09679595736152856,0
0,0.2695723798088961,0
0,0.12376396434438125,0
0,0.8164146591260171,1
0,0.12590996598331541,0
1,0.318531156361619,0
0,0.14319586075652077,0
0,0.09436188053953812,0
0,0.27221755446678697,0
0,0.5495797696044552,1
0,0.07524156613057474,0
0,0.8729661650800015,1
0,0.44225987361375124,1
0,0.09179013456254495,0
0,0.15513754984015984,0
0,0.1678484715301091,0
0,0.5153038452425918,1
0,0.07891798125002727,0
0,0.08148589525937355,0
0,0.34179965016637603,0
0,0.21158375269831223,0
1,0.9303268667364555,1
0,0.19463935777011565,0
0,0.41072223470064,1
0,0.8733171087424989,1
0,0.29109159499392834,0
0,0.1323005902545119,0
0,0.1519088837251664,0
0,0.33528032638857597,0
0,0.09508847661637722,0
0,0.17749573818213923,0
0,0.24223746912683258,0
0,0.44080767991717307,1
0,0.8003708914389749,1
0,0.1862179215865543,0
0,0.9493019497817924,1
0,0.125021656777738,0
0,0.3688990054541897,1
0,0.0961322828488447,0
0,0.5039089424303747,1
0,0.4031021195098386,1
0,0.08351862812120107,0
0,0.4054741319990762,1
0,0.3691461162594141,1
0,0.14237048651165915,0
0,0.13918974623526645,0
0,0.08499308852854424,0
0,0.5433617217266147,1
0,0.3406137245551993,0
0,0.4362972441383787,1
0,0.18206032911076972,0
0,0.7042511147338092,1
0,0.5254221701762019,1
0,0.47064566044730327,1
0,0.1504793971318658,0
0,0.09498083647866523,0
0,0.34208925039144933,0
0,0.11693624093192968,0
0,0.25018976666425646,0
0,0.3720767278035791,1
0,0.29134259199242707,0
0,0.8350081085389112,1
0,0.30160265382496354,0
0,0.5864725427403291,1
1,0.8018518113074303,1
0,0.16373867030016132,0
0,0.9104515076287989,1
0,0.23510927920207006,0
0,0.11929519927758375,0
0,0.05975194462123858,0
0,0.35755306726478076,1
0,0.1434755262317315,0
0,0.4770628010982552,1
0,0.8791638842355114,1
0,0.18891065027411716,0
1,0.5065439774276129,1
0,0.6018306198388376,1
0,0.14581463808108575,0
0,0.13099234274382926,0
0,0.17507150280099845,0
0,0.10299741968356518,0
0,0.2697700324732306,0
0,0.7869399133136642,1
0,0.1357877056058313,0
0,0.39103484957547907,1
0,0.084280272518244,0
0,0.21452699450814564,0
0,0.1483919854921605,0
0,0.11316240356764974,0
0,0.17653152966323823,0
0,0.19582498646274618,0
0,0.34694318346294406,0
0,0.4644772778052705,1
0,0.07579862986908724,0
0,0.2593434041919621,0
0,0.09992553441694907,0
0,0.3857761992462421,1
0,0.41593036709104736,1
0,0.15690166096834862,0
1,0.8201166604977975,1
0,0.3348918469911715,0
0,0.2266628667529448,0
0,0.09524275169951513,0
0,0.271027594661149,0
0,0.36995624929933635,1
0,0.6719231905273896,1
0,0.25888151872478826,0
0,0.13874498764545334,0
0,0.31420829737605105,0
0,0.35418360104375807,1
0,0.11029296861344963,0
0,0.21285126437562346,0
0,0.14484871084598525,0
0,0.09714109472534883,0
0,0.17319081937541964,0
0,0.16082783313312785,0
0,0.23778535880127294,0
0,0.14620867337991855,0
1,0.9417395838608186,1
0,0.13488346634524134,0
0,0.22882430045876892,0
0,0.08258962828474124,0
0,0.19015411404627303,0
0,0.28816841924658676,0
0,0.12372682571068372,0
0,0.3923256245990141,1
0,0.8687428426224344,1
0,0.06396221693805115,0
0,0.08755029926622278,0
0,0.8259262927643882,1
0,0.6558036617760223,1
0,0.100889254996009,0
0,0.5310264751265541,1
0,0.05581204814214642,0
0,0.18722990160722008,0
0,0.05916025315889888,0
0,0.09617605266414177,0
0,0.10715146553662462,0
0,0.1345239986763883,0
0,0.21038670678230625,0
0,0.1578653639458777,0
0,0.401668849390113,1
0,0.09249570970495248,0
0,0.11801248225830105,0
0,0.38343760204288607,1
0,0.08305317173729403,0
1,0.8601449625853184,1
1,0.26213320387034933,0
0,0.5209955750674699,1
0,0.07322887473443247,0
0,0.1149053422225456,0
0,0.0761894921792534,0
0,0.23752569416991817,0
0,0.44126321118834727,1
0,0.15516017962358364,0
1,0.8427696710054314,1
1,0.9665779279930983,1
0,0.5168927831343679,1
0,0.36852113119350394,1
0,0.2719697745587759,0
0,0.07156024214162196,0
0,0.5542145763466954,1
0,0.16375646990249146,0
0,0.14198252298288022,0
0,0.3273750062770642,0
0,0.06403821743951059,0
0,0.16175140130276755,0
0,0.16004758866370986,0
0,0.1095158658144972,0
0,0.5758027249815242,1
0,0.21559970827943634,0
1,0.1105124411747003,0
0,0.31303742984924116,0
0,0.1374791422312953,0
0,0.11967370542524004,0
0,0.2601621138814313,0
0,0.7915497678793517,1
0,0.15984781338215753,0
1,0.38647533074073354,1
0,0.055668793756096256,0
0,0.8145547036084466,1
0,0.551869524126694,1
0,0.08583767084774085,0
0,0.7891211177579297,1
0,0.0632897150792373,0
0,0.4519386984347486,1
0,0.1358332501711854,0
0,0.21372927825342217,0
0,0.12089771340521147,0
0,0.08168770379052755,0
0,0.11863027796588059,0
0,0.08985935791575643,0
1,0.9092212760411079,1
0,0.1409122121303855,0
0,0.15377728192531318,0
0,0.14636819698493214,0
0,0.4123411410884516,1
0,0.34586121234122347,0
0,0.14744073848505174,0
0,0.4097197501571401,1
0,0.4648228545165042,1
0,0.26443402492121487,0
0,0.4088340076608696,1
0,0.3386182139311219,0
1,0.9198064405611185,1
0,0.356333125726683,1
0,0.69031017943002,1
0,0.4377479012507866,1
0,0.3090329526543343,0
0,0.14077511231847756,0
0,0.5905165011688437,1
0,0.5057465019436442,1
0,0.35238669772142134,1
0,0.12469272390633492,0
0,0.09875054329422038,0
0,0.9518481536216369,1
0,0.12375870711156421,0
0,0.05731765101792391,0
0,0.2074202878973045,0
0,0.23296321597580483,0
0,0.31303037644544024,0
0,0.3074423060396757,0
0,0.6947103029232158,1
0,0.12634434579611373,0
0,0.13463300869864023,0
0,0.5677264654344742,1
0,0.07190966253502457,0
0,0.2565605096329884,0
0,0.11740404850519306,0
0,0.7064060095653523,1
0,0.15156618856381257,0
0,0.14259667877219212,0
0,0.37597328564356614,1
0,0.2491673652857691,0
0,0.5602998672485949,1
0,0.10385419926116933,0
0,0.2746191886563382,0
0,0.10867001548893372,0
0,0.11989058748605563,0
0,0.1459073763844182,0
0,0.13361599278839728,0
0,0.11149459880633,0
0,0.11097701404167083,0
0,0.30343196338814915,0
0,0.5046431694561037,1
0,0.5990787633756998,1
0,0.2699702865993271,0
0,0.11263399020722789,0
0,0.059510941679100815,0
0,0.12411281530063635,0
0,0.28027532627893964,0
0,0.08292695545947709,0
0,0.1494898047155275,0
0,0.07851811730345276,0
0,0.14807927943969088,0
0,0.38107163477437483,1
0,0.27599349246901084,0
0,0.5739873950868298,1
0,0.07712864446754684,0
0,0.06153149646814005,0
0,0.3911306286874227,1
1,0.8635769730948315,1
0,0.10808818883405971,0
0,0.1299865982725332,0
0,0.0969399950361482,0
0,0.09347212687570279,0
0,0.13580062334663845,0
0,0.37079498096888164,1
0,0.07871287342899207,0
0,0.21147468482622392,0
0,0.1561979861480293,0
0,0.10082583622688565,0
0,0.20747733813875743,0
0,0.08203389835372578,0
1,0.13169992200099595,0
0,0.1800831020701471,0
0,0.10849342986672143,0
0,0.16502796751037535,0
0,0.16155284335283226,0
0,0.15744868693216307,0
0,0.492585200521959,1
0,0.4615305739971359,1
0,0.13390591696711893,0
0,0.08723362095398628,0
0,0.3051848458312704,0
0,0.1108650551272894,0
0,0.10899244264706504,0
0,0.3078459545105126,0
0,0.10581153515038907,0
0,0.060597547449886484,0
0,0.3461596320486553,0
0,0.1955721451088227,0
0,0.11941984357701296,0
0,0.08270512455510191,0
0,0.254435992570376,0
1,0.6238087719157622,1
0,0.3204702652988917,0
1,0.963532883694704,1
0,0.45100078682137706,1
0,0.2677334566988558,0
0,0.07621773940279673,0
0,0.49115872345048,1
0,0.1839611468547376,0
0,0.3194756890541255,0
0,0.37979360839460113,1
0,0.11855147995752419,0
0,0.1389520558012199,0
1,0.42071124424156564,1
1,0.6651410564948705,1
1,0.5175671922175084,1
0,0.24341100772997487,0
0,0.12838594973951675,0
1,0.7747706573989566,1
0,0.29917003402941167,0
0,0.08621186255320797,0
0,0.16400606516987926,0
0,0.30910585423791387,0
0,0.11784387009565327,0
0,0.8857972707561667,1
0,0.10998256215840435,0
1,0.10061804819803974,0
0,0.6917597940638903,1
0,0.3962164556928339,1
0,0.0882934574259976,0
0,0.104014757609325,0
0,0.10363673055323372,0
0,0.4030736471908906,1
0,0.32522699837852215,0
0,0.10106359059171242,0
0,0.16247908239589606,0
0,0.11453011327345587,0
1,0.9241034168825617,1
0,0.6768600548184607,1
0,0.631766127691166,1
0,0.43002766554924715,1
0,0.104835151770007,0
1,0.5253341948928192,1
0,0.10877197268960555,0
0,0.10657154521834807,0
0,0.314512778518587,0
0,0.5370357520166441,1
0,0.35700517410891713,1
0,0.1593084973444125,0
0,0.2898961426557919,0
0,0.09660468645076668,0
0,0.13455132739408704,0
0,0.2708635512282008,0
0,0.07102982200369808,0
0,0.580595316908159,1
0,0.09300970715336031,0
0,0.47784755547912056,1
0,0.10479212172267165,0
0,0.23733829801799947,0
0,0.1001731112021713,0
0,0.11236173429334821,0
0,0.175409576550706,0
0,0.32056645421871766,0
0,0.45267071035678913,1
0,0.20442231075978562,0
0,0.9077149237104142,1
0,0.23979112172549288,0
0,0.37677255973953405,1
1,0.9288395816323506,1
0,0.22080282840958973,0
0,0.19859871807346582,0
0,0.10134582965376203,0
0,0.174709137345547,0
0,0.0828086573374913,0
0,0.4070351238843226,1
0,0.1003649559438944,0
0,0.2965790638339798,0
0,0.22491529074914898,0
0,0.2448557715556655,0
1,0.9123435232905034,1
0,0.090458588245485,0
0,0.1301041114216025,0
0,0.24058026340017852,0
0,0.29953599178254764,0
0,0.7128094069591073,1
0,0.15123982058481705,0
0,0.3123193103404142,0
0,0.29762318431759666,0
0,0.14873586090732802,0
0,0.16865752190887467,0
0,0.5703799341147942,1
0,0.08566572191869583,0
0,0.08358722516054659,0
0,0.11527651359504411,0
0,0.09831592185980063,0
0,0.16081538024029585,0
0,0.09187531329888564,0
0,0.2934375638690423,0
1,0.40549464562507326,1
0,0.11540040386570448,0
0,0.2642136581095189,0
0,0.08213170150494283,0
0,0.3497870409416581,0
0,0.4264661396499525,1
0,0.24118633063187764,0
0,0.9552319567042455,1
0,0.919113442340381,1
0,0.050978992865413006,0
0,0.5614845343089253,1
1,0.817522382870574,1
0,0.13965195156147103,0
0,0.9161554346715257,1
0,0.09856952691473415,0
1,0.7705141929478454,1
0,0.14800834246832464,0
0,0.15666233293442144,0
0,0.593157095471084,1
0,0.08386882431568318,0
0,0.9279758876497106,1
0,0.07796470179403597,0
0,0.3134506244144952,0
0,0.3289044078355046,0
0,0.05742432503015334,0
0,0.10397301267896926,0
1,0.8493957217864322,1
0,0.11852635403213166,0
0,0.2959464109874515,0
0,0.05546200232614735,0
0,0.27381014410083776,0
0,0.14942654351160625,0
0,0.10653687777000173,0
0,0.1440365810474912,0
0,0.2653944942932306,0
0,0.22520382785300175,0
0,0.2110426819011236,0
0,0.16405449559316848,0
0,0.5121141960497371,1
0,0.0758674285849227,0
0,0.14426133588229567,0
0,0.18173871417177548,0
0,0.14429822358985842,0
0,0.12289104354419557,0
0,0.8669974843031162,1
0,0.4300442643759722,1
1,0.937742432971339,1
0,0.09489514869042015,0
1,0.5635910039540823,1
0,0.09609841522357421,0
0,0.5830800956185099,1
1,0.6777438793318475,1
0,0.13396080535737068,0
0,0.09107645110578991,0
1,0.25645624037891607,0
0,0.9401539979033368,1
0,0.237299970272816,0
0,0.1437803682902142,0
0,0.10240297364840223,0
0,0.10934121435029887,0
0,0.2975849199157673,0
0,0.5634157159124138,1
0,0.2626473199187061,0
0,0.31735658744862844,0
0,0.5528464697249275,1
0,0.21045828852603607,0
0,0.08240460521302388,0
0,0.47270063481251545,1
0,0.11149271887031288,0
0,0.08202861466517813,0
0,0.827953363963471,1
0,0.7405294329135875,1
0,0.2763558531834074,0
0,0.10409783624299448,0
0,0.16626032650361314,0
0,0.6299374678182823,1
0,0.12077704515781389,0
0,0.15738955185198208,0
0,0.5099191070980632,1
0,0.17651442402835052,0
0,0.0635178805423407,0
0,0.5288008291697888,1
0,0.1043647302946291,0
0,0.29333787400658556,0
0,0.5445751863773318,1
0,0.1929225782612977,0
0,0.22067478381304848,0
0,0.741511627605483,1
0,0.5204586735626967,1
0,0.5276258863835385,1
0,0.12597608480878153,0
0,0.20425180869635032,0
0,0.1498311664429577,0
0,0.1231156384997517,0
0,0.1657057473751176,0
0,0.20119542602534576,0
1,0.9255192289845574,1
0,0.17371840229056806,0
0,0.574983256243997,1
0,0.08623802682774664,0
0,0.6006901898276392,1
0,0.1829025925031957,0
0,0.5342347385067101,1
0,0.06687155056985623,0
0,0.23913449993415004,0
0,0.21731702784541465,0
0,0.1084800399834494,0
0,0.11784324080325234,0
0,0.11338076271062413,0
0,0.08923911712060302,0
0,0.859526537750783,1
0,0.09963594400672349,0
0,0.23721101989730742,0
0,0.33397362173329376,0
1,0.6682308243471972,1
0,0.14965026048503424,0
0,0.13740793826534745,0
0,0.21904191424666639,0
0,0.20937467081672645,0
0,0.214799092897268,0
0,0.13802432669541906,0
0,0.5624289556870636,1
0,0.19447884852837355,0
0,0.11207459627519162,0
0,0.6131892246469747,1
0,0.13633100940357398,0
0,0.17700049080592137,0
0,0.10876482796445984,0
0,0.1460607878430019,0
1,0.9439621175397157,1
0,0.19656737052105008,0
0,0.7924021531572153,1
0,0.2537139635139194,0
0,0.6120658238952266,1
0,0.17696445163904936,0
0,0.34321423702444115,0
0,0.7249081798379757,1
0,0.08762336421503074,0
0,0.11294497676603868,0
0,0.09325963876447642,0
0,0.43401826627778245,1
0,0.5488394125353003,1
0,0.27677020958455517,0
1,0.5884959433860427,1
0,0.20575422355605358,0
0,0.08774123090128616,0
0,0.4976603770978964,1
0,0.43048050553532574,1
0,0.09941652866681111,0
0,0.10751701846435625,0
0,0.20713277996192964,0
0,0.11192514525028623,0
0,0.06875866852215343,0
0,0.6128531859530636,1
0,0.1248241426830282,0
0,0.5425146848229052,1
0,0.11595342161893513,0
0,0.7067645327544593,1
0,0.7538279302821755,1
0,0.118773330473243,0
0,0.3136788510935496,0
1,0.4720154226798234,1
0,0.15716643902548005,0
1,0.8700357167122943,1
0,0.773473288793379,1
0,0.5468610259519284,1
0,0.11895189043032146,0
0,0.33201036014896207,0
0,0.5930013373199302,1
0,0.9351017252566362,1
0,0.13856891112294242,0
0,0.4817524953502696,1
0,0.09421062200655675,0
0,0.20302335861554321,0
0,0.12544676913477948,0
0,0.10512402907989012,0
0,0.06326221633150907,0
0,0.40534673450967756,1
0,0.5308141088848206,1
0,0.16597731523818357,0
0,0.463818290662337,1
0,0.630464993765995,1
0,0.5247714953084888,1
0,0.8245690976402823,1
0,0.9227518814411367,1
0,0.04763656652779738,0
0,0.14130638165312226,0
0,0.3925345856546161,1
0,0.5510659813850196,1
0,0.1180098372495715,0
0,0.08516163309089454,0
0,0.8025068045432435,1
0,0.049979626041344274,0
0,0.09566225901824107,0
0,0.11113948885994468,0
0,0.1295458245995547,0
1,0.4055947269054713,1
0,0.09887391225344853,0
0,0.09832483335806672,0
0,0.12219557983605156,0
0,0.20709856903037077,0
0,0.31441518157689907,0
0,0.5313768566609399,1
1,0.8634799397043929,1
0,0.5755999864296863,1
0,0.12661462120473402,0
0,0.5473179148994741,1
0,0.4795315755643109,1
0,0.13995689679967305,0
0,0.17750068539604946,0
0,0.23391733731783618,0
0,0.09025798370108411,0
0,0.3135102294204011,0
0,0.5216349474831228,1
0,0.08026125547333704,0
0,0.3293417531250179,0
0,0.5408839014933465,1
1,0.97095466496413,1
0,0.1515642519253255,0
0,0.8827148169575848,1
0,0.1780441421801394,0
0,0.7890331395867853,1
0,0.36463983462740274,1
0,0.10703464902461932,0
0,0.0793006993975598,0
0,0.11360372962638465,0
0,0.1669395573364635,0
0,0.11758844164942273,0
0,0.7338164018491323,1
0,0.14642660136266286,0
0,0.1390903897210559,0
0,0.2954838268837074,0
0,0.3901244257798093,1
0,0.23076116602217606,0
0,0.11209211969122386,0
0,0.23837504685197672,0
1,0.691382339522027,1
0,0.11492400283342633,0
1,0.2678624061920205,0
0,0.13529771855292966,0
0,0.10432259412316416,0
0,0.3904984024087676,1
0,0.18172290292113333,0
1,0.791524437292063,1
1,0.40681201883491297,1
0,0.24627626082869958,0
0,0.13978123851687368,0
0,0.16282664753711157,0
0,0.26827352557481504,0
0,0.3897452295797461,1
0,0.13869259878161452,0
0,0.09695241703073601,0
0,0.7640822612093948,1
0,0.08241663131441244,0
0,0.29572364648533256,0
0,0.18367915011440894,0
0,0.2112450061333201,0
1,0.7608555554466379,1
0,0.30148847891584474,0
0,0.33998792077556184,0
0,0.278558072801726,0
0,0.27279911743064544,0
0,0.10526878851193838,0
0,0.8627140760213733,1
0,0.12534365343658938,0
0,0.6844039270159189,1
1,0.9536084315337983,1
0,0.1567619594953217,0
0,0.07334982322649752,0
0,0.06957339393921555,0
0,0.1611012564868603,0
0,0.2812178659670577,0
0,0.15589712212573412,0
0,0.352185735941895,1
0,0.12390866281114633,0
1,0.9524078951502958,1
0,0.8829790427259612,1
0,0.1110074966431271,0
0,0.5416718468141859,1
0,0.2687027276443905,0
0,0.1679310794800225,0
0,0.5786319357673214,1
0,0.1478412785837805,0
0,0.5108834533256169,1
0,0.1118658010671201,0
0,0.07528528407426936,0
0,0.12746305416317638,0
0,0.163222297042517,0
0,0.2640732846441333,0
0,0.1363071224304937,0
0,0.19802272549368943,0
0,0.3142844990379174,0
0,0.11318766946121492,0
0,0.1015533650928373,0
0,0.12588821249613893,0
0,0.2082053505680492,0
0,0.08269479319984352,0
0,0.3496189247603602,0
1,0.8162968871048022,1
0,0.13912744660008325,0
0,0.6461933294117471,1
0,0.5914140674760094,1
0,0.08061978760077794,0
0,0.15027638172121763,0
0,0.47649529701978366,1
0,0.12156251322154887,0
0,0.39852376109695714,1
0,0.09812157058775571,0
0,0.10564901154600746,0
0,0.7963664300711137,1
0,0.18545834040419962,0
1,0.6194557290615433,1
0,0.3076631683088992,0
0,0.08472061986779768,0
0,0.17203297756649594,0
0,0.24609814726323626,0
1,0.9467332190768712,1
0,0.0600355082966027,0
0,0.2974866902606823,0
0,0.616967626993626,1
0,0.8457614764586245,1
1,0.8463133908395017,1
0,0.11121209308466885,0
0,0.3130557328409727,0
0,0.08224380883503292,0
0,0.09909448299688982,0
1,0.7115954475701495,1
0,0.32380946137868627,0
0,0.6777990953996406,1
0,0.41145543724848527,1
0,0.1051688755274906,0
0,0.5664302579132748,1
0,0.06855721730671452,0
0,0.530268905193665,1
0,0.11992958338680838,0
0,0.09589130492622022,0
0,0.17822484319675358,0
0,0.27852379685906054,0
0,0.11202499429470776,0
0,0.32736272455143184,0
0,0.40688719549135066,1
0,0.09810668010521628,0
0,0.10277780192278692,0
0,0.051554149293438156,0
1,0.15433640834267157,0
0,0.15161809352383918,0
0,0.16883079656488403,0
0,0.11025841709713653,0
0,0.29895623408566774,0
0,0.5041631651095758,1
0,0.1871692962136056,0
1,0.5518329697811327,1
0,0.3377188363858431,0
0,0.10464156343846953,0
0,0.2700207205351778,0
0,0.6148734646274784,1
0,0.3535098278105468,1
0,0.10524469454122148,0
0,0.14425581355443917,0
0,0.09744146166664691,0
0,0.09976880848423177,0
0,0.5555409958401176,1
0,0.1997288138141993,0
0,0.23947064490901246,0
0,0.13643259376591474,0
0,0.3462967648540506,0
0,0.340720969932275,0
1,0.8332754013450503,1
0,0.08702306136324194,0
0,0.09787114379202577,0
0,0.15872317348271128,0
0,0.3014531662276767,0
0,0.5670181195093068,1
0,0.9187314156907689,1
0,0.15792466083967416,0
0,0.16334692809943835,0
0,0.3329957621390898,0
0,0.12283977483725292,0
0,0.16871494913706328,0
0,0.7000008207376689,1
0,0.7305391031439112,1
0,0.43001138384889553,1
0,0.1366340498932624,0
0,0.13300844996649666,0
0,0.191118524746296,0
0,0.20187395982371173,0
0,0.4543895572181435,1
0,0.20445503219620817,0
0,0.247041732181361,0
0,0.29147150763182605,0
0,0.2578561126578061,0
0,0.12240137933105054,0
0,0.07664445904360646,0
0,0.10224295504212395,0
0,0.92976860948326,1
0,0.4552195519309593,1
0,0.1745690328780093,0
0,0.12154190942781415,0
0,0.1762357092792207,0
0,0.16278962130041144,0
0,0.09891172063104911,0
0,0.1189015397573899,0
0,0.17176400182079288,0
0,0.4383542295773944,1
0,0.179964679395089,0
0,0.4250745904051742,1
0,0.14565471204010316,0
0,0.5397607192743922,1
0,0.5057161243970963,1
0,0.3911526145199862,1
0,0.11503791784309231,0
0,0.25529802055705453,0
0,0.4371769506446474,1
0,0.5211655316758237,1
0,0.6323889445632175,1
1,0.9341586717711859,1
0,0.0855724696114249,0
0,0.11741063865838285,0
0,0.3766814640533737,1
0,0.18113475672021678,0
0,0.10397146898820364,0
0,0.4352809016832553,1
0,0.9566698332318705,1
0,0.17331751122205807,0
0,0.3040234293411446,0
0,0.8812778859032293,1
0,0.2460024441615219,0
0,0.28874452833413067,0
0,0.4550750086157688,1
0,0.16198891351962966,0
0,0.3282075625671197,0
0,0.5584650712214302,1
0,0.24407292291262428,0
0,0.06483150617339102,0
0,0.08104635605751746,0
0,0.06338613082261572,0
0,0.5846697872657584,1
0,0.5856298116660659,1
0,0.16773684678964595,0
0,0.5046972884491205,1
0,0.3586942638901022,1
0,0.13895482546105603,0
0,0.23983784499655683,0
0,0.17114933588520395,0
0,0.3977847857905137,1
1,0.8086984789249319,1
0,0.1388001261162376,0
0,0.08669003133351609,0
0,0.3127856647037715,0
0,0.3522939424946584,1
0,0.11896830175186492,0
0,0.12054106765319758,0
0,0.1738875902051191,0
0,0.18188733409894298,0
0,0.11885019504495681,0
0,0.1915930339318721,0
1,0.940337254340394,1
0,0.22284667602822783,0
0,0.07430899852478029,0
0,0.08232428456466706,0
0,0.32802492603149475,0
0,0.09380147622417205,0
0,0.47708690884649146,1
0,0.15152429519734223,0
0,0.5476185075533715,1
1,0.5464000666710181,1
0,0.2151048265932778,0
0,0.21565687165900457,0
1,0.13332734078792596,0
0,0.1578464426495508,0
0,0.28870680924546904,0
0,0.19377024550525881,0
0,0.3259119038089635,0
0,0.13195370978970183,0
0,0.1209860688672948,0
0,0.10211046142130567,0
0,0.23749396832501182,0
0,0.07914601859264044,0
0,0.11622009375901972,0
1,0.8655888366047347,1
0,0.08365425967470154,0
0,0.2521114463026931,0
0,0.07650720395012248,0
0,0.10409387493649601,0
0,0.3417542684812123,0
0,0.44558512094157804,1
0,0.15090937064993404,0
0,0.32855757941070646,0
0,0.12693750214859506,0
0,0.09784693395259811,0
0,0.07548511921562114,0
0,0.9137966797912795,1
0,0.4245893522733611,1
0,0.08757802970288184,0
0,0.6435628372004679,1
0,0.1318454505462679,0
0,0.08193547465756292,0
0,0.0827639718215744,0
0,0.10201048508186572,0
0,0.10999782416833126,0
0,0.16998418545247346,0
0,0.11856669439745296,0
0,0.0959933360995063,0
0,0.31988268209874776,0
0,0.32868375711403774,0
0,0.23489698223551012,0
0,0.4112574776383618,1
0,0.34847856306499864,0
0,0.2577139677034234,0
0,0.10309226928525543,0
0,0.840700502448845,1
0,0.1306201995501299,0
0,0.2387354763746747,0
0,0.1288894706070268,0
1,0.7933425842416246,1
0,0.9455405653448872,1
0,0.6486718688428972,1
0,0.19259123360557465,0
0,0.6323780233642105,1
0,0.08330528238536712,0
0,0.08183864434108963,0
0,0.4151170758918025,1
0,0.696590502660649,1
0,0.16634990780837416,0
0,0.7651354378874466,1
0,0.40367053481056414,1
0,0.09624497802134922,0
0,0.41793437295893504,1
0,0.30890223283082857,0
0,0.17106326840171987,0
0,0.3263283009234676,0
0,0.16420769143498673,0
0,0.09365467271986654,0
0,0.4143844961109037,1
0,0.34101808365779057,0
0,0.5914650772704552,1
0,0.06763319871802514,0
0,0.1606014689042022,0
0,0.19476156101422448,0
1,0.9424514412788673,1
0,0.1481679708962585,0
0,0.34623376622414037,0
0,0.5782981101486632,1
0,0.2699966784358356,0
0,0.2755705219149961,0
0,0.16343407727779702,0
0,0.09881614465976557,0
0,0.47036295001946465,1
0,0.11277914475572687,0
0,0.8093590946619019,1
0,0.14864751985058783,0
0,0.5728742508708535,1
0,0.23777487346842893,0
0,0.584763934469885,1
0,0.4694717992395262,1
0,0.42725034079995633,1
0,0.13166119743945165,0
0,0.10802338049031611,0
1,0.7776851190180052,1
0,0.4002025998576244,1
0,0.13298142190439982,0
1,0.8316966515527435,1
0,0.0798638760144974,0
0,0.12275164365613954,0
0,0.47236804728696463,1
0,0.27746867282949245,0
0,0.35772273464228094,1
0,0.32392167031977337,0
0,0.07801583978474042,0
0,0.07294971854096141,0
0,0.38365826729362046,1
0,0.8639101802156331,1
0,0.2627960491782418,0
0,0.9164998040049972,1
0,0.39327449142576815,1
1,0.8545092455320887,1
0,0.12105784464370181,0
0,0.14575651683343538,0
0,0.13901412039028405,0
0,0.10031801652568641,0
1,0.6046928841562892,1
0,0.08954230880534382,0
0,0.40183779422651206,1
0,0.16498145717195636,0
0,0.17731417717255316,0
0,0.3588899629854643,1
0,0.11216153607479962,0
0,0.3556788807714208,1
0,0.24364078022465363,0
0,0.14087371466259552,0
0,0.19338870532000085,0
0,0.5881429993123856,1
0,0.5222494953318092,1
0,0.5857057918828158,1
0,0.08834336984282683,0
0,0.17774702274897833,0
0,0.37150388715331945,1
0,0.36250461880100315,1
0,0.0931878997799036,0
0,0.48920619140219124,1
0,0.15946883166333853,0
0,0.8020666912446939,1
0,0.11747410261958136,0
1,0.44064761459958013,1
0,0.31162279053042297,0
0,0.1837248390159715,0
0,0.5158498581479988,1
0,0.21729973013394158,0
0,0.8367640121295304,1
0,0.13924904382920616,0
0,0.20288333133260464,0
0,0.06994451454804748,0
0,0.18897821438410467,0
0,0.04797807313112721,0
0,0.21536961673592217,0
0,0.09273313108711405,0
0,0.06178132379650189,0
0,0.17766837450444983,0
0,0.5155595698948177,1
0,0.058483831591369294,0
0,0.13009576562622893,0
0,0.6671172229353693,1
0,0.3872498006957107,1
0,0.2426720609919962,0
0,0.24535131058738238,0
0,0.06609302379037069,0
0,0.3236575283773186,0
0,0.16273792411189875,0
0,0.12424708016563057,0
0,0.055783099960976454,0
0,0.14990713233797034,0
0,0.3478474606789294,0
0,0.12087287419148005,0
0,0.25778577526394647,0
0,0.1750440809578437,0
0,0.1512195626564897,0
0,0.12222404149586559,0
0,0.09824999438803937,0
0,0.2734678819000502,0
0,0.09110804268786842,0
0,0.43541724865435677,1
0,0.3273123836563344,0
0,0.060339373051815845,0
0,0.14441811630493878,0
0,0.1574983781969841,0
1,0.7755850601056713,1
0,0.34298338034479475,0
0,0.309392978643366,0
0,0.5142265062800647,1
0,0.19900949000847637,0
0,0.1814528952469817,0
0,0.8100089372964943,1
0,0.10922506188912856,0
0,0.46963483362218433,1
0,0.382671411017291,1
0,0.08174611433692938,0
0,0.5288341594712059,1
0,0.15602965066502775,0
0,0.07788253002094166,0
0,0.1753882752981432,0
0,0.4244520242398275,1
0,0.19820059149778452,0
0,0.13129778113839252,0
0,0.13126308369874118,0
0,0.12632181559665462,0
0,0.27426878212589806,0
0,0.5829383032267655,1
0,0.10096632247005996,0
0,0.6012091421484247,1
0,0.05926753097256783,0
0,0.17598488911997567,0
0,0.27510433330544515,0
1,0.9179383209686887,1
0,0.08001939308928688,0
0,0.18628032105819353,0
0,0.09237135422122407,0
0,0.10774769593127428,0
0,0.5128357604762894,1
0,0.34592825912587877,0
0,0.10954444647638868,0
0,0.14989387054401052,0
0,0.5768929078795477,1
0,0.13069683047121095,0
0,0.09540841041388043,0
0,0.6614560915008447,1
0,0.4580384028493408,1
0,0.6723794329608634,1
0,0.17160548201991302,0
0,0.4661279060872133,1
0,0.19589107986113755,0
0,0.15650805378429214,0
0,0.10050469035952254,0
0,0.11603076413240368,0
1,0.23992679900079367,0
1,0.8494625287969338,1
0,0.1244076670012993,0
0,0.2618855431556814,0
0,0.1294686692836163,0
0,0.5813355981865168,1
0,0.16638105711547915,0
0,0.08960673694834703,0
0,0.5559452908721089,1
0,0.41075225277312755,1
0,0.3702794536817246,1
0,0.3706233724520694,1
0,0.11358548224174063,0
0,0.10934249928708427,0
0,0.14800418551846328,0
1,0.3967457495012081,1
0,0.1014593291787799,0
0,0.1361094704630143,0
0,0.5969682075615115,1
0,0.09700685273629005,0
0,0.13181480059442077,0
0,0.6772270882315735,1
0,0.9052460108928247,1
0,0.2133318546837599,0
0,0.13799248789440996,0
0,0.8846990234054071,1
0,0.09932378604532612,0
0,0.360626085653161,1
0,0.18152181403254258,0
0,0.07357703729811191,0
0,0.10229763521968949,0
0,0.5432969001501743,1
1,0.4495876876536541,1
0,0.09135484666435781,0
0,0.2849824348093924,0
0,0.12162171852828806,0
0,0.5888528495386651,1
0,0.17936805788040444,0
0,0.28606967087327734,0
0,0.1312831185106152,0
0,0.3767503374273008,1
0,0.7644720268984876,1
0,0.39185185226667874,1
0,0.5315936695965553,1
0,0.5097931798507004,1
0,0.10959096473875175,0
0,0.39278778245969714,1
0,0.10288891831828664,0
0,0.14125128269937107,0
0,0.6515772620572097,1
0,0.12121266678561589,0
0,0.7691227661069965,1
0,0.13478866062505784,0
0,0.14912914364893393,0
0,0.27536678260310404,0
0,0.1264763171802649,0
0,0.1178503802416205,0
0,0.590184861358859,1
0,0.1285171195918507,0
0,0.9107290538474537,1
0,0.20240189797617997,0
0,0.5862605746928499,1
0,0.1375410004163923,0
0,0.08701662540795833,0
1,0.2529197438342759,0
0,0.1462768739716172,0
0,0.4756323387268142,1
0,0.20278636358396446,0
0,0.5335879066285693,1
0,0.0894249324128616,0
0,0.7027807237542347,1
0,0.11598413264437028,0
0,0.38804786544715647,1
0,0.14792202951908068,0
0,0.7386339004486341,1
0,0.09842605442251692,0
0,0.32095082892795873,0
0,0.4637840674261625,1
0,0.0843596097367442,0
0,0.927942777684276,1
0,0.2883625372904669,0
0,0.2848616261480271,0
0,0.1163718154093961,0
0,0.10992438978310079,0
0,0.4044433217273104,1
0,0.19295979209065625,0
0,0.1150194684891016,0
0,0.3430401630516336,0
0,0.4226893473828608,1
0,0.5507261440787323,1
0,0.5298004729648023,1
0,0.3460511928220673,0
0,0.10178305390737667,0
0,0.2599772624907668,0
0,0.2186724034939505,0
0,0.11420692392126576,0
0,0.3704400769562954,1
0,0.6769839424154982,1
0,0.8863795694786671,1
0,0.18133364144797653,0
0,0.5475891592143486,1
0,0.4559884092473804,1
1,0.5843069812528685,1
0,0.3264733517731529,0
0,0.13692733947643093,0
1,0.83110872185212,1
0,0.23033704939946215,0
0,0.4786781146943663,1
0,0.41990787855578987,1
0,0.10345230485658008,0
0,0.8619537909609829,1
0,0.07321056477910116,0
0,0.16925760625245445,0
0,0.1495267007886771,0
0,0.40543060960922633,1
0,0.07615436458915713,0
1,0.5752960102043941,1
0,0.12037238971457186,0
0,0.3514673306988857,1
0,0.22849431654244648,0
0,0.6223987280820903,1
0,0.24544844012283382,0
0,0.2726016929246707,0
0,0.09645725660164012,0
0,0.28244242246379453,0
0,0.09664518749262914,0
0,0.5390749708821866,1
0,0.17404449276181144,0
0,0.23565263721070415,0
0,0.2631437472664409,0
0,0.08431126795212456,0
0,0.1059041033936528,0
0,0.5879619856859475,1
1,0.9437688090919435,1
0,0.5278115008518699,1
0,0.07720243645019109,0
0,0.8614165725207158,1
0,0.07284678268742119,0
0,0.9174127651064669,1
0,0.1554168519417959,0
0,0.10405286222954736,0
0,0.16583643155544084,0
0,0.15956878347777567,0
0,0.14519212895911474,0
0,0.12209290390340621,0
0,0.6218693019200144,1
0,0.3112484197775614,0
0,0.13451873243727028,0
0,0.1315019918828204,0
0,0.08278015918019467,0
0,0.3718201987364546,1
0,0.09085516293163542,0
0,0.11316508294732298,0
0,0.11648154804391005,0
0,0.575409949603685,1
0,0.6011823929332925,1
0,0.1024484499270465,0
0,0.5430686467280965,1
0,0.5793055425034329,1
0,0.4000894892787288,1
0,0.8229299405765034,1
0,0.16706025287714654,0
0,0.4069577411485501,1
0,0.3693048404100291,1
0,0.24583107595003814,0
0,0.08825163886810891,0
0,0.13574808920490303,0
0,0.16304256052634916,0
1,0.14519037936748191,0
0,0.3129742911572009,0
0,0.784144075595675,1
0,0.08743592752815613,0
0,0.12503699731265655,0
0,0.10779581955050226,0
0,0.31064051086911654,0
0,0.8809967368140239,1
0,0.7159225318265328,1
0,0.16340092922000593,0
0,0.13714969224440354,0
0,0.12822032515932105,0
0,0.31506088598933435,0
0,0.2247663754461559,0
0,0.11321916999187813,0
0,0.09798509395397476,0
0,0.06699554944289042,0
0,0.5467824297611801,1
0,0.204514103173412,0
0,0.20260130258203204,0
0,0.20685235424176496,0
0,0.19169972721256073,0
0,0.07144050635087278,0
0,0.34226105232523035,0
0,0.7776048320302219,1
0,0.6915209298328009,1
0,0.4443951079052741,1
0,0.19246754463884025,0
0,0.15426518672083986,0
0,0.6712436988620435,1
0,0.17495907961034357,0
0,0.8261680883852477,1
1,0.9619553216734162,1
0,0.5022810047471974,1
0,0.06833200939844275,0
0,0.11862277184624115,0
0,0.12137060280827226,0
0,0.11917171731196248,0
0,0.1480717616498562,0
1,0.4577880136180619,1
0,0.13435758273169107,0
0,0.17229709622529585,0
0,0.42243545728206944,1
1,0.6632016865386647,1
0,0.08380382499573542,0
0,0.4931904804657477,1
0,0.05723535098868027,0
0,0.1863018241713026,0
0,0.06792127493121143,0
0,0.2682950595747122,0
0,0.20507207573090522,0
0,0.18386725519016725,0
0,0.23428990068655017,0
0,0.12065213731577576,0
0,0.16693971426908588,0
0,0.33252081063243416,0
0,0.08713613038075364,0
0,0.14444290506426846,0
0,0.1970595370971474,0
0,0.22350358893254832,0
0,0.8301869755742806,1
0,0.09436812587614683,0
0,0.1062988913303775,0
0,0.09464936372693493,0
0,0.47159653846407007,1
1,0.8934904892843162,1
0,0.07242565451390304,0
0,0.15960140856947413,0
0,0.3467244685417179,0
0,0.10534989080000479,0
0,0.3903724044297102,1
0,0.0689883694872643,0
0,0.13773129306084866,0
0,0.40342213608439376,1
0,0.12918562078406745,0
0,0.5309571970702481,1
0,0.3177776423737644,0
0,0.07167329202139541,0
0,0.09154424936620946,0
0,0.1513783411193597,0
0,0.1634136367333449,0
0,0.18481308689165138,0
0,0.2573185212079456,0
0,0.21433824767008544,0
1,0.8418272359179968,1
0,0.27106407792703907,0
0,0.5728640680423817,1
0,0.8415151165907285,1
0,0.1970463078755918,0
0,0.10913285371211877,0
0,0.4284169998482517,1
0,0.05289033922029085,0
1,0.15778935351676684,0
0,0.22436398733591176,0
1,0.8992895123183757,1
0,0.12386738283355932,0
0,0.09551330697219897,0
0,0.07961621963035861,0
1,0.843794593036947,1
0,0.42285265929931276,1
0,0.21120716419582494,0
0,0.1548516494799068,0
0,0.12350869101961354,0
0,0.20834411059960317,0
0,0.9041820093819581,1
0,0.08357236712032272,0
0,0.12730975829367353,0
0,0.10590727951557112,0
0,0.0888031593918996,0
0,0.10802205224338934,0
0,0.18056368961785346,0
0,0.35272633982149676,1
0,0.1876392467649845,0
0,0.3811410979357145,1
0,0.0770887962560871,0
0,0.07323889367750264,0
0,0.07347265014490482,0
0,0.3397300177268232,0
0,0.10336752044265275,0
0,0.07500413878504465,0
0,0.10594033599789196,0
0,0.8341205720071784,1
0,0.46285313005670636,1
0,0.13391154747182651,0
0,0.37562451513822526,1
0,0.10561687698519164,0
0,0.12226045126754743,0
0,0.26146544952056716,0
0,0.7001947788556461,1
0,0.13729725734176088,0
0,0.38952177517867476,1
0,0.3404969927950444,0
0,0.09881437382770925,0
0,0.10351425922781896,0
0,0.08622996209421387,0
0,0.28584260587491755,0
0,0.26656777955757777,0
0,0.8449718591518798,1
0,0.10900879588975115,0
0,0.16341342053584929,0
0,0.6955991792905436,1
0,0.0680711090823939,0
1,0.956689424772178,1
0,0.7375600406386744,1
0,0.16630196308013576,0
0,0.1828653182446957,0
0,0.18703043851431783,0
0,0.17781780466267372,0
0,0.16787192578425278,0
0,0.12175690975799353,0
0,0.35997996666093857,1
0,0.08529922137156785,0
0,0.07642275703165614,0
0,0.24295473648582197,0
0,0.33423624714835753,0
0,0.20518248709950726,0
0,0.16694659885787672,0
0,0.23003449393776346,0
0,0.08151406332568016,0
0,0.09412358807475174,0
0,0.9333299490366646,1
0,0.21503607367367938,0
0,0.6056448942179332,1
0,0.2217845363379256,0
0,0.541185577658335,1
0,0.3085777421227598,0
0,0.8051878397681131,1
0,0.19794727406995632,0
0,0.337808145539494,0
0,0.9361380000618552,1
0,0.250066316460809,0
0,0.17838884263279323,0
0,0.7558253234609044,1
0,0.07530049403352085,0
1,0.5602450097879434,1
0,0.13488482311324929,0
0,0.1631091796677221,0
0,0.26528547904366934,0
0,0.11512864144492291,0
0,0.15709886161968675,0
0,0.17773388662597409,0
0,0.0852696686604108,0
0,0.22058044669938875,0
0,0.5674629164505967,1
0,0.841974272007214,1
0,0.10805206570200745,0
0,0.09547168026720229,0
0,0.1605799257708047,0
0,0.08860330258231931,0
0,0.13044705696105702,0
0,0.3059074311408207,0
0,0.3062348085000345,0
0,0.1467433968052023,0
0,0.741750969518515,1
0,0.19761418293444233,0
0,0.13965263681529513,0
0,0.1140113985434459,0
0,0.12640324330511055,0
0,0.6148873032981927,1
0,0.16871313459506526,0
0,0.32475247530241896,0
0,0.6627074778442764,1
0,0.3383184591335333,0
0,0.24732685430199552,0
0,0.11402619834259696,0
0,0.8587469692368694,1
0,0.08338639845149906,0
0,0.08445571531572287,0
0,0.07070847137518237,0
0,0.1762463171109605,0
1,0.9113523256634356,1
0,0.3479634108502847,0
0,0.08752629189104726,0
0,0.1424207914173965,0
0,0.1261568290151318,0
0,0.10218085908353099,0
0,0.500257579856847,1
0,0.06187546187551802,0
0,0.3230485263780322,0
0,0.5577325115709152,1
0,0.14679101888325077,0
0,0.24539750503282134,0
1,0.3620656371464622,1
0,0.14753862431180192,0
0,0.2485479668932432,0
0,0.07321374530007782,0
0,0.14730170823478644,0
0,0.5619030605582794,1
0,0.25693121821863635,0
0,0.52199531035154,1
0,0.1602335007219729,0
0,0.17292237673467048,0
0,0.1838777316589758,0
0,0.14159347734835548,0
0,0.11384866114591022,0
0,0.5910760699598879,1
0,0.23094939119433705,0
0,0.1302807538154879,0
0,0.17701205707229142,0
0,0.31258462589731967,0
0,0.5228636400167029,1
0,0.17591491063396397,0
0,0.18839524908241398,0
0,0.291043311168624,0
0,0.23653716717706685,0
0,0.2905265875987253,0
0,0.1247492529372303,0
0,0.1292782690345643,0
0,0.09935805950703537,0
0,0.09648006545580096,0
0,0.5049925808421277,1
0,0.0877001479462894,0
0,0.10350586124076316,0
0,0.26150687971271847,0
0,0.32617868541126754,0
0,0.21103886550260473,0
0,0.3549580108252511,1
0,0.42585779447226,1
0,0.13480755087736843,0
0,0.13203927865158632,0
0,0.4663792521173703,1
0,0.40233030774317735,1
0,0.4820079764035067,1
0,0.16126828400344684,0
0,0.9473548321315012,1
0,0.11478460458590256,0
0,0.14256522328544954,0
1,0.16145541148464304,0
1,0.5287987367020729,1
0,0.6221047325093885,1
0,0.15097014177178814,0
0,0.2122343381107437,0
0,0.15534599433388452,0
1,0.27552670069408,0
0,0.2781711796104171,0
0,0.19409747275909975,0
1,0.8979825611581371,1
0,0.09971535444597535,0
0,0.19400786991055374,0
0,0.17172850671100198,0
0,0.11282408125903669,0
0,0.15906018915126016,0
0,0.09155413656071174,0
0,0.12441708847552195,0
0,0.12610697465341653,0
0,0.7647025096332598,1
0,0.416058394652933,1
0,0.5625935342666304,1
0,0.10103465337065137,0
0,0.17042552231495103,0
0,0.14247840392426322,0
0,0.2418823757227641,0
0,0.408896068640916,1
0,0.19064955484038756,0
0,0.06645780952188352,0
0,0.17873926922519598,0
0,0.20496620476559765,0
0,0.16019021762727215,0
0,0.1428043598953375,0
0,0.3589163766339758,1
0,0.24335355121076505,0
0,0.1135931297355798,0
0,0.11248471494380788,0
0,0.073753218275905,0
0,0.35006061516747117,1
0,0.3506325994973295,1
0,0.4203985879408873,1
0,0.5871759279834929,1
0,0.2128387265865757,0
0,0.06925085069906539,0
0,0.6371019063513547,1
0,0.38272927598348383,1
0,0.23482918079301698,0
0,0.8043809441613252,1
0,0.15207750962753655,0
0,0.9200348400926303,1
1,0.5960853723485979,1
0,0.1021156924169567,0
0,0.09638017602631337,0
0,0.08654536970059303,0
0,0.17095392198422443,0
0,0.22512210200409608,0
0,0.4579317558464596,1
0,0.4129652950957879,1
0,0.26443317733329214,0
0,0.12591269160796148,0
0,0.5811873227542568,1
0,0.10881390148222228,0
0,0.19348192276109175,0
0,0.16967439006723958,0
0,0.8549736860730369,1
0,0.478560153188379,1
0,0.5392159961536673,1
0,0.298210061716138,0
0,0.5580902923064733,1
0,0.5364148866736804,1
0,0.13316184931650235,0
0,0.15461389695157574,0
0,0.22061421279775256,0
0,0.558385391159153,1
0,0.3796779355115327,1
0,0.09874826455339938,0
0,0.19707765599791888,0
0,0.10917492864976869,0
0,0.08848640122610534,0
0,0.13634668789837956,0
0,0.1180791211498514,0
0,0.07012253904187211,0
0,0.17898837607165108,0
0,0.0540395625910812,0
0,0.18584591202066955,0
0,0.2624090340035782,0
0,0.08688915646953546,0
0,0.16744023007706782,0
0,0.742745974347367,1
0,0.1534573518841262,0
0,0.28949912219420904,0
0,0.5480062828048327,1
0,0.20605256145730239,0
0,0.11250724629732067,0
0,0.06815183176410672,0
0,0.22299626537764444,0
0,0.07225951287007358,0
0,0.26986178034344005,0
0,0.21728804288189896,0
0,0.08611984992340198,0
0,0.7231291192787405,1
1,0.9327607276322945,1
0,0.5227718031655387,1
1,0.39748406048267804,1
0,0.26846266846568556,0
0,0.09111893546504862,0
0,0.2915273366581467,0
0,0.23820965930132634,0
0,0.5340482387957547,1
0,0.13877319485468734,0
0,0.2587745137170654,0
0,0.3171521771229769,0
0,0.19683612397100442,0
0,0.16002919042552197,0
0,0.24757190509386662,0
0,0.13815070957083228,0
0,0.21796668890376533,0
0,0.29066970333163517,0
1,0.8329631848079098,1
0,0.1877929840556015,0
0,0.16721510576560072,0
0,0.09033371632159679,0
0,0.3566644701765588,1
0,0.6309679203571535,1
0,0.29197365293705935,0
0,0.28863063409243656,0
0,0.8705113165542148,1
0,0.07866564007218244,0
0,0.1325236281238653,0
0,0.12900128593880758,0
0,0.15999406707676042,0
0,0.17048525139406423,0
0,0.5822449191544623,1
1,0.12277991595821681,0
0,0.1423392643083052,0
0,0.3032238380950078,0
0,0.0775308698930457,0
0,0.3033677934911838,0
1,0.9515457288447723,1
0,0.0950871117659245,0
0,0.7863860858139526,1
0,0.21196687927522184,0
0,0.3517324754082417,1
0,0.1003118127636736,0
0,0.15706345483834136,0
0,0.5033159801344924,1
0,0.12428636093744146,0
0,0.531676614325863,1
0,0.3969057413969774,1
0,0.7254298060011639,1
0,0.3611239517728446,1
0,0.7767182217593229,1
0,0.171910042136549,0
0,0.1580474031771299,0
0,0.19602358586951196,0
0,0.10972223249875673,0
0,0.1021671507964616,0
0,0.5464772145829123,1
0,0.5614899968602901,1
0,0.36762448142264326,1
0,0.08327739844866561,0
0,0.09420437717547436,0
0,0.1364653546867886,0
0,0.13461318859884566,0
0,0.0945145419253071,0
0,0.13273699339827036,0
0,0.13237053206540367,0
0,0.38479394428600594,1
0,0.14326123839162586,0
0,0.3200761752038982,0
0,0.0726625274314802,0
0,0.08521870946180288,0
0,0.10885703065141333,0
0,0.08795442360904343,0
0,0.13547948068395443,0
0,0.16586809673062908,0
0,0.1498478404448464,0
0,0.083469526428018,0
0,0.28082112023764266,0
0,0.24663040792644017,0
0,0.11810404936330957,0
0,0.22942750859123748,0
0,0.3452293406447679,0
0,0.09017874510026223,0
0,0.08924981363956655,0
0,0.20648675059065713,0
0,0.18157453934378895,0
0,0.17104134004935267,0
0,0.40783657278414664,1
1,0.8141686884488748,1
0,0.3199829684916461,0
1,0.8283066458977092,1
0,0.14689134981948201,0
0,0.11887901883748463,0
0,0.5557244795893321,1
0,0.2252318710962645,0
0,0.30194187974639203,0
0,0.05798209065215055,0
0,0.3931304493472643,1
0,0.059194596322361404,0
0,0.5257649627148951,1
0,0.5456114245382242,1
1,0.6744302324374405,1
0,0.05867560963898645,0
0,0.6056615785551528,1
0,0.12207688776579749,0
0,0.3512177236860432,1
0,0.11128825581257319,0
0,0.3178760218162313,0
1,0.5519035687353941,1
0,0.18558811868599423,0
0,0.4721488466146291,1
0,0.24911347726483762,0
0,0.12000392105742419,0
0,0.5285307557457543,1
0,0.4081271152812784,1
0,0.45950425831490094,1
1,0.919204938554982,1
0,0.1325791729689178,0
0,0.1580080346537793,0
1,0.8366144312908205,1
0,0.34562383586492573,0
0,0.18637541444099823,0
0,0.7523164848931759,1
0,0.13713469269303938,0
0,0.0840203288006267,0
0,0.19022179782861132,0
0,0.14732921578263822,0
0,0.07974267319646852,0
0,0.21488412793778147,0
0,0.11649898687458517,0
0,0.22151208047730453,0
0,0.11898441254498371,0
0,0.10436202776333195,0
0,0.43846800472420777,1
0,0.21825566110723013,0
1,0.8541233840450239,1
0,0.23083545290014712,0
0,0.8157661533419601,1
1,0.7099549379680473,1
0,0.8551938763395455,1
0,0.08172382278419346,0
0,0.09936079598314296,0
0,0.731497965831035,1
0,0.2624043882968812,0
0,0.20247094511174019,0
0,0.14462774610616705,0
0,0.07686949543344405,0
0,0.24334714227628085,0
0,0.08956573133632692,0
0,0.32479505413429516,0
0,0.17413248066585374,0
0,0.10680598128400191,0
0,0.1301575346496124,0
0,0.544881039574814,1
0,0.1269083372837606,0
1,0.9451252948823948,1
0,0.11997149715686532,0
0,0.14686916345512796,0
0,0.29125910954638606,0
0,0.5837931732277223,1
0,0.4698310436484445,1
0,0.36507551476576533,1
0,0.11170081755913498,0
0,0.9123763946643852,1
0,0.11565458343293479,0
0,0.5326479093515541,1
0,0.1260475241558761,0
1,0.8615687946179484,1
0,0.20365688498386822,0
0,0.36453470820854067,1
0,0.3930032185083182,1
0,0.5470841631758342,1
0,0.24214175525103707,0
0,0.06312477325867741,0
0,0.6064984680741443,1
0,0.1327691275521318,0
1,0.9031847142488298,1
0,0.08085867840640394,0
0,0.9386257481616564,1
0,0.06908520542863901,0
0,0.212448434786717,0
0,0.7716468809310338,1
0,0.0779991380213801,0
0,0.4512999062227593,1
0,0.1831461913417872,0
0,0.17164810973132333,0
0,0.14962887203121955,0
0,0.12472090617385878,0
0,0.4084233747026295,1
0,0.8545534673766997,1
0,0.35153009730066376,1
0,0.07659702174098278,0
0,0.08641619433723614,0
1,0.31122093154549585,0
0,0.1623757403260697,0
0,0.1169779694076112,0
0,0.22289181037833902,0
0,0.10999490677786866,0
0,0.3997665040161306,1
0,0.14342734387946865,0
0,0.09354118075308035,0
0,0.14074981400393802,0
0,0.14302885570271937,0
0,0.11462711999716904,0
0,0.9136977342899691,1
0,0.8220303722677522,1
0,0.12209128598663692,0
0,0.19826770802476357,0
0,0.20975929205701974,0
0,0.19305658463271086,0
0,0.16844183605320606,0
0,0.1281726658272602,0
0,0.17219418965283217,0
0,0.08190566713886561,0
0,0.28284504229666546,0
1,0.7361269474177944,1
0,0.2238703715103054,0
0,0.17205891271291177,0
0,0.13140463104032296,0
0,0.11499199589745715,0
0,0.2950563629948292,0
0,0.5580064203241355,1
0,0.11688763253029888,0
0,0.12234229703067048,0
0,0.08950658803067126,0
0,0.47160630207502197,1
0,0.9273795246677289,1
0,0.44592735020142793,1
0,0.5724690031626423,1
0,0.7334550684246801,1
0,0.16165261996678731,0
0,0.6368837739212567,1
0,0.1008600848649081,0
0,0.886651629995726,1
0,0.11934794681207149,0
0,0.18332526345973132,0
1,0.9345655215349308,1
0,0.6625996222649272,1
0,0.7537756723378615,1
0,0.35393780334881,1
0,0.3763338955833393,1
1,0.8474807031812376,1
0,0.07800543490099122,0
0,0.07614541240273608,0
0,0.10634867314169347,0
0,0.6055943664591437,1
0,0.09651211435951804,0
0,0.14618164053407015,0
1,0.11652352268588219,0
0,0.2358144067488063,0
0,0.1206375064352046,0
0,0.3625556584223459,1
0,0.609714385912292,1
0,0.42167040239610376,1
0,0.6455762132076127,1
0,0.5650300754229395,1
0,0.11131221519178806,0
0,0.23432879904994758,0
0,0.4426710488341646,1
0,0.09603322774131448,0
0,0.16840559359095136,0
0,0.21643831258853263,0
0,0.7955007610161015,1
0,0.29818400692275304,0
0,0.12902354721085485,0
0,0.15062824973783254,0
0,0.23595251808253503,0
0,0.15079209924542067,0
0,0.10636176135624624,0
1,0.2576550142587301,0
0,0.10561323259658523,0
0,0.17935323727802627,0
0,0.27543213498487495,0
0,0.07821092629515919,0
0,0.1239602130002413,0
0,0.46175926923378974,1
0,0.8859237097827054,1
0,0.5759690859822831,1
0,0.20739829781695615,0
0,0.10588244448696518,0
0,0.08416363940468563,0
0,0.6239371247264868,1
0,0.9278179827542967,1
0,0.0871275224662391,0
0,0.1626591074533842,0
0,0.3639894886201757,1
0,0.16513166550261518,0
0,0.3518734865541214,1
0,0.10604836221851943,0
0,0.1556799756911273,0
1,0.9537718632682559,1
0,0.11939464744302,0
0,0.3970448567871125,1
0,0.059332269931707544,0
0,0.13588311624480304,0
0,0.6679371716419183,1
0,0.8193218243185406,1
0,0.17343303898413967,0
0,0.187839179485997,0
0,0.23462925627907277,0
0,0.57360533851742,1
0,0.09559022077141867,0
0,0.13473357040865427,0
0,0.41533787813571793,1
0,0.08058313741821836,0
0,0.8024704879696716,1
1,0.3171652898044668,0
1,0.9660164865158987,1
0,0.536696359897145,1
0,0.13630088791596665,0
0,0.9016651611260286,1
0,0.5532148199223649,1
1,0.6521306277604159,1
0,0.8613274737805773,1
0,0.05615319906641132,0
0,0.5442535045785095,1
0,0.27679635032425387,0
1,0.9202447378926147,1
0,0.4482076939925984,1
0,0.5106399427935524,1
0,0.3999197162893038,1
0,0.14723883728261622,0
0,0.19981511958905607,0
0,0.24252749477949953,0
0,0.5497531635798026,1
0,0.12949029705874823,0
0,0.5647818976235175,1
0,0.25167575148495147,0
0,0.9604303510678661,1
0,0.14326987797951854,0
0,0.14403761009046312,0
0,0.3803816090349313,1
0,0.20727468982775504,0
0,0.16776384109659925,0
0,0.6456438268525674,1
0,0.10416004698654573,0
0,0.11500382116299261,0
1,0.36746038050965174,1
0,0.512779581792349,1
0,0.17488285393706235,0
1,0.792294036439105,1
0,0.18245833280438792,0
0,0.12095043312341844,0
0,0.08061321958864211,0
0,0.162894624821549,0
0,0.17391338598143152,0
0,0.31142844729697133,0
0,0.06564746370736396,0
0,0.15141935202621554,0
0,0.356132237122414,1
0,0.5661755946565034,1
0,0.9357362955919393,1
0,0.27723782733772395,0
1,0.24978434185502418,0
0,0.12047659636052271,0
0,0.16685754122021906,0
0,0.13884432747612566,0
0,0.4934105184945809,1
0,0.14444370741802307,0
0,0.2431484756982523,0
1,0.9502930670353263,1
0,0.4276811252563331,1
0,0.1537128417862567,0
0,0.1068843381638995,0
0,0.1537620048871814,0
0,0.08349510242048823,0
0,0.1409723967884597,0
0,0.3470711619843887,0
0,0.5275931113076294,1
0,0.3590283730312502,1
0,0.16388325103798715,0
0,0.1466770054659141,0
0,0.3761697447510265,1
1,0.6564005844118525,1
0,0.05921067464082533,0
0,0.21251287726737925,0
1,0.33892095190863114,0
0,0.17550340938844278,0
0,0.23546983113389625,0
0,0.154917371616901,0
0,0.12630565983722059,0
0,0.12886484988349994,0
0,0.14399408452392823,0
0,0.16665797162678944,0
1,0.9496830638049601,1
0,0.11613183742745818,0
0,0.05808357082220097,0
0,0.11053420879266926,0
0,0.2313420417561179,0
0,0.10585500239098014,0
0,0.5804626954428552,1
0,0.21370127081051676,0
0,0.14274283726845535,0
0,0.3423489582705604,0
0,0.3771992412549145,1
0,0.3323766150862321,0
0,0.3358693404599313,0
0,0.09907909532150613,0
0,0.7432062444084329,1
1,0.7154752229878579,1
0,0.14755175594729295,0
0,0.18661488149891317,0
0,0.08840085853183122,0
0,0.14698069008194223,0
0,0.1362178471684844,0
0,0.15919039418548436,0
0,0.0915339641195361,0
0,0.8790912146732692,1
0,0.13105040606095733,0
0,0.056076257957698585,0
0,0.15356191123786406,0
0,0.09323868233634316,0
0,0.39245288798536077,1
0,0.07294971854096141,0
0,0.6626507731955847,1
0,0.5359430626175442,1
0,0.09635851674495625,0
0,0.4453118037737957,1
0,0.11485593748647635,0
0,0.110929806372354,0
0,0.07072741631191272,0
0,0.5590899523042194,1
0,0.16337085811711116,0
0,0.06558373927521499,0
0,0.5660150665218976,1
0,0.16729603094332815,0
0,0.08449245932521794,0
0,0.2400418336607064,0
0,0.258412220213712,0
0,0.10854681767039587,0
0,0.38972368299695537,1
0,0.3033953770772956,0
0,0.1381208326340199,0
0,0.17607917655875893,0
0,0.6192277874763226,1
0,0.1280241918312755,0
0,0.09815110137566006,0
0,0.22993696796203006,0
0,0.1284069842372795,0
0,0.2872719176278468,0
0,0.19892902748048963,0
0,0.1438062762351701,0
0,0.1398107591573999,0
0,0.08453581696116938,0
0,0.15037029030191956,0
0,0.1605923148742569,0
0,0.25740229855592434,0
0,0.4581266664405144,1
0,0.6773560968077195,1
0,0.10696217641334997,0
0,0.22363254989631107,0
0,0.0863856021375645,0
0,0.11684387856064149,0
0,0.7943608668840274,1
0,0.07065636015575932,0
0,0.11862092456590387,0
0,0.31966115592563277,0
0,0.42237682606550975,1
1,0.5827492870630553,1
0,0.14812869738518894,0
0,0.13692626496801635,0
0,0.7427456149259443,1
0,0.14934752081304897,0
0,0.17702203661784827,0
0,0.12073456113577388,0
0,0.12552694092877398,0
0,0.3650774678783188,1
0,0.6634517924233396,1
0,0.10945187468837064,0
0,0.0886478302652867,0
0,0.14506163004265937,0
0,0.20080037506589338,0
0,0.5634432769736815,1
0,0.1261621723754209,0
0,0.19513482124420048,0
1,0.9277181550030904,1
0,0.3749611178098694,1
0,0.13886273519229467,0
1,0.38328311185904146,1
0,0.6003138995240597,1
0,0.09758991278348712,0
0,0.1511256741687513,0
1,0.49463725281730053,1
0,0.14758489464386895,0
0,0.09462043703420706,0
0,0.46395733588577753,1
0,0.26918999216093603,0
0,0.08935664737995475,0
1,0.7568594779788629,1
0,0.5779688129628141,1
0,0.16963990946947025,0
0,0.26981745020075026,0
1,0.6119886684367356,1
0,0.08731345117371463,0
0,0.37426454137236786,1
1,0.9544618228012488,1
0,0.12227725637283382,0
0,0.16155480364901909,0
0,0.7491433429242139,1
1,0.8557034487755819,1
0,0.5572587581919479,1
0,0.058722107464084905,0
0,0.18141271708128356,0
0,0.1120803971201745,0
0,0.07241490421143254,0
0,0.11931745134323497,0
0,0.12555647875704368,0
0,0.15632154747560043,0
1,0.6638496457454466,1
0,0.14085453920596006,0
0,0.2212485164450239,0
0,0.36378619873003976,1
1,0.960428348589763,1
0,0.08852885652268115,0
0,0.5454826583199993,1
0,0.4387363351887506,1
0,0.07040560703000669,0
1,0.5479364998477169,1
0,0.09406665992060051,0
0,0.8221484526696883,1
0,0.19459600514060732,0
1,0.335109493302516,0
0,0.3168644388103923,0
0,0.14053616880967137,0
1,0.23038156793529363,0
0,0.1700911934461159,0
0,0.3642857708111891,1
0,0.7756997865051196,1
0,0.47264087202653987,1
0,0.11503574226001267,0
0,0.10847274153527861,0
0,0.3592462703085573,1
0,0.9472667618279477,1
0,0.3263758537783442,0
0,0.6330246328102643,1
0,0.2282788441796338,0
0,0.36849779100770425,1
0,0.10610844525389852,0
0,0.3279277263124224,0
0,0.11699176117454492,0
0,0.20281849144179795,0
0,0.2866225291572024,0
0,0.7627111762619104,1
0,0.16039836032902077,0
0,0.06744728745305219,0
0,0.19074626448644788,0
0,0.2170791730412493,0
0,0.07813000167010359,0
0,0.6077008720869598,1
0,0.3741122844282612,1
0,0.34377901624120105,0
0,0.540912030154239,1
0,0.5200472208276569,1
0,0.3783623235929542,1
0,0.1717829122433218,0
0,0.1283752554420496,0
0,0.09507672775902394,0
0,0.22213146026817823,0
0,0.11595220248237528,0
0,0.11136748198000669,0
0,0.3174098368995455,0
0,0.11252951556914795,0
0,0.1696906527290841,0
0,0.12170390936828968,0
0,0.07824289406139164,0
0,0.49353126081398463,1
0,0.13446003636954404,0
0,0.2269024986797728,0
0,0.8127612453283202,1
0,0.1827418046820861,0
0,0.2084189313629219,0
0,0.12367781857312284,0
0,0.10913483230909662,0
1,0.8204764230525303,1
0,0.3526754494005668,1
0,0.10680634661447751,0
0,0.13343468502709907,0
0,0.5919502947382,1
0,0.12355056396968268,0
0,0.24720303907468627,0
0,0.7146900071956487,1
0,0.8270956187523467,1
0,0.5874909613595852,1
0,0.12081066492717528,0
0,0.5982134573212664,1
0,0.7781534382079534,1
1,0.790777589188447,1
0,0.11253395657695667,0
0,0.1571688229100049,0
0,0.32104433649123015,0
0,0.4086393220453546,1
0,0.0954814155636762,0
0,0.9237951996010838,1
0,0.3177613767795911,0
0,0.13154315396499627,0
0,0.09815212676272339,0
0,0.15576954134575993,0
0,0.9496653649036106,1
0,0.08087846963222373,0
0,0.47992831030460015,1
0,0.8378896754692331,1
0,0.19563591154042204,0
0,0.14217110248775447,0
0,0.17142325775057926,0
0,0.26174553808193657,0
0,0.14564264810305036,0
1,0.9561408445197344,1
0,0.10931344010274614,0
0,0.18051055237856037,0
0,0.19549264417130788,0
0,0.3765344569734042,1
0,0.13467428185537414,0
0,0.6648519527771554,1
0,0.14632937465919152,0
0,0.14175561826904512,0
0,0.19006652778631464,0
0,0.20666789936899937,0
1,0.7668027436435485,1
0,0.20775899902731726,0
0,0.09460339614673248,0
0,0.2139104410313088,0
0,0.5094295249105154,1
1,0.30439089554096893,0
0,0.6464926047285652,1
0,0.8171504365525538,1
0,0.1980494906047878,0
0,0.5998199939502336,1
0,0.17041586819236224,0
0,0.14738301190126313,0
0,0.08599316019809886,0
0,0.23405378039185598,0
0,0.15465617221072972,0
0,0.3523719643226091,1
1,0.7255813279999395,1
0,0.12166621113605769,0
0,0.0701490594669785,0
0,0.3834449708713375,1
0,0.315459516268328,0
0,0.29173051740027617,0
0,0.21019450953924446,0
0,0.08746668066119122,0
0,0.4924801284396571,1
0,0.7182997842365382,1
0,0.09917847455302695,0
0,0.27943388819270154,0
0,0.4653742426171946,1
0,0.5220460352347693,1
0,0.2648685283372585,0
0,0.1806839611016495,0
0,0.08940701232005052,0
0,0.1612752853485893,0
0,0.3408650362310472,0
0,0.43656528778947157,1
0,0.4461670928614693,1
0,0.8599238036433764,1
0,0.5445436185293222,1
0,0.14443589728923611,0
0,0.20578733834855537,0
0,0.2639409958119251,0
0,0.29738532309763527,0
0,0.1634681283475749,0
0,0.11163671280061652,0
0,0.061959654702041136,0
0,0.09286376437476034,0
0,0.5048257728956922,1
0,0.912491793933057,1
0,0.48819719645193854,1
0,0.10482967843485656,0
1,0.3360632296178537,0
0,0.3520515273558089,1
0,0.18253023809392024,0
0,0.122082241518905,0
0,0.18378482134746196,0
0,0.1383301971577412,0
0,0.08144481977755844,0
0,0.3765876921590998,1
0,0.3026889801340407,0
0,0.20101631534547132,0
0,0.1742436433618527,0
1,0.9524404819729619,1
0,0.5478374809913351,1
0,0.5326960644789731,1
0,0.20525083744080688,0
0,0.1297219493944472,0
0,0.08220149951097251,0
0,0.5928875943860975,1
0,0.25727381918634423,0
0,0.8683952463650989,1
0,0.10713132063747932,0
0,0.40645308455448437,1
0,0.0855782383773483,0
0,0.09214927616382221,0
0,0.3783996898324658,1
1,0.5422095905223917,1
0,0.8494774181547401,1
0,0.750718430599412,1
0,0.09246418420708553,0
0,0.14596420954038847,0
1,0.6671345630335623,1
0,0.20421458109761095,0
0,0.19966250735502317,0
0,0.20583884126755392,0
0,0.20961491784237812,0
0,0.12897937237185064,0
0,0.28563029112172844,0
0,0.40514319586163555,1
0,0.17363604527349039,0
0,0.7632561062619176,1
0,0.23853971040618555,0
0,0.47893807550830586,1
0,0.14059822328067637,0
1,0.4461961342535575,1
0,0.1494410545052747,0
0,0.06299806265620779,0
0,0.4099285233207742,1
0,0.11854535137852813,0
0,0.10596009557949222,0
0,0.08827277128373992,0
0,0.2379807789068158,0
0,0.33325798736268375,0
0,0.7075873302748706,1
1,0.8589354436455665,1
0,0.2902201004269165,0
1,0.9543243302202031,1
0,0.825954671843646,1
0,0.8494948689711848,1
0,0.20775259401098953,0
0,0.22655816260317768,0
0,0.3315782736752421,0
0,0.11171469601894653,0
0,0.5908706830629092,1
0,0.5026810036636863,1
0,0.3342482498719343,0
1,0.8219840500676976,1
0,0.4368269987700312,1
0,0.1736207250232184,0
1,0.23081802846650806,0
0,0.29362297708234775,0
0,0.15501797546859633,0
0,0.08640364770323816,0
0,0.2855091945669923,0
0,0.10623420331169617,0
0,0.20787060301766913,0
0,0.9010888549590789,1
0,0.1448141441118206,0
1,0.11032450864917744,0
0,0.1941253896002834,0
0,0.09215323643992891,0
0,0.069180254414466,0
0,0.0698735880500214,0
0,0.4058266145800142,1
0,0.8184897535044492,1
0,0.18164767429101591,0
0,0.2904618517865151,0
0,0.1358757650529028,0
0,0.36733058928469314,1
1,0.5309406711891438,1
0,0.36849909961547533,1
0,0.229583746404741,0
0,0.3577375883775439,1
0,0.21672931165511622,0
0,0.2814041768004363,0
0,0.14943450308100042,0
0,0.20882037412033175,0
0,0.4114944030512859,1
0,0.786866175490002,1
0,0.08298301535970692,0
0,0.5976312836071082,1
0,0.05986339735445894,0
0,0.6154461546433222,1
0,0.47092610440927074,1
0,0.11059292877209885,0
0,0.37041396444669333,1
0,0.22446743090072507,0
0,0.1515339817515571,0
0,0.21029791945772053,0
0,0.14864328920672618,0
0,0.10215201977541045,0
0,0.6192523363511818,1
0,0.1601643795885601,0
0,0.26834620577402274,0
0,0.5768273421076566,1
0,0.22265193280864173,0
0,0.1344425548471686,0
0,0.11646845150577673,0
0,0.14964871673708396,0
1,0.6783173439281243,1
0,0.2238276060873098,0
0,0.13769825387928994,0
0,0.12908817334194836,0
0,0.5340755398681979,1
0,0.12063287726247808,0
0,0.30006926218617647,0
0,0.09483040219513267,0
0,0.18230891289380702,0
0,0.42322143773675075,1
0,0.11921314229248729,0
0,0.3881020324778966,1
0,0.2537610549604625,0
0,0.16339612314346197,0
0,0.17406564004091488,0
0,0.2714063501551874,0
1,0.6984690687060827,1
0,0.07581688861702746,0
0,0.10954960637241816,0
0,0.3472642256711041,0
0,0.12631435569566402,0
0,0.359104236419511,1
0,0.2915571088255228,0
0,0.24236767095046682,0
0,0.2909301548485854,0
0,0.516762208864886,1
0,0.4208618696440661,1
0,0.08260211371359123,0
0,0.3086470993535539,0
0,0.522130957179306,1
0,0.14664663223474303,0
0,0.10102024062556914,0
0,0.15268436623308884,0
0,0.22738516612563694,0
1,0.9361053355876017,1
0,0.39649311405781584,1
1,0.7434637090411916,1
0,0.1533897575150772,0
0,0.07637398089962637,0
0,0.5860380205769906,1
0,0.12020102844386171,0
0,0.07861866841957044,0
0,0.09308424661952282,0
0,0.10448507995717365,0
0,0.20923299495029196,0
1,0.8892512266833695,1
0,0.20642907486995277,0
0,0.5964818957403001,1
0,0.10876788614430545,0
0,0.09921539958965883,0
0,0.05530826378631732,0
0,0.11435739517428824,0
0,0.6966247297994748,1
0,0.946919053839639,1
1,0.1165925638890091,0
1,0.6193826980127803,1
0,0.23197620392793042,0
0,0.8260833402510653,1
0,0.09696427176799322,0
0,0.1525832163987392,0
0,0.7904735501010334,1
0,0.1832987992580815,0
0,0.09992025683832527,0
0,0.24896769560972273,0
0,0.5815642569294581,1
0,0.10214467990512748,0
0,0.09985170621816386,0
0,0.10344354886665448,0
0,0.7045105055619938,1
0,0.06655965406411259,0
0,0.1401565145605318,0
0,0.21654360677330659,0
0,0.17523767812466784,0
0,0.45219756443129466,1
0,0.07475213249835815,0
0,0.1017585958444241,0
0,0.16550197307553502,0
0,0.21522666418083963,0
0,0.3019132567175127,0
0,0.1432621868553948,0
0,0.10055414164387073,0
0,0.5323504102771338,1
0,0.07399527616213508,0
0,0.29454479438142217,0
0,0.12595234001001224,0
0,0.072292794392834,0
0,0.13655528736680875,0
0,0.7303553983887694,1
1,0.6551138416907495,1
0,0.21675265258802848,0
0,0.1904174382970773,0
0,0.3619459624868893,1
0,0.08417805920827852,0
0,0.21076469229341588,0
0,0.16341434960045823,0
0,0.631133925351666,1
1,0.9430837593742609,1
0,0.12683060192103673,0
0,0.2278640293577751,0
0,0.13959355725829262,0
1,0.2722939704700107,0
0,0.1900742747415008,0
0,0.8101389427088815,1
0,0.15342564308383888,0
0,0.10381416655812754,0
0,0.3691510303608902,1
0,0.18837028756051677,0
0,0.955527660814533,1
0,0.12406333223932951,0
0,0.10791572333658118,0
0,0.12160934622918652,0
0,0.17635231506842028,0
0,0.08913532438596042,0
0,0.061793263706331265,0
1,0.9455469338213929,1
0,0.7193709210935251,1
0,0.41896244987662873,1
0,0.10143633953652108,0
0,0.5014496526428098,1
1,0.6478756737638643,1
0,0.37019420112924895,1
0,0.12909153406869978,0
0,0.789744703387379,1
0,0.9492781988697476,1
0,0.12222907977235273,0
0,0.10695881065288172,0
0,0.3852728076980361,1
0,0.42767339497681167,1
0,0.10393304754662375,0
0,0.12410055600642368,0
0,0.1156843741908493,0
0,0.15207099541096478,0
0,0.09314527218758956,0
0,0.7491882130370787,1
0,0.3927695272013213,1
0,0.26680601789204195,0
0,0.05811119701454518,0
0,0.10268599700684856,0
0,0.8257422424033969,1
1,0.5994854396042982,1
0,0.317531281789651,0
0,0.5687770320723163,1
0,0.1626149689309316,0
0,0.9284586070283234,1
0,0.6612523256677688,1
0,0.1444104260163874,0
0,0.190487361517952,0
0,0.1725228696474986,0
0,0.055707671245029754,0
1,0.9464916164939707,1
0,0.10830641210255774,0
0,0.07731991672534312,0
0,0.695509954963038,1
0,0.7919457455841755,1
0,0.16530566695855572,0
0,0.14290670644816153,0
0,0.3784696033381404,1
0,0.16615977770143472,0
0,0.29115824449552624,0
0,0.17525988156158406,0
0,0.5132395046224146,1
0,0.31576348833536033,0
0,0.0736822909764957,0
0,0.26721479692823136,0
0,0.3471106904904113,0
0,0.12568456883833487,0
0,0.28143221071477675,0
0,0.25413485344651865,0
0,0.08947311880590089,0
0,0.3932237685822541,1
0,0.8131501022771342,1
0,0.2127087009577518,0
0,0.3746373223207741,1
0,0.07917943522570017,0
0,0.10137653574153252,0
0,0.8267924783208771,1
0,0.5132950872854549,1
0,0.9072318116180736,1
0,0.11643594398785856,0
0,0.5975693493807989,1
0,0.23534393955105098,0
0,0.08958017546562108,0
0,0.0816950757907914,0
0,0.1373232116630825,0
0,0.45640566319843096,1
1,0.8191980418462366,1
0,0.13862121144485276,0
0,0.23140714615075023,0
0,0.16295276045207618,0
0,0.20846552234545385,0
0,0.1556174874691936,0
0,0.08481513022490973,0
0,0.135124106886148,0
0,0.5967752554359488,1
0,0.05407807285972165,0
0,0.13006341665233245,0
0,0.09674563051906848,0
0,0.09756031731455006,0
0,0.14485434081283452,0
1,0.6743339354210448,1
0,0.6010372620949408,1
1,0.9145944801889224,1
0,0.20512641300252898,0
0,0.12429169321396732,0
0,0.049854912105316986,0
0,0.12480801552490649,0
1,0.9280636085955952,1
0,0.11095434356522169,0
1,0.15750488059858334,0
0,0.8194503005197713,1
0,0.13388942678835963,0
0,0.18864561720818726,0
0,0.2566059850084471,0
0,0.3141929867384505,0
0,0.13375566469843922,0
0,0.0767086125012547,0
0,0.21270150424408715,0
0,0.8655933495375232,1
0,0.10525091923258552,0
0,0.14171343798354186,0
0,0.12053278599211088,0
1,0.7135322506623064,1
0,0.05629508827286224,0
0,0.13005336617484584,0
0,0.20135066314974434,0
0,0.1395853571226925,0
0,0.2563387932069847,0
1,0.6371541245640121,1
0,0.32305023498448887,0
0,0.13820933747562347,0
0,0.20964796357495735,0
0,0.5437533144338241,1
0,0.5997410971588515,1
0,0.43978846380589603,1
0,0.1012777492050176,0
0,0.08209598425773328,0
0,0.1823646097767145,0
0,0.4136833198349341,1
0,0.603667965850131,1
0,0.14143226782396243,0
0,0.07072694115046085,0
0,0.3375388467789829,0
0,0.2517584129979719,0
0,0.5737471394357726,1
0,0.11200177850133206,0
0,0.7546712379254441,1
0,0.08587301137470012,0
0,0.30359870165198133,0
0,0.11639482487734865,0
0,0.5521359989977916,1
0,0.08938401209744062,0
0,0.5065708259325326,1
0,0.10730941712563674,0
1,0.5645328662336235,1
0,0.09646666227768386,0
0,0.6915197372348921,1
0,0.07672161260069275,0
0,0.6422775020947239,1
0,0.17439006757079928,0
0,0.08456443971397229,0
0,0.5630926481661117,1
0,0.08797849420252118,0
0,0.24465900083964745,0
0,0.660029927718445,1
0,0.42746361907183483,1
0,0.08204939854666612,0
0,0.1153306047866073,0
0,0.5976785805884189,1
0,0.07595931931273944,0
0,0.41272716145478666,1
0,0.29674635450569786,0
0,0.41566745069854655,1
0,0.22177983779601904,0
0,0.1963971975274298,0
0,0.21098558948499666,0
0,0.1007163215639469,0
0,0.13564569505678184,0
0,0.10616250422973761,0
0,0.053887621898700194,0
0,0.16352998521778023,0
0,0.13984721765901842,0
0,0.2575478016787378,0
0,0.9126034363506655,1
0,0.0861511611944247,0
0,0.18270933256083233,0
0,0.06983945874686856,0
0,0.7169869139692405,1
0,0.2437838871881729,0
0,0.3711581130346285,1
0,0.08858689879429964,0
0,0.11811369397496195,0
0,0.04755243325357227,0
0,0.9120820756131763,1
0,0.06957620184487723,0
0,0.09552516514101614,0
0,0.06414283078610185,0
0,0.12953079789051408,0
0,0.05660695723786257,0
0,0.10632188887272295,0
0,0.40096431211830125,1
0,0.12293740128971081,0
0,0.8416774185956106,1
0,0.05883360611573579,0
0,0.32458371726083984,0
0,0.143135994245662,0
0,0.07781044518668728,0
0,0.0879170547925208,0
0,0.11977720263896402,0
0,0.5207381929003315,1
1,0.5871118519081113,1
0,0.5731543110338996,1
0,0.795176273324062,1
0,0.1538958950543338,0
0,0.0638316849897417,0
0,0.1816985019766915,0
0,0.05994807717916538,0
0,0.5196046062329085,1
0,0.1878885748026721,0
0,0.20938837874037203,0
0,0.16916114349663786,0
0,0.5742414563600828,1
0,0.695106722210083,1
0,0.07978592302155171,0
0,0.4283812534719331,1
1,0.6618610006630319,1
1,0.9555628617350487,1
0,0.17566621732836177,0
0,0.11295195943821024,0
0,0.46040275272852693,1
0,0.4727939956442975,1
1,0.4968395972020447,1
0,0.055752397059802186,0
0,0.12153882682481024,0
0,0.3903138519001948,1
0,0.7127011096566586,1
1,0.8663530499593676,1
0,0.5081536791519495,1
0,0.5863467140837114,1
0,0.49268963945649547,1
0,0.13000220260727696,0
0,0.10777747263450715,0
0,0.20617600349968565,0
0,0.14186156140999723,0
0,0.4392240150325633,1
0,0.35267540886410786,1
0,0.07703640049988539,0
0,0.513292943662966,1
0,0.5397433632380962,1
0,0.4512376575023759,1
0,0.17376955321214488,0
0,0.09969711997511341,0
0,0.22895216504336144,0
0,0.29259327611705016,0
0,0.14010198407219412,0
0,0.23552186960967877,0
0,0.37940689106527825,1
0,0.07965573642404977,0
0,0.3362962322090148,0
0,0.056316535751484015,0
0,0.15902482538224022,0
0,0.39950267187587085,1
0,0.3029238798100104,0
0,0.6155952458458046,1
0,0.1354786534001063,0
0,0.11785738793077113,0
0,0.17332419758018164,0
0,0.6112711481851824,1
0,0.11962215220512294,0
0,0.20962235134705579,0
0,0.5271308945585057,1
0,0.158259569944516,0
0,0.3484616366988196,0
0,0.06034074792804628,0
0,0.18485893432612815,0
0,0.1877005830367809,0
0,0.05499063671257011,0
0,0.09607230730019065,0
1,0.5577138965110459,1
0,0.09056225719069998,0
0,0.16220216811363236,0
0,0.7952631181977654,1
0,0.32978075363617276,0
0,0.34122678197357476,0
0,0.9225362831279263,1
1,0.8606532930040425,1
0,0.1371038373598715,0
0,0.15892070849386422,0
0,0.4177470874297077,1
0,0.8208895333378331,1
0,0.8902614655608071,1
0,0.13734955739205065,0
0,0.15038953148334297,0
0,0.5907299403767622,1
0,0.09346766357620998,0
0,0.15376530866528992,0
0,0.09788885065197561,0
0,0.3965483821395457,1
0,0.0913821023661206,0
0,0.29187710393113603,0
1,0.17192529267722836,0
0,0.1251226805173167,0
0,0.09090981401215197,0
0,0.23162438682865266,0
0,0.17927800994569373,0
0,0.5925508215041377,1
0,0.5828240208704029,1
0,0.17458133382160398,0
0,0.5555250104595184,1
0,0.9089050501825108,1
0,0.8911202279406251,1
0,0.19356908697662648,0
0,0.11961619078784379,0
0,0.22019816329120975,0
0,0.28961866178138596,0
0,0.16751390715736425,0
0,0.42924341526272136,1
0,0.31257146602871405,0
0,0.4834682167860725,1
0,0.3477106583317619,0
1,0.5792345810998143,1
0,0.07611275490643271,0
0,0.09487529531250931,0
0,0.2758293623294216,0
1,0.6594927716631573,1
0,0.17548856626373957,0
1,0.8308939599144648,1
0,0.14316518280669385,0
0,0.45007896539987724,1
0,0.186317242751491,0
0,0.14706440465598697,0
0,0.17983705601144886,0
0,0.33631210581521753,0
0,0.25609293815698,0
0,0.11540635571239072,0
0,0.11377351800166306,0
0,0.5839758238021363,1
0,0.28086969743486584,0
0,0.16272170435281114,0
0,0.38744350619703655,1
0,0.13767168366570673,0
0,0.11904424290049333,0
0,0.3631549979730526,1
0,0.31809860748270213,0
0,0.07869844691514652,0
0,0.24171494274328112,0
0,0.08619577284866596,0
0,0.10512993914436293,0
0,0.11349853362750566,0
0,0.18402545788545918,0
0,0.29694196614106694,0
0,0.1445194858145943,0
0,0.16281656617306423,0
0,0.15825480351775145,0
0,0.11001517184478087,0
0,0.703110288139573,1
0,0.11543296089051644,0
0,0.11577217675980837,0
0,0.17252595997029085,0
0,0.10536564316570815,0
0,0.12467928273725344,0
0,0.1160895648367729,0
0,0.11234836885381254,0
0,0.510534553951598,1
0,0.09874754482967121,0
0,0.28950588519742504,0
1,0.25045557539037727,0
0,0.17559886851307585,0
0,0.6311797994752737,1
0,0.13500282063620947,0
0,0.1001436777077907,0
0,0.5215489093090249,1
0,0.07107871388844203,0
0,0.07109530783736076,0
0,0.42615786351549534,1
0,0.05280606358134373,0
0,0.3886842935897545,1
0,0.1491374260091546,0
0,0.3545332314562451,1
0,0.11061917848361116,0
0,0.5645875453220534,1
0,0.29872676842174123,0
0,0.6942880740278906,1
0,0.507610521659709,1
0,0.5249889027704893,1
0,0.08756708869053947,0
1,0.6208769662226191,1
0,0.5311821557611109,1
0,0.27945165249677273,0
0,0.13941307650559492,0
0,0.21796164221798123,0
0,0.15569178931068464,0
0,0.6454195085902027,1
0,0.4579769887621847,1
0,0.13172917547438043,0
1,0.7897497958863043,1
0,0.6603496602911824,1
1,0.28369975371985334,0
0,0.23365867894654188,0
0,0.35536611686165887,1
0,0.12196454578201117,0
0,0.16021968247775015,0
0,0.10471504489757918,0
0,0.29831489448309984,0
1,0.43498317286718785,1
0,0.16207393609541787,0
0,0.09742495378636294,0
0,0.4702853231056041,1
0,0.10583984770805176,0
0,0.0843642224947902,0
0,0.4694155450014872,1
1,0.1873759495518015,0
0,0.27669453604202315,0
0,0.06279446072851852,0
0,0.10716363588094367,0
0,0.2932411497971961,0
0,0.14262457147837715,0
0,0.12218352987446927,0
0,0.23896145949944939,0
0,0.6598244653617317,1
0,0.1306655257649066,0
0,0.16563659605842115,0
0,0.7383792277895881,1
0,0.08298804883515988,0
0,0.23601757575947355,0
0,0.10381924155379434,0
1,0.23714952570644285,0
0,0.17090419781830793,0
0,0.06249597105295764,0
0,0.2911312978765111,0
0,0.0912634512420043,0
0,0.7773142234312891,1
0,0.5939495759295095,1
0,0.11877642743923966,0
0,0.18578183286447833,0
0,0.16062179074535313,0
0,0.19168298319372948,0
0,0.5514579253659416,1
0,0.33478971387272544,0
0,0.1029375092692732,0
0,0.5011604437457639,1
0,0.5438114358744706,1
0,0.42629667455924386,1
0,0.3335897429180606,0
0,0.36045574188259605,1
1,0.5330561899170484,1
1,0.8581019836088749,1
0,0.34682082250238305,0
0,0.42251435237497753,1
0,0.8138054445638372,1
0,0.27671358211003727,0
0,0.10852462817583612,0
0,0.8652193939143878,1
0,0.16851155733811304,0
0,0.3145405154978077,0
0,0.14811094500582658,0
0,0.15392086094385446,0
0,0.4957192532767734,1
0,0.3212752611006868,0
1,0.9566922435626566,1
0,0.6709400064083358,1
0,0.06954724763318353,0
0,0.1657647317089561,0
0,0.3853321487711291,1
0,0.2459503597515333,0
0,0.10328658740977663,0
1,0.9418987345605476,1
0,0.28980592935987576,0
0,0.2977820234858492,0
0,0.20050140744506453,0
0,0.12924538559687182,0
0,0.38787273124260147,1
0,0.12665413789710808,0
0,0.14018971297126218,0
0,0.32956293253876257,0
0,0.1013767523180762,0
0,0.28412254817736926,0
0,0.09978788588872543,0
0,0.6440646029656291,1
1,0.8695916484355635,1
0,0.1380010397554884,0
0,0.12316530950723951,0
0,0.18490770737061515,0
0,0.15733411401155054,0
0,0.6090974854881828,1
0,0.1491788965233761,0
0,0.09520588204135262,0
0,0.5308076691358579,1
0,0.24083459178306776,0
0,0.09866041707742082,0
0,0.1301353932439839,0
0,0.49754550014926946,1
0,0.11460569645384412,0
0,0.48081835088873126,1
0,0.15099511884533878,0
0,0.4173053704706212,1
0,0.06249387736316423,0
0,0.31227552525959956,0
0,0.16106614914172815,0
0,0.4567812703013041,1
1,0.7445487979399323,1
0,0.19637094012404843,0
0,0.5266943621675004,1
1,0.5007221484164807,1
0,0.4103536934580178,1
0,0.7940757361200889,1
1,0.3354148062768102,0
1,0.9571741778708757,1
0,0.09449016348248464,0
0,0.1140183747649412,0
0,0.15984198344905365,0
0,0.5832564960262571,1
0,0.1897346911304857,0
0,0.4735847184392255,1
0,0.6869575232052088,1
0,0.06730506666871348,0
0,0.18174162248853462,0
0,0.17678915929285996,0
0,0.33839636003885454,0
0,0.10419355053880655,0
0,0.722848157862207,1
0,0.3914887915840446,1
0,0.6570621893375749,1
0,0.5970259497421431,1
0,0.6065544487689296,1
0,0.19370434036423895,0
0,0.6033885390731887,1
0,0.34252106841729607,0
0,0.15524898617029773,0
0,0.09993810568997746,0
0,0.3307649650466652,0
0,0.23652421133076407,0
0,0.5524134257396663,1
0,0.8229548073665434,1
0,0.09504151899746983,0
0,0.07610418542853425,0
0,0.19499162026824007,0
0,0.08782461599658781,0
0,0.3491156855469771,0
0,0.5894105642876315,1
0,0.1854132472195497,0
0,0.2468348034020006,0
0,0.09860600607998742,0
0,0.14721879214705708,0
0,0.15238071470411207,0
0,0.5319299116299875,1
0,0.1474406288937559,0
0,0.08129390703483096,0
0,0.1517212928515508,0
0,0.47833088278586433,1
0,0.20379137411577636,0
1,0.13070918225495487,0
0,0.3319961527717903,0
0,0.08351627398962615,0
0,0.06948665811257841,0
1,0.9096400649318778,1
0,0.11399716952194831,0
0,0.16620478884063344,0
0,0.0558078497305569,0
0,0.39205458366280316,1
0,0.10726511784964174,0
0,0.1732636371915622,0
0,0.15741209293162226,0
0,0.13998890018635488,0
0,0.554903080389238,1
0,0.2514186962353601,0
0,0.10384505205092938,0
0,0.1702523148401531,0
0,0.5533395071037436,1
0,0.11484573330946382,0
0,0.10546026678729149,0
0,0.06875842446480754,0
0,0.07016525903911484,0
0,0.258681147333871,0
0,0.42377451399608795,1
0,0.080700180185356,0
0,0.09676428810653345,0
0,0.6467146623761354,1
0,0.07774169214722462,0
0,0.20877240810042988,0
0,0.566235709832058,1
0,0.11098225453206564,0
0,0.11330064449615729,0
0,0.4726906332169911,1
0,0.05781285540270715,0
0,0.17008632941040286,0
0,0.10139073215816773,0
0,0.783522552160027,1
0,0.13088675455881363,0
0,0.1673503573338496,0
1,0.6685643639568033,1
0,0.0853123609074355,0
0,0.5859988494223187,1
0,0.2360053548893822,0
0,0.08373761457463644,0
0,0.13257722948232978,0
0,0.5791660993142661,1
0,0.08376828113821236,0
0,0.09375499056321523,0
0,0.5614290817081692,1
0,0.07811684158345517,0
0,0.5688255280710963,1
0,0.1020413991863556,0
0,0.0796598438090028,0
0,0.34569806827331545,0
0,0.5926168743633379,1
0,0.5015003349136821,1
0,0.12327209657603543,0
0,0.142251727199095,0
0,0.09342883078411077,0
0,0.0815413054573077,0
1,0.954369782994068,1
0,0.2521945352527854,0
0,0.10701590067555,0
0,0.06737216905510542,0
0,0.11323319002707224,0
0,0.5214615567496792,1
0,0.22073981453913163,0
0,0.22467418378887202,0
0,0.39773158506585343,1
0,0.214480052571304,0
0,0.08026254716552497,0
0,0.17466162379883804,0
0,0.22229208767834432,0
0,0.15937960457978648,0
0,0.13651563283447446,0
0,0.0667403915921791,0
0,0.1648745587724191,0
0,0.8325664661411878,1
0,0.08721525551345682,0
0,0.2596907747850055,0
0,0.5593907081972493,1
0,0.6198843655637299,1
0,0.6053423909055888,1
0,0.3348891621071396,0
0,0.4759345305678436,1
0,0.10914642565704723,0
1,0.41993998806536353,1
0,0.13995681272080038,0
0,0.22189358134073908,0
0,0.1948046944376117,0
0,0.15748604103289882,0
0,0.3239287340159802,0
0,0.20170568670734967,0
1,0.837629094616456,1
0,0.571289183614828,1
0,0.622663568805457,1
0,0.11977487747989154,0
0,0.37997287856542444,1
1,0.35407444435562196,1
0,0.11467599775129173,0
0,0.1488503983953594,0
0,0.078164180209969,0
0,0.279126973436328,0
0,0.5337065878469112,1
0,0.4090377947856938,1
0,0.5445632691707835,1
0,0.29702750398565736,0
0,0.3310838675414123,0
0,0.1356947729287558,0
0,0.15843437707537295,0
0,0.1803356793895996,0
0,0.1208356648884375,0
0,0.06778918016059104,0
0,0.8126691462998584,1
1,0.944160699094197,1
0,0.1606109067918709,0
0,0.07063721546443516,0
0,0.13266879989309222,0
0,0.08978397860131271,0
0,0.09767445837250871,0
0,0.5805434767692889,1
0,0.4430898793092173,1
0,0.8918191638906956,1
1,0.9124878312229796,1
0,0.10395776919085828,0
0,0.5811499574772941,1
0,0.15551715391283277,0
0,0.07838958601250091,0
0,0.42291691325055436,1
0,0.43166035368012556,1
0,0.22305972355208917,0
0,0.3646439295946211,1
1,0.7683321559938611,1
0,0.11083622461472058,0
0,0.13383070387885043,0
0,0.775572179857845,1
0,0.09941334485669516,0
0,0.48169822774612653,1
0,0.14199298013482478,0
0,0.17369255798892197,0
0,0.1165583695092691,0
0,0.0859299323997844,0
0,0.19391094471062847,0
0,0.1353013760445279,0
0,0.3217908750936734,0
0,0.13836817406187094,0
0,0.40763289122846635,1
1,0.5201745518769944,1
0,0.3464890978370505,0
0,0.21389111579177628,0
0,0.8296383069606751,1
0,0.3047984110726396,0
0,0.20671889768332966,0
1,0.8365480658847332,1
0,0.1443767729813266,0
0,0.15272668031142106,0
0,0.16730834938040767,0
0,0.667399460985856,1
0,0.09730045238070098,0
0,0.8633453342990198,1
0,0.38720050582863197,1
0,0.41155755513551395,1
0,0.338677480160766,0
0,0.4044821799416694,1
0,0.1977024382792156,0
0,0.12888564073791128,0
0,0.3921415124634694,1
0,0.5379100530727833,1
0,0.17780841733209415,0
0,0.887207407347327,1
0,0.4039062874665375,1
0,0.41730446856938236,1
0,0.08146520358523299,0
0,0.2459608957979969,0
0,0.9084041450815747,1
1,0.9673830820355215,1
0,0.22034457471184382,0
0,0.24587494816949354,0
0,0.09286399624011692,0
0,0.1373839920979971,0
0,0.3069983011785738,0
0,0.7353750627271199,1
0,0.1070307067949543,0
0,0.16059117794000735,0
0,0.13956080717877145,0
0,0.13452096698664054,0
0,0.1259590408416877,0
0,0.11066272866480752,0
0,0.5770358640178338,1
0,0.21412469449668778,0
0,0.13183312303228634,0
0,0.23516824763220914,0
0,0.21527639402578577,0
0,0.3600130877537746,1
0,0.37536775379497656,1
0,0.11199707421508892,0
0,0.10807675091355369,0
0,0.08216079359988707,0
0,0.4030462094158322,1
0,0.0930923172833004,0
0,0.2813960744741088,0
0,0.16706011520187597,0
1,0.6067516513776089,1
0,0.063333723944028,0
0,0.4360727916615557,1
0,0.42927804376696277,1
0,0.14007515510502724,0
0,0.0939895501178723,0
0,0.17933341577652884,0
0,0.13057160244445776,0
0,0.3644142586116133,1
0,0.10508650913672701,0
0,0.11190483636947517,0
0,0.7797955781343767,1
0,0.4794261951569233,1
1,0.9277014862557235,1
0,0.3507220962123578,1
0,0.4215101200204751,1
0,0.10405491274565945,0
0,0.1421444879258303,0
0,0.055952926540429965,0
0,0.20766526574249425,0
0,0.30722856714791563,0
0,0.09414121311628271,0
0,0.7355054662022049,1
0,0.15168948727258375,0
0,0.8967427711525926,1
0,0.14224509092566112,0
0,0.6801589312531834,1
0,0.08459555055338448,0
1,0.8204063513987374,1
1,0.12429508318356426,0
0,0.20541172071082883,0
0,0.09566568815607182,0
0,0.11266430745621694,0
0,0.7363096318298478,1
0,0.31648524237434944,0
0,0.11272281044677745,0
0,0.8518402714949734,1
0,0.053283843471693036,0
0,0.0885730975271699,0
0,0.7424341645251986,1
0,0.16323103944720008,0
0,0.21430452163267533,0
0,0.05357665393728335,0
0,0.886085664592296,1
0,0.12910573474678153,0
0,0.14109995295699584,0
0,0.09343045625538833,0
0,0.8304365350600247,1
0,0.15441141351092366,0
0,0.3494917529131149,0
0,0.0910512470953854,0
0,0.08471289827605152,0
0,0.3530018372899888,1
0,0.2496897936894392,0
0,0.7366453106747566,1
0,0.07741684187613075,0
0,0.3750544259013458,1
0,0.3573955127929739,1
0,0.12654078923654719,0
0,0.11831943136576967,0
0,0.11678708483200059,0
0,0.14664440758426386,0
0,0.1313888340637498,0
0,0.38410641374512894,1
0,0.33229307369054273,0
1,0.8815734838117852,1
0,0.3778847869501743,1
0,0.3259076144476174,0
0,0.8576742750478564,1
0,0.40027419682629684,1
0,0.13774549617522222,0
0,0.7997764576582278,1
0,0.44672459865042563,1
0,0.579685405677514,1
0,0.512964956069128,1
0,0.8150761241472344,1
0,0.12406678215791933,0
0,0.6773722063901882,1
0,0.1348085868036204,0
0,0.8282949443610195,1
0,0.263715854366061,0
0,0.4254282560240924,1
1,0.4728762997332628,1
0,0.5961573161899081,1
0,0.6529028704095579,1
0,0.07557670641631893,0
0,0.38505754043400614,1
0,0.14153291573272722,0
0,0.12921759285044707,0
0,0.15794537167335546,0
0,0.07964087081198487,0
0,0.44020701803800355,1
0,0.11265552421204558,0
0,0.8539413795465316,1
0,0.14599320604476362,0
0,0.536246998318752,1
0,0.4434495209641404,1
0,0.835961633499496,1
0,0.7874237213293053,1
0,0.3629441344348249,1
0,0.2896006835952742,0
0,0.1483796195634035,0
0,0.6843145350690463,1
0,0.1271533223789035,0
0,0.19550898891159524,0
0,0.09329838756882511,0
0,0.1524834650455291,0
0,0.7953474182088325,1
0,0.3769699456224185,1
0,0.20545306183818204,0
0,0.37914416078744323,1
0,0.2950764322247809,0
0,0.48266434525736673,1
0,0.30952296135707724,0
0,0.7225514694916665,1
0,0.4918883555019562,1
1,0.14205175610791423,0
0,0.19636120604709534,0
0,0.0685360458162659,0
0,0.1449321079634992,0
0,0.09325795493540308,0
0,0.3038260657031316,0
0,0.8287649894273056,1
0,0.11323064599534317,0
0,0.1362222280896454,0
0,0.14249837552176547,0
0,0.13179124731506406,0
0,0.09765770619817579,0
0,0.15453001722308593,0
0,0.09430837482207993,0
0,0.4243902215846811,1
0,0.12616935330500095,0
0,0.17964299809783385,0
0,0.07301180796948609,0
0,0.13224490530119562,0
0,0.12748263889978134,0
0,0.2717498767008429,0
0,0.34935676723431275,0
0,0.40204995922303205,1
0,0.604773129907976,1
0,0.43279011394486894,1
0,0.711874691169628,1
0,0.195523300029857,0
0,0.10744555319973628,0
0,0.12346395775785458,0
0,0.07446967805686398,0
0,0.1870786849913759,0
0,0.1049414967131363,0
1,0.5120226694474992,1
0,0.22461512817904325,0
0,0.36688120562502424,1
0,0.5014387499383506,1
0,0.5497717085334739,1
0,0.13287552184288187,0
0,0.5536105020013411,1
0,0.12442226181075727,0
0,0.39384971995503815,1
0,0.09698827623297937,0
0,0.24507807601950632,0
0,0.7943478683956672,1
0,0.11134341256669816,0
0,0.5309667406740379,1
0,0.11765655175604868,0
0,0.12935626869082612,0
0,0.12741993703079452,0
0,0.3454564874227778,0
0,0.5879009442498608,1
0,0.13736246490560763,0
0,0.5144274272213942,1
1,0.7697597014795827,1
0,0.4552875421074675,1
0,0.10882222222857349,0
0,0.18910694413534232,0
1,0.7698929961314935,1
0,0.5403937989003068,1
0,0.5686736669015646,1
0,0.6606989303217922,1
0,0.21289974757552824,0
0,0.07183631941439178,0
1,0.672972454728033,1
0,0.41209066403079264,1
0,0.16102584938066902,0
0,0.14276154713178285,0
0,0.48438627256197314,1
0,0.16459865546157787,0
0,0.8913914380655903,1
1,0.9605530798521895,1
0,0.2921597531659088,0
0,0.1073437169428319,0
0,0.12140923425087903,0
0,0.1336012093432341,0
0,0.28869524845384326,0
0,0.052186381665416025,0
0,0.20192259635807086,0
0,0.5747502776976315,1
0,0.06174472143709958,0
0,0.3528825502159431,1
0,0.0788366640324733,0
1,0.39394729516182947,1
0,0.6135150854261345,1
0,0.26491226565213527,0
0,0.06446191560312063,0
0,0.5437105162206117,1
1,0.16621592727930895,0
0,0.14086788112981566,0
0,0.07599521167852066,0
0,0.5606434397750895,1
0,0.10156359503717412,0
0,0.15496570735471632,0
0,0.06051600846722056,0
0,0.12899207335423704,0
1,0.2545291408595279,0
0,0.20204489161025238,0
0,0.0902696318521578,0
0,0.10095854859810574,0
0,0.8961932989693557,1
0,0.1956443514629466,0
0,0.4708841780524857,1
0,0.17325728803118196,0
0,0.2781075964888368,0
0,0.09204699826808174,0
0,0.1477803014320132,0
0,0.15348808943112838,0
0,0.6772112198936425,1
0,0.16691579446732668,0
0,0.13094450026996787,0
0,0.15569639836671356,0
0,0.23600496512469107,0
0,0.5174322945061005,1
0,0.08462873051660244,0
0,0.13586252704685695,0
0,0.07767266784686364,0
1,0.8543093419251698,1
0,0.10079024005092668,0
0,0.17195452469150083,0
0,0.09237822118234666,0
0,0.07349129843691492,0
0,0.08758819648353952,0
0,0.11921530519133436,0
0,0.20252509130643362,0
0,0.07344399036615265,0
0,0.401461378197308,1
0,0.6390638045358705,1
0,0.10044261147834176,0
0,0.8133576665741901,1
0,0.12381433997453885,0
0,0.23197309651914305,0
0,0.6232674908118732,1
0,0.553804750052332,1
0,0.6185754850441757,1
0,0.4453715046088708,1
0,0.5341217950814635,1
0,0.7674175898058377,1
0,0.5838930324139983,1
0,0.0677831404560628,0
0,0.15409959361059922,0
0,0.38367077968108126,1
0,0.24997562612927127,0
0,0.13059339601453798,0
0,0.7276974982567477,1
0,0.1860333506359449,0
0,0.20362108808156362,0
0,0.5216874148616795,1
0,0.07175673281643613,0
0,0.554874284946028,1
0,0.32248822452693826,0
0,0.09348735241948822,0
0,0.14341287363519709,0
0,0.08923595372887029,0
0,0.11545315258157288,0
0,0.1412846466940247,0
0,0.20524220949885852,0
0,0.14198400211166157,0
0,0.07308240532354565,0
0,0.7750828481363548,1
1,0.3670075433797029,1
0,0.08134093396947828,0
0,0.07172934912313167,0
0,0.09440535376571332,0
0,0.11823196810202873,0
0,0.37131660625694307,1
0,0.11704059228586279,0
0,0.7772492384008824,1
0,0.31664827298562936,0
0,0.08150520239672362,0
0,0.6127632964308521,1
0,0.35803371937077944,1
1,0.96224850768757,1
0,0.11152170197691127,0
0,0.2962487675639792,0
0,0.10186213595805069,0
0,0.20922927566947735,0
0,0.09890694858806556,0
0,0.15381825738397314,0
0,0.3328921793904293,0
0,0.22789008479235567,0
0,0.08485306325256818,0
1,0.3784660074390595,1
0,0.5727409175133218,1
0,0.10402596350886963,0
0,0.2535297120766979,0
0,0.5666127129179804,1
0,0.5062524848202351,1
0,0.06263360953602236,0
0,0.14392864345124104,0
0,0.4017698039182263,1
1,0.9343191464397772,1
0,0.2510270125250353,0
0,0.19170032810901616,0
0,0.328190800930477,0
0,0.0783376085630426,0
0,0.21956514138852204,0
0,0.11962073559248836,0
0,0.6536419601342522,1
0,0.0970025399046195,0
0,0.34547788314934036,0
0,0.430686403570624,1
0,0.3734821469821615,1
0,0.21148541192693196,0
0,0.31518368108729655,0
0,0.2506022736900054,0
1,0.5176075544873546,1
0,0.4878234505903171,1
0,0.08490041146627336,0
0,0.3552685558371086,1
0,0.4233468245641427,1
0,0.45428396627730083,1
0,0.05637859018155007,0
0,0.13409095125052511,0
0,0.10884863077011293,0
0,0.10486434207835112,0
0,0.09600618109138656,0
0,0.05912686037324927,0
0,0.10916022901757284,0
1,0.9172761822446438,1
0,0.15507029819183862,0
0,0.07511672630955314,0
0,0.16949718503737585,0
0,0.12610488437940814,0
0,0.4329958745419459,1
0,0.15231601086706598,0
0,0.26675667865029284,0
0,0.3792998280486628,1
0,0.14930650002021595,0
0,0.547922589195763,1
0,0.416863123082344,1
0,0.5762188738504251,1
1,0.9651466167768704,1
0,0.28905927978342727,0
0,0.6729469930813178,1
0,0.17726610657644107,0
0,0.8260787953093488,1
0,0.7876913513780965,1
0,0.12129217192919074,0
0,0.10823069535736415,0
0,0.10472784651223828,0
1,0.8566815780469669,1
0,0.14033463478314404,0
0,0.23902973578037978,0
0,0.4857703365846038,1
0,0.12150956985185589,0
0,0.06880119091349886,0
0,0.22268242007356823,0
0,0.7725482704674421,1
0,0.4310983029398387,1
0,0.10543289426739023,0
0,0.7820782191095982,1
0,0.08487999543644248,0
0,0.1139612964604966,0
0,0.1421452064298026,0
0,0.15381546747462307,0
0,0.11928209548407222,0
0,0.0668712905064907,0
0,0.1682259160356262,0
0,0.15918377534534825,0
0,0.11824423453429186,0
0,0.08251375350999818,0
0,0.0850259835884081,0
0,0.07331473329346734,0
1,0.902387037870759,1
0,0.19502544303385472,0
0,0.31295891981732427,0
0,0.10234388878492323,0
0,0.17044182044081782,0
0,0.38913334877662625,1
0,0.47075492307167965,1
0,0.0665946221342076,0
0,0.11002664943406705,0
0,0.9085044699397525,1
0,0.08627199817437288,0
0,0.10971127265190264,0
0,0.13448367098867042,0
1,0.5652614279061038,1
1,0.6419293068705179,1
0,0.4037175627861461,1
0,0.10484438632067385,0
0,0.5315800633180124,1
0,0.20294043460573766,0
0,0.08265193148369535,0
0,0.2665287293751787,0
0,0.44887849390812495,1
0,0.3485991836612546,0
0,0.2519972968997538,0
0,0.16624761407414612,0
0,0.15495676345200393,0
0,0.7668238305487012,1
0,0.4009852315887132,1
0,0.10505710004684662,0
0,0.9016658857087276,1
0,0.139740934110583,0
0,0.39824771861374203,1
0,0.3240288824459632,0
0,0.5160778167063913,1
0,0.5769453660827986,1
0,0.05855194706524904,0
0,0.20453335256422114,0
0,0.1820235158379928,0
0,0.24843131178746386,0
0,0.09724005621379744,0
1,0.9552356447778946,1
0,0.3070808339886319,0
0,0.0941835292522136,0
0,0.8054521342039287,1
0,0.13013216831672944,0
0,0.3513777755060629,1
0,0.29516743774607823,0
0,0.18452800461299734,0
0,0.1982333627184769,0
0,0.07200693167136657,0
0,0.0785591804289164,0
1,0.7894376718732854,1
0,0.10516083979225706,0
0,0.12399349341336151,0
0,0.0798781969825615,0
0,0.1708728377119768,0
0,0.27979628704697646,0
0,0.20557076566914978,0
0,0.27927688164459513,0
0,0.3234243589168692,0
0,0.250013395330001,0
0,0.23186701695888592,0
0,0.08682579870924352,0
1,0.37628232877987206,1
0,0.5256848493196766,1
0,0.6418785806059749,1
0,0.12637745435461376,0
0,0.5413409683811049,1
0,0.1906512542447265,0
0,0.4115118921744385,1
0,0.5908407046007422,1
0,0.11747821174652494,0
0,0.19164867705912822,0
0,0.2692045599538071,0
0,0.39387813296348373,1
0,0.5263481858810813,1
0,0.2537362006984028,0
0,0.7950693106907282,1
0,0.16174041607742476,0
0,0.7767348012005381,1
0,0.05969605698018022,0
0,0.1070580449974851,0
0,0.16075339146275971,0
0,0.33158529897892386,0
0,0.13848177682979187,0
0,0.1694696546808681,0
0,0.10665989331447202,0
0,0.14866367536717665,0
0,0.17685678009400493,0
0,0.11655282998464936,0
0,0.09591663413574213,0
0,0.3918562250628983,1
0,0.23060470088931193,0
0,0.1775408297686169,0
0,0.1616230181675738,0
0,0.1630105627730085,0
0,0.11922786952301209,0
0,0.5590755293605918,1
0,0.1043340426891497,0
0,0.6809812817311801,1
0,0.1359588975197371,0
0,0.14014032293156783,0
0,0.3265682278623789,0
0,0.9059247125967766,1
1,0.9567146740249795,1
0,0.2755495833366505,0
0,0.07035467496633775,0
0,0.3783900313059104,1
0,0.14246084301277073,0
0,0.14318685428429614,0
0,0.2242234068375405,0
0,0.7340772969272756,1
0,0.14006230793668592,0
0,0.49667990198596906,1
0,0.150205876801236,0
0,0.7598051562697868,1
0,0.08858021826216068,0
0,0.07506701093564654,0
0,0.08717904617067934,0
0,0.7851841618234967,1
0,0.14589138043149413,0
0,0.13251032567456802,0
1,0.6166065094579961,1
0,0.11421964091668535,0
0,0.10837963144215676,0
0,0.14786781117324857,0
1,0.9515204211046273,1
0,0.09326771535209777,0
1,0.4422941818239673,1
0,0.2820639711878977,0
0,0.0985842883814348,0
0,0.468625062298238,1
0,0.6002587609049385,1
0,0.33353063936022875,0
0,0.11815208980251782,0
0,0.26577039984432377,0
0,0.43002651581427,1
0,0.8385559609665849,1
0,0.20174684834684917,0
0,0.4415812199220116,1
0,0.19337928192171908,0
0,0.08406114170445339,0
1,0.9324386969399745,1
1,0.7168146704916869,1
0,0.2092494043370383,0
0,0.171809021016912,0
0,0.47785953847746737,1
0,0.15362674014172398,0
0,0.755582733255256,1
0,0.35597945996579283,1
1,0.7135391670272141,1
0,0.7103303118421804,1
0,0.8296731744016035,1
0,0.5892497446935301,1
0,0.1865479300812601,0
0,0.8718884847845372,1
0,0.47872245094180005,1
0,0.16617163638122753,0
0,0.26298272121226235,0
0,0.09021349598466369,0
0,0.07537499257285936,0
0,0.19190462473142067,0
0,0.24899777555456584,0
1,0.7758769883311065,1
0,0.08155640007456733,0
0,0.1368722920350264,0
0,0.34976210008451886,0
0,0.05893496795821038,0
0,0.07619065636126145,0
0,0.5221113489094455,1
0,0.08289712107630526,0
0,0.16525559797609504,0
0,0.37193452497285834,1
0,0.563231057728559,1
0,0.1652453943907489,0
0,0.110775233960382,0
0,0.7767793793217864,1
0,0.0758119484443204,0
0,0.1937743497402639,0
0,0.7880000510029288,1
0,0.8436893437521034,1
0,0.2341665991256572,0
0,0.08450848961762064,0
0,0.11452151404366305,0
0,0.502528509041654,1
0,0.17161461561978308,0
0,0.08970295892966576,0
0,0.13160386987903624,0
0,0.186519492061641,0
0,0.5069090172390521,1
0,0.4353969823702035,1
0,0.08731376329374047,0
0,0.3492228134768576,0
0,0.6336350473134709,1
0,0.13357522402699365,0
0,0.3996691048219236,1
0,0.39050024871276473,1
0,0.7407415819703528,1
0,0.13743363174478507,0
0,0.46087886282403273,1
0,0.5046667156351219,1
0,0.27308665205084803,0
0,0.23955281528070377,0
0,0.11278319042533594,0
0,0.13016062169258513,0
0,0.15738278377018108,0
0,0.6542253601729687,1
0,0.5363834405186666,1
0,0.1532194933422293,0
0,0.13785414796063766,0
0,0.08826427679238236,0
0,0.504091930411226,1
0,0.2934463098658395,0
0,0.38491854732957437,1
0,0.07415717832740022,0
0,0.35225868006672406,1
0,0.07188644335462105,0
0,0.2516694533214727,0
0,0.1292050899843804,0
0,0.2195588059410953,0
0,0.11934519111089713,0
0,0.23237713131328688,0
0,0.617281692674441,1
0,0.6603960551716394,1
0,0.5683611779600445,1
0,0.1839875785063262,0
1,0.5581579337774222,1
0,0.1027301893650938,0
0,0.19664240426874313,0
0,0.259844498713885,0
0,0.07926330729035976,0
0,0.1899077141611849,0
0,0.3413713120203594,0
0,0.643263857685356,1
0,0.30166309889908693,0
0,0.7787149596989921,1
0,0.17669943832812604,0
0,0.8168614616102274,1
0,0.12799732686374943,0
0,0.796705709129765,1
0,0.5469161734583949,1
0,0.2490122610784504,0
0,0.09789582631193543,0
0,0.12444130294995327,0
0,0.16031505642987665,0
0,0.5173014105440633,1
1,0.6259929881806545,1
0,0.1326360127020836,0
0,0.604061277205174,1
0,0.1017095029017751,0
0,0.5645127199402651,1
0,0.4741233135787288,1
1,0.13390525897244876,0
0,0.2067138519934633,0
0,0.1085898861855523,0
0,0.08557879289607943,0
0,0.30427914001115125,0
0,0.3467335274927739,0
0,0.0694532391650877,0
1,0.9621988862565938,1
0,0.7654392189800978,1
0,0.39921875091499376,1
0,0.3163164958063177,0
0,0.08630174058371541,0
0,0.1346998006444682,0
1,0.6367849770361282,1
0,0.2591249313452105,0
0,0.06482916261179289,0
0,0.21850687921988993,0
0,0.1012937776739478,0
0,0.40261967417379446,1
0,0.36817890952560056,1
1,0.9270679176079278,1
0,0.2674606669652051,0
0,0.300813689003944,0
0,0.11144914021603694,0
0,0.7584470141046967,1
0,0.1737296897667719,0
0,0.32289667001732325,0
0,0.10147504620959838,0
0,0.10806864714028107,0
0,0.06445033595172503,0
0,0.09317693695657905,0
0,0.08986140967772785,0
0,0.426058563520932,1
0,0.20779721010309393,0
0,0.33995865841462375,0
0,0.13659444415216895,0
0,0.2516801480825766,0
0,0.36347410090813964,1
0,0.08303910623540878,0
0,0.3673117293155101,1
0,0.10755138575333092,0
0,0.1928646521519254,0
0,0.19149535998584538,0
0,0.7495192571487167,1
0,0.914446391479185,1
0,0.11714008067376519,0
0,0.10659401125866597,0
0,0.21244144981637064,0
1,0.14171962852907302,0
0,0.19859527809525923,0
0,0.19966990759146497,0
0,0.3724635001004688,1
0,0.2959026562361539,0
0,0.794977440920511,1
1,0.8434316274247128,1
0,0.11393651818938443,0
0,0.19918141925529104,0
0,0.15411368902426384,0
1,0.7965778551171727,1
0,0.11785184798843396,0
0,0.8924944623572768,1
0,0.6387323082600354,1
1,0.8038870637842944,1
0,0.2260549844744989,0
0,0.2829826573872594,0
0,0.8158385857178525,1
0,0.5640545115964684,1
0,0.18332103472901315,0
0,0.25587739631151574,0
0,0.2446758470729387,0
0,0.28511150440089433,0
0,0.14843805154646242,0
0,0.5311063311488828,1
0,0.6991246288518068,1
0,0.5362767373301668,1
0,0.07816535854638153,0
0,0.5094185845948602,1
0,0.5512768922822443,1
0,0.13997376883655877,0
0,0.16763175467630972,0
0,0.5630405154020047,1
0,0.12030087649652844,0
0,0.6438705805332489,1
0,0.4943005875895572,1
0,0.0929915569746699,0
0,0.13911293511515108,0
0,0.19573747253265159,0
0,0.3856672615207196,1
0,0.12100194701500629,0
0,0.8581624369755514,1
0,0.1385641822707627,0
0,0.4109278530782106,1
0,0.46133885092712196,1
0,0.3039486136477059,0
0,0.14385291733159938,0
0,0.15330779181067317,0
0,0.27285419762964974,0
0,0.09016916752790338,0
0,0.2826811573328049,0
0,0.23823603151760533,0
0,0.6759008098843392,1
0,0.515814701999377,1
0,0.14503137545360933,0
0,0.7177815375170282,1
0,0.6301799192411974,1
0,0.07885207591285849,0
0,0.7241189395359289,1
0,0.07648513911762227,0
0,0.3324252035897151,0
0,0.6444823730300218,1
1,0.5721316574447315,1
1,0.162263283486043,0
0,0.5288187706526617,1
0,0.12854197185511881,0
1,0.8587941279036685,1
1,0.8110405331310068,1
0,0.6114292580099051,1
0,0.3216827300728463,0
1,0.5374868499052289,1
0,0.10799878569638446,0
0,0.30221061897367146,0
1,0.6958035903634252,1
0,0.1324365540709567,0
0,0.08094884362221891,0
0,0.8627898029357459,1
0,0.23810088671172902,0
0,0.11172275086235237,0
0,0.1299405717889189,0
1,0.12819813205082356,0
0,0.12734360307867174,0
0,0.19991789914665592,0
0,0.2806076955223629,0
1,0.7663567835272139,1
0,0.13191415127444134,0
0,0.22895374150929507,0
0,0.20225667095384345,0
0,0.19909939104340268,0
0,0.5791618885679277,1
0,0.06668249938816881,0
1,0.8458977086318007,1
0,0.07847620650271488,0
0,0.07852914054523107,0
0,0.4091469305376657,1
0,0.5686290911618375,1
0,0.20688610029903431,0
0,0.1893291931440853,0
0,0.6577393785204,1
1,0.5079309258223222,1
0,0.8844112137538996,1
0,0.6296171144705113,1
0,0.1772250156606063,0
0,0.4852552569710054,1
0,0.6011917348917056,1
0,0.06007057259674735,0
0,0.9094374879394981,1
0,0.12199201055442496,0
0,0.16948110720911388,0
0,0.44022417597229196,1
0,0.2030347166010938,0
0,0.09020366681937304,0
0,0.4788651282915903,1
0,0.11562038790962656,0
0,0.17656918869642704,0
0,0.11822214987839871,0
0,0.6370277126628147,1
0,0.8482633782957981,1
0,0.2536531143830599,0
0,0.12437059816729362,0
1,0.6377051370939675,1
0,0.1642414443112743,0
0,0.8448595189443417,1
0,0.1598775110109404,0
0,0.1212711502634053,0
0,0.07544013303387707,0
0,0.2938200803878906,0
1,0.8826974111228733,1
0,0.10165467449600744,0
0,0.5587264480329242,1
0,0.14308458432648222,0
0,0.3808407069262621,1
0,0.40532464536846463,1
0,0.5136371220891645,1
0,0.3376057414701923,0
0,0.09591296149729261,0
0,0.1220441159300746,0
0,0.571655835786355,1
0,0.12144646787009528,0
0,0.24979631985759668,0
0,0.2072111183687642,0
0,0.2278910046123328,0
0,0.09178268968360422,0
0,0.08994817326704764,0
0,0.10917076639079454,0
0,0.07274369236392347,0
0,0.5846666705182099,1
0,0.2440417102640522,0
0,0.2479400160793781,0
0,0.12490410973511805,0
0,0.6243979634870701,1
0,0.6016605022735009,1
0,0.5749884761244559,1
0,0.14131705962864993,0
0,0.15247765942179592,0
0,0.3102501508594656,0
0,0.06015033735142868,0
1,0.867375410882243,1
0,0.21180091536606754,0
0,0.12956869821669045,0
0,0.24170400490636457,0
0,0.12032578590997246,0
0,0.11479363454760569,0
0,0.12184870087433546,0
0,0.11518626304081392,0
0,0.13878089176859448,0
0,0.5741155485375116,1
0,0.3974015035501404,1
0,0.1822126963735495,0
0,0.1761125515901608,0
1,0.8875023651472834,1
0,0.11417229502659244,0
0,0.20423977520279532,0
0,0.8104853303701205,1
0,0.10999392877957796,0
0,0.2534559657443265,0
0,0.8577869044049025,1
0,0.06718195435303337,0
0,0.41873084645033704,1
0,0.5878166679038836,1
0,0.18857577544088197,0
0,0.1415132436142215,0
0,0.0764939672017626,0
0,0.07944947880526156,0
0,0.35941507840011827,1
0,0.42907197047081014,1
0,0.07412138771478294,0
0,0.05561788052722945,0
0,0.11756018259563299,0
0,0.07315261158977322,0
0,0.310360133082944,0
0,0.12413308902955672,0
0,0.11244643667295967,0
0,0.06783526976166958,0
0,0.24162710110924238,0
0,0.2251832656799592,0
0,0.08740107580124881,0
0,0.08377324532042972,0
0,0.7783745981360938,1
0,0.8746734760564406,1
0,0.7300351468679749,1
0,0.16734274917745598,0
0,0.4182834912113796,1
0,0.08453892626025934,0
0,0.12697364177144144,0
0,0.4345442847136794,1
0,0.5344629600712097,1
0,0.849057696358278,1
0,0.1154895187223242,0
0,0.819643422999628,1
0,0.11636548821563068,0
0,0.4069033701017412,1
0,0.3264442890347161,0
0,0.1176727405927758,0
0,0.5066355256294516,1
0,0.5604322055378202,1
0,0.12580960370432995,0
0,0.13281085739019177,0
0,0.3338289868775217,0
0,0.09721558296937462,0
0,0.45983397399144443,1
1,0.9470060697838091,1
0,0.5153941324054198,1
0,0.1638545540320184,0
0,0.33145907128646923,0
0,0.7207903349742066,1
0,0.09882804352434249,0
0,0.06029495054940057,0
0,0.18131632578090381,0
0,0.1724075725082719,0
0,0.15749129502026865,0
0,0.6754907793984047,1
0,0.08157484173600073,0
0,0.16082374593579227,0
0,0.1586925443828703,0
0,0.15017603439484414,0
0,0.23194424932235136,0
0,0.1567304098056157,0
0,0.109421702393751,0
0,0.7693004921764212,1
0,0.39779144888726736,1
1,0.8004851912592553,1
0,0.5474472880741961,1
0,0.5705220580288796,1
0,0.4620656668359455,1
0,0.18127205022575332,0
0,0.3269022970002338,0
1,0.41209152390055775,1
0,0.8723493900486682,1
0,0.535867471934511,1
0,0.5124789635886351,1
1,0.38196816369036823,1
0,0.3409038464915612,0
0,0.4280709026613218,1
0,0.25634512625709,0
1,0.6523107858809877,1
0,0.2558900230974261,0
0,0.5831407554383949,1
0,0.0634674109634197,0
0,0.4619447438092819,1
0,0.5456541326660129,1
0,0.3828295436419393,1
0,0.10094793713111666,0
0,0.2638352453872226,0
0,0.3528318944818549,1
0,0.1230067462864277,0
0,0.19400782392049234,0
0,0.2450215981462757,0
0,0.23810265674943074,0
0,0.35132692957960093,1
0,0.05881209603649952,0
0,0.3343057025069964,0
0,0.09468658169381734,0
0,0.10578462744472093,0
0,0.5602163445949728,1
0,0.37997902082829604,1
1,0.8718960232926372,1
0,0.05250499377152045,0
0,0.2986646504230081,0
0,0.2839323575100055,0
0,0.8660306756971058,1
0,0.43911396691525745,1
0,0.2452155623939244,0
0,0.37063201288351955,1
1,0.16153024287950743,0
0,0.0706132460614759,0
0,0.588763712895518,1
0,0.14953722157980887,0
0,0.6173421809978172,1
0,0.09824719133739054,0
0,0.1406989581274503,0
0,0.3687142479680899,1
0,0.1966805752820813,0
0,0.09928919457771418,0
1,0.46935375610835317,1
0,0.05906141656795063,0
0,0.4456857677274481,1
0,0.10528026736708218,0
0,0.10205979575780455,0
0,0.7510471453340498,1
0,0.6385846337327902,1
0,0.17027266166525082,0
0,0.1398664119569657,0
0,0.8504654941491883,1
0,0.2000032943399446,0
0,0.0759068452150654,0
0,0.08657097370014726,0
0,0.17643267797394663,0
0,0.5966550631149219,1
1,0.8660800601320142,1
0,0.11843730318034505,0
0,0.2890642766501294,0
0,0.1350835679986356,0
0,0.22927628456491808,0
0,0.18733657229974965,0
0,0.1206169784656382,0
0,0.10555449947546704,0
0,0.8459080679026026,1
1,0.810077217222493,1
0,0.36716278026521576,1
0,0.5815712112916349,1
0,0.08025043202282246,0
0,0.2861721021919927,0
0,0.08363611159073843,0
0,0.43373287463178023,1
0,0.12955480782858256,0
0,0.7489708862247926,1
0,0.26288093705932475,0
1,0.9235932504571113,1
0,0.09714696763575831,0
0,0.8492557023420843,1
0,0.09740175398863286,0
0,0.1434925423522852,0
0,0.07548727090476079,0
0,0.11335613212297437,0
0,0.16290945458687284,0
0,0.6997723563226351,1
0,0.38493195574929223,1
0,0.3827432792076227,1
0,0.5814625932301841,1
0,0.6575679118505421,1
0,0.4163997320112856,1
0,0.07104456187766103,0
0,0.11941493830139652,0
0,0.05850324691985235,0
0,0.4701655982538366,1
0,0.11030674567236808,0
0,0.1544607751948324,0
0,0.06486506400457291,0
0,0.5788860363469752,1
0,0.10586491578303465,0
0,0.13643784450725932,0
0,0.14042487210617471,0
0,0.23963147354030384,0
0,0.10265868611649506,0
0,0.14184690001639363,0
0,0.17393597710018432,0
1,0.9091219561540301,1
0,0.08991326774515976,0
0,0.12022348862486174,0
1,0.32713415753084885,0
0,0.7868979929747475,1
0,0.2510132456783963,0
0,0.08854092246679897,0
0,0.25407298216715435,0
0,0.7418622686954005,1
0,0.8358922886824856,1
0,0.25855726777061777,0
0,0.32393582895991907,0
0,0.4246789547938256,1
0,0.3423651081574251,0
1,0.16003921808483063,0
0,0.5370292509433636,1
0,0.5206793962242029,1
0,0.10570026866384846,0
0,0.6599959655649822,1
0,0.332592934420233,0
0,0.10795918457928011,0
0,0.2059411167573366,0
0,0.39295358491617205,1
0,0.09398245304676375,0
0,0.08645871268337746,0
0,0.2934170162880781,0
0,0.3579451435708952,1
0,0.08266856575919793,0
0,0.08729147672101918,0
0,0.21227664189025924,0
1,0.873325890127509,1
1,0.924389033701842,1
1,0.8595620562431869,1
0,0.23360396002435407,0
0,0.5962642846764084,1
0,0.11307626986369565,0
0,0.1458708153755773,0
0,0.40265596301482903,1
0,0.12225393105919828,0
0,0.5948358760650895,1
0,0.1330028676107432,0
0,0.12084883685368225,0
0,0.4992438365965383,1
0,0.1004621769422256,0
0,0.19099829098055185,0
0,0.18237477192799254,0
0,0.3321743931222998,0
0,0.2810812907738345,0
0,0.09431747523739605,0
0,0.3718108762104494,1
0,0.07264759418490016,0
0,0.526665147427467,1
0,0.9182890494129996,1
0,0.16391327157914815,0
0,0.08866575413330285,0
0,0.05908434339391051,0
0,0.1180560615065608,0
0,0.0997979331677193,0
0,0.11313687635344155,0
0,0.12680351596886827,0
0,0.20321680461074304,0
0,0.45858755223558273,1
0,0.4431293726284927,1
0,0.4252277690950487,1
0,0.3674920157066221,1
1,0.581269689871702,1
0,0.18440423237969616,0
0,0.21363708895897868,0
0,0.44881573303977396,1
1,0.38324388263077125,1
0,0.09511417681184046,0
0,0.2903208852799569,0
0,0.09643808751759846,0
1,0.4722692292312422,1
0,0.8454508963089143,1
0,0.12295240938534036,0
0,0.12616504733119277,0
0,0.23199913807276412,0
0,0.850908124453087,1
0,0.8945854390056187,1
0,0.12007128224572194,0
0,0.07273858194045722,0
1,0.5252957423801324,1
0,0.5801610316903915,1
0,0.11444454186283667,0
0,0.18003360778686955,0
0,0.12370621275765899,0
0,0.1434285353224743,0
0,0.5648578770963675,1
1,0.9439254484123076,1
0,0.10463380088414792,0
0,0.17816776125027822,0
0,0.17718619359776908,0
0,0.558396087489893,1
1,0.8908839385541178,1
0,0.2646706581949504,0
0,0.08504227477027786,0
0,0.15326218717834322,0
0,0.14614044298019416,0
0,0.09567918955946113,0
0,0.26088358687461444,0
0,0.8655779252790782,1
0,0.45682709787730585,1
0,0.5383395830037395,1
0,0.17923809280361452,0
0,0.4204798588745134,1
0,0.16816657888247286,0
0,0.15051795861703288,0
0,0.1077790175762709,0
0,0.5935206825974886,1
0,0.07225205203982996,0
0,0.4949018866709347,1
0,0.15578690384882285,0
0,0.35565389418700616,1
0,0.5601286523080908,1
0,0.10388630984021513,0
0,0.14078101228416307,0
0,0.27839950361765786,0
0,0.10320084899537216,0
0,0.12226414061987766,0
0,0.15696340110568804,0
0,0.1511163268984276,0
0,0.3144554621092845,0
0,0.3334514145540431,0
0,0.10247123228681992,0
0,0.1652839831622066,0
0,0.10468393172739032,0
0,0.22164086410664918,0
0,0.5012176982356179,1
0,0.2506666098125986,0
0,0.1215935280467094,0
0,0.6616218081658859,1
1,0.7575763397377316,1
0,0.10648946154687346,0
0,0.8815900288227243,1
0,0.10536064730079313,0
0,0.1283654117092333,0
0,0.8441323181380755,1
0,0.9357213346375104,1
0,0.056316535751484015,0
1,0.5736604698525692,1
0,0.054139643868410366,0
0,0.24438656039432652,0
0,0.1427530390449117,0
0,0.1108059907636131,0
0,0.05747787003830687,0
0,0.14089008308958165,0
0,0.0815863105751269,0
0,0.23242646300085623,0
0,0.09440285949103785,0
0,0.09353634166318432,0
0,0.117680490117829,0
0,0.22911362357283024,0
0,0.5698899167776879,1
0,0.11221369094812668,0
0,0.4194576466148423,1
0,0.17868064284343324,0
0,0.39253577118868205,1
0,0.3174705936263778,0
0,0.1212688195918235,0
0,0.4931428080319941,1
0,0.12422614778686092,0
0,0.11677948845513982,0
0,0.07204711451991853,0
1,0.7540087362396194,1
0,0.13312290004791563,0
0,0.8247736043805209,1
0,0.4513374095307623,1
0,0.09447088906954447,0
0,0.10958376686765813,0
0,0.8925282794535326,1
0,0.1439327795294489,0
0,0.661414775118943,1
0,0.15294994475225296,0
0,0.12399159014245759,0
0,0.1252548915846941,0
0,0.19586238548075433,0
0,0.48710577929009263,1
0,0.13821975949735796,0
0,0.1310729408388072,0
0,0.31511520961097234,0
1,0.8774961226415781,1
0,0.08359203049100249,0
0,0.1748270105980134,0
0,0.07529229337816618,0
0,0.10886112584156173,0
0,0.5941310522307204,1
0,0.14260299283249794,0
0,0.265711056937384,0
0,0.2959065882683936,0
0,0.9386552219430322,1
0,0.15299153981155778,0
0,0.10391694330111581,0
0,0.1134530386374299,0
0,0.10713250104486641,0
0,0.17250244919170019,0
0,0.28421642180276147,0
0,0.10307783440313849,0
0,0.16152924051191872,0
0,0.1474425872081918,0
0,0.16084878576612466,0
1,0.41519613008035144,1
0,0.11683262651778385,0
0,0.0496940795321395,0
0,0.13642869027541973,0
1,0.737876200401814,1
0,0.1132561645036226,0
0,0.13644419178297362,0
0,0.10371190297129045,0
1,0.8934453478690852,1
0,0.12289734639468158,0
0,0.3147497011769545,0
0,0.10233185991106834,0
0,0.6759537126708375,1
0,0.061239571324873496,0
0,0.43570914452731785,1
0,0.6422686978474135,1
0,0.350164612116618,1
0,0.8618765357822625,1
0,0.09703364593603209,0
0,0.16135869907783287,0
0,0.06960260594663624,0
0,0.19028347157410144,0
0,0.06410162832842857,0
0,0.2333063987370268,0
0,0.19531739362873365,0
0,0.6001494426143466,1
0,0.30554929864679115,0
0,0.18640884337517097,0
0,0.0875085547752718,0
0,0.1947125483123317,0
0,0.46935924895853265,1
0,0.7052180565327324,1
0,0.318797610997995,0
0,0.1703471160241489,0
0,0.07664352264933771,0
0,0.6379639509549315,1
1,0.7990226070974479,1
0,0.7570646372060345,1
0,0.20777193540155275,0
0,0.8695455480460317,1
0,0.07218459344304241,0
0,0.19539985400427523,0
0,0.15203191356232848,0
0,0.1390336786976966,0
0,0.18168140952410008,0
0,0.15536899462244017,0
0,0.1597350885097029,0
0,0.08187992169631297,0
0,0.21054136459998654,0
0,0.05079811099296991,0
0,0.39841559598953086,1
0,0.10184580243528348,0
0,0.8562616889379037,1
0,0.4212736799827774,1
0,0.8575087123220096,1
0,0.13427147700750575,0
0,0.21266522092065082,0
0,0.30904097937173786,0
0,0.41618964743219666,1
0,0.10318750845889085,0
0,0.11838580434624398,0
0,0.5490719090973208,1
0,0.20089023532234798,0
0,0.3872955236058828,1
0,0.20001876068177035,0
0,0.22061935889065704,0
0,0.13402643425881927,0
0,0.19728941862134755,0
0,0.10651378858466402,0
0,0.32051417437166785,0
0,0.15611896921499838,0
0,0.2723104353919676,0
0,0.10059453262861023,0
0,0.15163938771106364,0
0,0.142130473820782,0
0,0.10637484556953625,0
0,0.9073505780594869,1
0,0.362532875258314,1
0,0.5692187006953573,1
0,0.07386306498745075,0
0,0.0774643071156232,0
0,0.08377769419206887,0
0,0.15299160616052934,0
0,0.07085624532644441,0
0,0.27084443899756694,0
0,0.3279739823497653,0
0,0.9424827967936379,1
0,0.49641662109207196,1
0,0.4197710093882022,1
0,0.44269666785095735,1
0,0.19523725365964595,0
0,0.09592920027508957,0
0,0.11527541329535351,0
0,0.4276762663143601,1
1,0.960248636651948,1
0,0.05616177179530945,0
0,0.054260654812801616,0
0,0.08578251816739095,0
0,0.2915534370317179,0
0,0.11768825856854997,0
0,0.18250115779032758,0
0,0.21847166428364845,0
0,0.16007518903140366,0
0,0.11543518903251791,0
0,0.6671199799489642,1
0,0.14858060534766848,0
0,0.07173788204137586,0
0,0.42332071714676217,1
0,0.13794905326340268,0
0,0.48768088238276147,1
0,0.09020658550165098,0
0,0.10660405885918534,0
0,0.09006737648942825,0
0,0.13324506342307263,0
0,0.7716391161530358,1
0,0.39996289817675623,1
0,0.5839778476765425,1
0,0.3210796001855553,0
0,0.10096610605087585,0
0,0.13978171928722657,0
1,0.7258168879587904,1
0,0.07227089807651783,0
0,0.12808426189491307,0
0,0.21917892916899437,0
0,0.5705472802986209,1
0,0.6699504939974201,1
0,0.17899614953946935,0
0,0.10742807312541675,0
0,0.4614754084950468,1
0,0.12565338581270008,0
0,0.6079085363299762,1
0,0.11421313381829114,0
0,0.1738172204012038,0
0,0.16248706064331878,0
0,0.11133680701167636,0
0,0.09916037993874244,0
1,0.5611460607110679,1
0,0.3282142395387474,0
0,0.06395453496353808,0
0,0.07868875292127293,0
0,0.4081153253059198,1
0,0.0888250752347153,0
0,0.1356086791548127,0
0,0.12775889351295486,0
0,0.1275922871683708,0
0,0.7232902466086815,1
0,0.16736669016587938,0
0,0.10193032572136607,0
0,0.07286509129083281,0
0,0.07191857577555882,0
0,0.2024787493202763,0
0,0.1128916193070743,0
0,0.14982274337756293,0
0,0.25630439453092285,0
0,0.10570375965796963,0
0,0.2890234889618348,0
0,0.22256580292141706,0
0,0.6226121718858161,1
0,0.22101511976899393,0
0,0.11394662837597785,0
0,0.13865930139572286,0
0,0.14054507445114248,0
0,0.23428327155552722,0
0,0.12159910284567056,0
0,0.33836629110250804,0
0,0.12366152323474393,0
0,0.10469697506118772,0
0,0.09215909113137322,0
0,0.523131050006291,1
0,0.4137088634537484,1
0,0.10844930515995581,0
0,0.4831864373522501,1
0,0.4903886218846302,1
0,0.5329567187652087,1
1,0.4147932845264212,1
0,0.35440444618002453,1
0,0.09971332616994509,0
0,0.4657598925269849,1
0,0.4705112303004218,1
0,0.44183052441333254,1
0,0.12021001201361534,0
0,0.49943049416697155,1
0,0.08889626043118143,0
0,0.2852401247598372,0
0,0.47316984202889645,1
0,0.18812476206322748,0
0,0.37156356259433987,1
0,0.5082379376115272,1
0,0.5336176401312132,1
0,0.42719769921784445,1
0,0.19213229234301218,0
1,0.8726952268897694,1
0,0.05583493036977202,0
0,0.3604232560365373,1
0,0.1274177507547801,0
0,0.21307492599674052,0
1,0.8744676495259593,1
0,0.08334425985198658,0
0,0.09270357168954291,0
0,0.3052853544952352,0
0,0.10463092885483578,0
0,0.13172454540627157,0
0,0.1253859544087318,0
0,0.3453026301745059,0
0,0.1503831186661786,0
0,0.5868139994775725,1
0,0.1107200023609788,0
0,0.2184868976618373,0
0,0.10542886839223335,0
0,0.3375880168460403,0
0,0.18021746510402334,0
0,0.6700585082189974,1
0,0.10061529320639094,0
1,0.7683038332486206,1
0,0.1137805641597912,0
0,0.39766144920741314,1
0,0.3487225236658062,0
0,0.5258531345683869,1
0,0.0925497375808963,0
1,0.7248435693729138,1
0,0.2030801313134584,0
0,0.45573755714905173,1
0,0.10810282076465735,0
0,0.9148128460243673,1
1,0.9207140809709936,1
0,0.08223332751050581,0
0,0.1773075142882383,0
0,0.17347646023104546,0
0,0.782910471132828,1
0,0.16513704093966028,0
0,0.15875427833147998,0
0,0.236079616388636,0
0,0.05781850653030025,0
0,0.8078657734799741,1
0,0.1361206476749262,0
0,0.12640801833470458,0
0,0.36800467482727245,1
0,0.1406814442121703,0
1,0.7997408282947444,1
0,0.38095979851420736,1
0,0.17622802029559878,0
0,0.10817380429215398,0
0,0.8655095767580944,1
0,0.2057438260594955,0
0,0.2127263144638685,0
0,0.11975836214868354,0
0,0.18338287692980917,0
0,0.2695185541848367,0
0,0.9513760845016359,1
0,0.3331619342121258,0
0,0.0837110005812789,0
0,0.20128077349328677,0
0,0.44261595745845805,1
0,0.21962532173503344,0
0,0.3823114603286262,1
0,0.12600155456549067,0
0,0.10963294409062402,0
0,0.05844420689967051,0
0,0.5255568770894263,1
0,0.43752945470124777,1
0,0.13438693537332771,0
0,0.11884854377787339,0
0,0.10679277891978928,0
0,0.0829988808495277,0
0,0.52269088238053,1
0,0.1589472347089687,0
0,0.13565459217486694,0
0,0.07741406232433921,0
0,0.5134867591457322,1
1,0.6079946325121678,1
1,0.9348758060337558,1
0,0.4271119167330676,1
0,0.8142845345770536,1
1,0.8294639802443239,1
0,0.12432657383971192,0
0,0.11601601532451826,0
0,0.15210236908235508,0
0,0.9364950444741776,1
0,0.4489290041169571,1
0,0.12351128004442229,0
0,0.3546217625878153,1
0,0.5410971579203707,1
0,0.2284915565893175,0
0,0.26081693623986285,0
0,0.10995237887457676,0
0,0.3777295343494585,1
0,0.2994101795221012,0
0,0.12436650730691952,0
0,0.5944815642363552,1
0,0.17821411401626264,0
0,0.4774875741124987,1
0,0.12523862021728793,0
0,0.9168704609739026,1
0,0.5970866210100925,1
0,0.2901920150449105,0
0,0.11481429152743178,0
0,0.14958713921259717,0
1,0.6643333708854775,1
0,0.2082642034799898,0
0,0.23843357431657927,0
0,0.10402634212915088,0
0,0.11266430745621694,0
0,0.10700702753550416,0
0,0.15820682300451616,0
0,0.5682703163397655,1
0,0.8712685426770861,1
1,0.8678935065985248,1
0,0.10595612797711837,0
0,0.5263836636661756,1
0,0.32795848304710984,0
0,0.33142428823668,0
0,0.19832351310469373,0
0,0.13720184064773944,0
0,0.10064183856722485,0
1,0.6381610876508568,1
0,0.11661029645990148,0
0,0.17591632175407002,0
0,0.1289669108184487,0
0,0.07707046341427806,0
0,0.09770514037196486,0
0,0.7021962122334252,1
0,0.26546664387756846,0
0,0.6195614803747579,1
0,0.20778394397087688,0
0,0.07388360661227855,0
0,0.5429375397355194,1
0,0.15634369606491713,0
0,0.31840710917148646,0
0,0.36756035249650826,1
0,0.6013133423804643,1
0,0.9454590704648581,1
0,0.16708812383656096,0
0,0.7886012047600783,1
0,0.6885219527194189,1
0,0.36615753844378823,1
0,0.09338557933838798,0
0,0.20132299883487653,0
0,0.3351640510997496,0
0,0.8053778047525127,1
0,0.9078994806902915,1
0,0.05655275482103283,0
1,0.6817038016070658,1
0,0.05617798689231184,0
0,0.1668315834916831,0
0,0.1002013496850874,0
0,0.31283976387275503,0
0,0.5654067742214814,1
0,0.09263237318443908,0
0,0.1512075182833013,0
0,0.2359660282543407,0
0,0.6258614152055109,1
0,0.5733135248945826,1
0,0.12012262490682057,0
0,0.5323524075914732,1
0,0.09535571517826263,0
0,0.1164043737389346,0
0,0.2135750468673459,0
0,0.4730714918486545,1
0,0.22935210907254627,0
0,0.07172865484393608,0
0,0.3911199518737317,1
1,0.44387930687105864,1
0,0.1337852516143597,0
0,0.2752528051493917,0
0,0.14198472218790498,0
0,0.5350936189995462,1
0,0.6895101924326741,1
0,0.3437703078109965,0
0,0.4968337199043287,1
0,0.1237555602651544,0
0,0.673475976627836,1
0,0.146693933093695,0
1,0.9258915400192463,1
0,0.10325658155714182,0
0,0.08204646023127089,0
0,0.5151665465636509,1
0,0.08194468925122077,0
0,0.2187290497528757,0
0,0.22134020464683482,0
0,0.12719351600228526,0
0,0.13580726241384553,0
0,0.3143827845700563,0
0,0.07156078308405893,0
0,0.751184992023383,1
0,0.08501229729028176,0
0,0.3579493825281546,1
0,0.46773938410437554,1
0,0.38296855839502125,1
0,0.4065289694405587,1
1,0.8196796454383914,1
0,0.07810944724157355,0
1,0.9292876738970289,1
0,0.13929656705274152,0
0,0.5195394571618734,1
0,0.5749608497468431,1
0,0.16154941152214142,0
0,0.8140471263254379,1
0,0.1334951790940642,0
0,0.13918872678182106,0
0,0.43008760398555723,1
0,0.2257000512028527,0
0,0.2451323129414674,0
0,0.935634552348821,1
0,0.3488569708979463,0
0,0.49505837322650703,1
0,0.13120622621062875,0
0,0.1068392351055469,0
0,0.16863376509592728,0
0,0.053885608639464996,0
0,0.10339273323979722,0
0,0.23592882398763387,0
0,0.22494886200608513,0
0,0.18011743482130277,0
0,0.09347771555849387,0
0,0.27087633986895127,0
0,0.8893703283729889,1
0,0.2884843780744263,0
0,0.18277115253880627,0
0,0.1438065913269292,0
0,0.167415078927989,0
0,0.13877046413826147,0
0,0.05017523590409393,0
0,0.13688644582777926,0
0,0.7386350029906591,1
0,0.10405666286189479,0
0,0.05834888556275114,0
0,0.16534705787636375,0
0,0.10023906439710806,0
0,0.2744721753646507,0
0,0.13422960045131407,0
1,0.19252057665102956,0
0,0.2796311938011958,0
0,0.09262700582779652,0
1,0.9132987136096593,1
0,0.7331681582439586,1
0,0.15682252961036908,0
0,0.5849808247644177,1
0,0.1006250990548406,0
0,0.32850688467210354,0
0,0.15235642076659203,0
0,0.11378318221670607,0
0,0.5425271660336156,1
0,0.2787853793384813,0
0,0.15763478479858864,0
0,0.21727426694330504,0
0,0.9014640568386841,1
0,0.14185163397923492,0
0,0.20043159826702087,0
0,0.10048305914701904,0
0,0.08150147824539457,0
0,0.16078805560434647,0
0,0.45070820985957416,1
0,0.07228239307962155,0
0,0.10239714346298821,0
0,0.09049972346941322,0
0,0.34940527384341613,0
0,0.11423274206185235,0
0,0.16728012481181662,0
0,0.2582675939369711,0
0,0.23728794937985345,0
0,0.4989646408975512,1
0,0.05541733014294227,0
0,0.12197006628352526,0
0,0.12789372339658472,0
0,0.5947142555030894,1
0,0.635551016156091,1
0,0.30080681686873945,0
0,0.050271196479678794,0
0,0.45789046231871067,1
0,0.4183777677376902,1
0,0.3831501370624114,1
0,0.5822817063423165,1
0,0.12099109503836436,0
0,0.5510760137944506,1
0,0.5238921724797251,1
0,0.11121191152668085,0
0,0.8781831880932429,1
0,0.2122665872940262,0
0,0.18936083542878943,0
0,0.08335722319391392,0
0,0.4966261018658822,1
0,0.16705809428343493,0
0,0.796834673209451,1
0,0.11958106497330247,0
0,0.7890752504054439,1
1,0.3491328411953363,0
0,0.3566210083402472,1
0,0.43150308525639713,1
0,0.5820131715802099,1
1,0.18492165042654654,0
0,0.266032418427222,0
0,0.4926109665200724,1
0,0.32431426812464975,0
0,0.5636987189869284,1
0,0.1859609047448099,0
0,0.1403226172218466,0
0,0.04763656652779738,0
0,0.36140899186681713,1
0,0.17570017169720836,0
0,0.10663607143947776,0
0,0.08580763702015116,0
1,0.8998579930546585,1
0,0.6130023568225651,1
0,0.7725213149864736,1
0,0.11763364477860638,0
0,0.4744767596930946,1
0,0.9426056077125149,1
0,0.49853411387995017,1
0,0.6330970869724564,1
0,0.8071014136508261,1
0,0.5709698631397745,1
0,0.3547804300372984,1
0,0.7627040554620182,1
0,0.5596696033622233,1
0,0.49780954841448183,1
0,0.17300902789600994,0
0,0.17710687838951336,0
1,0.9147909704454078,1
0,0.09964234052216506,0
0,0.37529621086915627,1
0,0.11521574373981856,0
0,0.13047128934663804,0
0,0.12945213796950153,0
0,0.1319508141825926,0
0,0.1479304612970062,0
0,0.6772371586547696,1
0,0.31411268511078294,0
0,0.2841715638337903,0
1,0.32232949356965324,0
0,0.5999640560164705,1
0,0.6064111759712709,1
0,0.47479816476662423,1
0,0.3856191716510479,1
0,0.05264304727862758,0
0,0.12726444018857072,0
0,0.22886857881307573,0
0,0.8667591616178102,1
0,0.32239205013968275,0
0,0.16115242616938633,0
0,0.09108975057371614,0
0,0.09529083428169839,0
0,0.10600320789587771,0
0,0.10736321720423445,0
0,0.6543253163230448,1
0,0.5847024721083537,1
0,0.1924488713047617,0
0,0.17211985785325815,0
0,0.7002213038189379,1
0,0.17999265268582315,0
0,0.0827647384248354,0
0,0.08951075322615885,0
0,0.2302471898264597,0
0,0.23171852769146586,0
0,0.6568188374691805,1
0,0.08796025205800719,0
0,0.4479365420932032,1
1,0.5678183868146252,1
0,0.09117972480145597,0
0,0.17827046655157602,0
0,0.3848734024494926,1
0,0.9531691158851721,1
0,0.6934042587864638,1
0,0.12476745451832355,0
0,0.5620168697025186,1
0,0.14137151134762582,0
0,0.15159617471355807,0
0,0.09102180977014465,0
0,0.23905163330840726,0
0,0.269926188989122,0
0,0.07144631333490346,0
0,0.35493309688925,1
0,0.12264383900987895,0
0,0.08547787600462976,0
0,0.4045820740198421,1
0,0.09944730390517358,0
0,0.9360570390050996,1
0,0.12015151607195464,0
0,0.42129045147682453,1
0,0.21040084267775683,0
0,0.13481583643003364,0
1,0.19440815598100136,0
0,0.5053426166171903,1
1,0.6113858491399699,1
0,0.10224132475835204,0
0,0.33831672875360874,0
0,0.06935393965637907,0
0,0.28440832003457106,0
0,0.3253039212208753,0
0,0.11989063565130541,0
0,0.13747902899993647,0
0,0.3790519735040143,1
0,0.2543353131453329,0
0,0.4894209134965402,1
0,0.6986926861451213,1
0,0.2429254646035752,0
1,0.8777733519587181,1
0,0.42421653112152397,1
0,0.5524368403209573,1
0,0.3422286826953597,0
0,0.1909637039109656,0
0,0.12048944905576858,0
0,0.0556539731668062,0
0,0.4964760821683245,1
0,0.19901533138884656,0
0,0.09107312801439471,0
0,0.12482618542671053,0
0,0.8030983483128495,1
0,0.5756241669141935,1
1,0.8216834712495171,1
0,0.2810766575431224,0
0,0.13801852457099603,0
0,0.8236675526993368,1
0,0.053433303959805695,0
0,0.12845728240623183,0
0,0.2996822761630211,0
0,0.10989895882287182,0
0,0.36842356233244045,1
0,0.2847033787014013,0
0,0.07194455268378108,0
0,0.4201974059096759,1
0,0.08592590463335402,0
0,0.0846113237639458,0
0,0.7607813040182527,1
0,0.31942536174759,0
0,0.17340314418375977,0
0,0.6297866221671009,1
0,0.26390745768406904,0
0,0.10987147374665088,0
0,0.1943281818473678,0
0,0.13655543088204047,0
0,0.1440460671476787,0
0,0.46534669276854734,1
0,0.20722100049572778,0
0,0.41473028913182824,1
0,0.24812487661213695,0
0,0.06363725968400426,0
0,0.20597106033388454,0
0,0.08405610390628776,0
0,0.19664929089930658,0
0,0.27522096828392234,0
0,0.12907075950802752,0
0,0.06066439307686605,0
0,0.12487803454924588,0
0,0.4763179560103473,1
0,0.8888712287445205,1
0,0.23749698287852117,0
0,0.30506750075841194,0
0,0.2598249071940564,0
0,0.6105415252523178,1
0,0.08565838620193701,0
0,0.17803594709432025,0
0,0.12024623791381124,0
0,0.15464666518513479,0
0,0.14067835440263904,0
0,0.19293254654214834,0
0,0.07282817029273579,0
0,0.17484061138735166,0
0,0.18741702287419076,0
0,0.5384643692863644,1
0,0.3713356761313392,1
0,0.2337320840727598,0
0,0.24086522395958412,0
0,0.21061972908073812,0
0,0.10212370144351514,0
0,0.07937365077436061,0
0,0.15556904003375424,0
1,0.8126004102746172,1
0,0.4760904675715444,1
0,0.19609910877717554,0
0,0.36493019932075654,1
0,0.9283837101831193,1
0,0.3485736673558385,0
0,0.13074671610873312,0
0,0.11470998724338405,0
0,0.24080756222380098,0
0,0.2511664412624924,0
0,0.2296031345033857,0
0,0.5367975884801415,1
0,0.1250383793948354,0
0,0.35864050991335733,1
0,0.10867719528691805,0
0,0.07564105900483466,0
0,0.05962510720075232,0
0,0.12207549247122472,0
0,0.07841561605134091,0
0,0.25775527140466886,0
0,0.09781640526977786,0
0,0.7916555707375023,1
0,0.16778588804425063,0
0,0.07354649831162387,0
0,0.16583206014534727,0
0,0.3871226485031204,1
0,0.16571625207080987,0
0,0.10065201940395374,0
0,0.11783548909632297,0
0,0.09481643162552622,0
0,0.13356468811471642,0
0,0.09602695821358402,0
0,0.5443285789479573,1
0,0.0936754086900297,0
0,0.3184821863550759,0
0,0.0747649244258255,0
0,0.5281738060342305,1
0,0.7315319774213378,1
0,0.33872678559617914,0
0,0.11557535285341058,0
0,0.055469503635879,0
0,0.32613201551443816,0
0,0.3417763953704389,0
0,0.10167105056020777,0
0,0.3552822628733951,1
0,0.18448867544470235,0
0,0.06953677731977163,0
0,0.20116748078313776,0
0,0.12395281536053249,0
1,0.9073291009806929,1
0,0.2689958765560132,0
0,0.12324742227756764,0
0,0.09552521416436655,0
0,0.0822857945664106,0
0,0.5011364298737387,1
0,0.5515685729177592,1
0,0.19765545936246998,0
0,0.40531546998306095,1
0,0.1585985964761711,0
0,0.20909533616009657,0
0,0.5946044077051796,1
0,0.3884924039311165,1
0,0.09778065286955726,0
0,0.18984681162697906,0
0,0.30995578328959117,0
0,0.4694966700754943,1
0,0.19078847273468966,0
0,0.20316398955853007,0
0,0.3592569863608172,1
0,0.41235231240430337,1
0,0.05489543415419495,0
0,0.30971865349822736,0
0,0.36532934167738584,1
0,0.12541676558362827,0
0,0.7201175670993583,1
0,0.1846856952732736,0
1,0.260185287980212,0
0,0.2930658300565453,0
0,0.11842179625487144,0
0,0.14261800059987298,0
1,0.6414048478860476,1
0,0.1601678648584727,0
0,0.11763947550207957,0
0,0.2829479788336153,0
0,0.6383677300344462,1
0,0.38628370913123367,1
0,0.16995577903134998,0
0,0.568557455895237,1
0,0.1225503620302743,0
0,0.15426225732028365,0
0,0.06799155441161499,0
0,0.10623545755487042,0
0,0.8231010460511695,1
0,0.13628443170486976,0
0,0.048256602303144394,0
0,0.19450222205178086,0
0,0.392702160570113,1
0,0.1055985166174625,0
0,0.12274607009772412,0
0,0.1334995493700622,0
0,0.723090434921206,1
0,0.534346683897897,1
0,0.1386454307774015,0
0,0.4362892024111094,1
0,0.23874457684215333,0
0,0.05765705924794113,0
0,0.14072287035145878,0
1,0.6026849742543906,1
0,0.7781232233381291,1
0,0.06698751192820294,0
1,0.6001588341406812,1
0,0.18634590794411146,0
0,0.07903109467149047,0
0,0.440747624792507,1
0,0.06567045419967353,0
0,0.3346686484995531,0
0,0.3286319885939956,0
0,0.31305470063170576,0
0,0.8280651893393377,1
0,0.15541950453789882,0
0,0.18715073286449213,0
0,0.31454647395293456,0
1,0.9285195330839597,1
0,0.5418491180930055,1
0,0.2475822570349653,0
0,0.058520183593132345,0
1,0.9142477992429212,1
0,0.10123315645221026,0
0,0.5149178958233595,1
0,0.9236955884005634,1
0,0.16234079250574243,0
0,0.7792880426901327,1
0,0.5372159443508846,1
0,0.8570288964222188,1
1,0.7713090857019878,1
0,0.12895657581271028,0
0,0.13562969764899097,0
0,0.835331593100864,1
0,0.41323374633304977,1
0,0.0822399125583502,0
0,0.07607780322289628,0
0,0.1356193871508661,0
0,0.5717590647278369,1
0,0.4734329024433998,1
0,0.18197263800101857,0
0,0.061371914002896946,0
0,0.06627730048871688,0
0,0.2548931471510645,0
0,0.0994614357930277,0
0,0.09222645029729476,0
0,0.058415898817057235,0
0,0.5194692719452174,1
0,0.8404518260529452,1
0,0.19236356553607492,0
0,0.30259369980387874,0
0,0.1404328887951986,0
1,0.24101995993521375,0
0,0.11593445640061108,0
0,0.07048491403652478,0
0,0.49603453768665456,1
0,0.5276672048030558,1
0,0.11760282965685147,0
1,0.8507404399514161,1
0,0.555576151768158,1
0,0.2628758827291426,0
0,0.41412877612527677,1
0,0.05860888592615324,0
0,0.13569126429472264,0
0,0.5493078100904705,1
0,0.15016962409810475,0
0,0.29230207911920786,0
0,0.13240291394180947,0
0,0.21320369498672898,0
0,0.3871436271176813,1
0,0.17596981164833886,0
0,0.1800901055014082,0
1,0.9585012856119196,1
0,0.07749989021395523,0
0,0.7648571205746405,1
0,0.41903343464800863,1
0,0.08467426545243084,0
1,0.8362599727249123,1
0,0.14033229767244368,0
0,0.09016863178706355,0
0,0.0896984378615625,0
0,0.8965659612368839,1
0,0.18928183889425876,0
0,0.4770736516863363,1
0,0.5370949063014019,1
0,0.28993570968994353,0
0,0.7654254564640122,1
0,0.08922779014241776,0
0,0.46572811406378983,1
0,0.46016795547300327,1
0,0.07723611891990541,0
1,0.7481515638905486,1
0,0.7970438446436477,1
0,0.4641007779243634,1
0,0.16373615501742142,0
0,0.10656843488985142,0
0,0.94422863457535,1
0,0.8098620052383848,1
0,0.8602941858439863,1
0,0.14085708440417946,0
1,0.9580398992776319,1
1,0.8814745435021212,1
0,0.17151300627358568,0
0,0.8302848840625293,1
0,0.12579808815004753,0
0,0.07325125097260765,0
0,0.36640399126047013,1
0,0.0943576192825196,0
0,0.19391950774777086,0
0,0.3898788814303243,1
0,0.22035224692139233,0
0,0.09662886565205284,0
0,0.29334084616263156,0
0,0.07047159036983379,0
0,0.08294180036371945,0
0,0.39968713071435297,1
0,0.07087553529821897,0
0,0.09884590403015385,0
0,0.1056890855703763,0
0,0.12864054635159908,0
0,0.44521391107517627,1
0,0.08921001833364424,0
0,0.2066244794970026,0
1,0.943797175678339,1
0,0.24518365988657853,0
1,0.8102202437509075,1
0,0.7063404788886692,1
0,0.26967802036314137,0
0,0.20253958923660753,0
0,0.08485789270738098,0
0,0.49262635069492045,1
0,0.07958517530115308,0
0,0.8142448349465347,1
0,0.13989769968442406,0
0,0.3209732921056985,0
1,0.5911491406935467,1
0,0.07911212550309132,0
0,0.3003123790703001,0
0,0.5089302505667994,1
0,0.12920344476828763,0
0,0.30675346255901903,0
0,0.2972897360079255,0
0,0.05628585993322957,0
0,0.1717592510848653,0
0,0.06334753274925382,0
0,0.08854011435937258,0
0,0.8258590839874844,1
0,0.1981010257144862,0
0,0.3167901444557939,0
0,0.3891094526175966,1
0,0.6495414915625554,1
0,0.0908500883843633,0
0,0.4630572426711682,1
0,0.12086214711154784,0
0,0.29496175386757684,0
0,0.7716946376414991,1
1,0.7264771360394028,1
0,0.37630490485270746,1
0,0.2590073927229793,0
1,0.4744710971825662,1
0,0.09922031219645588,0
0,0.10573543562500146,0
0,0.14357421090112663,0
0,0.4143917041770848,1
0,0.5333205005535164,1
0,0.15232117314791432,0
0,0.2048035344964937,0
0,0.05472602929547194,0
0,0.35781122057738973,1
0,0.19164602402441275,0
0,0.8530406592855867,1
0,0.28777107835041915,0
0,0.9263655166214797,1
0,0.722227098555033,1
0,0.6274289869876095,1
0,0.09033707712168308,0
0,0.15185995522032672,0
0,0.08738653461581913,0
1,0.9021090525176125,1
0,0.8631152540102958,1
0,0.08604315568107615,0
0,0.7170037997600189,1
0,0.1023144593734578,0
0,0.06883321666882432,0
0,0.8232301260752422,1
0,0.3809348419682193,1
0,0.14367629911297136,0
0,0.1284798756276723,0
0,0.7080328910495678,1
0,0.10679162431251323,0
0,0.5675933129057972,1
0,0.521228537918037,1
0,0.39963020181453746,1
0,0.6768740316897321,1
0,0.130421374727837,0
0,0.379899701240658,1
0,0.1981645937052,0
0,0.11492938498082929,0
0,0.20917656020819445,0
0,0.32238936818822667,0
0,0.07955338818529167,0
0,0.18549379695770293,0
0,0.7927345285135428,1
0,0.10761658533588632,0
0,0.09235248559824623,0
0,0.088768713687177,0
0,0.1350436962876386,0
0,0.5490060918150911,1
0,0.10711347505241832,0
0,0.3691929430388402,1
0,0.3632148600784978,1
0,0.12106243246439746,0
0,0.4174567471167258,1
0,0.14741729533975514,0
0,0.19284093100340902,0
0,0.4362497633590231,1
0,0.3696501041170261,1
0,0.5467595294415399,1
0,0.07662457580706179,0
0,0.10679073890745919,0
0,0.531177398811073,1
0,0.298854824240213,0
0,0.07859512597459158,0
0,0.36852380617330094,1
0,0.4746858764403271,1
0,0.10010770025770475,0
0,0.17817305455489119,0
0,0.9262487139843688,1
0,0.18546962058890515,0
0,0.3255826670191703,0
0,0.2653622709121155,0
0,0.34067188855954156,0
0,0.2043910167181253,0
0,0.4263056502114939,1
0,0.12213185423186362,0
0,0.13186350008301148,0
0,0.23425351379877146,0
0,0.2943587923574919,0
0,0.33041115440626323,0
0,0.28539211386048,0
0,0.4098190776767948,1
1,0.17476141716216875,0
0,0.07198573914521739,0
0,0.2054844358980693,0
0,0.11351992561470936,0
0,0.30684990045753563,0
0,0.08358332459002249,0
0,0.8354577164183309,1
0,0.7837265196187075,1
0,0.38862962223002934,1
0,0.18616038418435416,0
0,0.6549826198548154,1
0,0.05859255036852031,0
0,0.7546185264753175,1
0,0.30135979936157786,0
0,0.23637883464445555,0
0,0.7773959476318992,1
1,0.45537480695193255,1
0,0.5096351514352115,1
0,0.15644897414689957,0
0,0.22667861152599988,0
0,0.5691415046581763,1
0,0.11036348032243277,0
0,0.13753825224897803,0
0,0.3381495976794875,0
0,0.22647055469187127,0
0,0.2528588014103727,0
0,0.09300764149153043,0
0,0.09795479268720136,0
0,0.0894915727527143,0
1,0.8385206421601518,1
0,0.36095992091334494,1
0,0.10262327875520065,0
0,0.43913583758251235,1
0,0.46683349498631127,1
0,0.3088825903912449,0
0,0.06147620070730858,0
0,0.35017686078603194,1
0,0.11008153583080021,0
0,0.10453575102935266,0
0,0.3999605496272958,1
0,0.11235257241662834,0
1,0.8351745070071951,1
0,0.5604115342166314,1
0,0.08460707858318067,0
0,0.16724419825534273,0
0,0.1572836555918146,0
0,0.18039457064948664,0
0,0.10964099799207115,0
0,0.2614749581041992,0
0,0.14813510802164148,0
0,0.10848660477861045,0
0,0.7516835113851029,1
1,0.7771203067014181,1
0,0.1639434122359428,0
0,0.19058569002778497,0
0,0.7122455718675924,1
1,0.6348734475448824,1
0,0.1513994851450064,0
0,0.6076406848996192,1
0,0.09113703514628871,0
0,0.09715124832631394,0
1,0.9041259811861528,1
0,0.3718360294555852,1
0,0.3549681955090978,1
1,0.7672217205814045,1
0,0.07660253272805032,0
0,0.5193616919911554,1
0,0.11456725539865936,0
0,0.08169670762910812,0
0,0.10432461258765013,0
0,0.6192762262255536,1
0,0.4731157798837792,1
0,0.08953873155355645,0
0,0.1493791814807176,0
0,0.7249708321179869,1
1,0.465402358009353,1
1,0.15534163551687277,0
0,0.1556990674985319,0
0,0.10128548483194935,0
0,0.11584052150520961,0
0,0.45149547306916427,1
0,0.6790281406962406,1
0,0.38905768413676267,1
0,0.10474189090416568,0
0,0.18311468867475827,0
0,0.19069137093673416,0
0,0.14429777055277002,0
0,0.2396338240905171,0
0,0.13757559214190268,0
0,0.4812676261106621,1
0,0.2935152345416969,0
0,0.333943402141153,0
1,0.9125421461807594,1
0,0.4316425793275649,1
0,0.4430555382495236,1
0,0.07698635472864473,0
0,0.11758949702084079,0
0,0.12593843440134792,0
0,0.05034660606218411,0
0,0.15561254808597344,0
0,0.45467006458798004,1
0,0.07103705934515457,0
0,0.34407233031772727,0
0,0.30798646044601585,0
0,0.45501801976084855,1
0,0.06942192705008526,0
0,0.06940188048291375,0
0,0.0790879273484321,0
0,0.7090929106152061,1
0,0.10091719738283181,0
0,0.08656026235991358,0
0,0.3278640887367905,0
0,0.16585837687424265,0
0,0.3584454270754787,1
0,0.8793004863834,1
0,0.6125107538879926,1
0,0.14393875390353328,0
0,0.2290801432827723,0
0,0.06811594328581644,0
0,0.7574266922493398,1
0,0.09128269658411588,0
0,0.23231754138595817,0
0,0.188033410273166,0
0,0.13155182092516016,0
1,0.5856945337721214,1
0,0.24934521057347103,0
1,0.9671276916572333,1
0,0.4727662293623265,1
0,0.2468227649376986,0
0,0.5374189758073423,1
0,0.37541248353363377,1
0,0.631998822723687,1
0,0.3327444610458639,0
0,0.3254167911099671,0
0,0.056316535751484015,0
0,0.14311551371464443,0
0,0.11025673958964526,0
0,0.40682674656555595,1
0,0.14276694898556716,0
0,0.27355858460789445,0
0,0.13559574252592443,0
0,0.08223625554753694,0
0,0.2465200826528906,0
1,0.5910501983766335,1
0,0.1355680826876695,0
0,0.4613828976221818,1
0,0.6194062280989283,1
0,0.21969548425483743,0
0,0.37021273202133487,1
0,0.8771296530896117,1
0,0.2415170049645908,0
0,0.07986993143642247,0
1,0.9634178386707852,1
0,0.24643338173669793,0
0,0.22245245343798847,0
0,0.5123121450229727,1
0,0.05794061177037828,0
0,0.10775671227230833,0
0,0.10508581867102358,0
0,0.5653414234194385,1
0,0.08889125403021089,0
0,0.10842311245196418,0
0,0.2523530812205461,0
0,0.5727651444891536,1
0,0.2933886700112314,0
0,0.15014315105978115,0
0,0.9498154408838932,1
0,0.4414151010781588,1
0,0.7886012047600783,1
0,0.07707095584349927,0
1,0.8953340449453258,1
1,0.9437937580761786,1
0,0.12268315435683569,0
0,0.7544385329724934,1
0,0.07116393415834771,0
0,0.2792550529697213,0
0,0.280379761660358,0
0,0.1574862696345629,0
0,0.3682709267160626,1
0,0.051548316638064966,0
0,0.11883688586534336,0
0,0.23266717388709557,0
0,0.5721943119329579,1
0,0.07197054339738417,0
0,0.08132811747019458,0
0,0.5355812318284414,1
0,0.13640478485190846,0
0,0.160456109627062,0
0,0.1510424970653425,0
0,0.4169129619098006,1
0,0.3656191853077355,1
0,0.4610205667982287,1
0,0.09851504618325878,0
0,0.264978310071863,0
0,0.5088895744125366,1
0,0.22269391290693658,0
0,0.4118367719621736,1
0,0.8566996876595584,1
0,0.10753648581094441,0
0,0.7824272436964869,1
0,0.13758645992632676,0
0,0.8630949509762922,1
0,0.3240249493904806,0
0,0.20116487850282241,0
0,0.33375050211700186,0
0,0.8260211442802086,1
0,0.11069776692618187,0
0,0.11515399159515541,0
0,0.15755420610110907,0
0,0.1489550038476799,0
0,0.14502302437849077,0
0,0.058362607771425525,0
0,0.06026704772827356,0
0,0.22847091986987783,0
0,0.1439450922174452,0
0,0.07083517897226727,0
0,0.14332787101930639,0
0,0.15574535623116656,0
0,0.10362088082929678,0
0,0.17522535612749968,0
0,0.48946346032229665,1
0,0.5074831782476555,1
0,0.21778667155960277,0
0,0.20704077897824585,0
0,0.22027977302244353,0
0,0.3965433836164166,1
0,0.1715524209269669,0
0,0.12853171994699483,0
0,0.4087070280069923,1
0,0.09950707997709034,0
0,0.33854630991815765,0
0,0.09852395155784555,0
0,0.16911519299593697,0
1,0.4948000455648082,1
0,0.057288982231669165,0
0,0.501171814662454,1
0,0.40060420083619463,1
0,0.6376789208554555,1
0,0.13325172390091805,0
0,0.8801511606302068,1
0,0.0817559435685794,0
0,0.24433807679550915,0
1,0.45889834977661736,1
0,0.5581335775575635,1
0,0.7427109064849566,1
0,0.17219449711822732,0
0,0.3841440251791384,1
0,0.3439889880409781,0
0,0.07711836689214195,0
0,0.5826161652641884,1
0,0.19770313065741288,0
0,0.09749289369199078,0
0,0.19351196827320002,0
0,0.1339986393910264,0
1,0.5734109041769972,1
0,0.18305558122340257,0
0,0.3304881575219581,0
0,0.1490343093270141,0
1,0.6821519675800749,1
1,0.45285971033095945,1
0,0.29275564341037724,0
0,0.17916445154006533,0
0,0.16640393652635177,0
1,0.620295392209641,1
0,0.1315633697073304,0
0,0.3369879095426325,0
0,0.1159969690477162,0
0,0.13225752082080428,0
0,0.22151719422476204,0
0,0.4191303996798541,1
0,0.2335745074952625,0
0,0.054883255956584935,0
0,0.09416880372908404,0
0,0.551157295921645,1
0,0.11477451750467992,0
0,0.09682211637918478,0
0,0.27439945020062206,0
0,0.1375390856719526,0
0,0.2612831177659797,0
0,0.26288920844238445,0
0,0.35698948085611754,1
0,0.5493276154790362,1
0,0.17593953567941825,0
0,0.08977431872087725,0
0,0.7816274117548282,1
1,0.772531762433857,1
0,0.5893074636133491,1
0,0.086528390316449,0
0,0.1119620394868366,0
0,0.37913251173852724,1
0,0.11166365661751944,0
0,0.08995528238799319,0
0,0.2922004000278966,0
0,0.32952559373017576,0
0,0.11731133080192703,0
0,0.3223815175365319,0
0,0.20261078892011192,0
0,0.246123872933704,0
1,0.532804436862883,1
0,0.1479983065340579,0
0,0.4134959196205435,1
0,0.39558244417503874,1
0,0.30129210328859185,0
0,0.46564130498435286,1
0,0.23695017624924702,0
0,0.09489671097680115,0
0,0.20775440121174546,0
0,0.14346919888497048,0
0,0.06487978211184431,0
0,0.14121197172956415,0
0,0.23375902995691566,0
0,0.06921901233249915,0
0,0.09208492439158408,0
0,0.09345281931353792,0
0,0.10711946838754575,0
0,0.4554309767715864,1
0,0.4195484290153859,1
0,0.13952379407802146,0
1,0.9362861277762613,1
0,0.9010816150317783,1
0,0.16996713033546648,0
1,0.46886739236750186,1
0,0.29135871370246613,0
0,0.17538429804545688,0
0,0.13479332462141827,0
0,0.18519360563111298,0
0,0.6504793702018092,1
0,0.37369861916700164,1
0,0.5199289296177063,1
1,0.7570516263742806,1
0,0.3405471395736547,0
0,0.07037118905988081,0
0,0.1006248538359102,0
0,0.32540815141367185,0
1,0.8081537488496547,1
0,0.8793095225142729,1
0,0.16108332324609195,0
0,0.07294971854096141,0
0,0.9422457857156151,1
0,0.542895676988109,1
0,0.25010594914469775,0
0,0.10104976930415456,0
0,0.19513487496808254,0
0,0.23570725908045348,0
0,0.7804929429273245,1
0,0.6521553569292563,1
0,0.1079506694157845,0
0,0.09968771377276035,0
0,0.6123807672010434,1
0,0.18682139896273875,0
0,0.48707696568743736,1
0,0.2767352300714315,0
0,0.806473067243202,1
0,0.14009204327953972,0
0,0.6277151920830522,1
0,0.0867633960947073,0
0,0.12837518256908487,0
0,0.11356273306328402,0
0,0.19452133611992284,0
0,0.08778489823220426,0
0,0.26398284433307734,0
0,0.365214713232282,1
0,0.1395302695217039,0
0,0.08039647491521004,0
0,0.07275293250208466,0
0,0.19280133300283692,0
0,0.10458129765453927,0
0,0.1476128472674865,0
0,0.0709327493528945,0
0,0.11624870393223082,0
0,0.24509060235561392,0
0,0.10386812834408747,0
0,0.1744591092537675,0
0,0.15713459232051563,0
0,0.12381396164756865,0
0,0.11818069236379508,0
0,0.31305720101284046,0
0,0.8472925056712617,1
0,0.14174724014369963,0
1,0.9087235036201139,1
0,0.13505256566726279,0
0,0.1367849032396034,0
0,0.9360740769995328,1
0,0.13129409593561897,0
0,0.4906539355433988,1
0,0.12883949014397797,0
0,0.154935238115711,0
0,0.21784012030500263,0
0,0.10798926368646583,0
0,0.18617596310801546,0
0,0.09063982904597133,0
0,0.31300806902929074,0
0,0.7608117966137573,1
0,0.05506125689328936,0
0,0.04975319284153417,0
0,0.6272207541992838,1
0,0.5428249532223293,1
1,0.9119445237026478,1
0,0.12449805002611888,0
0,0.12380311876589609,0
0,0.13858792338691298,0
0,0.17067977344281804,0
0,0.708234767344625,1
0,0.11776819833025863,0
0,0.1406370015561589,0
0,0.34833566435257546,0
0,0.3036917908044858,0
0,0.5699010405783494,1
0,0.7851737426559414,1
0,0.4185600672115451,1
0,0.518077638286716,1
0,0.2409478100289404,0
0,0.23120473160109223,0
0,0.20424927028885098,0
0,0.21789260966369806,0
0,0.11522562270057683,0
0,0.4261148614357663,1
1,0.6325140650068155,1
0,0.36164525365729044,1
0,0.10071310449283916,0
0,0.6192963790596081,1
0,0.08649960038989901,0
0,0.16294608371547428,0
0,0.3653128680042094,1
0,0.11437404295057514,0
0,0.3147295987043707,0
0,0.653027576838658,1
0,0.07662182679677078,0
0,0.10686980506294796,0
0,0.0769198293425198,0
0,0.14193379997111702,0
1,0.3083466073106275,0
0,0.46930104665717937,1
0,0.10460529554484202,0
0,0.23574982698710797,0
0,0.0991357189232514,0
0,0.17271385449431487,0
0,0.18255655114020272,0
0,0.1134439172114037,0
0,0.14660352487955916,0
0,0.08399589614467635,0
0,0.08677172779742119,0
0,0.08775145205582101,0
0,0.15236256203105478,0
0,0.14405660953249794,0
0,0.08501955960931411,0
0,0.17640855092358473,0
0,0.20568193872864846,0
0,0.15107352075350322,0
0,0.8768060533798704,1
0,0.14084572793788158,0
0,0.08979825412883141,0
0,0.1941852964772411,0
0,0.086805378654832,0
0,0.08601010111776183,0
0,0.13929656705274152,0
0,0.7035592393996186,1
0,0.2949059830223838,0
1,0.6651129249213441,1
0,0.3876245143294322,1
0,0.7751463437167772,1
0,0.7260104307295386,1
1,0.8433039562725102,1
0,0.5616039105798071,1
0,0.32750154422279726,0
0,0.4745169024666213,1
0,0.25872018098567984,0
0,0.06602425526528835,0
0,0.09668890183940963,0
0,0.05923292182616745,0
0,0.12840893423719063,0
0,0.10390895264840631,0
0,0.4148092735378718,1
1,0.9593121685684958,1
0,0.37485077109699877,1
0,0.9529066087819519,1
0,0.26753440451205573,0
0,0.12930052282304183,0
0,0.1282810554625678,0
0,0.0649097050315679,0
0,0.08544891237895037,0
0,0.7441153003981851,1
0,0.7525401566705467,1
0,0.7793755410268467,1
0,0.09901908928946503,0
1,0.5386462593758944,1
0,0.11309734780125025,0
0,0.3654927808465478,1
0,0.09024258422984072,0
1,0.9263570191223834,1
0,0.26256669027209356,0
0,0.13315082217857377,0
0,0.12559498389902185,0
0,0.09254480868571643,0
0,0.24126369909178896,0
0,0.0636960095232696,0
0,0.1898596526524798,0
0,0.2034853760280077,0
0,0.1737559922460263,0
0,0.162766306588811,0
0,0.3330304626215455,0
0,0.10456169323174133,0
0,0.16022752769491597,0
0,0.14375348515560216,0
1,0.25316763679606663,0
0,0.44456023341297035,1
0,0.3276090101196088,0
0,0.23173386870233406,0
0,0.9171923006490641,1
0,0.5788882156951934,1
0,0.1633279430956077,0
0,0.2412831142299214,0
0,0.31338897181776737,0
0,0.12590342943778735,0
0,0.1649306838043159,0
0,0.17747027312958308,0
0,0.1515472878338558,0
0,0.1308377669287333,0
0,0.09140421589935409,0
0,0.861764279082928,1
0,0.28831367695324805,0
0,0.26660272965157183,0
0,0.8865238810055598,1
0,0.3476920427080722,0
1,0.7975395960457791,1
0,0.11284953617807728,0
0,0.8733717769295735,1
0,0.5764201733153538,1
0,0.2994473892509468,0
0,0.4185629781578386,1
0,0.2109641392352988,0
0,0.9075503523697942,1
0,0.14829869360458323,0
0,0.08428811195788923,0
0,0.28745194493810045,0
0,0.9021333277187226,1
0,0.40562908012078625,1
0,0.12615927301353178,0
0,0.37932760553752626,1
0,0.3179046258035838,0
0,0.27027519706835806,0
0,0.10726519357607683,0
0,0.2592051221523736,0
0,0.25464681821898005,0
0,0.4248221468487255,1
0,0.28371534209770927,0
0,0.21073415930882633,0
0,0.18124997226482017,0
0,0.529031519063012,1
0,0.34187451501267857,0
1,0.10619172037628159,0
0,0.9242248062840023,1
0,0.10530910144345966,0
0,0.20057164524177012,0
0,0.5490657604178959,1
0,0.15269116266651492,0
0,0.2548625034910748,0
0,0.6613003471329775,1
0,0.27025596507915683,0
0,0.10767579935165827,0
0,0.5335937892018606,1
0,0.8006325346875635,1
0,0.13787040809281595,0
0,0.10267389133001883,0
0,0.12961176325932472,0
0,0.5474110864211967,1
0,0.05240144174754194,0
0,0.36285371070250744,1
0,0.3680477277946403,1
0,0.07254767151447329,0
0,0.0790226283884365,0
0,0.18590714730285118,0
0,0.9176844193019623,1
0,0.2591850043212171,0
0,0.33775063397531996,0
0,0.07039650047589469,0
0,0.49187404288157266,1
0,0.2909099676999734,0
0,0.08985746402372315,0
0,0.1088106550605585,0
0,0.07840170343878744,0
0,0.0847468170273123,0
0,0.17786205061182586,0
0,0.12593063169725527,0
0,0.25589659083589766,0
1,0.8073661287503769,1
0,0.14733980588709808,0
0,0.1353871043446401,0
0,0.12635707188976805,0
0,0.0966558792232926,0
0,0.13038129850273875,0
0,0.23069658500046794,0
0,0.33440159980702544,0
1,0.10892242652548888,0
1,0.5909278645207616,1
0,0.49307470814452,1
0,0.10760064143212766,0
0,0.06836055249977825,0
0,0.770977293991928,1
0,0.5915188054817266,1
0,0.5090872306333681,1
0,0.3434059455845779,0
0,0.19923120938865851,0
0,0.5454498341064623,1
0,0.3029837977296889,0
0,0.19619400529014802,0
0,0.12287798922811673,0
0,0.33142517874787153,0
0,0.7845216979469559,1
0,0.1428996940819403,0
0,0.15823266020783136,0
0,0.07798169180685119,0
0,0.2737121239866245,0
0,0.25763746439757695,0
1,0.951193316269833,1
0,0.14447305363196708,0
0,0.11394459467507867,0
0,0.13155910138280533,0
0,0.14969108654785487,0
0,0.11321032282324528,0
0,0.46914734286384935,1
0,0.470405097474001,1
1,0.9650369072477027,1
0,0.521353349334508,1
0,0.16218576025103465,0
0,0.47326485854058975,1
0,0.2336104471863572,0
0,0.24624016811226976,0
1,0.6409007193358793,1
0,0.17126937620814728,0
0,0.4190905566905112,1
1,0.7479148124163717,1
1,0.8743235755420208,1
0,0.3526535024906369,1
0,0.18507353482315503,0
1,0.48229045082237254,1
0,0.1289785017459787,0
0,0.4497480133522063,1
0,0.6125478406673844,1
0,0.5840838546658628,1
0,0.09575418573396695,0
0,0.1158206363524139,0
0,0.44824344782967396,1
0,0.17983481114767674,0
0,0.11952329089320426,0
0,0.09814409976398325,0
0,0.18351095325015507,0
0,0.4781927282353087,1
0,0.4241293612409853,1
0,0.06999707437124804,0
0,0.5706178557196556,1
0,0.46377734804217474,1
0,0.43358168301043176,1
0,0.3066501543414045,0
0,0.7077362256446262,1
0,0.1355512231810667,0
0,0.1323882238354053,0
0,0.13199394976437467,0
0,0.23436890989816037,0
0,0.771471305401694,1
1,0.18853930044672076,0
0,0.18259762233212493,0
0,0.1250188821690029,0
0,0.21276506491545752,0
0,0.11556536891703904,0
0,0.05681559295673355,0
0,0.10100885908220804,0
0,0.17461251354734592,0
1,0.4826764012865631,1
0,0.20732637598169817,0
0,0.1566638259366856,0
0,0.12288904485629937,0
0,0.058910824837698154,0
0,0.09727416743295564,0
0,0.6754047079604161,1
0,0.7650199737132541,1
0,0.2171466388392949,0
0,0.1592287476186275,0
0,0.3990351066801434,1
0,0.341876558257681,0
0,0.08695764550153964,0
0,0.2296143665000242,0
0,0.19703391861974442,0
0,0.1867891692538288,0
1,0.8524811783658887,1
0,0.3208351611262075,0
0,0.18688234254154903,0
0,0.2596452470753019,0
0,0.17734813986141584,0
0,0.5451915044023738,1
0,0.5327434894310441,1
0,0.686896707137704,1
0,0.5447601246535263,1
0,0.10367251709788708,0
0,0.1960163960500946,0
0,0.49612064102633185,1
0,0.5242357387166954,1
0,0.10241158484629798,0
0,0.14623892720689743,0
1,0.9458484107640492,1
0,0.25108440340332355,0
0,0.15360316734636098,0
0,0.18539833945085235,0
0,0.20303169423488843,0
0,0.5622238259016634,1
0,0.102379808147961,0
0,0.15512709373716801,0
0,0.10164533812652682,0
0,0.1519608955608391,0
1,0.7979370375017819,1
0,0.15551867847773557,0
0,0.6023597498526309,1
0,0.47838514510871166,1
0,0.45687970933568817,1
0,0.2178190338737862,0
0,0.08290223146166592,0
0,0.09379980300081395,0
0,0.137785062464111,0
0,0.09193007534599225,0
0,0.42334846506469137,1
1,0.10759735025113547,0
0,0.6250273100439321,1
0,0.449767692086947,1
0,0.24118950747148366,0
0,0.49162223420962886,1
0,0.09071258728174798,0
0,0.07675982547101923,0
0,0.43546947983385176,1
0,0.22236945723629256,0
0,0.10763696642998122,0
0,0.11586918090464791,0
0,0.08275227533317003,0
0,0.05894362115524672,0
0,0.5880716017005319,1
0,0.11520671584696271,0
0,0.08859623094964716,0
0,0.15845625779835878,0
0,0.12225001478258576,0
0,0.15598344585612448,0
0,0.31066198050601235,0
0,0.14243891184258883,0
0,0.7336388905450729,1
0,0.3859428302219981,1
0,0.5262464020402519,1
0,0.6430734782876047,1
0,0.09883507167551976,0
0,0.23582479738009415,0
0,0.8542202316568722,1
0,0.24779010838137674,0
0,0.5661477768629187,1
0,0.6759270722476962,1
0,0.2845581599138285,0
0,0.2801212612181141,0
0,0.22425418886852952,0
0,0.07107990098377445,0
0,0.09168617995280022,0
0,0.14618397917597523,0
0,0.06218834605502073,0
0,0.13093539332549267,0
0,0.054884182107672895,0
0,0.08219001157745258,0
0,0.10678152732105843,0
0,0.5043451470461321,1
0,0.5983272966924809,1
0,0.23824900994604012,0
0,0.08896477710993134,0
0,0.11484449157498247,0
0,0.08577051421550475,0
1,0.813194914497705,1
0,0.10482637304787859,0
0,0.11543963142598182,0
0,0.5372225201791717,1
0,0.8152383057750304,1
0,0.2880377140920301,0
0,0.155596858765973,0
0,0.07340800725844326,0
0,0.13868919781808778,0
0,0.18834969345671915,0
0,0.10578238749323027,0
0,0.14877314264646901,0
0,0.8380666472410927,1
0,0.06611201437437661,0
0,0.27061579505883276,0
0,0.21348036409748014,0
0,0.20815604673889693,0
0,0.4041988142556217,1
0,0.22152414484102176,0
0,0.11784620865156654,0
0,0.05961620416569942,0
0,0.24495417556092042,0
0,0.34381127778923326,0
0,0.15847184766084754,0
0,0.09417701311956769,0
0,0.5216099745162197,1
0,0.11167516440368497,0
0,0.3446194120071914,0
0,0.09839061019459351,0
0,0.8307512220654074,1
0,0.10834539821033197,0
0,0.08351989285549283,0
0,0.18296193721577045,0
0,0.7433727214898733,1
0,0.08051512092200584,0
0,0.37414837259352834,1
0,0.13383974341123728,0
0,0.21461455476097915,0
0,0.0780378244808989,0
0,0.9505008671300635,1
0,0.17402154723857963,0
0,0.14207051876722412,0
0,0.5757939690109324,1
0,0.8373615045875458,1
0,0.317618209970042,0
0,0.9103338217899735,1
0,0.07152187647238384,0
0,0.8059846385155875,1
0,0.13068303338196866,0
0,0.5787418485885106,1
1,0.7812601519701118,1
0,0.12156995897431438,0
0,0.06226914783941702,0
0,0.10403075290913823,0
1,0.9394246838939702,1
0,0.6251483447336551,1
0,0.7896405282758595,1
0,0.5293622340512611,1
0,0.09484018896626815,0
0,0.2897352759516933,0
0,0.5983106564123846,1
0,0.2933528346872373,0
0,0.23673267040837748,0
0,0.09070884076267527,0
0,0.13301565154462744,0
0,0.7198434909677207,1
0,0.8160519199892468,1
0,0.4773296427134486,1
0,0.15104623259522484,0
0,0.35179936741089274,1
1,0.9327037629094453,1
0,0.19145913150973398,0
0,0.11624656116984045,0
0,0.1866678008814945,0
0,0.10429456176576664,0
0,0.568942306422681,1
0,0.1516757009728995,0
0,0.09809439972078898,0
0,0.14884059014287343,0
0,0.7097410995769086,1
0,0.26488301550660687,0
0,0.20916019868863484,0
0,0.15667778659810078,0
0,0.6054735039593436,1
0,0.13407471626171477,0
0,0.18394367126653755,0
0,0.9037691390044751,1
0,0.2193308906373632,0
0,0.3693042104935218,1
0,0.15357573536205843,0
0,0.1711111414853038,0
1,0.20712145293963477,0
0,0.615762286195283,1
0,0.12209498145344795,0
0,0.7938939786301279,1
0,0.10737850198416939,0
0,0.15614629379494574,0
0,0.8841317305056124,1
0,0.5544373538784939,1
0,0.7100846866688657,1
0,0.17414859726346027,0
0,0.09047843995044703,0
0,0.34573221095005435,0
0,0.3935296394372136,1
0,0.11278899563877512,0
0,0.8222251291977223,1
1,0.6709810651889626,1
0,0.11784528944863139,0
0,0.37920402261970326,1
0,0.0985015475118954,0
0,0.09116118657823569,0
0,0.07199558818334445,0
0,0.4578990484336592,1
0,0.433893883041742,1
0,0.6056086640467436,1
0,0.07495265237274328,0
0,0.09820940173511883,0
0,0.22833756471867872,0
0,0.1732215036693554,0
1,0.8224104183408136,1
0,0.940330254891767,1
0,0.15547278105835616,0
0,0.33548355304257205,0
0,0.13349599534155965,0
0,0.11077076277696875,0
0,0.190929258662537,0
0,0.23080953390959252,0
0,0.45790056710110427,1
0,0.23005892812818318,0
1,0.8460067468590716,1
0,0.3615056856379041,1
0,0.1670185621188725,0
0,0.13348438466195822,0
0,0.14483039071868228,0
0,0.5521390295992766,1
0,0.1513215991425435,0
0,0.15831821276710564,0
0,0.07597090687379124,0
0,0.21582146500443963,0
0,0.788509675357944,1
0,0.8192743247638782,1
1,0.2645868691553058,0
1,0.15667369846458531,0
0,0.05983163229977668,0
0,0.38480599547399197,1
0,0.1969193134673492,0
0,0.16641979648354407,0
0,0.4469697386817567,1
0,0.09231636992600149,0
0,0.7688801120960668,1
0,0.11338487994155606,0
0,0.1077264441263856,0
0,0.08108320402962467,0
0,0.13005765879650047,0
0,0.32834874020347615,0
0,0.1211038090244524,0
0,0.12146028090877799,0
0,0.05303415743263225,0
0,0.2315065722229592,0
0,0.305784711672831,0
0,0.5357854779837917,1
0,0.3086126002118385,0
1,0.3428230225229105,0
0,0.12371534094488174,0
0,0.08475996188918207,0
1,0.9142417763914652,1
0,0.19557157699834143,0
0,0.09800033507620995,0
0,0.19963814727757906,0
0,0.4401634103381957,1
0,0.273639627876627,0
0,0.3880223099016239,1
0,0.77290811839477,1
0,0.47384227579160504,1
0,0.12062573081825517,0
0,0.5643300299752088,1
0,0.16120804837222244,0
0,0.5120228074483338,1
0,0.20892664727130691,0
0,0.11472092289044286,0
0,0.23632387381625014,0
0,0.11890547688895323,0
0,0.40781721016737393,1
0,0.24687504581307504,0
0,0.12258776862536043,0
0,0.36234058188751195,1
0,0.23678791381992165,0
0,0.8960780784662729,1
0,0.32515791769927993,0
0,0.0832545717636592,0
0,0.15430884577211834,0
0,0.32044487617082834,0
0,0.7984991607604076,1
0,0.3650192041812257,1
1,0.8103137006636792,1
0,0.10627157030660249,0
1,0.9195127615251515,1
0,0.6052025416311858,1
0,0.5721116707193606,1
0,0.2273565520329341,0
0,0.1257241558782848,0
0,0.2728077861849903,0
1,0.7295182550311319,1
0,0.07019552343214466,0
0,0.2923427471152301,0
0,0.0865789907373552,0
0,0.4631155719309077,1
0,0.11380905210708205,0
0,0.4234990729157927,1
0,0.619477326782978,1
0,0.057194632648801744,0
0,0.12867612749723303,0
0,0.49358975426138935,1
0,0.0917143526259727,0
0,0.8871799385726004,1
0,0.11017102823278818,0
0,0.3032192760849771,0
0,0.1623862987159603,0
0,0.1170925375285289,0
0,0.30097410823729853,0
0,0.39965549929511973,1
0,0.20714755983097485,0
0,0.13235776125058576,0
0,0.19967697171184431,0
0,0.12775669593929959,0
0,0.11110034124166539,0
0,0.059231808540701064,0
0,0.20512898805817167,0
0,0.23859133636687146,0
1,0.7845148029424485,1
1,0.7062779103656726,1
0,0.569931338666078,1
1,0.7326046747370696,1
1,0.9650522343372177,1
0,0.10780808093181281,0
0,0.09610093301362733,0
0,0.5755801662492531,1
0,0.1659766817314488,0
0,0.09289421127781894,0
0,0.1345017248969286,0
0,0.15153310900178682,0
0,0.5870798209526547,1
0,0.14413752086062115,0
0,0.1763817879087845,0
0,0.4253883872975816,1
1,0.34095366214324774,0
0,0.20249096330150135,0
0,0.46287839727960367,1
0,0.19684310527923937,0
0,0.08159130812981469,0
0,0.7508703657879978,1
0,0.35816369169638357,1
0,0.12020639861947167,0
0,0.34773295400587395,0
0,0.5645968719832584,1
0,0.3803037559659644,1
0,0.6910101841492728,1
0,0.06105998841008776,0
0,0.6506531914840551,1
0,0.6728783143255377,1
0,0.2141142974997297,0
1,0.8281440128729396,1
0,0.1598005140048561,0
0,0.13998441343395288,0
0,0.11865809485181884,0
0,0.09173133704640161,0
0,0.5172788021068419,1
0,0.7913541901664216,1
0,0.4861212697228877,1
0,0.6517344232630444,1
0,0.1747269463231629,0
0,0.06706727254942463,0
0,0.09592266476567031,0
0,0.5674631955667857,1
0,0.15020342103157766,0
0,0.48822017377434085,1
0,0.1477422566882875,0
0,0.13569155746306819,0
0,0.4021795761086284,1
0,0.2010223401763182,0
0,0.5160253030144001,1
0,0.11527859313690056,0
0,0.145447140925135,0
0,0.05289460656846717,0
1,0.5380172386488428,1
0,0.5250575559407529,1
0,0.46210965108140545,1
0,0.11376734741070799,0
0,0.11615760023638605,0
0,0.34383548133594277,0
0,0.5138805471342717,1
0,0.2430386271805046,0
0,0.23900712350029585,0
0,0.11415573208549937,0
0,0.19055625631804451,0
0,0.19248735004781217,0
0,0.1357753160812757,0
0,0.23345360474151547,0
0,0.0967388781921544,0
0,0.07158176701118006,0
0,0.8671337355777856,1
0,0.3554903749838511,1
0,0.9195637630753469,1
0,0.15291130588544896,0
0,0.5773897179443619,1
1,0.5209758007978688,1
0,0.1160864815512762,0
0,0.6846417663724664,1
0,0.7326755049308624,1
0,0.11321894059495007,0
0,0.07441171457968992,0
0,0.3627851369347581,1
0,0.6039574667413257,1
0,0.2609408902567861,0
0,0.19513619679889663,0
0,0.38566175252940593,1
0,0.11339299542108336,0
0,0.3293374779684005,0
0,0.44257851579583957,1
0,0.1252329561036788,0
0,0.14784730221573059,0
1,0.8848265744382123,1
0,0.49646983117520754,1
0,0.21503792663485025,0
0,0.1336603256012372,0
0,0.13087961545293092,0
0,0.6264234912219772,1
1,0.2074842718867852,0
0,0.10533038874030505,0
0,0.08741671976005919,0
0,0.42890682310880673,1
1,0.5515989674273626,1
0,0.10938493840470918,0
0,0.19989672873440584,0
0,0.09451595067296056,0
0,0.12986543640546064,0
0,0.0889937063273969,0
0,0.5597735304901507,1
0,0.15956952488821224,0
0,0.9396231918479303,1
0,0.9346805259755513,1
1,0.7886012047600783,1
0,0.13996353698976985,0
0,0.04763656652779738,0
0,0.18940686832765444,0
0,0.1127691772749148,0
0,0.5496160245851727,1
0,0.1884157308963746,0
0,0.2250283748004876,0
0,0.38473687977667426,1
0,0.17673246144039556,0
0,0.07879165129349287,0
0,0.4553960008718795,1
0,0.36837740689165405,1
0,0.40863478847177637,1
0,0.37786156849465913,1
0,0.21473484631765424,0
0,0.15791283951875643,0
1,0.18567773676330707,0
0,0.15244244782877603,0
0,0.265660350726171,0
0,0.9450846111011947,1
0,0.305202637406568,0
0,0.22409246016848244,0
0,0.29761426040491007,0
0,0.058882964929352695,0
0,0.14636788514835494,0
0,0.16965350416104072,0
0,0.1612379564433944,0
0,0.12555930537301122,0
0,0.09748501382515569,0
0,0.10453616137098422,0
0,0.24948561616465373,0
0,0.4476532811230991,1
0,0.08206022908164883,0
0,0.08908540999345266,0
0,0.13963719412137662,0
0,0.5262417580627983,1
0,0.7581889666724363,1
0,0.22153674764820058,0
0,0.6252111905151505,1
0,0.10764668168469908,0
0,0.43169437870617133,1
0,0.07473153409244088,0
1,0.6988332751385855,1
0,0.7274719226373902,1
0,0.22216569242113895,0
0,0.09652248467695629,0
0,0.07342406380041896,0
0,0.5606052780780412,1
0,0.07085485745150517,0
0,0.5059847086504706,1
1,0.7962413984153328,1
0,0.20703901402309233,0
0,0.3469794806765171,0
1,0.9303235924402098,1
0,0.13324953205992074,0
0,0.08642756839958814,0
0,0.11980863848752724,0
0,0.06859576015755214,0
0,0.09637642302642026,0
0,0.2341634582164645,0
0,0.15558612610759337,0
0,0.4512293689973048,1
0,0.1781940282926038,0
0,0.13799982935775895,0
0,0.298130833601555,0
0,0.13368736716114807,0
0,0.4707409104122677,1
0,0.13811116420923678,0
0,0.9470616960177309,1
0,0.14398605806872813,0
0,0.8239956511920159,1
0,0.08582759056010252,0
0,0.17305774069401064,0
0,0.25809278891732695,0
0,0.4327576180722392,1
0,0.32262463587803436,0
0,0.4162124376272499,1
0,0.0844223893157993,0
0,0.9541575640783535,1
0,0.058815551878796425,0
0,0.48630273714890127,1
1,0.904744682815545,1
0,0.40881033680540757,1
0,0.303705223142886,0
0,0.14544955123902645,0
0,0.15931826080134315,0
0,0.14344366427431293,0
0,0.31396086876714446,0
0,0.371493820157386,1
0,0.43240115945708585,1
0,0.578927353314128,1
0,0.20409189314002865,0
0,0.11374804060281668,0
0,0.3253978636373836,0
0,0.3329428738562398,0
0,0.6401193572632472,1
0,0.6154906933571905,1
0,0.13399296514245027,0
1,0.9469699662818762,1
0,0.22146030693744814,0
0,0.12850760319127727,0
0,0.16051545817588686,0
0,0.48620114585511326,1
0,0.49765742650147426,1
0,0.21759929596559033,0
0,0.28109903252768925,0
0,0.16622709437346514,0
0,0.8033119661556318,1
0,0.12764544704809913,0
0,0.5573895887660058,1
0,0.4501956177475061,1
0,0.8435318914756607,1
0,0.15240286276308537,0
0,0.2867393264352156,0
0,0.4479517389946305,1
0,0.22225100452454857,0
0,0.12323135234973824,0
0,0.5322212603629203,1
0,0.251310855813136,0
0,0.6323647415775604,1
0,0.4075800836028005,1
0,0.1410985173224657,0
0,0.19925362243871994,0
1,0.5516422182318598,1
0,0.577662351421141,1
0,0.1301699065177431,0
0,0.1373312570530262,0
0,0.6202400166565808,1
0,0.4892863391508005,1
1,0.9467527164668013,1
0,0.3155975101833374,0
0,0.12519128379595876,0
0,0.13984386858818432,0
0,0.1353905285707508,0
0,0.32752642341875937,0
0,0.6117349738623283,1
0,0.8044005967883592,1
0,0.41464073301271986,1
0,0.47884753274387615,1
0,0.10635949862749912,0
0,0.09293395638368057,0
1,0.6829413074769474,1
0,0.1336864165403557,0
0,0.447801073652796,1
0,0.8486550795260944,1
0,0.15031277946514912,0
0,0.10174877565723235,0
0,0.2068256605387867,0
0,0.34138596310518193,0
0,0.33460932110864333,0
0,0.7561326881762378,1
0,0.1474409852314425,0
1,0.8181180202759948,1
0,0.30553583354111785,0
0,0.06354633141577962,0
0,0.34133662893702166,0
0,0.3779788251231367,1
0,0.18292946706219235,0
0,0.08303400835269112,0
0,0.7582741658523536,1
0,0.5008473705487179,1
0,0.5420548685179386,1
0,0.3629326998998272,1
0,0.09354649801955164,0
0,0.7553220912795073,1
0,0.13122304445230665,0
0,0.17247057453781156,0
0,0.620978265339316,1
0,0.5926464053140496,1
0,0.8135677610022595,1
0,0.6671289581438657,1
0,0.5524951235075731,1
0,0.21213558160484217,0
0,0.10996154642543172,0
0,0.15592566383304074,0
0,0.2628903738633061,0
1,0.8782422788338642,1
0,0.17474295837871084,0
0,0.17195008060596484,0
0,0.18035177545709086,0
0,0.24147612588915374,0
0,0.14545786985337744,0
0,0.5543496474993547,1
0,0.47556591133425863,1
0,0.13265010956287313,0
0,0.08415397295919308,0
0,0.3498564076797534,0
0,0.1447327998507362,0
0,0.09914649035340307,0
0,0.7768686173552604,1
0,0.2781100228583763,0
0,0.5100940840910352,1
0,0.26586167676656314,0
0,0.2614193559475981,0
0,0.10974631772964315,0
0,0.383763960446841,1
0,0.12272578956726858,0
0,0.08097920552779932,0
0,0.2712675429838978,0
0,0.6090782306375074,1
0,0.10644284864376193,0
0,0.11425319497359074,0
0,0.07980587336849099,0
0,0.056256663417874095,0
0,0.30235737868223295,0
0,0.08667207102298773,0
0,0.1483918355591679,0
0,0.12091746661607956,0
1,0.884868414887798,1
0,0.08115406137723084,0
0,0.07176574144645037,0
0,0.5002011765643762,1
0,0.9031732295992733,1
0,0.12585852779736403,0
0,0.07308753282782134,0
0,0.2767327504620178,0
0,0.7392410074908078,1
0,0.1107383908379354,0
0,0.10435263181289765,0
0,0.12465716443276342,0
0,0.5914031075050009,1
0,0.11512759774107967,0
0,0.48947221212026887,1
0,0.12199058473599557,0
0,0.3797618140023499,1
0,0.8562931803374988,1
0,0.40671180825020303,1
0,0.3676231080935956,1
0,0.23289664712972638,0
0,0.11488206943823956,0
0,0.12715011286482786,0
0,0.7468803934901997,1
0,0.17984300227549838,0
0,0.22956843127752216,0
0,0.20402517917008905,0
0,0.11768725467996795,0
0,0.10647582962724328,0
0,0.2799436035075685,0
0,0.4969076180492263,1
1,0.6938261501466956,1
0,0.21036973248496832,0
0,0.6893998059288835,1
0,0.10722536957604187,0
0,0.10521984733058967,0
0,0.6199052591532174,1
0,0.15950485479988474,0
0,0.19465546116030108,0
0,0.23576326849475326,0
0,0.25810944232160277,0
0,0.23581303965688738,0
0,0.25048123270300743,0
0,0.5337802386356006,1
1,0.18305059075288388,0
0,0.21880203902324538,0
0,0.17855015816584066,0
0,0.18552892527345236,0
0,0.5664900344748401,1
0,0.08685609089412423,0
0,0.12744859709677053,0
0,0.1451333795792585,0
0,0.17763526848761887,0
0,0.11950412040775481,0
0,0.10498309407826978,0
1,0.6347219800470709,1
0,0.1537363638666717,0
0,0.2501237418097945,0
0,0.1804877866174357,0
0,0.38958890579147654,1
0,0.5704246209962598,1
0,0.4497919649400861,1
0,0.24510419728979282,0
0,0.07946690222755201,0
1,0.9309487003105591,1
0,0.42851599847699123,1
0,0.18881648299564224,0
0,0.08078459850570867,0
0,0.2347874294784135,0
0,0.2872428341848595,0
0,0.14337473634604894,0
0,0.8550828347833824,1
0,0.12475050800342061,0
0,0.07549761256392491,0
0,0.09830383692706651,0
0,0.1280423220624157,0
0,0.1079206610304117,0
0,0.16930493926734166,0
0,0.26907755573797126,0
0,0.8737018944733024,1
0,0.5254355576969403,1
0,0.6375978854970076,1
0,0.3128508156566941,0
0,0.6270714795517865,1
0,0.10751622100601935,0
0,0.4079834838517266,1
0,0.14236936729341104,0
0,0.10982974168255183,0
0,0.46639954542640755,1
0,0.30313261066539554,0
0,0.09110273283943958,0
0,0.6031847513762552,1
0,0.08134786120602018,0
0,0.08480867221613604,0
0,0.3991578943438155,1
0,0.058704845327134124,0
0,0.07620944773192374,0
0,0.25616924510074607,0
0,0.16794019201473914,0
0,0.7846223010331117,1
0,0.07507089617814365,0
0,0.14336073431308463,0
1,0.07462935345087608,0
1,0.7703105878488586,1
0,0.5868532275108417,1
0,0.09413818745810221,0
0,0.600402242761389,1
0,0.18974057223393392,0
0,0.25683952953250044,0
0,0.1750647242888297,0
0,0.300882129231022,0
0,0.21221185913639382,0
0,0.6621844690465657,1
0,0.08321502855728642,0
0,0.2356882662317246,0
1,0.895355291646095,1
0,0.18434924294126637,0
0,0.5255153086886333,1
0,0.489784614997664,1
0,0.5907688652051919,1
0,0.7037600962945927,1
0,0.06551749298267111,0
0,0.10379862842643671,0
1,0.8572935849507094,1
0,0.4010221412804546,1
0,0.1349030948086517,0
0,0.1938781655567968,0
0,0.1953218021294726,0
1,0.849304800594954,1
0,0.1774977600925104,0
0,0.18559821713882735,0
0,0.8477487539119394,1
0,0.12053337034148685,0
0,0.10516241898325243,0
0,0.5488755993128962,1
0,0.22274219631037406,0
0,0.10017787192338692,0
0,0.18590814814882464,0
0,0.08938543301192362,0
0,0.1123289135547809,0
0,0.636187806207555,1
0,0.08991187022526258,0
0,0.6179269964307756,1
0,0.6582026177686022,1
0,0.24209787191335452,0
0,0.7732216617646983,1
0,0.10116317665027513,0
0,0.787017797789002,1
0,0.21983017886532816,0
0,0.34942428324750624,0
0,0.1395246433050813,0
0,0.06431898838037962,0
0,0.6571403165695782,1
0,0.4261186026615742,1
0,0.1665613964370898,0
0,0.1327383809097639,0
1,0.9512555746600071,1
0,0.08193148192339758,0
0,0.08540859269008882,0
0,0.1430829053996156,0
1,0.8674049890097191,1
0,0.2680486282209582,0
0,0.062163041072795126,0
0,0.21102195787728517,0
1,0.8969210373582268,1
0,0.10760435718634878,0
0,0.10040496050817756,0
0,0.18025169638358415,0
0,0.10489808005526861,0
0,0.35631470422349226,1
0,0.10052986536000713,0
0,0.48488551096554316,1
0,0.1737412774106271,0
0,0.10718463149222991,0
0,0.08592878579744144,0
0,0.5305192365355483,1
1,0.902267689681461,1
0,0.10081010107269023,0
0,0.7466209604906066,1
0,0.38049911655221524,1
1,0.8503319057478277,1
0,0.07094538203124366,0
0,0.08423548475732165,0
0,0.09435054908933056,0
1,0.48479371632645496,1
0,0.3621743191003748,1
0,0.4709294538117475,1
0,0.09303468675323882,0
0,0.09496272669482833,0
0,0.27194124001387227,0
0,0.1605637638384967,0
0,0.18011184659289128,0
0,0.7597367345939394,1
0,0.14172455542192283,0
0,0.25267462215653924,0
0,0.44992900283624804,1
0,0.5724732523528289,1
0,0.10847487549932107,0
0,0.56373937030172,1
0,0.13441535603676227,0
0,0.11932192433951443,0
0,0.08936120429247572,0
0,0.1470487850122382,0
0,0.20377750492426075,0
1,0.9270257406519613,1
0,0.05562241549949063,0
0,0.20532102350029735,0
1,0.21472807217070572,0
0,0.43772628673318964,1
0,0.11531761494627896,0
0,0.6088491791631164,1
0,0.36738913924044225,1
0,0.12095806814894355,0
0,0.08347446980288947,0
0,0.06877925379670682,0
0,0.07240557096559551,0
0,0.3709951060452782,1
0,0.05172725633539637,0
0,0.11547261369740856,0
0,0.27346199355900125,0
0,0.2619423033452315,0
0,0.17410256318501421,0
0,0.36337657595589007,1
0,0.3824899325876912,1
0,0.08317547501095043,0
0,0.0812906188343801,0
0,0.11684582623715059,0
0,0.08878981360618414,0
0,0.25055191115658715,0
0,0.0992727654183282,0
0,0.20631266095298076,0
0,0.6091028213210798,1
0,0.16150001080835746,0
0,0.1424518491309619,0
0,0.14067267584942744,0
0,0.08962443121297765,0
0,0.10450835098356875,0
0,0.21840288518239967,0
0,0.1092248243880425,0
0,0.08195253481293603,0
0,0.051610551249512145,0
0,0.4764165109351949,1
0,0.19328524343321477,0
0,0.3547367827047072,1
0,0.18717591999052652,0
0,0.1194377468922326,0
1,0.5428432989850017,1
0,0.07309275592994036,0
0,0.5088628343776505,1
0,0.17011237534016524,0
0,0.5488124088042539,1
0,0.09344093569737298,0
0,0.17807028913945236,0
0,0.07700842207568043,0
1,0.7343905300162995,1
0,0.3102239817306111,0
0,0.1765921708022653,0
0,0.11709028619680661,0
0,0.15514081876893365,0
0,0.09044338025964083,0
0,0.8141919839679765,1
0,0.11766258669453698,0
0,0.052114689401153054,0
0,0.2897753933589589,0
0,0.16539808003389134,0
0,0.7420568794786415,1
0,0.14775971721254472,0
0,0.326359972154697,0
0,0.5721809473576076,1
0,0.09329200941325948,0
0,0.12621548736968183,0
0,0.498908968062901,1
0,0.11662080811350073,0
0,0.8425568542760442,1
0,0.21437958826797587,0
0,0.08476097688189492,0
0,0.09087318583915655,0
0,0.31199738613352695,0
0,0.5180335299515562,1
0,0.36818074250955996,1
1,0.9099034636036991,1
0,0.4876943060157029,1
0,0.11763831594005503,0
0,0.8791165627950767,1
0,0.5401243760598423,1
0,0.09876296531485501,0
0,0.8602184637701773,1
1,0.9519865712647818,1
0,0.1263333318560146,0
0,0.4408619593156724,1
0,0.12553256729554937,0
0,0.30443070663831395,0
0,0.3501862101307553,1
0,0.4029528791842294,1
0,0.11242015679387775,0
0,0.5458109833121912,1
0,0.32485792585116885,0
0,0.112038131390035,0
0,0.12832608573176185,0
0,0.510491090790005,1
1,0.9330696122638731,1
0,0.5141648633552443,1
0,0.09581393240929587,0
0,0.16090194481170453,0
0,0.10799661711540107,0
0,0.2200025662924016,0
0,0.4704518003859702,1
0,0.21653545680093297,0
0,0.16268486807870763,0
0,0.3053876627391795,0
0,0.05776529201839661,0
0,0.24971201489214717,0
0,0.34443140640375003,0
0,0.0757715270373577,0
0,0.16047730054569898,0
0,0.5408967151580029,1
1,0.12719478543865578,0
0,0.3641466350718554,1
0,0.5177055833161226,1
0,0.3407133069576241,0
0,0.23123551999345504,0
0,0.5267960908371145,1
0,0.08065704600501314,0
0,0.5173410959566598,1
0,0.10197975924634003,0
0,0.05928101378569783,0
0,0.09034954430782895,0
0,0.09621173356013166,0
0,0.5348920889093184,1
0,0.33280299754138365,0
0,0.08383588800845895,0
0,0.21310925271757827,0
0,0.38659700946705655,1
0,0.07657173133369918,0
0,0.209317159678646,0
0,0.6039200067870442,1
0,0.10268272558530528,0
0,0.10276958078840387,0
0,0.4015779348559846,1
0,0.07410018078457087,0
0,0.12161713548718256,0
1,0.8378765756638388,1
0,0.056316535751484015,0
1,0.5402406815790516,1
0,0.3088631792554694,0
0,0.7917462337608304,1
0,0.2578180479050369,0
0,0.05303415743263225,0
0,0.17706050774381807,0
1,0.9385173770841995,1
0,0.11656256919276155,0
0,0.13138649850508902,0
0,0.5650412166761366,1
0,0.11928602047121493,0
0,0.270002034122851,0
0,0.11917942736930275,0
0,0.17035741328883747,0
0,0.21343053279410598,0
0,0.347619530882292,0
0,0.39624581812808884,1
0,0.43769305829760197,1
0,0.1256674973930584,0
0,0.19522204853076497,0
0,0.16724156892637249,0
0,0.1636314867636677,0
0,0.19714372850996725,0
0,0.17900907433057753,0
0,0.129582556464423,0
0,0.2824528627615074,0
0,0.07433254566688803,0
0,0.11520360434121323,0
0,0.2361370787497153,0
0,0.6314349865536689,1
0,0.4862524150790812,1
0,0.25619099828072556,0
0,0.26166426803655013,0
0,0.2346348066192327,0
0,0.1088938235087077,0
0,0.3116125450705774,0
0,0.3652321961655601,1
1,0.7088411806465651,1
0,0.5227441908400156,1
1,0.6425885227866924,1
0,0.11187352512200179,0
0,0.12238208816076446,0
0,0.19708793812952868,0
0,0.1564686573324508,0
1,0.6446785611498588,1
0,0.6591281599132381,1
0,0.2595693056643754,0
0,0.10500513332030968,0
0,0.3377113096987804,0
0,0.08184876291503758,0
0,0.5425794989584386,1
0,0.14061497592467892,0
0,0.5117205044118706,1
0,0.17780154053597166,0
1,0.95611571339535,1
0,0.059044680946000676,0
0,0.1674452747456343,0
0,0.7802042028849726,1
0,0.5845157047023183,1
0,0.16060875208274863,0
0,0.9553735011496213,1
0,0.6561596855522018,1
0,0.10004334655982473,0
0,0.06712236372781934,0
0,0.1554669454749473,0
0,0.13260308730190032,0
0,0.44800374430331563,1
0,0.4223359334543732,1
0,0.7341188010094316,1
0,0.1930102369809232,0
0,0.7164066960421491,1
0,0.18718422429799328,0
0,0.4727338790543188,1
0,0.2042383728740215,0
0,0.3668778624557736,1
0,0.40279547179991143,1
0,0.489171836282604,1
0,0.10060064817992159,0
0,0.29337835524372136,0
0,0.15069167157371105,0
0,0.09146925015657281,0
1,0.7487216807302391,1
0,0.07591247574596638,0
0,0.11366415624971032,0
0,0.09651681235233286,0
1,0.4122546826284185,1
0,0.09469966539856005,0
0,0.9345499675696955,1
0,0.12802754731039703,0
0,0.3771712937272169,1
0,0.6533930398552034,1
0,0.11835332302974462,0
0,0.5901147695569369,1
0,0.8820444175435465,1
0,0.20966401056671113,0
0,0.2821833187747062,0
0,0.06252330416952177,0
0,0.259671652161727,0
0,0.45775400975406333,1
0,0.126117376345543,0
0,0.2776573432568358,0
0,0.19246105155388077,0
0,0.5220886867521792,1
0,0.10967201140866954,0
0,0.25737285669537724,0
0,0.18080424817579716,0
0,0.06865369544763751,0
0,0.16479369385414808,0
0,0.1187787942505695,0
0,0.13505750403948039,0
0,0.9332363984744058,1
0,0.13312695967895724,0
0,0.5653707798444337,1
1,0.8353145104239086,1
0,0.09464515700908396,0
0,0.09962292263877505,0
0,0.09616172409415079,0
0,0.19530421968024056,0
0,0.12469749369972037,0
0,0.3452562725160212,0
0,0.7035025440277614,1
0,0.6532068626128292,1
1,0.5093891812802411,1
0,0.27329324043979186,0
0,0.56812965205488,1
0,0.2479018629848916,0
0,0.16676859182074263,0
0,0.1990600273446566,0
0,0.1215209209195077,0
0,0.39922593181381333,1
0,0.12981631112135386,0
0,0.14200584490589574,0
0,0.2990770528540737,0
0,0.861670405832115,1
0,0.4873547706932506,1
0,0.15033829276767696,0
0,0.3801902730371905,1
0,0.1788566402540791,0
0,0.2853317457921772,0
0,0.1353168313795454,0
0,0.16891221245198737,0
0,0.4050157109239015,1
0,0.6361809399197499,1
0,0.3016935718924205,0
0,0.22939815736767108,0
0,0.1438457038523447,0
0,0.1354052554631469,0
0,0.07990786025915203,0
0,0.13634322011773492,0
0,0.0969812196168003,0
1,0.9221169168059129,1
0,0.11967548578063988,0
0,0.2648266903986445,0
0,0.07734594606808878,0
0,0.3670275071076914,1
0,0.3373506119073538,0
0,0.12394341814343356,0
0,0.14570037125746574,0
0,0.4148782903176884,1
0,0.05499017513959914,0
0,0.060093586239922274,0
0,0.22426940439012366,0
1,0.8252338432782202,1
0,0.0559969460127052,0
0,0.4340513117596232,1
0,0.6069575042280346,1
0,0.11921973349528273,0
0,0.748814821119608,1
0,0.40120070269322305,1
0,0.3891020069757846,1
0,0.11389436456686829,0
0,0.06950022947773411,0
0,0.16883083252957737,0
0,0.18599589199588734,0
0,0.4473356418194882,1
0,0.8127770027465286,1
0,0.31729789297419164,0
0,0.20022907002356144,0
0,0.9607115381537839,1
0,0.09696446083762676,0
0,0.11607927310458464,0
0,0.5800052570288666,1
0,0.09721716696686868,0
0,0.11872711012738686,0
0,0.10874107102051876,0
0,0.2927656905874369,0
0,0.16076930912283408,0
0,0.24692930395856402,0
0,0.11636836957777727,0
0,0.18288089470819396,0
0,0.36836133456977377,1
0,0.7623992886724458,1
0,0.18241808169662976,0
0,0.5149105792683708,1
0,0.14590277568641444,0
0,0.08512729310272013,0
0,0.1470212061185684,0
0,0.44987455978148433,1
0,0.30517451207210955,0
0,0.7046241016436134,1
0,0.5846330746608972,1
0,0.1260959153323674,0
0,0.08392746900573061,0
0,0.4577551459867174,1
0,0.40231710250664277,1
0,0.07088931311041713,0
0,0.16312673278686232,0
0,0.7496944771663233,1
1,0.5020485161901114,1
0,0.1858564459602336,0
0,0.10674612685971828,0
0,0.2371077576052464,0
0,0.2312556360930509,0
0,0.39060842662197687,1
0,0.23253122399420978,0
0,0.09596014854470261,0
0,0.22246620676840767,0
0,0.20312730031315257,0
0,0.17578075751036804,0
0,0.2199931958021539,0
0,0.10495868324425216,0
0,0.07874714668590532,0
0,0.14985731139826797,0
0,0.19390682842897494,0
0,0.5112812834980464,1
1,0.12161780077785776,0
0,0.40863559646346714,1
0,0.19011409395059825,0
0,0.11135344329359059,0
0,0.5192861273377647,1
0,0.08197357528606282,0
1,0.8458959697768105,1
0,0.4166755714270173,1
0,0.4051382617101975,1
0,0.5436395207967368,1
0,0.06767025701423492,0
0,0.1969558778422369,0
0,0.08076327502243416,0
0,0.1506670198869728,0
0,0.1492028833827914,0
0,0.17890106214552967,0
0,0.21715662710537065,0
0,0.7449889145753307,1
0,0.12348741064223316,0
0,0.6315167781418684,1
0,0.32616732632183165,0
0,0.11411369268879057,0
0,0.4165106343595113,1
0,0.13533401031537118,0
0,0.07154381939538941,0
0,0.1349079685072261,0
1,0.2983302511947105,0
0,0.11511360931077119,0
0,0.936166742237253,1
0,0.2549645989839214,0
0,0.5414652996879558,1
0,0.3177064804946234,0
1,0.7989951100760002,1
1,0.7903698245538933,1
0,0.20689797315947137,0
0,0.16588251874656232,0
0,0.09220509957973183,0
0,0.12988506175756437,0
0,0.5517569139334931,1
1,0.6495979267572041,1
0,0.10512950644388143,0
0,0.38970980115157017,1
0,0.4429564963880182,1
0,0.37373189953067926,1
0,0.5941231515727629,1
0,0.11270953718025614,0
0,0.09973669848107582,0
0,0.2099256646439855,0
1,0.9523270538210857,1
1,0.5434683100730171,1
0,0.1516603951195895,0
0,0.604585396885627,1
0,0.0761216370630094,0
0,0.0962870523413568,0
0,0.0845404220472382,0
0,0.16171907863003127,0
0,0.13419227245215923,0
0,0.3538697037967478,1
0,0.4928277456727464,1
0,0.34497954224078536,0
0,0.5067408256879018,1
0,0.12809288838992167,0
0,0.2912290272076293,0
0,0.3317280670735725,0
0,0.051378702970442204,0
0,0.06052430796716763,0
0,0.22163640447754002,0
0,0.11389107112348545,0
0,0.11841960475055392,0
0,0.2059127822245123,0
0,0.20833988767747302,0
0,0.3271452493530646,0
0,0.8605515711323553,1
0,0.05798209065215055,0
0,0.11421591045918836,0
0,0.13459786399082588,0
0,0.31662672001697545,0
0,0.36030649850257307,1
0,0.6255860386241915,1
0,0.3530410086697604,1
0,0.7515187742581385,1
0,0.3314596341126253,0
0,0.22102987262922302,0
0,0.33077190741022566,0
1,0.9438850749191416,1
0,0.1795878849046279,0
0,0.24050526324019206,0
0,0.5160660154815143,1
0,0.3674966272318905,1
0,0.15089925894928743,0
0,0.14541673506370456,0
0,0.3368250595630787,0
0,0.7303303707797518,1
0,0.4083098753133379,1
0,0.6224934350078933,1
0,0.09892368395515823,0
0,0.3763930192497792,1
0,0.24823608715888937,0
0,0.3591431656709155,1
0,0.13567619751400778,0
0,0.4562830467572826,1
0,0.6356043097404525,1
0,0.425349172425958,1
0,0.46071495088229436,1
0,0.1864227444401723,0
0,0.7566519967821999,1
0,0.38293488617949367,1
0,0.21975764875758239,0
0,0.23277390630541261,0
0,0.4857127318412965,1
0,0.3496986984326312,0
0,0.09861081919415832,0
0,0.11786871217211574,0
0,0.4972211387832928,1
1,0.3016493268223843,0
0,0.2706000593878592,0
0,0.2514667079964958,0
0,0.2013211622866125,0
1,0.1751704892852385,0
0,0.2357903960271394,0
0,0.11975291458172586,0
0,0.0875916027011956,0
0,0.14129243876018813,0
0,0.817199192530306,1
0,0.17046742318768732,0
0,0.15744283081800892,0
0,0.7857636619430737,1
0,0.15645486418928706,0
0,0.11953035866372436,0
0,0.35172161647862504,1
0,0.5752816681943013,1
0,0.2612841875704437,0
0,0.3350026768768741,0
0,0.3040376944936419,0
0,0.11453029567756251,0
0,0.17095208623303276,0
0,0.1280784560385464,0
0,0.2082840857818624,0
0,0.12068314999057354,0
0,0.4886155454602449,1
0,0.09001979152568321,0
0,0.8449025003790246,1
0,0.06210620615466826,0
0,0.10315804348630192,0
0,0.4173887185716512,1
0,0.21661954456921856,0
0,0.1800755194484092,0
0,0.16892407592147043,0
0,0.7380344456875216,1
0,0.4307383034543595,1
1,0.6019831146096419,1
0,0.11746394550371737,0
1,0.781935291460437,1
0,0.8732240291241506,1
0,0.29451944018995185,0
0,0.10824511730025502,0
0,0.057493051418749525,0
0,0.1317952203253746,0
0,0.14865586747975348,0
0,0.5272614047333637,1
0,0.7380838241101182,1
0,0.1523283203022632,0
0,0.3095098855370591,0
0,0.1809591526454616,0
0,0.5807624014720413,1
0,0.3483937692980414,0
0,0.05221120861306332,0
0,0.1211437177914817,0
0,0.15103867467871257,0
0,0.19536148277515727,0
0,0.7001568849661637,1
0,0.08122264497860564,0
0,0.2279574651208201,0
0,0.23917240730498054,0
0,0.17429403715000777,0
0,0.2750191034531469,0
0,0.8607419257025549,1
0,0.11059451707487357,0
0,0.645264311216123,1
0,0.3753283939402954,1
0,0.10636984680209678,0
0,0.5330758168122212,1
0,0.4231760041500884,1
0,0.7759749439057291,1
0,0.2981708349610495,0
0,0.8552202756208059,1
0,0.10719177254373802,0
1,0.8890339776193759,1
0,0.17591798902781067,0
0,0.09908996874325528,0
1,0.522024373344314,1
0,0.31444906371375886,0
0,0.07366717052249903,0
0,0.20233044615804643,0
0,0.12981043111431165,0
1,0.8847581963691493,1
0,0.608306372093688,1
0,0.2751161143894801,0
0,0.582122710190383,1
0,0.2627288587660806,0
0,0.07426332206241257,0
0,0.14412877919172315,0
0,0.20172377597817254,0
0,0.08649788180883594,0
0,0.1500137795536822,0
0,0.35784509067249864,1
0,0.14418252372405604,0
0,0.19507856954619562,0
0,0.13524382697671944,0
0,0.5266007825354245,1
0,0.31581752471800995,0
0,0.12867833767951775,0
0,0.5602443586902159,1
0,0.23209377378203053,0
0,0.06912100027601423,0
0,0.23479192973283025,0
0,0.6679055438194995,1
0,0.11327836694600495,0
0,0.1792838958531942,0
1,0.9560128817800533,1
0,0.41240217834926346,1
0,0.6484319821375553,1
0,0.5732339249446319,1
0,0.6137228104362215,1
0,0.24950176378113292,0
0,0.12681526764922307,0
0,0.14861117880525168,0
0,0.4742117025843957,1
0,0.11405500190084965,0
0,0.46996774101913985,1
0,0.15991293992893557,0
1,0.8232304512480639,1
0,0.4625625526511582,1
1,0.9110429051012652,1
0,0.1005340849101094,0
0,0.12059166717258438,0
0,0.15252857775498924,0
0,0.16443661031247742,0
0,0.08480642069956129,0
0,0.7534441988464841,1
0,0.4767930545907925,1
0,0.3639875666625776,1
0,0.8548033440608956,1
0,0.4725039158298177,1
0,0.12590532647931027,0
0,0.13211026101844928,0
0,0.4408019461461967,1
0,0.5079465576553668,1
0,0.1056799758137202,0
1,0.8557091092118639,1
0,0.3044926092627025,0
0,0.19023525304032493,0
0,0.7723035252957919,1
0,0.1204414861394899,0
0,0.17711338733144052,0
0,0.05697169387142283,0
0,0.11007771159423427,0
0,0.13556636994401774,0
0,0.09296822579400038,0
0,0.33468197267554717,0
0,0.21073430076688623,0
0,0.5065395130170532,1
0,0.7941914931701726,1
0,0.2251130699611261,0
0,0.889976518700858,1
0,0.21943275669063406,0
0,0.5867359810591825,1
0,0.21352648248173758,0
0,0.58986411922773,1
0,0.4634567267358774,1
0,0.17837596680100132,0
0,0.30363204464743326,0
0,0.06748497635496542,0
0,0.20874176991087104,0
0,0.16078451519379816,0
0,0.43388350459872377,1
0,0.197524575509443,0
0,0.1674333998684759,0
0,0.10082436950269062,0
0,0.44215773307822853,1
0,0.8199151967380872,1
0,0.14142442924591017,0
0,0.26353095315461034,0
0,0.21686372323124894,0
0,0.22698604504454203,0
0,0.27174103133686117,0
0,0.5931106629766518,1
0,0.16670598969461764,0
0,0.14140958541156629,0
0,0.5471561476978143,1
0,0.14366780620358477,0
0,0.28050827718579685,0
0,0.32072023317072595,0
0,0.45351277842982946,1
0,0.40376814049846566,1
0,0.12508178004677314,0
0,0.3983756955150406,1
0,0.8394383321534058,1
0,0.07316888432859817,0
0,0.12519727854113463,0
0,0.24133177288101582,0
0,0.3891638573224009,1
0,0.05530459575345521,0
0,0.17419009392835128,0
0,0.45378256274415746,1
1,0.863069520229138,1
0,0.15617240002937016,0
0,0.8576612128376588,1
0,0.1272992149131238,0
0,0.12161956001361951,0
0,0.8478453459646487,1
0,0.8420685908604495,1
0,0.14452001985183724,0
0,0.2172205911555168,0
0,0.08102669116236057,0
0,0.08745287676241137,0
0,0.40122528003780605,1
0,0.16480992653792328,0
0,0.9386948167823984,1
0,0.17419935235333298,0
0,0.054678494233467004,0
0,0.14964591966222074,0
0,0.8562793720335286,1
0,0.8281634673571632,1
0,0.12509848651730027,0
0,0.5433961227909595,1
0,0.07214993963886113,0
0,0.06324277803856697,0
0,0.8221332011393145,1
0,0.694712417713515,1
0,0.0816329176011321,0
0,0.14898265452972237,0
0,0.13252860261737562,0
0,0.05726998150248658,0
0,0.4224682532208204,1
0,0.7120068003329721,1
0,0.17409829200560137,0
0,0.165517118374647,0
1,0.4955883336931317,1
0,0.37425188515461033,1
0,0.35360452260378616,1
0,0.19824539109600967,0
0,0.10681865358624282,0
0,0.4977104635675065,1
0,0.3072210237996838,0
0,0.4586001235319561,1
1,0.4824114302694671,1
0,0.5577493015758798,1
0,0.11339136120979762,0
0,0.42913911538833616,1
0,0.10660590561780227,0
0,0.3241868881348932,0
0,0.21339473375635928,0
0,0.9486087094820683,1
0,0.1407573702254953,0
1,0.8452668401039858,1
0,0.8567501366565676,1
0,0.9338341839876475,1
0,0.33496221095462825,0
0,0.1771339864665853,0
0,0.33838332172567237,0
0,0.29877334737916167,0
0,0.11064170423021275,0
0,0.16165697597447062,0
0,0.12105765718723878,0
1,0.3192922594351179,0
0,0.5791454593566583,1
0,0.0965918825667675,0
0,0.16756774214888062,0
1,0.8415867311212624,1
0,0.505766040982856,1
0,0.17402849202226597,0
0,0.33100593541646656,0
0,0.3198212677563211,0
1,0.5842397517796905,1
1,0.8501014984345132,1
0,0.0901322151432025,0
0,0.1573620086945588,0
0,0.36976577448332554,1
0,0.13397048030822045,0
0,0.09278270369765203,0
0,0.14861627796965782,0
0,0.13059546191979188,0
0,0.3521681517547104,1
0,0.07756533016845973,0
0,0.3743428439735854,1
0,0.15205178646826653,0
0,0.16596685563362448,0
0,0.5334084430858737,1
0,0.787620241286883,1
0,0.49648034439072336,1
0,0.8784718908188368,1
0,0.13636063674311721,0
0,0.2847950305922297,0
0,0.7880897254823958,1
0,0.5761118488225846,1
0,0.3705957202166603,1
0,0.16837722880827072,0
0,0.17839368589839796,0
0,0.9197398418256209,1
0,0.9061885891890381,1
0,0.14336833339137828,0
0,0.07501865184470104,0
0,0.5311483000979863,1
0,0.21203958435471942,0
0,0.06789503553755157,0
0,0.07732103060268365,0
0,0.139960611289555,0
0,0.08766881499358896,0
0,0.1522987591820637,0
0,0.1656896933035115,0
0,0.07055225262678358,0
0,0.08725000402707812,0
0,0.7536292136510908,1
0,0.8718321216464995,1
0,0.44197929309144673,1
0,0.7681757794669619,1
0,0.1881527491091606,0
0,0.1471359955467376,0
0,0.7929693853706197,1
0,0.13220316677014127,0
0,0.2008205353133986,0
0,0.8767725433390147,1
0,0.14455817602427892,0
0,0.2160630362019099,0
0,0.08409079754215561,0
0,0.3757900698394524,1
0,0.06771918518873511,0
0,0.19544227089283853,0
0,0.16903390953984637,0
0,0.09524283648275977,0
0,0.14594112270988385,0
0,0.15421327764217865,0
0,0.14100479961897183,0
0,0.10714788880846288,0
0,0.12547117949599457,0
0,0.19429020755765367,0
0,0.13045891445880423,0
0,0.11224187796345565,0
0,0.8049937988122211,1
0,0.2978228783697399,0
0,0.10172734745687456,0
0,0.3015722262144005,0
0,0.1073066882147724,0
0,0.4049556014248283,1
0,0.1575431312567793,0
0,0.15969298575811436,0
0,0.3545157653000346,1
0,0.5687446733144179,1
0,0.31443898054737307,0
0,0.1420840231485023,0
0,0.16299623563775084,0
0,0.7970489787520351,1
0,0.10454505395931431,0
0,0.3357170101785015,0
0,0.573576591129309,1
0,0.12251916197729425,0
0,0.6093309825330462,1
1,0.10967937176751082,0
0,0.1035039958888186,0
0,0.11485582473350521,0
0,0.06058508272752781,0
0,0.1773444343095798,0
0,0.125508140807935,0
0,0.1359368925756686,0
0,0.2751551537859125,0
0,0.07781950180533537,0
0,0.06869849219251124,0
0,0.1093665362960218,0
0,0.10338404990255805,0
0,0.07429947218634499,0
0,0.5042836351417049,1
0,0.11656418787446463,0
0,0.06167406583130693,0
0,0.8374340251467963,1
0,0.13611419556317494,0
1,0.8834616113056865,1
0,0.17445448514278525,0
1,0.8912358652072997,1
0,0.18234802899483707,0
0,0.1504636249553679,0
0,0.35962873556489666,1
0,0.6334032196258809,1
0,0.08192745404522157,0
1,0.08016941555623852,0
0,0.1714034692832378,0
0,0.11441250728956535,0
0,0.3710471868793751,1
1,0.794017462461803,1
0,0.7052921415765713,1
0,0.6731162205982474,1
0,0.06932054144253273,0
0,0.10829330636155822,0
1,0.900774558935917,1
0,0.24956384902429998,0
0,0.10732584936028382,0
0,0.09633712767733185,0
0,0.1040840656810028,0
0,0.05672665167362601,0
0,0.2036190958972462,0
0,0.1094384467603538,0
0,0.07507093377233674,0
0,0.0989310924670453,0
0,0.5008732467153785,1
1,0.12029118437079092,0
0,0.06923013170013816,0
0,0.13553584699572235,0
0,0.08271970459987588,0
0,0.20308677675354422,0
0,0.825541269321437,1
0,0.27186120931445024,0
0,0.21871336955453988,0
0,0.12513020452608029,0
0,0.6865695137902954,1
0,0.5066337425260065,1
0,0.07365510853942865,0
0,0.5222312697476662,1
0,0.1890780031260158,0
0,0.05941115126640613,0
0,0.4461048012764536,1
0,0.12740515745017866,0
0,0.06911830643868774,0
0,0.0946698958599682,0
0,0.32092452652160436,0
0,0.3762573427227891,1
0,0.16784842314101364,0
0,0.253426242351785,0
0,0.10485431554802689,0
0,0.06235166908065151,0
0,0.3418040929135101,0
0,0.19055901698296251,0
0,0.36639032236640146,1
0,0.7958240015929574,1
0,0.36061928967425627,1
0,0.10833786679668914,0
0,0.08316151822811772,0
0,0.9021288024959206,1
0,0.15940235387410479,0
0,0.28974241351095287,0
0,0.07128741312962446,0
0,0.33799893410208737,0
0,0.13934944746254355,0
0,0.059100450420394385,0
0,0.12473335426714946,0
0,0.17599103132373653,0
0,0.05675187880591223,0
0,0.715886154801185,1
0,0.08205147823444377,0
0,0.23025515730277377,0
0,0.11231100145941139,0
0,0.07284870290504553,0
0,0.12280324941193224,0
0,0.12968455545236893,0
0,0.18703553595575245,0
0,0.3677816539479418,1
0,0.3543811239789006,1
0,0.48217655249899755,1
0,0.8541091890150111,1
0,0.4853695913453866,1
0,0.055686254007725824,0
1,0.6428881480272485,1
1,0.45721274760557645,1
0,0.4035173763988366,1
0,0.40150450485733796,1
0,0.08457988211037738,0
0,0.07471868371392605,0
0,0.46761408130729526,1
0,0.16014251505961485,0
0,0.09390301875348273,0
0,0.4305118165817982,1
0,0.13949245540058647,0
0,0.18326721359813125,0
1,0.9476302765477446,1
0,0.8228124906320797,1
0,0.11376424037981399,0
0,0.20683780451947867,0
0,0.5386062083607923,1
0,0.19471605567722727,0
1,0.19149692948950084,0
0,0.25536875590356023,0
0,0.09455758485064779,0
0,0.09880234333518188,0
0,0.7061570389399925,1
0,0.4962957735895917,1
1,0.18773508611166606,0
0,0.13057512869832746,0
0,0.14122599189869653,0
0,0.4400196210792352,1
0,0.09070006362542549,0
0,0.670485545070454,1
0,0.11448179005574036,0
0,0.3845348189632378,1
0,0.07056258668570173,0
0,0.1783843427706355,0
0,0.6758598786197791,1
0,0.34315866276798346,0
0,0.41500606042556965,1
0,0.11796094592898898,0
0,0.6441099088706346,1
0,0.1602021280144417,0
0,0.5842491025084772,1
0,0.33187023737661575,0
0,0.16617671507010714,0
0,0.35320673373313793,1
0,0.3984089225919508,1
0,0.13021135490083346,0
0,0.15464817671685568,0
0,0.14246972488616788,0
0,0.11864864839049581,0
1,0.7835925598115707,1
0,0.11437876080200861,0
0,0.14682908884544602,0
0,0.10668247765536829,0
1,0.767229572032469,1
0,0.8770532735999498,1
0,0.08121952808615353,0
0,0.050124861405425,0
1,0.7012715294263149,1
0,0.4460290961016738,1
0,0.5696418735330041,1
0,0.11080330993537292,0
0,0.07089253072237517,0
0,0.07123781141044425,0
0,0.07920240377913153,0
0,0.9191908485521971,1
0,0.9041850731485297,1
0,0.1735284555375548,0
0,0.3778100316633665,1
0,0.2068333194491949,0
0,0.3732283414785902,1
0,0.4163818158620573,1
0,0.11705385524742762,0
0,0.1612860841507665,0
0,0.5464462882245179,1
0,0.39885939325205927,1
0,0.06244447230531114,0
0,0.14192292587551786,0
0,0.19745154595457665,0
0,0.21858799411807012,0
0,0.12406193177063099,0
0,0.25667341446850994,0
0,0.08073134587719914,0
0,0.11092915593794338,0
0,0.1338558225432585,0
0,0.12938947871879894,0
0,0.5030624019435957,1
0,0.0999652451110087,0
0,0.17068154777347894,0
0,0.6703517325158008,1
0,0.0880319328314168,0
1,0.7181889895669019,1
0,0.597161772746537,1
0,0.07330776301209196,0
0,0.8390217726694592,1
0,0.2577437374780592,0
1,0.5676893653442547,1
0,0.09776390250271048,0
0,0.18514340116131728,0
0,0.06997871758142894,0
0,0.9479697073857356,1
0,0.4460979754666731,1
0,0.26483680005032917,0
0,0.8755851726881064,1
0,0.12684754883136773,0
0,0.21044505829234889,0
1,0.8779382024319214,1
0,0.1657897236806851,0
0,0.1336097207089816,0
0,0.2859442949639715,0
0,0.08364513811372518,0
0,0.46720653531265766,1
0,0.11965743234490901,0
1,0.15108019141082274,0
0,0.05264304727862758,0
0,0.5100146775434344,1
0,0.2267636199905232,0
0,0.23079718583069053,0
0,0.07562039628058169,0
0,0.23918590821915756,0
0,0.3823294425146599,1
0,0.07280634240890467,0
0,0.05033040115376474,0
0,0.2640451489956548,0
0,0.0899535772240259,0
0,0.08521077718836827,0
0,0.06021788928283283,0
0,0.0954134882162911,0
0,0.09193105813580159,0
0,0.19515100750160264,0
0,0.08169796437529549,0
0,0.07218783525864847,0
1,0.9382679136437044,1
0,0.22532559659124676,0
0,0.072614784418517,0
0,0.1328211817284042,0
0,0.42344513976384746,1
0,0.1163752892487994,0
0,0.09974097479077193,0
0,0.16176014418501589,0
0,0.47608463784988736,1
0,0.08865656852628041,0
0,0.13469978372492825,0
0,0.14021127046045712,0
1,0.8990076966204315,1
0,0.07693939671106144,0
0,0.07973469031319237,0
0,0.16265602731601994,0
0,0.4745793170979719,1
0,0.4265514846091123,1
0,0.1833333161635374,0
0,0.0680601004592288,0
0,0.07684259894156854,0
0,0.5811965424540073,1
0,0.5123523034233803,1
0,0.31997003491084774,0
0,0.08445215497956904,0
0,0.5008766692237135,1
0,0.3256014225071415,0
0,0.16284372977547396,0
0,0.7801890104718601,1
0,0.8613475845125632,1
0,0.3910391717048906,1
0,0.7829394103203827,1
0,0.6847001446079171,1
1,0.14814383305600998,0
0,0.32797917386057135,0
0,0.3133285325741318,0
0,0.20849473655458464,0
0,0.16368526988723775,0
0,0.06191429409000615,0
0,0.12286026405827874,0
1,0.9363828150487338,1
0,0.853295642871903,1
0,0.0816959269689874,0
0,0.7052283862250031,1
0,0.14499430701743304,0
0,0.14827213404039027,0
0,0.14878290752075243,0
0,0.6068480278147969,1
0,0.09241574090810402,0
0,0.2889637782884849,0
0,0.25459470226339104,0
0,0.4370815987083772,1
0,0.5580534663962804,1
0,0.6656857065923499,1
0,0.08237757386061888,0
0,0.3883218491215003,1
0,0.11397211764387777,0
0,0.20834090664465202,0
0,0.12316850610639582,0
0,0.16245026796989287,0
0,0.0850331677324346,0
0,0.13237119112698448,0
0,0.8207664421603955,1
0,0.24297094793714957,0
0,0.4935540298300418,1
0,0.13924324226090645,0
0,0.3560130568350168,1
0,0.05739861274940779,0
0,0.09627993075851758,0
0,0.16076451065744143,0
0,0.2024523523963562,0
0,0.09816178999705204,0
0,0.46011140983000076,1
0,0.7320845901254959,1
0,0.28668948096219343,0
0,0.21101556098704174,0
0,0.5588379232424422,1
1,0.640050645942377,1
0,0.3671738861183284,1
0,0.12984649343107993,0
0,0.1562375452970088,0
0,0.5097184307696704,1
0,0.09881563502367992,0
0,0.30473245813672156,0
0,0.10645663709402566,0
0,0.22594465566554325,0
0,0.09955774051600688,0
0,0.09958070449584265,0
0,0.6103813600391244,1
0,0.21024810994106938,0
0,0.08022630521881569,0
0,0.5058913285258947,1
0,0.41847951429376656,1
0,0.1498688626144211,0
0,0.6427808722405598,1
0,0.06689690098720756,0
0,0.07768852436251979,0
0,0.09765678916044912,0
0,0.49662913880985426,1
0,0.11762425850430316,0
0,0.08307450053530038,0
0,0.21069174139182217,0
1,0.8624906504620168,1
0,0.049017054544891664,0
0,0.5403901260774066,1
0,0.12746379831741889,0
0,0.3457742044066859,0
0,0.10365942564734372,0
0,0.3248187165857301,0
0,0.12910963720772478,0
0,0.1082412764220822,0
1,0.41839997031227866,1
0,0.1274451074229316,0
0,0.12640112046651542,0
0,0.48647348605370544,1
0,0.424606853792875,1
0,0.12847567532801704,0
0,0.44713595537517764,1
0,0.3805230583871622,1
0,0.32746704742563454,0
0,0.08467147662573969,0
0,0.18603862907513108,0
0,0.12344963390428257,0
0,0.07658914237931957,0
1,0.9208230440874225,1
0,0.5293437986031725,1
0,0.12042639948727714,0
0,0.1327087633891634,0
0,0.3008079438654846,0
1,0.4557805245866578,1
0,0.13831625093888314,0
0,0.11217853038472467,0
0,0.4548769874463099,1
0,0.49579500313271446,1
0,0.39160065657416954,1
0,0.11661196428606056,0
0,0.7915323929287914,1
0,0.23348141650107615,0
0,0.3893005181758235,1
0,0.24576602718348392,0
0,0.08680696288216522,0
0,0.39981574315040497,1
0,0.11220929490964186,0
0,0.42224840183511836,1
0,0.07706997298054175,0
0,0.18134165505269992,0
1,0.9492471948746315,1
0,0.17205522623674047,0
0,0.24897059235290978,0
0,0.07430928024359956,0
0,0.15243980169415816,0
0,0.15406333728732016,0
0,0.14583506386805395,0
0,0.10767782662392883,0
0,0.11219010427339624,0
0,0.5428625648985743,1
0,0.1252764965978191,0
0,0.3127635992736711,0
0,0.35151796157341586,1
0,0.480562236430253,1
0,0.08836024968570032,0
0,0.2774083223753903,0
0,0.5438089601475257,1
0,0.06534840622420242,0
1,0.5760939823929667,1
0,0.33913351864129776,0
0,0.3653476805868273,1
0,0.1797757331842438,0
0,0.35495643797898707,1
0,0.7416458568534164,1
0,0.440586598988027,1
0,0.1254413655039913,0
0,0.9519992021394365,1
0,0.07148675956088077,0
0,0.5718304147785004,1
0,0.10170580494440006,0
0,0.41602204808842314,1
0,0.10173089431375368,0
0,0.7971255607098637,1
0,0.07801943129644777,0
0,0.8662393456780626,1
0,0.08230924178819173,0
0,0.14158745342315307,0
0,0.185437511723676,0
1,0.22135085499684848,0
0,0.18584513863839652,0
0,0.3896620895782912,1
0,0.26882714357573045,0
0,0.25849173280347276,0
0,0.1454650354830468,0
0,0.183796899783728,0
0,0.06739276180882543,0
0,0.2928719911805018,0
0,0.1693145165404457,0
1,0.9069727544895279,1
0,0.5376146813053426,1
0,0.5217557218699648,1
0,0.115757474026855,0
0,0.2617086677881516,0
0,0.17044878173420336,0
0,0.37565507440255214,1
0,0.30933220938728817,0
0,0.41492979865920593,1
0,0.15230338602433777,0
0,0.24600678239913226,0
1,0.7810052575502615,1
0,0.14844697195704573,0
0,0.09057608142502137,0
0,0.31496415648051734,0
0,0.421659932638349,1
0,0.3302508468561028,0
0,0.4523101614445652,1
0,0.6948925358327779,1
0,0.09702313624065692,0
0,0.11348402788024234,0
0,0.3836931884360884,1
0,0.8375696491078063,1
0,0.2467031247516646,0
0,0.22039434474462194,0
0,0.10350359308686244,0
0,0.10208487068044288,0
0,0.4647548403787572,1
0,0.1398079655491592,0
0,0.7103013858121854,1
0,0.5264365931222786,1
0,0.17263278420109604,0
0,0.13691799591909246,0
0,0.09910933328895209,0
0,0.11289098630840047,0
0,0.13223676501038115,0
0,0.1462607626964109,0
0,0.44709377667382116,1
0,0.15626119357426774,0
0,0.1463879231841893,0
0,0.3478105925946866,0
0,0.41139960231823125,1
0,0.2153232722617349,0
0,0.34588250368693063,0
0,0.4672029571197767,1
0,0.08949862250574495,0
0,0.12159477761377879,0
0,0.5810767009517522,1
0,0.13637123312379526,0
0,0.8145737928230012,1
0,0.4842242972657085,1
0,0.06690526036905342,0
0,0.15339705967353182,0
0,0.08593484146840949,0
0,0.10116692358327471,0
0,0.12192764390170922,0
0,0.07172559969752608,0
0,0.2092566380573498,0
0,0.3595851337542367,1
0,0.18374917018043355,0
0,0.156296569378038,0
1,0.5807065894244352,1
0,0.08511142280321791,0
0,0.12976040671037617,0
0,0.1434623350737848,0
0,0.17056922899490032,0
0,0.33989232836953076,0
0,0.6527113265668484,1
0,0.5970437650371826,1
0,0.7607582626197305,1
0,0.08156028505630947,0
0,0.09776900496817456,0
0,0.8492052066862678,1
0,0.12147011437350046,0
0,0.10444830634075439,0
0,0.111604115302616,0
1,0.13700693779066758,0
0,0.11706718994291376,0
0,0.07299724407333597,0
0,0.0572263789072753,0
0,0.07332546247530285,0
0,0.09689032900122353,0
0,0.4160262530123367,1
0,0.2968002196523414,0
0,0.8864931559795712,1
0,0.24573677718501305,0
0,0.08424776593347313,0
0,0.08146630109997212,0
0,0.42443829102670483,1
0,0.2438310779744007,0
0,0.06059107893229766,0
0,0.3419360650279513,0
0,0.07489227679336534,0
0,0.09628770629695227,0
0,0.15839186300595562,0
0,0.1812529926162102,0
0,0.09555780862417473,0
0,0.19106304250469922,0
1,0.5237238092697655,1
1,0.9504289353031368,1
0,0.1512132339411856,0
0,0.08802004849906862,0
0,0.07346981528398673,0
0,0.1563118025218616,0
0,0.10455503558745165,0
0,0.24196357383643421,0
0,0.09789918714208293,0
0,0.18876865959780212,0
0,0.42739502979426286,1
0,0.14157027855014243,0
0,0.23771664993208697,0
0,0.12372940907544056,0
0,0.40605526789991564,1
0,0.15025514221671138,0
1,0.4521978263723081,1
0,0.8089595012791668,1
0,0.18940516473087027,0
0,0.11637175373706939,0
0,0.15908098827461128,0
0,0.7478921965674236,1
1,0.5775792003389547,1
0,0.5655096367287857,1
0,0.8032517912773262,1
0,0.1409164978788011,0
0,0.1069099151334435,0
0,0.14955635817674934,0
0,0.34994540015338643,0
1,0.1529957743270761,0
0,0.38303768228130514,1
0,0.059553279412013986,0
0,0.5841286404039023,1
0,0.15684213327879604,0
1,0.13235373188969074,0
0,0.1305826702081807,0
0,0.7339159777121356,1
0,0.10131156108238416,0
1,0.7279514054567043,1
1,0.3254387907658932,0
0,0.1723333473470134,0
0,0.23446849893908955,0
0,0.07738796960323338,0
0,0.3159077685991157,0
0,0.4535911740646754,1
0,0.27222414699014214,0
0,0.26521211417595053,0
0,0.08528300053790329,0
0,0.6924676688786502,1
0,0.22373025279145617,0
0,0.1720611043682963,0
0,0.12357938457887144,0
0,0.07713002798056616,0
0,0.17714263583160603,0
0,0.2057584442662158,0
0,0.8400491470423357,1
0,0.16637995422533317,0
0,0.14304136439308335,0
0,0.7494292329031594,1
0,0.11340802868590233,0
0,0.8459387207543184,1
0,0.9462052650658864,1
1,0.6095914287562961,1
0,0.09223945886028238,0
0,0.5795536082062421,1
0,0.10301143488985544,0
1,0.6214834700999442,1
0,0.15273858339191124,0
0,0.7913843463392711,1
0,0.3236209688229978,0
0,0.10604745348697375,0
0,0.27624304764075225,0
0,0.08506591653149813,0
0,0.3586018895470198,1
0,0.8490920861496328,1
0,0.06832358904014503,0
0,0.1593813026555163,0
0,0.2897995735720303,0
0,0.1299827229686457,0
0,0.07189595420557064,0
0,0.6293531115337692,1
0,0.38796924054185444,1
0,0.5402133660256487,1
0,0.15948678890265608,0
1,0.8611268085719394,1
0,0.05314163962166069,0
0,0.24934665224754335,0
0,0.2231531133778949,0
0,0.08901569928298808,0
0,0.4135380131162657,1
0,0.08554042930077743,0
0,0.38530142826115904,1
1,0.5884767638048812,1
1,0.1803654585672393,0
0,0.09213250485267191,0
0,0.08065382015610656,0
0,0.23117161389865265,0
0,0.17146305886360672,0
0,0.111932313737215,0
1,0.573051445504488,1
1,0.8443868140511279,1
0,0.4046925795263423,1
0,0.14197036448679248,0
0,0.2896080040908258,0
0,0.3364793690120755,0
0,0.6524816547852964,1
1,0.9459219018481096,1
0,0.09203319369961165,0
0,0.7225774141095778,1
0,0.33029440300212654,0
0,0.9150316483803584,1
0,0.11708295302135617,0
0,0.14402529431008565,0
0,0.23904395567249342,0
0,0.2228472682960628,0
0,0.3671379355163255,1
0,0.15311750981771466,0
1,0.3276057005186932,0
0,0.2515409582917485,0
0,0.09649570236745962,0
0,0.20868341545819508,0
1,0.870288853439572,1
0,0.0839895078736938,0
0,0.2797141787435343,0
0,0.07252641419904596,0
0,0.1337616284559749,0
0,0.2894503404923446,0
0,0.07104443372047277,0
0,0.35283913426031144,1
0,0.5745906677954767,1
0,0.5221826241739399,1
0,0.23061813160320374,0
0,0.5116435748793784,1
0,0.24559293632434945,0
0,0.09062938956215769,0
0,0.268399113047001,0
0,0.4473761188043816,1
0,0.3582753157527457,1
0,0.24682040694025867,0
0,0.19428342551589245,0
0,0.0984632390289961,0
0,0.6181070432276563,1
1,0.589227057168021,1
1,0.3561394955290494,1
0,0.25285127781964306,0
0,0.35979282504300686,1
0,0.10523947615046234,0
1,0.0740735140790702,0
0,0.09286149017499223,0
0,0.5079228162126719,1
0,0.5143126224458864,1
0,0.08366829344378358,0
0,0.9282786929172961,1
0,0.11740515137795202,0
0,0.33907422985638874,0
0,0.16933773790613235,0
0,0.768308362167792,1
0,0.18778435276984282,0
0,0.7092295232475982,1
0,0.27472194067518946,0
0,0.07823087751213706,0
0,0.5857949873846687,1
0,0.19647002528037139,0
0,0.17771887990989033,0
0,0.09995752988347349,0
0,0.09168895071507685,0
0,0.3110385098708462,0
0,0.348909109336845,0
0,0.4075477599337539,1
0,0.11057635379344492,0
0,0.4907418731276099,1
0,0.8470317922506813,1
0,0.3129772951684027,0
0,0.9316621557554502,1
0,0.5736773074579964,1
0,0.059647352422260706,0
0,0.3310102358380706,0
0,0.32362187613079413,0
0,0.13239601260023978,0
0,0.19803783569086775,0
0,0.9305564457050112,1
0,0.0750321750678001,0
0,0.11141637354282063,0
0,0.106521201380903,0
0,0.26909556827235614,0
0,0.07795645795580544,0
0,0.29335484574307114,0
0,0.25975043923439256,0
0,0.443308260244697,1
0,0.23165178452548874,0
0,0.12381842231812487,0
0,0.06242877174378422,0
0,0.25876760651918423,0
0,0.3295594396969799,0
0,0.0518178359807632,0
0,0.28315196484446264,0
0,0.08724117769289086,0
0,0.10309967575760581,0
0,0.3760034251173346,1
0,0.17691539538240375,0
0,0.27488463715077033,0
1,0.9181266424585274,1
0,0.11239090669931556,0
1,0.920579646328347,1
0,0.31123050058408575,0
0,0.18163432154536813,0
0,0.10558789189378286,0
0,0.30436256625841895,0
0,0.4778666254200481,1
1,0.9294476614036205,1
0,0.14316749193407596,0
0,0.10491788226180773,0
0,0.1033939765160357,0
0,0.4087983532407479,1
0,0.1817731433186311,0
0,0.24125665355260148,0
0,0.10912055248567133,0
0,0.0964071530342508,0
0,0.15612834035689324,0
0,0.44813183735041945,1
0,0.5767749838949204,1
0,0.08781507108432009,0
0,0.20655075783505064,0
0,0.08473153530167798,0
0,0.2947108225710669,0
0,0.6907545933479716,1
0,0.3479039752686953,0
0,0.5823165485197663,1
0,0.21258738331794175,0
1,0.9116270969329473,1
0,0.10982087246355166,0
0,0.32048616164335725,0
0,0.15297667163597106,0
0,0.12716608786880604,0
1,0.8128582261314055,1
0,0.24958811488714516,0
0,0.3793263140449912,1
0,0.12090416023163417,0
0,0.7597217833218742,1
0,0.05351535331478702,0
0,0.09980345218905762,0
0,0.4052873650962217,1
0,0.05443164629886375,0
0,0.10105062854843325,0
0,0.27229844494875705,0
0,0.21892748114315472,0
0,0.44370279354096936,1
0,0.4062319337645446,1
1,0.620847329396759,1
0,0.08619436934727065,0
1,0.8949083796372177,1
0,0.0804526829788415,0
0,0.3834693265633069,1
0,0.2223931160424124,0
0,0.22057375595546017,0
0,0.06695209906185545,0
0,0.1870509697954824,0
0,0.2487513058452975,0
1,0.7629114328084149,1
0,0.05962134090271968,0
0,0.1173930331052982,0
0,0.21681606011457613,0
0,0.07985341674100409,0
0,0.2565842433655341,0
0,0.19540411590536141,0
0,0.232022843957915,0
0,0.14611168665562999,0
0,0.21766713972863433,0
0,0.41493541086775293,1
1,0.7763972304078499,1
0,0.13051326843434224,0
0,0.14836471096418793,0
0,0.07116769563235881,0
0,0.29945600914974646,0
0,0.5377334671811899,1
0,0.07033246004411839,0
0,0.10302937469013376,0
0,0.24168718380117127,0
0,0.5105096824353847,1
0,0.11617460434844126,0
0,0.16256037979023383,0
0,0.7174874185878264,1
0,0.17099144751460188,0
0,0.8309297296868932,1
1,0.2599362303051641,0
0,0.3031996627161018,0
0,0.5567663698505734,1
1,0.3013630321863722,0
0,0.36047305480389785,1
0,0.1743449049114846,0
0,0.32219756087512097,0
0,0.3597487667667078,1
0,0.5375224330132521,1
1,0.614211601479365,1
0,0.12834623137345397,0
0,0.09553399914862075,0
0,0.9286928703234926,1
0,0.8855782423980679,1
0,0.09168702343221943,0
0,0.08160967377767228,0
0,0.10756302347579075,0
0,0.2431674797903827,0
0,0.1896068188674019,0
0,0.367379015813484,1
0,0.07883479478557841,0
0,0.1364615223627488,0
0,0.12481399984871863,0
0,0.8549840706742862,1
0,0.13341288281277267,0
0,0.5467642023419778,1
0,0.09689870194161251,0
0,0.26803662949121393,0
0,0.1347147566890781,0
0,0.16787282448000665,0
0,0.07746500106284915,0
0,0.31533772817900313,0
0,0.7403354422758454,1
0,0.14103360571222473,0
0,0.12076765152477421,0
0,0.20697333801042678,0
0,0.15260894196918356,0
0,0.17610087763427043,0
0,0.1202140416204106,0
0,0.3573283249517444,1
0,0.4869296002189286,1
0,0.17567139757114036,0
0,0.21586811082950197,0
0,0.3973859573986447,1
0,0.11417913483791499,0
0,0.28628521885526637,0
1,0.39979171792843415,1
0,0.6556802779424324,1
0,0.4242956373259323,1
0,0.4720567390320003,1
0,0.16332821216326956,0
0,0.30299362516007317,0
0,0.5703452329064279,1
0,0.07050016423034816,0
0,0.5372538833641164,1
0,0.3358036941428709,0
0,0.6902774047163124,1
1,0.4626212362511718,1
0,0.6663073295583047,1
0,0.5272498891459877,1
0,0.2847080529006603,0
0,0.308428396076339,0
0,0.052663907909819584,0
0,0.20859743407929757,0
0,0.3698551641734852,1
0,0.14273485687991913,0
0,0.05625545918721668,0
0,0.10151247620931704,0
0,0.5337907636051921,1
0,0.17832760040666343,0
0,0.5912735724398298,1
0,0.1320743913063087,0
0,0.3111776285959111,0
0,0.19074843962982144,0
0,0.5336280177714732,1
0,0.08674166619473422,0
0,0.20825766275817367,0
0,0.08593474453720874,0
0,0.12786569216683805,0
0,0.5049901071981935,1
0,0.07447017174512656,0
0,0.16699531743199153,0
0,0.516817849583759,1
0,0.5098519689541313,1
0,0.3764646965047955,1
0,0.741690667739815,1
0,0.11494323181648715,0
0,0.06993117445032142,0
0,0.4898444374259171,1
0,0.07166087512684018,0
0,0.14684491411171147,0
0,0.17009192827432387,0
0,0.08367217598721663,0
0,0.24025190472753366,0
0,0.9595402688492983,1
0,0.14660262192668946,0
0,0.48075041179636685,1
0,0.2687222700456611,0
0,0.14028812060841112,0
0,0.14865572453973877,0
0,0.21915493082064597,0
0,0.13089168596507808,0
0,0.353662570922763,1
0,0.10961696349096471,0
0,0.2055437344982023,0
0,0.5209152898745125,1
0,0.1926726917147941,0
0,0.16687121848482414,0
0,0.34460410517306983,0
0,0.1434072478194183,0
0,0.10381130568055258,0
0,0.36286791470374125,1
0,0.12009793491518718,0
0,0.37213410324852836,1
0,0.3570740107680539,1
0,0.17203031114633982,0
0,0.7251143605425154,1
0,0.12284240976902616,0
0,0.38758075097364497,1
0,0.7587346171435593,1
0,0.40817819128598554,1
0,0.11720147986245873,0
0,0.32761754628534484,0
0,0.09265481018946611,0
0,0.06646847933993712,0
0,0.09721378456124338,0
0,0.25528807697080047,0
1,0.5711430559900016,1
0,0.07785695523973896,0
0,0.3683585649014255,1
0,0.11460530982573279,0
0,0.19517663776759123,0
0,0.11935180103097312,0
0,0.10007314978426655,0
0,0.4611929602219966,1
0,0.21056832287887273,0
0,0.0845293596351251,0
0,0.7657334200312997,1
0,0.5458735474471142,1
1,0.811150034841816,1
0,0.12823132169950835,0
0,0.16210932239392858,0
0,0.3717904340363505,1
0,0.14394039668014003,0
0,0.6810217613147443,1
0,0.11642700021796083,0
0,0.08788107885823654,0
1,0.766860699784035,1
0,0.11570170832634569,0
0,0.08369899525265392,0
0,0.5936610529492204,1
0,0.2522931687968424,0
0,0.10406944564108381,0
0,0.10002532830747936,0
0,0.48608538838657117,1
0,0.5560910267025485,1
0,0.10199485038996435,0
0,0.8712961649192423,1
0,0.27067071527830544,0
0,0.13644695693395997,0
0,0.06819193392907003,0
0,0.12676368024002785,0
0,0.3547378869587214,1
0,0.41695481518942623,1
0,0.21939514499841242,0
0,0.09071200809618117,0
0,0.10229860582120306,0
0,0.10196388078709476,0
0,0.3180022428830168,0
0,0.171003613746137,0
0,0.3376861350545016,0
0,0.33838169794244505,0
0,0.08655724239887248,0
0,0.0772232506677338,0
0,0.580797271804242,1
0,0.7521689892462619,1
0,0.5477204608566365,1
1,0.4277127960628235,1
0,0.1365760781404158,0
0,0.12038012414213493,0
0,0.10235581145275423,0
0,0.12445122821591009,0
0,0.3454344527000344,0
1,0.6203234437856402,1
0,0.15116857311448034,0
0,0.09486269446644911,0
0,0.5523222983257176,1
0,0.13225843252948927,0
1,0.848070270553567,1
0,0.9517684787728514,1
0,0.3872086202517508,1
0,0.09731437243047358,0
0,0.052523766397947626,0
0,0.07537487856389366,0
0,0.17059796671066374,0
0,0.774743414540533,1
0,0.8371494058538911,1
0,0.06733890354669535,0
0,0.05047478940873201,0
1,0.843931559432286,1
0,0.12385211494650412,0
0,0.07506036766760793,0
0,0.20254604871620546,0
0,0.10650459870852423,0
0,0.08810486715173724,0
0,0.10329463058023326,0
0,0.08189465284322033,0
0,0.5996855685552335,1
0,0.05543306113727411,0
0,0.06674803405848546,0
0,0.810395783635992,1
0,0.8198858171673713,1
0,0.2168467113094377,0
1,0.4500738488371924,1
0,0.056921657841453914,0
0,0.055318409901697216,0
0,0.47554446038268966,1
0,0.8425488148112101,1
0,0.7172519807988494,1
0,0.2960433889834608,0
0,0.24196906907416324,0
0,0.9071758022351287,1
0,0.4438408413680572,1
0,0.11626760657345592,0
0,0.8520915195487395,1
0,0.12622678523478903,0
0,0.5691762304719593,1
0,0.13644583966738377,0
0,0.16785840825807374,0
0,0.14761354301945578,0
0,0.0875645424571008,0
0,0.09289218979594095,0
0,0.25507256871670836,0
0,0.1996129272071387,0
0,0.07875180391685044,0
0,0.05763552550400553,0
0,0.8393779510607519,1
0,0.507064516367622,1
0,0.5275874990072467,1
1,0.82813025254664,1
0,0.28460406186492565,0
0,0.3842923093264524,1
1,0.8686972122563185,1
0,0.087163299260182,0
0,0.1112521153807126,0
0,0.12668311311341396,0
0,0.6010608337177281,1
0,0.8382762470786392,1
0,0.3130583378648135,0
0,0.13157171662512412,0
0,0.2837270763029306,0
0,0.18632503345784054,0
0,0.18598288090224238,0
0,0.5930251920393129,1
0,0.08998674006460294,0
1,0.8198861511237562,1
0,0.10951681339536953,0
0,0.0773964866919228,0
1,0.24452647871303407,0
0,0.9004825706954434,1
0,0.18483040897264394,0
0,0.10109554730304533,0
0,0.1423202163553083,0
0,0.34871586673975696,0
0,0.17163454437295575,0
0,0.05297389873920153,0
0,0.12095569889372253,0
0,0.7423170931648937,1
0,0.8624829925303817,1
1,0.8980173439303654,1
0,0.6361085814909044,1
0,0.5152327328340534,1
0,0.19727130369815477,0
0,0.5267311757780312,1
0,0.10864341034623894,0
0,0.13455755888143406,0
0,0.09420387619784294,0
0,0.19552920424575468,0
0,0.14643384168814355,0
0,0.5358402840050732,1
0,0.26411356578243556,0
0,0.07694490467365839,0
0,0.7457924425040992,1
0,0.43920008991417386,1
0,0.8153145185315583,1
0,0.1341654507728806,0
0,0.14622716202113986,0
0,0.3766807271345296,1
0,0.5443393384145158,1
0,0.12286554813078766,0
0,0.12069150859329111,0
0,0.5844919866703899,1
0,0.22425676620223986,0
0,0.28584747275800637,0
0,0.07296926057346305,0
0,0.29192983942885575,0
0,0.34686343044330803,0
1,0.9482592595522147,1
0,0.38900761227634706,1
0,0.09469178617882835,0
0,0.38612680551214645,1
0,0.185106903865872,0
0,0.4644772028913506,1
0,0.3118512308362782,0
0,0.07859164453494911,0
0,0.20018678518297148,0
0,0.11935640636378508,0
0,0.16949875807002102,0
0,0.12998362499400098,0
0,0.32201877487796443,0
0,0.11619153657499202,0
0,0.8218568125976521,1
0,0.05080417850953999,0
0,0.3566789932018998,1
0,0.40294377473820797,1
0,0.233821908613575,0
0,0.10569104523323122,0
0,0.09311145157030973,0
0,0.3038086751463682,0
1,0.759870906852416,1
1,0.8653477920966844,1
0,0.3732548693987055,1
0,0.09380882314833798,0
0,0.13182460787510797,0
0,0.07123697902898476,0
0,0.09778482155215176,0
0,0.48399942246910627,1
0,0.46764542440971213,1
0,0.5871131943211755,1
0,0.29173813394670395,0
0,0.31322380203853767,0
0,0.343230556299832,0
0,0.514465182745208,1
0,0.08545583104577367,0
0,0.06908103588024692,0
0,0.11183503623454032,0
0,0.8708163430621553,1
0,0.07768126801517514,0
0,0.05330318509927149,0
0,0.1035717005433299,0
0,0.08905272778989416,0
0,0.07412846494082455,0
0,0.286627304586566,0
0,0.5269736710939026,1
0,0.3700609923422907,1
0,0.09071267004042145,0
0,0.5058951429559481,1
0,0.21579791183435104,0
0,0.2825269714953518,0
0,0.3888040404252026,1
0,0.37954843428706825,1
0,0.07331938488234428,0
0,0.11717201096375048,0
0,0.9194882041803696,1
0,0.3356853161634248,0
0,0.3538114797810732,1
0,0.08241749150081115,0
0,0.12904278802880517,0
0,0.08237583234677949,0
0,0.09514423545793377,0
0,0.1496225526157122,0
0,0.827924810256819,1
0,0.9303770970630358,1
0,0.8790578728433328,1
0,0.17184095913890765,0
0,0.3617458388761317,1
0,0.43879721220027174,1
0,0.6543119675685227,1
0,0.4695622829878685,1
0,0.16876854154275192,0
0,0.3505318217464999,1
0,0.19872338186009295,0
0,0.16921475025680063,0
0,0.1206139649183469,0
0,0.09542522187670462,0
0,0.16192264585872126,0
0,0.7879392915603379,1
0,0.9397951923507328,1
0,0.17075348344069274,0
0,0.8269366027650922,1
0,0.26534880818204487,0
0,0.38161503666556174,1
0,0.17661535119766364,0
1,0.9616765684251395,1
0,0.20376230357502537,0
0,0.28094566111443686,0
0,0.12489280602906673,0
0,0.4544811193493761,1
1,0.3374208390344553,0
1,0.7781695499004277,1
0,0.2560856211594692,0
1,0.20192951820249372,0
0,0.05895732073335624,0
0,0.08329641724561901,0
1,0.6915790125777678,1
0,0.33836847877055376,0
0,0.06636189870927107,0
0,0.5362298514967356,1
0,0.1088200269431632,0
0,0.9047501385852232,1
0,0.12102857864193628,0
0,0.6897979655038591,1
0,0.8362318581142418,1
0,0.10469207037108919,0
0,0.38059382425906807,1
0,0.06215210109229479,0
0,0.14555792826513855,0
1,0.9133880763117869,1
0,0.29376593134049916,0
0,0.09256372598998139,0
0,0.13630901597141085,0
0,0.09535642391963087,0
1,0.40482706235487326,1
1,0.46221998110322365,1
0,0.1049346561730602,0
0,0.7322109660164235,1
0,0.4843804737436452,1
0,0.08673295319954666,0
0,0.24365838460990716,0
0,0.06700973082495743,0
0,0.14054285116353868,0
0,0.8545407794932924,1
0,0.08175733199924894,0
0,0.3043193406261214,0
0,0.12646898873962,0
0,0.1311719512384646,0
1,0.951403746152266,1
0,0.1510976660597501,0
0,0.22218432476190178,0
0,0.059696044480149243,0
0,0.12957391994395573,0
0,0.07552138474081607,0
0,0.34909963561554747,0
0,0.2047639389718599,0
0,0.1338818497620508,0
0,0.17512523295154295,0
0,0.622302616797777,1
0,0.5659188264234039,1
0,0.5257703265830774,1
0,0.14498315715621315,0
0,0.3862460600751063,1
0,0.11919065034080442,0
0,0.12677232257409587,0
1,0.815502013404243,1
0,0.6226625106334609,1
0,0.10604534670139742,0
0,0.0578587496451654,0
0,0.07791562383686726,0
0,0.10034736202834174,0
0,0.11314507881209515,0
0,0.7523647039106603,1
0,0.30495616122786073,0
0,0.3602461247257146,1
0,0.09351469473891799,0
0,0.4211098853532006,1
0,0.2578103726035857,0
0,0.5551588284459306,1
0,0.1287514308876933,0
0,0.095953968934229,0
0,0.20913080468770312,0
1,0.4657094426536855,1
0,0.5877813570341651,1
0,0.09302118055862746,0
1,0.6118520747747848,1
0,0.1013220943268321,0
0,0.11045191110721568,0
0,0.7595076126155835,1
0,0.7199409403125915,1
0,0.27600266576114535,0
0,0.5245500882169213,1
0,0.18757581247880378,0
0,0.10684617790407107,0
0,0.839590717203824,1
0,0.12435320750568939,0
1,0.5575998977571359,1
0,0.07138539779285487,0
0,0.15597265124323167,0
0,0.644169262297555,1
0,0.20157839367987676,0
0,0.22758304828208462,0
0,0.17710400718276476,0
0,0.21119449819827443,0
0,0.059223160259244845,0
0,0.14804233446293508,0
0,0.8912236289806827,1
0,0.6557188729715677,1
0,0.18544824709538613,0
0,0.2102814510705535,0
0,0.4214685787473345,1
1,0.4563216287710239,1
0,0.5562124313911082,1
0,0.3824254756751509,1
0,0.09219847219248968,0
0,0.183382624884294,0
0,0.40029851175963516,1
0,0.4755628618625505,1
0,0.2394821345827501,0
0,0.1779430470180636,0
0,0.7688219127231402,1
0,0.1952934665405999,0
0,0.14315660988048526,0
1,0.8593796148308246,1
1,0.9474747757814631,1
0,0.1959687816010313,0
0,0.1548361970975214,0
0,0.5393048810540272,1
0,0.0824990558628392,0
0,0.22078531181610533,0
0,0.5089693097395038,1
0,0.2545729208253357,0
0,0.11530412520020131,0
0,0.15044243158696233,0
0,0.08820008480435015,0
0,0.11426275729523735,0
0,0.15578238685839507,0
0,0.21431285143482345,0
0,0.1743120631716616,0
0,0.12075244016918456,0
0,0.09792856993090297,0
0,0.21991889402368817,0
0,0.12233217537641075,0
0,0.5654265606627557,1
0,0.09899498481503624,0
0,0.44867158457640766,1
0,0.06374120830103287,0
0,0.05626223699108569,0
0,0.38574881633843305,1
0,0.32090345048390523,0
0,0.2008887180291211,0
0,0.30167325056486716,0
0,0.13791260267425237,0
0,0.08143219818307973,0
0,0.1128341308719136,0
0,0.07782116698902747,0
0,0.07415015124478476,0
0,0.2366569477538033,0
0,0.18166573035229858,0
0,0.5302741551860184,1
0,0.14753622535999064,0
0,0.5744258524200452,1
0,0.756042918631265,1
0,0.14202809955952378,0
0,0.1387976706567906,0
0,0.42564434620317004,1
0,0.5840892848285755,1
0,0.30076786908055103,0
0,0.41941336918622657,1
0,0.14256535674949739,0
0,0.10937874608166635,0
0,0.16341887580937586,0
0,0.5848596063215092,1
0,0.17639693202450465,0
0,0.610984426101433,1
0,0.8624050220732996,1
0,0.2440086863320595,0
0,0.2463097337270822,0
0,0.14755579836447963,0
0,0.12473799527011027,0
0,0.8551870599882073,1
0,0.19058908455475704,0
0,0.7431851397082038,1
0,0.3601137171114015,1
1,0.524883751765287,1
0,0.2290339923318414,0
0,0.06063989865250846,0
0,0.19583526901394574,0
0,0.13882518665286253,0
0,0.423354174147342,1
0,0.15572958468600256,0
0,0.10110285600050507,0
1,0.8716347944987094,1
0,0.16723441724659122,0
0,0.8045097000969369,1
0,0.40899322530128385,1
0,0.14530524707588352,0
0,0.23412214613965068,0
0,0.18061697768407473,0
0,0.09832999923723004,0
0,0.5155465705076953,1
0,0.15298704994553433,0
0,0.34160726197542474,0
0,0.3911826604580653,1
0,0.330120573874434,0
0,0.09741239333299567,0
0,0.15032629928240882,0
1,0.4474601341723629,1
0,0.24352971206464852,0
0,0.08195552646457203,0
0,0.1573992176597064,0
0,0.1306264692413355,0
0,0.17602019041732642,0
0,0.38605318878157313,1
1,0.14895564459182406,0
1,0.8536047633666612,1
0,0.2831765576348562,0
0,0.1463285866782077,0
0,0.3148750014743659,0
0,0.06886790043663898,0
0,0.8378097755483283,1
1,0.3058719616189877,0
0,0.12303234510751994,0
0,0.15156214590029135,0
0,0.07709150995478287,0
0,0.36343085139736453,1
0,0.4331062298767456,1
0,0.20609785351060914,0
0,0.2732460397109296,0
0,0.49739125330711204,1
0,0.3145734332161627,0
0,0.11650617439546399,0
0,0.09348891331563965,0
0,0.13284547099391789,0
0,0.16066640708607788,0
0,0.6412032901250617,1
0,0.1503733679313825,0
0,0.23472173115467088,0
0,0.29238385496666797,0
0,0.6088872355759092,1
0,0.0855083810731521,0
0,0.08892278230864789,0
0,0.09141362010272523,0
0,0.2087750176288269,0
0,0.07105265443514351,0
0,0.05193749310954747,0
0,0.08732176340338503,0
0,0.2119367189794897,0
1,0.9632779975723936,1
0,0.17682217689644938,0
0,0.4811135945046387,1
0,0.3367776070125955,0
0,0.15319876155065035,0
0,0.07063394477869125,0
0,0.12202108400153203,0
0,0.6350028613809364,1
1,0.7268077287797724,1
0,0.17682256110262642,0
0,0.6047701378615143,1
0,0.058001408487136426,0
0,0.12473445006330887,0
0,0.5389093615474267,1
0,0.23946200420873714,0
0,0.1795945392360516,0
0,0.16485973475706311,0
0,0.24709605748365013,0
0,0.5001851461707608,1
0,0.16021187574135545,0
0,0.060418737509636056,0
0,0.848577085773955,1
0,0.3259184042626055,0
0,0.5081868688895342,1
0,0.10615696933022051,0
0,0.1761389077745389,0
0,0.09565698984143511,0
0,0.3740628349577208,1
0,0.14266539203056014,0
0,0.1419287248711117,0
0,0.5454297001410748,1
1,0.5675119451708825,1
0,0.5785289458379368,1
0,0.25526481685508884,0
0,0.12947949657491373,0
0,0.3433151862132643,0
0,0.08568867145552829,0
0,0.5762923652831042,1
0,0.1655051352864648,0
0,0.07289646525373863,0
0,0.11513439586827957,0
0,0.12186849301358509,0
0,0.1869066172777205,0
0,0.09603316533029858,0
1,0.37015223870456504,1
0,0.7475474068290613,1
0,0.6248591074007331,1
0,0.40721034063450573,1
0,0.05456898095706818,0
1,0.0706441958196593,0
0,0.12077677850616841,0
0,0.10116022923515382,0
0,0.20313766687048979,0
0,0.25525906721744396,0
0,0.22538569703680073,0
0,0.2420138173322194,0
0,0.5225027096394786,1
0,0.8406489570807145,1
0,0.150739200786188,0
0,0.17097863351852727,0
0,0.1244186732385852,0
0,0.7290334074401956,1
0,0.5314067903992922,1
0,0.11792764002494859,0
0,0.06182596238508012,0
0,0.15964319124697315,0
0,0.16850932316167777,0
0,0.08131353822633805,0
0,0.5667285292341929,1
0,0.9335103848673045,1
0,0.9196287348151448,1
0,0.09723459954652501,0
0,0.08937322510181915,0
0,0.09387025194724208,0
0,0.08266525621659747,0
0,0.06386653024041507,0
0,0.19946203768035567,0
0,0.5994523044848157,1
0,0.11655147370014565,0
1,0.8085774271692268,1
0,0.16827906592104036,0
0,0.5515960859041491,1
0,0.12323971475032384,0
0,0.7821610870630827,1
0,0.7719466273252138,1
0,0.1820277579103703,0
0,0.8788316717661872,1
0,0.15468627517442285,0
0,0.23725454889412256,0
0,0.11207083115936868,0
0,0.14105420350854694,0
0,0.07793474104957517,0
0,0.12400788733273335,0
0,0.8321574730152431,1
0,0.6466632625139138,1
0,0.43680764530339494,1
0,0.26212233886261516,0
0,0.543170619012183,1
0,0.060564304050329906,0
0,0.4548432727775518,1
0,0.18870637921663516,0
0,0.830741801157678,1
0,0.10885036323589899,0
1,0.8072134815709973,1
0,0.5524712614251811,1
0,0.07458471296586358,0
0,0.19247506829791355,0
0,0.14453626872262898,0
0,0.35651899583038277,1
0,0.7786024378610651,1
0,0.13188914539209182,0
0,0.08967913299012681,0
0,0.27916993568130977,0
0,0.14801548155599475,0
0,0.32638210231169235,0
0,0.20529963687128205,0
0,0.43919150269639784,1
0,0.09562061173017503,0
0,0.1049184118686011,0
0,0.23429625689827957,0
1,0.8498805046191845,1
0,0.17952499582669293,0
0,0.09339240873008342,0
0,0.18251804335302285,0
0,0.20811680596615698,0
0,0.5045265044412155,1
1,0.6183785205075323,1
0,0.6217042126624941,1
0,0.4258222337177512,1
0,0.5665794765685703,1
0,0.2430477734782391,0
0,0.3069273510642506,0
0,0.13860764249207777,0
0,0.26393546780039,0
0,0.1499233983137397,0
0,0.12000236005355312,0
0,0.370716210057215,1
0,0.11866070910430916,0
0,0.14287767312041447,0
0,0.29716148784198876,0
0,0.8145488438839921,1
0,0.09742429764171247,0
0,0.2095462361289304,0
0,0.8272435276814405,1
0,0.5424205128342944,1
0,0.12179953020006706,0
0,0.12542711499318068,0
1,0.5700671131314994,1
0,0.1014866938983756,0
0,0.6566287149093666,1
0,0.1561732658789852,0
0,0.5412326267925367,1
0,0.12325770601858603,0
0,0.713452200273076,1
0,0.18825599030900958,0
0,0.46574328909260704,1
0,0.5214711996832639,1
0,0.2331613948751239,0
0,0.09108199659606224,0
0,0.2723729438422816,0
0,0.16567508695359703,0
0,0.1765854121344173,0
1,0.5337670014545365,1
0,0.10991070264117928,0
0,0.3799704883380135,1
0,0.13505955352154986,0
0,0.30733377844095,0
0,0.15736602648319567,0
0,0.31779729685742014,0
0,0.26428137761355447,0
0,0.3543902571696235,1
0,0.9078033921210806,1
0,0.45986308267998927,1
0,0.15443635843532522,0
0,0.1175050438534493,0
0,0.17578796971274008,0
0,0.12194318738505158,0
0,0.10434175068072747,0
0,0.3455178998511196,0
0,0.07925123863527697,0
0,0.44269867884012143,1
0,0.3082991880210643,0
0,0.8803765395828259,1
0,0.5831569914914466,1
0,0.2491805555476078,0
0,0.15990239337802578,0
0,0.23179378397376718,0
0,0.596663225274935,1
0,0.07701505683593252,0
0,0.2925538665153067,0
0,0.0555127259352501,0
0,0.23443215044703322,0
0,0.14467375965468712,0
0,0.567297259225564,1
0,0.11742160770917806,0
0,0.36389834369854557,1
0,0.42557216611133913,1
0,0.7755592866831003,1
0,0.1517770595536642,0
0,0.13682002894431508,0
0,0.11079714109403575,0
0,0.21424182839091047,0
0,0.07961309811780887,0
0,0.22213137444381426,0
0,0.9242652852382571,1
0,0.31057683969120653,0
0,0.10701552186886194,0
1,0.909260205017604,1
0,0.36010287892417553,1
0,0.06303427367643237,0
0,0.11103799080335058,0
0,0.4721636271351165,1
0,0.5648982133647574,1
0,0.21208554857807896,0
0,0.5050514840818279,1
0,0.166908090446649,0
0,0.3459496660806142,0
0,0.09990402182534398,0
0,0.4914804554605383,1
0,0.5035928696911582,1
0,0.12093637015074911,0
0,0.3226984539776776,0
1,0.620940878074877,1
0,0.8407173913164762,1
0,0.318868195314625,0
1,0.8272785088993514,1
0,0.4458096548950872,1
0,0.470844364587628,1
0,0.45807056912056054,1
0,0.5511128410198955,1
0,0.062155427520076065,0
0,0.18906541090306117,0
0,0.09024821866552017,0
0,0.080991094287894,0
0,0.12307019095378237,0
0,0.11491699389760104,0
0,0.532772711988702,1
0,0.08795715232946016,0
0,0.6903984416651993,1
0,0.13469713069320724,0
0,0.4393697846544823,1
0,0.36173565590935247,1
0,0.68157121352603,1
0,0.27380412322119235,0
0,0.10442000926063828,0
0,0.10963080363060816,0
0,0.5763060716052447,1
0,0.10080580365268395,0
0,0.211959057992007,0
0,0.10734515862778204,0
0,0.13779752778864887,0
0,0.30326490588780436,0
0,0.5987864044244503,1
0,0.2797019314244965,0
0,0.26226140476140913,0
0,0.5611962480358663,1
0,0.3748624182485808,1
0,0.5263144211631716,1
1,0.6615820215459682,1
0,0.1907735311594668,0
0,0.8270760657086392,1
0,0.20079958108774398,0
0,0.15352372604091602,0
0,0.123385658292544,0
0,0.4369836975738414,1
0,0.5940012560503413,1
0,0.35014901290547146,1
0,0.10564100526594708,0
0,0.134025544349661,0
0,0.11471800577411093,0
1,0.3978388618776506,1
0,0.229411030049801,0
0,0.6691885764447357,1
0,0.4132823437967934,1
0,0.40910928571515226,1
0,0.3436428168807737,0
0,0.2757573976443843,0
0,0.17422246777422493,0
1,0.5694846875910969,1
0,0.09746383435901494,0
0,0.18175500033079714,0
0,0.6410870383019358,1
0,0.3062441175878364,0
0,0.5460037079284942,1
0,0.11841808455455412,0
0,0.08185155946581264,0
0,0.11483963163168016,0
0,0.43344930095291506,1
0,0.09494434272742579,0
0,0.5269827949951122,1
0,0.518937682469098,1
0,0.324806455457213,0
0,0.5171439214239684,1
0,0.10819690288282566,0
0,0.18961896508406448,0
0,0.12360961212715492,0
0,0.07051805006234015,0
0,0.1313272219955648,0
0,0.347838111399826,0
0,0.49217976109326256,1
0,0.8616490909794734,1
0,0.7305501557508388,1
0,0.7709168043463175,1
0,0.7555122832515431,1
0,0.5049011792541663,1
0,0.11746722389052837,0
0,0.1130530591326652,0
0,0.30217651219866254,0
0,0.22884696501130744,0
0,0.06361331567945701,0
0,0.10604624592266187,0
0,0.574341724193032,1
0,0.0640026877032514,0
0,0.12538446429114103,0
0,0.38741720152443826,1
0,0.1649770668203031,0
0,0.10640214931483016,0
0,0.12721335712833978,0
0,0.3552114189266672,1
0,0.08762437203680673,0
0,0.5479155898688599,1
0,0.6047696532189604,1
0,0.13719844573976572,0
0,0.6451295806895139,1
0,0.1052739415832816,0
0,0.08402603161133822,0
0,0.2048956998006024,0
0,0.0899450761787819,0
0,0.1342579438800597,0
0,0.28732447144078715,0
1,0.8058544434267865,1
0,0.2883625372904669,0
0,0.08271206123508805,0
1,0.5488044163298258,1
0,0.8499345438618022,1
0,0.8378811281411034,1
0,0.07281986060564138,0
0,0.42076031350975013,1
0,0.10255099583786932,0
0,0.17970184419536628,0
0,0.17679927322511815,0
0,0.7927963434464775,1
0,0.07838894648092262,0
0,0.18692801343951412,0
0,0.42426667110687155,1
0,0.07268677985527501,0
0,0.05725072131059752,0
0,0.6278119626471276,1
0,0.11798601128864011,0
0,0.11692689774847513,0
0,0.13307049280070607,0
0,0.05566037069101114,0
0,0.38738399571028076,1
0,0.392194895333101,1
0,0.3477160001578078,0
0,0.21249981151861416,0
0,0.3016478604891267,0
0,0.12278051298398243,0
0,0.06781289886330283,0
0,0.5292033944806246,1
0,0.09152027420792483,0
0,0.15237117196954694,0
0,0.07228699064975136,0
0,0.13227924714577854,0
0,0.9362798624414118,1
0,0.2818215628273685,0
0,0.23348020339502645,0
0,0.5073207580968745,1
0,0.6080121312202792,1
0,0.10797642681545504,0
0,0.11565570439482756,0
0,0.13918398102031293,0
0,0.10550228531599597,0
0,0.13902304582241962,0
0,0.34853330199919824,0
0,0.12912516032733073,0
0,0.5208198696015532,1
0,0.05811537138971486,0
0,0.12807961588492833,0
0,0.07527430079597797,0
0,0.3436969471698406,0
0,0.1870731027359943,0
0,0.7559729096775681,1
0,0.19567777383398988,0
0,0.4031950818544232,1
0,0.19830822223428424,0
0,0.10567980523415967,0
0,0.17910001676589196,0
0,0.2502281761711019,0
0,0.06723086308783588,0
1,0.943887685521516,1
0,0.8854779497637321,1
0,0.27943571797102046,0
0,0.25651949647030614,0
1,0.6456823280541658,1
1,0.9431659766883488,1
0,0.7787951600446168,1
0,0.2739333667491658,0
0,0.4999270340121001,1
0,0.16772341955839729,0
0,0.10482998394695499,0
0,0.09387790135622799,0
0,0.0783041450965733,0
0,0.7252781017360453,1
0,0.1346028272856763,0
0,0.38826939303500013,1
0,0.17713703494455513,0
0,0.10647048097005771,0
0,0.13229516866868932,0
0,0.8665607084537732,1
0,0.15931082541873345,0
0,0.3222403667472518,0
0,0.31700922698895684,0
0,0.1315013846443529,0
0,0.15367178494415018,0
0,0.8943482263541497,1
0,0.17903893004553148,0
0,0.10726559918638257,0
0,0.21137102710232947,0
0,0.3597913244554123,1
0,0.28322485188528074,0
0,0.3857278129493994,1
0,0.20392419388706232,0
1,0.7898931635433601,1
0,0.12399403533513684,0
0,0.07480050874099169,0
0,0.10089547652263231,0
0,0.17851849598966055,0
0,0.11510869702245688,0
1,0.914489041332476,1
0,0.13860684336057688,0
0,0.6007817489480879,1
0,0.5974471895247867,1
0,0.4035864882537882,1
0,0.12884154763178002,0
0,0.17927838479521932,0
1,0.33149966625151517,0
0,0.1679381212480996,0
0,0.6347774410609994,1
0,0.09227626861232936,0
0,0.07137364067782621,0
0,0.12226368095019784,0
0,0.13181114025161617,0
0,0.3630701108703513,1
0,0.09052227875827489,0
0,0.5820319394359037,1
1,0.06974032921718569,0
0,0.1203197436547935,0
0,0.3561667171338787,1
0,0.5496370105810181,1
0,0.2940971558786958,0
0,0.3780433216809195,1
0,0.35323038135069945,1
0,0.17501756808221305,0
0,0.054968565881157144,0
0,0.3571171466917747,1
0,0.07158223079282858,0
0,0.32416754703608686,0
0,0.10831608381138444,0
0,0.0563937224872468,0
0,0.12523288204885077,0
0,0.8125994042797239,1
0,0.09329202716443391,0
0,0.11903359397594615,0
1,0.8348179350271723,1
0,0.21381495828294594,0
0,0.12797371719420916,0
0,0.791981960531443,1
0,0.11368656431638392,0
0,0.16657520889858404,0
0,0.5772309543958781,1
0,0.5409155449189975,1
0,0.09545988187607123,0
0,0.13163589007958365,0
0,0.05204914032512334,0
0,0.08193340982679272,0
0,0.10622332434214082,0
0,0.07644075968893356,0
0,0.22830179805675943,0
0,0.7672506949299726,1
0,0.055758536738065204,0
1,0.9497523112393793,1
0,0.11339245599915965,0
1,0.5344244351114034,1
0,0.8038292794494507,1
0,0.121966518528421,0
1,0.44436025233179177,1
0,0.18281152789907773,0
0,0.5358764978673377,1
0,0.50372583342983,1
0,0.5551558066267371,1
0,0.28867588263506233,0
0,0.12469740070895871,0
0,0.1983168613914144,0
0,0.11547860971296549,0
0,0.10635603622267682,0
0,0.07989368560202605,0
0,0.2618666574394609,0
0,0.47504804352147595,1
0,0.2716291715244657,0
0,0.09909752884889098,0
0,0.10678156466150615,0
0,0.18150296595407925,0
0,0.4455739153371252,1
0,0.06367378433722311,0
0,0.4287801697738182,1
0,0.3972785393230747,1
0,0.3957842342543317,1
0,0.8783511547336614,1
0,0.6606224927631992,1
0,0.4922696221535953,1
0,0.1419671140880123,0
0,0.14579549144602363,0
0,0.5494759797254455,1
0,0.2586933668740883,0
0,0.09841690977193254,0
0,0.12537306781257784,0
0,0.2709091140358741,0
0,0.1623050995619004,0
0,0.7780503037084782,1
0,0.7905416567791534,1
0,0.13703224953621873,0
0,0.13364286841432022,0
0,0.1590723456140321,0
0,0.2728529055032654,0
0,0.13793109879921525,0
0,0.30802378029896965,0
0,0.19873926532246317,0
0,0.09623183601722704,0
0,0.12324819281864997,0
0,0.17650211737541013,0
0,0.5707203200577362,1
0,0.058722107464084905,0
0,0.2971511957878468,0
0,0.19587226086889997,0
0,0.5469431532006902,1
0,0.07261307778235353,0
0,0.3284767342658067,0
0,0.08956500395002637,0
1,0.7442364328831562,1
0,0.12163878563154734,0
0,0.09919296663572318,0
0,0.09359144603581473,0
0,0.08356897331200916,0
0,0.5941485040013567,1
0,0.30868153293806155,0
0,0.17830104425514415,0
0,0.45007317651698847,1
0,0.09037353021795895,0
0,0.06680605925361474,0
0,0.6225230662840903,1
0,0.1947816553984427,0
0,0.09465716118595893,0
0,0.13501028742073332,0
0,0.11643334614782631,0
0,0.07169362792755261,0
0,0.20942991278749248,0
0,0.11782592744291748,0
0,0.7184490573134306,1
0,0.13603547707531935,0
0,0.7804929429273245,1
0,0.1703438219330877,0
1,0.6681873774166068,1
0,0.1476590104479311,0
0,0.12171490301639096,0
0,0.13395595076596203,0
0,0.10662963605954967,0
0,0.35326612056080026,1
0,0.15490930874479905,0
0,0.08871741194984904,0
0,0.33375273844039044,0
0,0.2649806047218461,0
0,0.7521840370328441,1
0,0.09371034829586741,0
0,0.13662269443364197,0
0,0.07662897289714987,0
0,0.1223003903079737,0
0,0.19286801281516947,0
0,0.10415474766182334,0
0,0.1576566203565398,0
0,0.1632454985199941,0
0,0.9159573661139334,1
0,0.36400288517457785,1
0,0.18495245096885068,0
1,0.9001720444901588,1
0,0.3886724594216745,1
0,0.6321889586735235,1
0,0.07539613614254823,0
0,0.9046524266280879,1
0,0.5624068473023373,1
0,0.2755801343640771,0
0,0.2732648825735009,0
0,0.15642090064270014,0
0,0.10528162010259029,0
0,0.37782501905427673,1
0,0.08012431257053422,0
0,0.12339933035956724,0
0,0.21806688458249393,0
0,0.14665507888220092,0
0,0.5620944729771916,1
1,0.6662880112877838,1
0,0.27259240152983005,0
0,0.2666894936798068,0
0,0.5418632469930568,1
0,0.31489528980959736,0
0,0.12168034686476424,0
1,0.7526263937599137,1
0,0.7859385164588513,1
0,0.374329152321505,1
0,0.12512369170690646,0
0,0.36482129359847815,1
1,0.9295734571690146,1
0,0.5995821735875746,1
0,0.4043895018207912,1
1,0.5448898983680669,1
0,0.21864828785825366,0
0,0.3157290678600695,0
0,0.07255858182847841,0
0,0.9650926581619238,1
0,0.2638874299432766,0
0,0.14662269167579026,0
1,0.7260131070533011,1
0,0.39251933142246576,1
1,0.5458219787339431,1
0,0.16971434761417736,0
0,0.13760904674107935,0
0,0.14562103789498185,0
0,0.07564241330981325,0
0,0.10898087211111078,0
1,0.8855521649872192,1
0,0.8409657132985273,1
0,0.21821061227228924,0
0,0.37323518449496923,1
0,0.13165593275437057,0
1,0.8511143005673829,1
0,0.1012199468339988,0
0,0.14355243929409808,0
0,0.26016583878619337,0
0,0.15009498807724056,0
0,0.33742884478339163,0
0,0.25954579262924343,0
0,0.4032916021311492,1
0,0.7510998072169452,1
0,0.261977307793664,0
0,0.9088069431591718,1
0,0.10934936723174635,0
0,0.4738677590774318,1
0,0.08420358036377577,0
0,0.09011940373266093,0
0,0.501416889124543,1
0,0.14926694695970927,0
0,0.06898044856516339,0
0,0.21260392549802423,0
0,0.061453265094275206,0
0,0.29367606710643596,0
0,0.3125188778212689,0
0,0.3234893852863242,0
0,0.04974666147337864,0
0,0.25238240838607795,0
0,0.5566414527771391,1
0,0.5913584976158468,1
1,0.9389903722302839,1
0,0.15408659769843452,0
1,0.9297503181310426,1
0,0.34366880416952383,0
0,0.32351824295317894,0
1,0.9412901407326877,1
0,0.45976913136261516,1
1,0.6302019790503608,1
0,0.35698821361003813,1
0,0.13712256934080114,0
0,0.17029717352061982,0
0,0.45399230492108056,1
0,0.46221097958460416,1
0,0.4302367705422988,1
0,0.11763273983410197,0
0,0.07584495084058403,0
0,0.22513115479704557,0
0,0.11282251695586282,0
0,0.6321873482088652,1
0,0.5054222708067674,1
0,0.08282920534735196,0
0,0.5095180272433683,1
0,0.47293188135675374,1
0,0.16310124225501563,0
0,0.1498145573162092,0
0,0.172862939061168,0
0,0.08658560732794708,0
0,0.10114964525255697,0
0,0.41006273591557607,1
0,0.18153411218294796,0
0,0.5305112588062194,1
0,0.10207732582054763,0
0,0.28062026800311113,0
0,0.13504499357576072,0
0,0.3078811641798047,0
0,0.15514956762611976,0
0,0.11428789523193747,0
0,0.16203691157826047,0
0,0.5140795541214904,1
0,0.24072278476425604,0
0,0.43715521801057833,1
0,0.78893659394922,1
0,0.9313913171857833,1
0,0.10813150196232087,0
0,0.24137939511894657,0
0,0.5296144865040509,1
0,0.542695913020996,1
0,0.25728760465459766,0
0,0.12111660963552867,0
0,0.5363997356792976,1
0,0.5687405800277332,1
0,0.06342599804724858,0
0,0.3163308872988171,0
0,0.8279229684296812,1
0,0.30354789996073456,0
0,0.8129784325068792,1
0,0.3572465166831095,1
0,0.2291555884924592,0
0,0.0968362609787598,0
0,0.4747465606476688,1
0,0.6426553620637664,1
0,0.6421261495875247,1
0,0.18307720235566236,0
0,0.17035662039919403,0
0,0.5244805558477332,1
0,0.13538877087344459,0
0,0.5054347970891425,1
0,0.7876755046448634,1
0,0.7005345184899199,1
1,0.720177570066589,1
0,0.1439730803755361,0
0,0.918381136607583,1
1,0.6487290043124755,1
0,0.31147790717044543,0
0,0.19225047773761295,0
1,0.9647191634134835,1
0,0.2966145467287778,0
0,0.1561369791329288,0
0,0.24306737877346804,0
0,0.2162042255273905,0
0,0.1573000524918673,0
0,0.3570330371882841,1
0,0.20373965593234758,0
0,0.7984483018070083,1
0,0.5592863008725996,1
0,0.6749533788277677,1
0,0.2017600697638817,0
0,0.45715518282462114,1
0,0.12513882214762573,0
0,0.16731713895086564,0
0,0.12574108984659266,0
0,0.14825357244137777,0
0,0.37407339675415757,1
0,0.4817662850187896,1
1,0.6018495929900146,1
0,0.1770535360138508,0
0,0.5002656086077122,1
0,0.6590988826565517,1
0,0.1415222381385693,0
0,0.14506445239108934,0
0,0.3394798208296174,0
0,0.13695582036527712,0
0,0.14335933261140954,0
0,0.17576261962942874,0
1,0.8372752471745919,1
0,0.19157626229576855,0
0,0.25284783773804664,0
0,0.46123433849504836,1
0,0.0961419287077915,0
0,0.3137802397700001,0
0,0.4313300925999436,1
0,0.447422500228346,1
0,0.5350610189512839,1
0,0.37329778184401213,1
0,0.11294232011310354,0
0,0.37204592986905377,1
0,0.0710756431156188,0
0,0.4185129977965172,1
0,0.1693474673199059,0
0,0.13689830810412718,0
0,0.23468879859621017,0
0,0.13265398200791012,0
0,0.17526320888387206,0
0,0.09246070157236769,0
0,0.11386760712766007,0
0,0.23566197669027414,0
0,0.76788345000905,1
0,0.1776538898741102,0
0,0.9049526375122123,1
0,0.14724883612460157,0
0,0.10515794935443448,0
0,0.14847690440177816,0
0,0.08662324739643962,0
0,0.13008134197325985,0
0,0.111946327444815,0
0,0.10081889452449448,0
0,0.2943375636941163,0
1,0.7878900732265632,1
0,0.15338699916459073,0
1,0.8178480064037392,1
0,0.31955549740572525,0
0,0.42180895644779176,1
0,0.15925497902729038,0
1,0.6161179114734288,1
0,0.1953825805609153,0
0,0.16942105380095096,0
0,0.15112004516196806,0
1,0.45792438989687034,1
0,0.08365593423294539,0
0,0.21358186651771688,0
0,0.08196263603487211,0
0,0.1077826323448521,0
0,0.12734283488065878,0
0,0.10305070552525557,0
0,0.05017974749875081,0
0,0.27059375847297995,0
0,0.11230962887985269,0
0,0.08811949153578066,0
0,0.08058497113316633,0
0,0.1504398270525362,0
0,0.17764078192395943,0
0,0.10951280453251352,0
0,0.104335900540428,0
0,0.6033196405656097,1
0,0.09007591320360758,0
0,0.18229078137933252,0
0,0.8992504727562687,1
0,0.2893815318679326,0
0,0.0977242489904119,0
0,0.09234348565100335,0
1,0.6832720064075528,1
0,0.5674531821900788,1
0,0.14643230320284584,0
1,0.38913459866020633,1
0,0.11337021187955837,0
0,0.29549552682942687,0
0,0.32729081768860774,0
0,0.09937481576860471,0
0,0.18857513275453563,0
0,0.08760893235389879,0
0,0.10336661198457119,0
0,0.07983814954977544,0
0,0.4555475939884701,1
0,0.12579278971417526,0
0,0.19432161500144257,0
0,0.1841453848965971,0
0,0.198131593453677,0
0,0.40514372759111017,1
0,0.1009255005689434,0
0,0.4891001690203778,1
0,0.0545302804102926,0
0,0.17226955113856862,0
0,0.1902378665470385,0
0,0.5357695491795399,1
0,0.09172727084349361,0
0,0.22702715127697132,0
0,0.12143495059619061,0
0,0.3515191980870685,1
0,0.5527243847227739,1
0,0.19530500091921707,0
0,0.7399726319733292,1
0,0.8676823433331878,1
0,0.13018979792545524,0
1,0.7361923622919139,1
0,0.09579098430447607,0
0,0.26187776704656396,0
0,0.29145418538266366,0
1,0.4006930054240572,1
0,0.41374224981333685,1
1,0.7725213149864736,1
1,0.9272677656009707,1
0,0.15923737955522363,0
1,0.2527511679011068,0
0,0.10463801554440984,0
0,0.12380194710778451,0
0,0.3467320568843753,0
0,0.07797923300350444,0
0,0.11911870297722804,0
0,0.10819069156593276,0
0,0.2208734220415965,0
0,0.14261010449045874,0
0,0.5642434843043912,1
0,0.4181128882573266,1
0,0.09660488713465326,0
0,0.5448887283901378,1
0,0.15418670096988787,0
0,0.14043576679773756,0
0,0.1799274056252008,0
0,0.17844977426655714,0
0,0.09690044602070079,0
0,0.48146089277504683,1
0,0.1087730180580328,0
0,0.2198383525546797,0
0,0.2531004483707602,0
0,0.30713547132861807,0
0,0.09079184138812349,0
0,0.10574371058149454,0
0,0.10865830211244443,0
0,0.08820694187629817,0
1,0.6195064009304434,1
0,0.08786246716498654,0
1,0.9579405237323374,1
0,0.12321590194033083,0
0,0.3059117879609716,0
0,0.48077255428096694,1
0,0.49581759030933237,1
0,0.9499427748088727,1
0,0.40935074438102986,1
1,0.9318119824327338,1
0,0.3244447881611446,0
0,0.4977907810435598,1
0,0.11547187204453593,0
0,0.17789557483112023,0
0,0.05689134472384733,0
0,0.20044897890922989,0
0,0.3035479780356402,0
0,0.26749424306974473,0
0,0.7001323361105264,1
0,0.0857573332410034,0
0,0.36891578439583267,1
0,0.18496209142907566,0
1,0.5936174401545253,1
0,0.1352673599744719,0
0,0.11682946227639157,0
0,0.4364019695102805,1
0,0.3313554839968438,0
0,0.10304244208615469,0
0,0.19195045119663098,0
1,0.4470026022187212,1
0,0.33147214826474763,0
0,0.08624958390480345,0
0,0.07149179378363336,0
0,0.1489405496290638,0
0,0.09801725532299693,0
0,0.05707215921901586,0
0,0.4211737694110068,1
0,0.09587341377565706,0
0,0.1275312290595587,0
0,0.2243184561536396,0
0,0.8663931192679003,1
0,0.11600508054115376,0
0,0.5935156898404071,1
0,0.2573053257913463,0
0,0.6547678259601316,1
0,0.15626364706127766,0
0,0.1321224241590063,0
0,0.09778648481532001,0
0,0.2857498910935096,0
0,0.10569093899828814,0
0,0.7784914404273552,1
0,0.21388937854759135,0
0,0.13887141341694545,0
0,0.8197476778627752,1
0,0.830697212939867,1
0,0.10676416899610346,0
0,0.061551390544693614,0
0,0.19857717514693862,0
0,0.5566225712905449,1
0,0.39295847930302624,1
0,0.06792368229436158,0
0,0.16733344012316065,0
0,0.14739443476788308,0
0,0.07965299536145584,0
0,0.08029556723845381,0
0,0.23501214106098753,0
0,0.35584956829400743,1
0,0.12045991706012493,0
0,0.08692503610256627,0
0,0.6516893931044768,1
0,0.10569192980344437,0
1,0.5627674709948688,1
0,0.13633545385215073,0
0,0.40971584859115523,1
0,0.12881719918019252,0
0,0.3764570678915668,1
0,0.5198993310676489,1
0,0.2427023664682542,0
0,0.12359492703591538,0
0,0.6207402187003287,1
0,0.48921351963900594,1
0,0.4397437396821719,1
0,0.6860624052087244,1
0,0.3585113064028051,1
0,0.3212632897722604,0
0,0.30580307070104945,0
0,0.10950801900072003,0
0,0.14147786588053238,0
0,0.1820702899857198,0
0,0.24560953410777392,0
0,0.5781556803911139,1
0,0.48642066104122345,1
0,0.10319538854244518,0
0,0.13087926142013134,0
0,0.19293417269988963,0
0,0.08822703293859402,0
0,0.16179192374975163,0
0,0.07962497758644468,0
0,0.8380046641706422,1
0,0.5225867318962615,1
0,0.10350591516220926,0
0,0.11920102563550425,0
0,0.6730607539608093,1
0,0.45276517601887273,1
0,0.06599032828338804,0
1,0.6766547970411932,1
0,0.12257896646636413,0
0,0.3021690333123142,0
0,0.08817469069238808,0
0,0.18637587556460175,0
0,0.8889058639676076,1
0,0.2641678719418276,0
0,0.4796986926827195,1
0,0.3781330890715157,1
0,0.3921750563276071,1
0,0.13843652123488862,0
0,0.5390226246845324,1
0,0.8619903206450847,1
1,0.9579655509891002,1
0,0.10021367583160988,0
0,0.5087202929517625,1
0,0.7354289598652695,1
0,0.20415204896348962,0
0,0.08483377217249963,0
0,0.5410164302381812,1
0,0.36108316715122696,1
0,0.20151785965359512,0
0,0.0731992204994322,0
0,0.10251439513164261,0
0,0.5889382064929348,1
0,0.198277793428606,0
0,0.4628322536215361,1
0,0.1515490179688347,0
1,0.8281389981863964,1
0,0.11570553472241815,0
0,0.29718409466398515,0
0,0.1612921258369455,0
0,0.12634681705258263,0
0,0.5159329823607887,1
1,0.3459660743351961,0
0,0.6155996319970801,1
0,0.05753356811844734,0
0,0.3152817365265387,0
0,0.8149631953243948,1
0,0.08286384041584363,0
0,0.3593951241180321,1
0,0.13380134526857293,0
0,0.23070155722659413,0
0,0.6462753369541532,1
0,0.8541633027625329,1
1,0.9198931507747286,1
1,0.9351397100928109,1
0,0.1434707374151665,0
1,0.9142547994824586,1
1,0.6063439420700235,1
0,0.8392653834105542,1
0,0.1324156192855612,0
0,0.05886781187048206,0
0,0.9553691143822001,1
0,0.10420788911830113,0
0,0.35194140439230454,1
0,0.2805179133830623,0
1,0.4244282337358293,1
0,0.06650098657618596,0
0,0.14339123227549952,0
0,0.5913005659711662,1
0,0.1038918068816448,0
0,0.468207509694777,1
0,0.578533753425375,1
0,0.09073526021528597,0
1,0.10631218869951185,0
0,0.533664575692282,1
1,0.8464402160661345,1
0,0.5255565006006001,1
0,0.1158262628558384,0
0,0.2932435349386928,0
0,0.3023104327407026,0
0,0.6993478771755687,1
0,0.1081805928225415,0
0,0.1271547408588364,0
0,0.4033459367167332,1
0,0.5642612040379718,1
0,0.07558022858865757,0
1,0.45687317968091096,1
0,0.47789134900032937,1
0,0.49244628544245606,1
0,0.08876046607909659,0
0,0.596673673264046,1
0,0.1057552287434694,0
0,0.07002911750384239,0
0,0.4311880089968094,1
0,0.376093328580313,1
0,0.2565364453596967,0
0,0.08480780041045814,0
0,0.09526881614988107,0
0,0.09509628494017096,0
0,0.08866988184480314,0
0,0.7753241583211693,1
0,0.1182561751279389,0
0,0.09739400320885734,0
0,0.443483911385262,1
0,0.16348122667411846,0
0,0.1046649606935257,0
0,0.4357477784463189,1
0,0.30382883345496986,0
1,0.2245048350832641,0
0,0.5825781011008275,1
0,0.07754731595919226,0
1,0.34348485622368674,0
0,0.1573176298588849,0
0,0.8118258578005569,1
0,0.05684654172193425,0
0,0.20985782665584127,0
0,0.6958687238966806,1
0,0.12610797450880296,0
0,0.3088884050095705,0
0,0.07318309467259504,0
0,0.22401349258100026,0
0,0.1535752476528688,0
0,0.0860862570264004,0
0,0.1156370550137877,0
0,0.2430956504875916,0
0,0.7196138234470001,1
0,0.11637661540610239,0
0,0.15291877643144158,0
0,0.3108352081825206,0
0,0.6177389008690798,1
0,0.42912566820419734,1
0,0.06407484953734367,0
0,0.20829838813411936,0
0,0.1379051694003628,0
0,0.18784837334930765,0
0,0.4354894095452355,1
0,0.07679046166080035,0
0,0.9032622146645097,1
0,0.3767951289334723,1
0,0.11814110801064992,0
0,0.2139758304286164,0
0,0.08653049763002643,0
0,0.10164599672764286,0
0,0.21256299863208328,0
0,0.48884172993866515,1
0,0.1890718071694258,0
0,0.6039782044383626,1
0,0.16722704335637567,0
0,0.32191714159714396,0
1,0.9018589795771089,1
0,0.09727603460820182,0
0,0.2900606419140463,0
0,0.18132136729647763,0
0,0.14461271749914048,0
0,0.5290377817178994,1
1,0.9653259629081661,1
0,0.6178545314477797,1
1,0.1883678025785279,0
0,0.09640803597133975,0
0,0.09370558233460816,0
1,0.8564215532088173,1
0,0.5808336219570829,1
0,0.05137497908541987,0
1,0.48034394924307916,1
0,0.2983903423977817,0
0,0.16684158991884163,0
0,0.10355436097406401,0
0,0.23262238268289168,0
0,0.1098765163025286,0
0,0.16386602034866316,0
0,0.2923573172457277,0
0,0.3594236306552487,1
0,0.09027501939167279,0
0,0.23072693659834187,0
0,0.0800974342182328,0
0,0.12795411846687393,0
0,0.11694959266819233,0
0,0.29464384515446296,0
0,0.159131488607295,0
0,0.536381190041462,1
0,0.06334421008977786,0
1,0.14248650057543608,0
0,0.4198499095727857,1
0,0.73478286655752,1
0,0.33567950433486826,0
0,0.16821998655620227,0
0,0.09853167855709247,0
0,0.7521361225713376,1
0,0.35094042321246843,1
0,0.5858621226873676,1
0,0.09425397661369916,0
0,0.23561783368989708,0
0,0.30272841431089775,0
0,0.14681743028264232,0
0,0.3810817501454853,1
0,0.7681075987548865,1
0,0.16988467440277197,0
0,0.3565148768484988,1
0,0.8034615796239956,1
0,0.63169418819792,1
0,0.2762796733217331,0
0,0.09957983133448207,0
0,0.5962411504360288,1
0,0.12115825224110788,0
0,0.33485280191329686,0
0,0.33173562533581485,0
0,0.3680427932502254,1
0,0.17987549416370788,0
0,0.12460424836516074,0
0,0.17458553678676653,0
0,0.4602924452824783,1
0,0.3547826647790225,1
0,0.6442278919848191,1
0,0.18566544277490651,0
0,0.11507238076822877,0
0,0.3755155359695893,1
0,0.28310892106022556,0
0,0.17265241612882312,0
0,0.09135905256056583,0
0,0.14116414667686936,0
0,0.22830266645560204,0
0,0.192267559831042,0
0,0.0891033178430604,0
0,0.8032330504255162,1
0,0.14475735873586923,0
0,0.09039429509508523,0
0,0.5170992719844794,1
0,0.15679553841723284,0
0,0.13767629099315853,0
0,0.2220862260117507,0
0,0.19406632324401873,0
0,0.416402929947958,1
0,0.10150358418317162,0
0,0.1474526426376844,0
1,0.8347537123281223,1
0,0.3114136829252118,0
0,0.5934902956598883,1
0,0.11405548024320564,0
0,0.4326074109020493,1
0,0.19248396947012988,0
0,0.05964056686150078,0
0,0.18754181300823405,0
0,0.7728500487326919,1
0,0.12627952048574198,0
0,0.09004321467716185,0
0,0.2503542514673241,0
0,0.19082421070753144,0
0,0.7421165196607035,1
0,0.059864690012205235,0
0,0.3626691701931363,1
0,0.19712478252810828,0
0,0.3427218003935678,0
0,0.1130081769093884,0
0,0.06484244175841312,0
0,0.20744402180531785,0
0,0.3133967597751119,0
0,0.12433181190467338,0
0,0.12867000255595856,0
0,0.7023442548741259,1
0,0.5916258328056558,1
0,0.3525638945090104,1
0,0.569642362152697,1
0,0.23261035424183413,0
0,0.5274383485258738,1
0,0.12646538783731753,0
0,0.8479551527493814,1
0,0.17309934289887471,0
0,0.19498716389077309,0
0,0.2696847154404946,0
0,0.08385607929834661,0
0,0.5410488883259826,1
0,0.12192178347518161,0
0,0.32181465001147447,0
0,0.29442557147065707,0
0,0.10937103132578666,0
0,0.5069627718315827,1
0,0.6354696586693226,1
0,0.5710577204744905,1
0,0.3788530209669853,1
0,0.377504913660227,1
0,0.3345328160935339,0
1,0.45755801988788725,1
0,0.14760283678350336,0
0,0.36512697131392197,1
0,0.10745726688618212,0
0,0.2875338179793837,0
0,0.5221054352986159,1
0,0.5733827446305935,1
1,0.9152399129174531,1
0,0.2854670367745808,0
0,0.13781133841586998,0
0,0.13487908249484823,0
0,0.49894429185376965,1
0,0.10932847085442286,0
0,0.3327100638416982,0
0,0.3638594496357649,1
0,0.38255699361140344,1
0,0.1389040554169216,0
1,0.7822157267377697,1
1,0.7890123608550593,1
0,0.09316823109745463,0
0,0.38998553635330385,1
1,0.8562488668349167,1
0,0.09416767305933754,0
0,0.09666344054619132,0
0,0.09289248086040139,0
0,0.15015247537982557,0
0,0.5368687228513687,1
0,0.8494030555866352,1
0,0.08950132751082492,0
0,0.18361796270827463,0
0,0.3920320077038288,1
0,0.5676022671151144,1
0,0.33179959137852627,0
0,0.12847550197495805,0
0,0.0610179538387024,0
0,0.5380036206578265,1
0,0.164807344650414,0
0,0.08469708133710604,0
0,0.17514546122751648,0
1,0.5806944595958771,1
0,0.4107529461855384,1
0,0.1730566109478307,0
0,0.3084517825769729,0
0,0.2226329755567582,0
1,0.15131214900432768,0
0,0.16649783398944168,0
0,0.08943754043255558,0
0,0.18277315395374477,0
0,0.10060050342873517,0
0,0.5535406620975888,1
0,0.24571355328146013,0
0,0.8198028372119256,1
0,0.10443380489708746,0
0,0.2673925422685872,0
0,0.152869026665623,0
0,0.5593588794380113,1
0,0.4505131106569356,1
0,0.18585947558191518,0
0,0.21838719142344293,0
0,0.36296844145016344,1
0,0.5985530440633827,1
0,0.266946770390858,0
0,0.07589202732294639,0
0,0.33487445911869906,0
0,0.12643669575776764,0
0,0.09087087128332616,0
0,0.9145080328995399,1
0,0.28611208477860933,0
0,0.447677894379066,1
0,0.7743920337098198,1
0,0.127374187468373,0
0,0.08913699991910677,0
0,0.927278554709201,1
0,0.05475541829092667,0
0,0.12777935629165005,0
0,0.43214332461008514,1
0,0.4958672855465821,1
0,0.3894003193510267,1
1,0.822612494837876,1
0,0.2839749629297315,0
1,0.8117152995468069,1
0,0.48947589214336346,1
0,0.8130955996660777,1
0,0.144927855157004,0
0,0.39042786306255595,1
0,0.5326723839769565,1
0,0.23946346860773157,0
1,0.17139945895682224,0
0,0.31255494151946617,0
0,0.1056505276072789,0
0,0.34576452123980506,0
0,0.10278970193765292,0
0,0.259212892472581,0
1,0.9459111932033081,1
0,0.4125110356018505,1
0,0.4655565939102425,1
0,0.09395421564931461,0
1,0.11848009618607437,0
0,0.2240498898499348,0
0,0.39523473665210923,1
0,0.47753175386199465,1
0,0.17402402846990528,0
1,0.43770382144508363,1
0,0.08397996534540553,0
0,0.29655505917725766,0
0,0.18651979115613437,0
0,0.14237945099569183,0
0,0.0910384049929634,0
0,0.07493779173246655,0
0,0.1556063041043472,0
0,0.09382277593219927,0
0,0.2048823280302241,0
1,0.945975264234768,1
0,0.21690048333818845,0
0,0.1017675948865666,0
0,0.5333830462872985,1
0,0.44890704338622917,1
0,0.1723801170873341,0
0,0.13816090312061555,0
0,0.1545231570653332,0
0,0.2502880084130288,0
0,0.13490335441612755,0
0,0.061704118061030634,0
0,0.6478062082237298,1
0,0.4635953486713033,1
0,0.1829964272129182,0
0,0.15134377353055042,0
0,0.5096732958342497,1
1,0.8757095836010332,1
0,0.2284409869550052,0
0,0.601442967666384,1
0,0.11442892266722728,0
0,0.5232417215171363,1
0,0.07034437119715739,0
0,0.3610659472090052,1
0,0.5060395234044199,1
0,0.14675992197454646,0
0,0.735440358494909,1
0,0.10527091949109894,0
0,0.7224179456792118,1
0,0.14948310750426144,0
0,0.15431699305285407,0
0,0.13117400487330125,0
0,0.12673209022753867,0
0,0.2661767149252068,0
0,0.4308831153653948,1
0,0.1234841940140025,0
0,0.151245713688817,0
1,0.7623553538873034,1
0,0.5507293377845668,1
0,0.17834800627616448,0
0,0.6399796238924189,1
0,0.5642993579450646,1
0,0.40209574550612787,1
0,0.20355920096279,0
0,0.3151792823121784,0
0,0.1571506926599211,0
0,0.1294190580689577,0
0,0.26064451915617937,0
0,0.16837530228161995,0
0,0.5737129264533268,1
0,0.2657123411894197,0
0,0.0931157301562656,0
0,0.20005448402082307,0
0,0.604351301869297,1
0,0.2665696720890017,0
0,0.21845209866589077,0
0,0.36296564255818947,1
0,0.19935255388740272,0
0,0.691576588330003,1
0,0.5258364335665078,1
0,0.42068618169174726,1
0,0.2050363710666801,0
0,0.22734849154007075,0
0,0.22719361082395892,0
0,0.14947913759484832,0
0,0.585922728979283,1
1,0.7851425303942019,1
0,0.09088338312490903,0
0,0.8439825341061588,1
0,0.14199709127252425,0
1,0.7619876939084891,1
0,0.10526670523926046,0
0,0.1442670375625502,0
0,0.10566411132576338,0
0,0.16345805660081283,0
0,0.5236388536038507,1
0,0.5746328502400919,1
0,0.13701859523008464,0
0,0.31762342947386474,0
0,0.15384129901645757,0
0,0.2703814844713836,0
0,0.3884911894394915,1
0,0.8190732643376577,1
0,0.10192326210307784,0
0,0.5991837525716008,1
0,0.07894352327424375,0
0,0.6305439176790728,1
0,0.4051675576913366,1
0,0.14299764585393165,0
0,0.18228172627017472,0
0,0.053646813079793486,0
0,0.4746678216466085,1
0,0.07854079276315605,0
0,0.11163121536313189,0
0,0.25129984980681463,0
0,0.07803894548795869,0
0,0.1911106286302869,0
0,0.14971232420123412,0
0,0.12776630551871013,0
0,0.10927474128662733,0
1,0.9342025588360654,1
0,0.20622304858489257,0
0,0.12990983185166338,0
0,0.10931561085549714,0
0,0.7326979482734949,1
0,0.1369877041788479,0
0,0.3293913680766896,0
1,0.5310351965618826,1
0,0.16507385641619218,0
0,0.09861367630706788,0
0,0.23696914486875872,0
0,0.23018075666909638,0
0,0.1936129563113685,0
0,0.8138873953013981,1
0,0.23680266505511932,0
0,0.24241840825315464,0
0,0.13139013257779117,0
0,0.13357081692044714,0
0,0.23096321897825858,0
0,0.07339906438124957,0
0,0.6671360971848155,1
0,0.185463093635244,0
0,0.8815954661119084,1
0,0.12150723654746928,0
0,0.15131719742654484,0
0,0.23184483166039674,0
0,0.08449427630243421,0
0,0.4020237721229282,1
0,0.6077071822285341,1
0,0.319355433186902,0
0,0.05371072161580061,0
0,0.5165496378585057,1
0,0.18850447124584083,0
0,0.2594518657050701,0
0,0.14428713758883888,0
0,0.162094388266933,0
0,0.3773452566736822,1
0,0.6928566562421522,1
0,0.23162444931260723,0
0,0.1924589637139937,0
0,0.602885610640369,1
0,0.896379693732138,1
0,0.13513912949274803,0
0,0.1505027166743603,0
0,0.17824538245233854,0
0,0.1677227555516915,0
0,0.08340618579427957,0
0,0.16282522304543218,0
0,0.17416728378266552,0
0,0.20858886096014387,0
0,0.551639498878527,1
0,0.6106231711819803,1
0,0.1502663239641166,0
0,0.7074430546182674,1
0,0.4585612017688744,1
0,0.18811174324874994,0
0,0.5563336410164682,1
0,0.14994875809045008,0
0,0.1419737165540121,0
0,0.2636891795621464,0
0,0.4407586570161646,1
0,0.5351690696312595,1
0,0.1462517035289589,0
0,0.20922543186499354,0
0,0.09258646072090236,0
0,0.1156873872435081,0
0,0.22450429885009124,0
0,0.1517356229920991,0
0,0.23638925583433518,0
0,0.06347907138081442,0
0,0.09696360208037187,0
0,0.43735724972301665,1
0,0.6204687953721238,1
0,0.13264576631695732,0
0,0.1524089723220639,0
0,0.22266980374980055,0
0,0.09509667899140105,0
0,0.08240190053347946,0
0,0.052515088214023134,0
0,0.05645716272082576,0
0,0.3229871202788548,0
0,0.9142802259419782,1
0,0.10078642703258206,0
0,0.1491788965233761,0
0,0.19218770135374297,0
0,0.4480966120981951,1
0,0.23300170501978143,0
0,0.5165472866525781,1
0,0.1321074281755217,0
0,0.1543687753147667,0
0,0.13015246988979168,0
0,0.25233075682885453,0
0,0.7438311964619986,1
0,0.0635642298634777,0
0,0.37396465370840615,1
0,0.504500397148574,1
0,0.3592183598630423,1
0,0.13598778191566416,0
0,0.5073444945957278,1
0,0.05637546321539607,0
0,0.1770599268154019,0
0,0.13820059570452015,0
0,0.6242188638461065,1
0,0.8726781683235553,1
0,0.05754262969912071,0
0,0.09047651268121955,0
0,0.14268684570149737,0
0,0.41836928329947315,1
0,0.6320745491236522,1
0,0.2597939362486977,0
0,0.08938812640995408,0
0,0.13950943473647193,0
0,0.07104850189690141,0
0,0.12585139148176283,0
0,0.13511553129836765,0
0,0.35894035678653524,1
0,0.34300428362595153,0
0,0.33841561417035115,0
0,0.057413919726067665,0
0,0.15643297923925764,0
0,0.16942655798916756,0
0,0.19303934545366302,0
0,0.5281941813541551,1
0,0.672534380922622,1
0,0.511880443330557,1
0,0.1560794462381624,0
0,0.2099379722483057,0
0,0.41155671284024214,1
0,0.11842739460608574,0
0,0.07884010652509309,0
0,0.6503220184947411,1
0,0.9130415862887791,1
0,0.12330302708861571,0
0,0.16883268540077942,0
0,0.10067473077023613,0
0,0.09831807777584352,0
1,0.9489774757016541,1
0,0.0876052952250049,0
0,0.11530855627935069,0
0,0.497766090413554,1
0,0.23415772316688815,0
0,0.9395487917909319,1
0,0.10240532384390728,0
1,0.920258749410574,1
0,0.14177380697559272,0
0,0.4525244448382305,1
0,0.26498097914423613,0
0,0.7600786671848588,1
0,0.13476295050606799,0
0,0.30440435204714195,0
0,0.11455084631848976,0
1,0.8223668220960618,1
1,0.8845015645489371,1
0,0.6888147355284564,1
0,0.11309525740143572,0
0,0.32877012610133577,0
0,0.3690161760118457,1
0,0.1535106408657117,0
0,0.39870584739228976,1
0,0.2334268594469827,0
0,0.15137044684835266,0
0,0.478306981236532,1
0,0.1369075312963168,0
0,0.7610663575480893,1
0,0.8724949391650597,1
0,0.37096726620081305,1
1,0.9353018028356064,1
0,0.38416224591705517,1
0,0.44841397557928,1
0,0.5371241020818922,1
0,0.20373090468860952,0
0,0.1272929473085883,0
0,0.116351937542751,0
1,0.2421043205834045,0
1,0.8069765165841302,1
0,0.17058902919243568,0
0,0.10914397033998467,0
0,0.5158728812053937,1
0,0.3786285065000731,1
0,0.9137136823716022,1
0,0.36064513363177253,1
0,0.3932955007436993,1
0,0.23368851151248923,0
0,0.1254883136121035,0
0,0.8574262667914764,1
0,0.08059487585271548,0
0,0.0885736131342881,0
0,0.7782778689515004,1
0,0.289200992813708,0
0,0.6965645474567342,1
0,0.17154822958513552,0
0,0.1032596611805157,0
1,0.8844777912214093,1
1,0.398674530214555,1
0,0.15316098694984587,0
0,0.13873978826611127,0
0,0.18776185842446716,0
0,0.20203832930981602,0
0,0.40635991210962047,1
0,0.5621768146839032,1
0,0.13768256760857428,0
0,0.4891388799871953,1
0,0.09319668910351311,0
0,0.2851000960237223,0
0,0.6305601415511418,1
0,0.164378836669794,0
0,0.7392997453615432,1
0,0.24673919907311728,0
0,0.10364143142140146,0
0,0.166878670666515,0
0,0.1735812245123231,0
0,0.08897121951692814,0
0,0.06598098490628249,0
0,0.11470937625749195,0
1,0.8593829247915691,1
0,0.18491704492533945,0
0,0.22111610868133214,0
0,0.14956162991065142,0
0,0.17679531868327183,0
1,0.9356060063598319,1
0,0.29215383518810945,0
0,0.30920510376325533,0
0,0.12238824386657483,0
0,0.6644815768562081,1
0,0.24767641396765655,0
0,0.7860888582410203,1
1,0.7699102660213796,1
0,0.12324411545132674,0
0,0.08279578704903205,0
0,0.5534202438058561,1
0,0.2117651901294234,0
0,0.16837489123293706,0
0,0.581141054307366,1
0,0.20254469518972054,0
0,0.16335607829368898,0
1,0.8320256318229854,1
0,0.8371917133345144,1
0,0.11622746195763023,0
0,0.10431477061950574,0
0,0.13412757302650796,0
0,0.28772750124205654,0
0,0.792774718868382,1
0,0.11456840866614698,0
0,0.44782552307130324,1
0,0.11600266120043398,0
0,0.11935640636378508,0
0,0.3804983456436702,1
0,0.6831688622775548,1
0,0.087291920801471,0
0,0.1597738983325339,0
0,0.5407252911411125,1
0,0.07772346417688536,0
0,0.3023759840912637,0
0,0.6036419945089653,1
0,0.6991705303317954,1
0,0.11754850190137058,0
0,0.0724478910248195,0
0,0.1869546231643203,0
0,0.23389986997484344,0
0,0.10244588278018182,0
0,0.3244802293648797,0
0,0.31652690946823875,0
0,0.052462405376940725,0
0,0.37902207027394447,1
0,0.2331301464285915,0
0,0.19296601147757506,0
0,0.27998831538639163,0
0,0.1971887184120482,0
1,0.8539634016582454,1
0,0.22894227321405689,0
0,0.0689211377578948,0
0,0.2020597839486104,0
0,0.07636263867609869,0
1,0.8110166839962116,1
0,0.39831071430930637,1
0,0.13600114069019356,0
0,0.10921798208822432,0
1,0.9110491390654871,1
0,0.07789897182643553,0
0,0.16272647554249628,0
0,0.16721298050494318,0
0,0.0770157124817242,0
0,0.09257164954597102,0
0,0.15732194095947133,0
0,0.0824801804172016,0
0,0.08374180244980026,0
0,0.11340797830345818,0
0,0.743328971908791,1
0,0.5166577848306886,1
0,0.5288011939705587,1
0,0.1168807807222722,0
0,0.6327728375276702,1
0,0.09116084623827339,0
0,0.6703970333691648,1
0,0.896257452001779,1
0,0.3527308808033733,1
0,0.09678421086566096,0
0,0.07952210501135058,0
0,0.27476628093474265,0
0,0.17466860233555476,0
0,0.08543759190482167,0
0,0.17117014330989547,0
0,0.3646679674133658,1
0,0.1916387970639038,0
0,0.3282921671797781,0
0,0.14135695437064114,0
0,0.35926896136334674,1
0,0.4126874288259929,1
0,0.07459260157496907,0
0,0.5751530505174988,1
0,0.09225941503149575,0
0,0.13876017272523372,0
0,0.2019690554571884,0
0,0.10226645547725453,0
0,0.12363371208512298,0
0,0.053526913026866026,0
0,0.09899903922144725,0
0,0.11655714988419391,0
0,0.24609807413542464,0
0,0.07452788016539098,0
0,0.1169729978735469,0
0,0.869445603061209,1
0,0.198814269382768,0
0,0.5987099439076661,1
1,0.9052544478551681,1
0,0.10578104346692838,0
0,0.32314227178435717,0
0,0.6354784069167336,1
0,0.4963952195052324,1
0,0.12419549982204624,0
0,0.0764781260594308,0
0,0.22160095160850432,0
0,0.6477837010190166,1
0,0.6546879227419867,1
0,0.11523247376387787,0
0,0.13270814769844075,0
0,0.22351076669264439,0
0,0.30887409539024996,0
0,0.38304977174919674,1
0,0.10458187469098779,0
0,0.12435241559551277,0
1,0.92803192202942,1
0,0.08112305003513626,0
0,0.09385837177702393,0
0,0.11089288425010833,0
0,0.15570707150530483,0
0,0.28707040584682814,0
0,0.15185981093869597,0
0,0.34035866580874624,0
0,0.13451175856617664,0
0,0.7551936227242309,1
0,0.16395965735320095,0
0,0.12925917580820265,0
0,0.16684668516058668,0
0,0.8272862223799295,1
0,0.07469090552576489,0
0,0.058142516900724625,0
0,0.7260738721620876,1
0,0.18339103558009176,0
0,0.20572689663849425,0
0,0.29594494549643385,0
0,0.07731197144897148,0
0,0.15045036224515107,0
0,0.23110502505487976,0
0,0.11654716154184551,0
0,0.1951539213525508,0
0,0.08572760661751638,0
0,0.07684264579804174,0
0,0.12812271826740707,0
0,0.6282486905630396,1
0,0.10544223271664069,0
0,0.12265166813659723,0
0,0.07336053099176114,0
0,0.26124610511805085,0
0,0.36411416304554595,1
0,0.0749394022544296,0
0,0.36448438382640036,1
0,0.15369860333973664,0
0,0.10112164482241812,0
0,0.25369744391240817,0
0,0.8135688837268943,1
0,0.16454221277000894,0
1,0.3967259734988417,1
0,0.05731958433623001,0
0,0.33107097374118555,0
0,0.11456887171685366,0
0,0.41888553927000105,1
0,0.48049873544547095,1
0,0.05367918582141189,0
0,0.5064127190234204,1
0,0.5801912681615914,1
0,0.30668334293400545,0
0,0.11075770196616166,0
0,0.6004890945780423,1
0,0.08742024173354862,0
0,0.14444783398109878,0
1,0.5173241284527028,1
0,0.09808391492566697,0
0,0.7707418781676773,1
0,0.16062445715505666,0
0,0.07680228846088696,0
0,0.07554467396061387,0
0,0.08009567300293643,0
0,0.797002831974688,1
0,0.15102828810999386,0
0,0.1786046357471077,0
0,0.312153331614685,0
0,0.18952992218060077,0
0,0.3714007663328099,1
0,0.2034970618670352,0
0,0.10562853461446742,0
1,0.6495432048562899,1
0,0.35024348346173156,1
0,0.6139224534789606,1
0,0.07093428162146903,0
0,0.19784118768358505,0
0,0.05835746508216078,0
0,0.1778361242240977,0
0,0.4711773115057886,1
0,0.06909467084512326,0
1,0.9349250830817181,1
0,0.12854672714846818,0
0,0.24615102130144687,0
0,0.10670390974780936,0
0,0.5909100762703939,1
0,0.49220117045567674,1
0,0.15373458344499175,0
0,0.2696679175616883,0
0,0.18703932456625222,0
0,0.38013823851748185,1
0,0.11132869439378468,0
0,0.7076634639512152,1
0,0.538706790953444,1
0,0.056545033698928056,0
1,0.845700249847634,1
0,0.582083526713256,1
0,0.44193308657625463,1
0,0.14725180957547168,0
0,0.4046464046047965,1
0,0.5130138788164357,1
0,0.1608699241560621,0
0,0.14791208289667512,0
0,0.5812669868476189,1
0,0.448450414257483,1
0,0.38710129775384816,1
0,0.48305740300782596,1
0,0.4068709462495294,1
0,0.20181391321501357,0
0,0.09237485766221917,0
0,0.10433284754976702,0
0,0.2586442264323255,0
0,0.1978520464882604,0
0,0.3317648695071814,0
0,0.20322883516930373,0
0,0.15272709684818608,0
0,0.5576962859853432,1
0,0.6635712502592209,1
0,0.15312040866965915,0
0,0.048941786272343184,0
1,0.1348458201955747,0
1,0.1354387627876567,0
0,0.16630684922264186,0
0,0.19859979224454352,0
0,0.09410137831804516,0
0,0.15600859807223624,0
0,0.3132870755728168,0
0,0.16334081123633953,0
0,0.14801806203972104,0
0,0.28173734321818567,0
0,0.22082655069333376,0
0,0.06567975761751077,0
0,0.5620134637365775,1
0,0.058793010118435955,0
0,0.2963288958739314,0
0,0.14841493612543585,0
0,0.09756014215005844,0
0,0.16363310726147573,0
1,0.5039358868295242,1
0,0.0832014624427693,0
0,0.35083179484141064,1
0,0.940707038218149,1
0,0.28868459298579274,0
0,0.15147095103824185,0
0,0.17343052314391905,0
0,0.3010531976702527,0
0,0.11826633335591744,0
0,0.5844718943376228,1
0,0.5512935329292556,1
0,0.9227940629051741,1
0,0.11741084954648878,0
0,0.3476796666098276,0
0,0.05741988602511822,0
0,0.38762354976943003,1
1,0.8781211556339222,1
0,0.19499222770278485,0
0,0.13903303933783673,0
0,0.2562982766681075,0
0,0.1402340407026526,0
0,0.2797552734201693,0
0,0.3736567834165885,1
0,0.4191893324343122,1
0,0.0642578882597576,0
0,0.12356506903150782,0
0,0.1421173139076791,0
0,0.4617973186532955,1
0,0.5858579510532083,1
0,0.44719366982218267,1
0,0.08167434902267154,0
0,0.10452121055631684,0
0,0.8545783041927255,1
0,0.3563114010639278,1
0,0.14559698579034783,0
0,0.27744184641846736,0
0,0.1912361366344474,0
0,0.5577538476997571,1
0,0.07699668887483835,0
0,0.4584588614806637,1
0,0.11240003693801424,0
0,0.254664048398607,0
0,0.455668988835666,1
0,0.20228501449656916,0
0,0.5211434610623681,1
1,0.8868271823079836,1
0,0.13903280109206625,0
0,0.13315703542438048,0
0,0.4189928063128691,1
0,0.11606497940122473,0
0,0.5369697142029493,1
0,0.6696355364733442,1
0,0.2809721511622296,0
0,0.8574974388476762,1
0,0.10392393331772226,0
0,0.4626589418930008,1
0,0.10856356006507412,0
1,0.16271421734572383,0
0,0.6006842720614127,1
0,0.3407448333933473,0
0,0.21559096566943542,0
0,0.5852316970614629,1
0,0.7980386184929182,1
0,0.18289856165554985,0
0,0.07819051432839201,0
0,0.20661105832795346,0
0,0.13104032944771252,0
0,0.16930596824917576,0
0,0.19450613894255236,0
0,0.5702166239138465,1
0,0.10471621651219033,0
0,0.1808487114272267,0
0,0.07929940726544712,0
0,0.14714368146627124,0
0,0.4306977803715706,1
0,0.910537284727072,1
0,0.4361675110049099,1
0,0.07122857602091531,0
0,0.37977817740868247,1
0,0.12023714280975843,0
0,0.5378316745234714,1
0,0.10856029016889747,0
0,0.8209910613903685,1
1,0.1077884444338522,0
0,0.5058814726388601,1
0,0.07402214539944581,0
0,0.5226761041343962,1
0,0.10216296439101664,0
0,0.1297715808796297,0
0,0.10079652929331724,0
0,0.2913658365535102,0
0,0.6981730963676147,1
0,0.33479404956530007,0
0,0.05177348366490969,0
0,0.5635557153484819,1
0,0.4008264042254632,1
0,0.9044541586438536,1
0,0.12991059782638747,0
0,0.3595579471098866,1
0,0.10708817568910799,0
0,0.5696033443843224,1
0,0.11651581290459939,0
0,0.4725685234083743,1
0,0.1109668959654401,0
0,0.10194041019057597,0
0,0.10818338017138236,0
0,0.1427517612802022,0
0,0.6286765389772523,1
0,0.18369581796015125,0
0,0.1523855459023211,0
0,0.3911288668772064,1
0,0.3621685701401475,1
0,0.3476294461158606,0
0,0.09413975458561297,0
0,0.7391296515644751,1
0,0.2993295704206326,0
1,0.18367519191117915,0
0,0.5143508284956549,1
1,0.48903787584390346,1
0,0.14110833723334143,0
0,0.2690151511801223,0
0,0.0841237830357665,0
0,0.09790499713106984,0
0,0.08919761532589644,0
0,0.27303348861409016,0
0,0.6665151547645447,1
0,0.27267712001696887,0
0,0.05976962140342431,0
0,0.3870467052215078,1
0,0.23778195546242442,0
0,0.4369836975738414,1
0,0.30413201859946665,0
0,0.4028107562978254,1
0,0.23053349759113043,0
1,0.5540080037454649,1
0,0.07682039529816762,0
0,0.7145110129761217,1
0,0.06889055151954993,0
0,0.4100627501679737,1
0,0.20008325704325694,0
0,0.11032499485559451,0
0,0.08067399493198815,0
0,0.29308429071333025,0
0,0.7789822310003379,1
0,0.6348305536410113,1
0,0.09367573307519837,0
0,0.14239530529044836,0
0,0.5901032610487642,1
0,0.17533355644363002,0
0,0.33343266139761113,0
0,0.13482126072348516,0
0,0.9500951302726238,1
0,0.2010111534365341,0
0,0.058814661660577784,0
0,0.7413703546135019,1
0,0.20234830160460981,0
0,0.2806746500484716,0
1,0.939176439055478,1
0,0.5502107269090564,1
0,0.6752977205073905,1
0,0.34461115721545055,0
0,0.05974056231878813,0
0,0.4436146428415844,1
0,0.2843558200251168,0
0,0.8262287661391796,1
0,0.624169074465934,1
0,0.15179686764547018,0
0,0.10479148900368693,0
0,0.22471709466224368,0
0,0.43028672552923924,1
0,0.6090409906454627,1
1,0.8497993789143657,1
0,0.37305148298475743,1
0,0.08065208882914826,0
0,0.33343572292327617,0
0,0.3238634944019173,0
0,0.17658325751866175,0
1,0.8430994185626725,1
0,0.2571380645119061,0
0,0.3274745437622771,0
0,0.1306245280701532,0
0,0.20326392501541213,0
0,0.7217829700741629,1
0,0.6055801019836469,1
0,0.09326382981761056,0
0,0.11112815651031319,0
0,0.7644708625034174,1
0,0.41244942077648566,1
0,0.07031366417041116,0
0,0.11979215364286802,0
1,0.893993166119029,1
0,0.50992001560779,1
0,0.08389747230313976,0
0,0.1722488588283818,0
0,0.07023841243627726,0
1,0.8392373144336532,1
0,0.10758371674473546,0
0,0.8606753339991121,1
0,0.5943541632447117,1
0,0.3022612118603478,0
0,0.18057574969297016,0
0,0.36790549023370267,1
0,0.09919084792482304,0
1,0.9238153368736121,1
0,0.4333758029059872,1
0,0.47452551337726856,1
0,0.19867721731351257,0
0,0.19762239976124538,0
0,0.0957624678755941,0
0,0.8315160284170904,1
0,0.12121288790123944,0
0,0.18605443872567265,0
1,0.5128551356467164,1
0,0.1192697992378332,0
0,0.3102098403825021,0
0,0.5848462695798432,1
0,0.1339917082385069,0
0,0.12446008677052237,0
0,0.39783333768031154,1
0,0.2456389387358989,0
0,0.15014090173456673,0
0,0.6653491384613694,1
0,0.13385050800231202,0
0,0.18566958682122223,0
0,0.7674752911403052,1
0,0.23799383499235172,0
0,0.15000183334224995,0
0,0.49033807153216474,1
0,0.4571862490662031,1
0,0.07729128008223958,0
0,0.19364087163162977,0
0,0.37115364745776686,1
0,0.09224645832487799,0
0,0.19396098653998461,0
0,0.40391260245489086,1
0,0.11965409071554198,0
0,0.09528721420153297,0
0,0.8027125522466514,1
0,0.5519035788293061,1
0,0.291411982138555,0
0,0.6085413232635133,1
0,0.32510036793413494,0
0,0.2376200125093781,0
0,0.2740069913566113,0
0,0.3320547774497421,0
0,0.8942163297790063,1
0,0.1608230476632929,0
0,0.3212091225538647,0
0,0.12329007152888369,0
0,0.3595043985722125,1
0,0.10233783444135018,0
0,0.8187235944670237,1
0,0.11524407020898975,0
0,0.08836520113675372,0
0,0.07273713043659817,0
0,0.14314174525774034,0
1,0.8332824358641044,1
0,0.13563167469925644,0
0,0.11165893412723184,0
0,0.1263846304135737,0
0,0.24097579983560777,0
0,0.18288861130382078,0
0,0.2696881504333823,0
0,0.11799938548676543,0
0,0.14505539461019668,0
0,0.12306205804022834,0
0,0.13796820345579247,0
0,0.9235472968888231,1
0,0.09151238465107926,0
0,0.11517817391297548,0
0,0.552085031844554,1
0,0.4981241558682089,1
0,0.13412788107430848,0
0,0.1976764032803327,0
0,0.12233978805730092,0
0,0.19143897773190902,0
0,0.5961772522137656,1
0,0.09359481625128843,0
0,0.42193934952745416,1
1,0.9505727736889082,1
0,0.47716256415817215,1
0,0.2181425646071105,0
0,0.23786692737126175,0
0,0.09990405454989684,0
0,0.31620270072815104,0
0,0.621078743154106,1
0,0.5012255007048574,1
0,0.05034505317952032,0
0,0.4966016961792282,1
0,0.2584790605856984,0
0,0.4350978766651255,1
0,0.06046380979655539,0
0,0.38722151927968357,1
1,0.8316984746526596,1
0,0.13391649339127695,0
0,0.06556572668102548,0
0,0.8937386445685583,1
0,0.3604317128385741,1
0,0.08553743844158203,0
0,0.08670120469792908,0
0,0.13122941595984916,0
0,0.8586418892693617,1
0,0.10849261522697994,0
0,0.12006032992744935,0
0,0.11203195913644287,0
0,0.2425500205612675,0
0,0.0918519317056216,0
1,0.7833780461173673,1
0,0.6969286536018352,1
0,0.12058722895378914,0
0,0.07155217314199722,0
0,0.4812566421403188,1
0,0.20466743033169044,0
0,0.31866733625927823,0
0,0.3305729279878628,0
0,0.21332886693809205,0
0,0.22557401120270068,0
0,0.05134610038162894,0
0,0.8979699276491471,1
0,0.6830621393538643,1
0,0.07833408842026507,0
0,0.3117505022362488,0
0,0.1554986999851473,0
0,0.20737218545110575,0
0,0.4663304897697895,1
0,0.502462124194894,1
0,0.28345632614247473,0
0,0.11608362833951313,0
0,0.11368013565448926,0
0,0.45951803493787935,1
0,0.1670427984456268,0
0,0.20857068330133097,0
0,0.1596542384734642,0
0,0.09597475224643041,0
0,0.1283811546132394,0
0,0.05788664853149599,0
0,0.5030608939749112,1
0,0.6055052233269995,1
0,0.21651552521999623,0
0,0.30066367490206014,0
0,0.14440196127282198,0
0,0.7537929131243585,1
0,0.0888807368141172,0
0,0.3948780341508199,1
0,0.24054316604822168,0
0,0.6757360993545715,1
0,0.09258113760309211,0
0,0.21348917682041393,0
0,0.666873905651213,1
0,0.17565029518858655,0
0,0.5392234875191145,1
0,0.3686002661608975,1
0,0.24117571605424204,0
0,0.12692848106443116,0
0,0.4315102844216125,1
0,0.13852922942550408,0
0,0.42232795850732896,1
0,0.19356047468453166,0
0,0.9107900112143511,1
0,0.10492534632512385,0
0,0.5074799104589596,1
1,0.7051235393568686,1
0,0.09567638154710123,0
0,0.49954776010566176,1
0,0.7840794671480734,1
0,0.05552668273676243,0
0,0.5630472704785086,1
0,0.10380805438511218,0
0,0.2701962830087606,0
0,0.5473894173264232,1
0,0.10378383396898536,0
0,0.35093129794819994,1
0,0.29151639436584165,0
0,0.12785598116784144,0
0,0.35582860229101326,1
0,0.23373183113349696,0
0,0.37541934663344506,1
0,0.7576971391638501,1
0,0.12090430878413057,0
0,0.4900628549414134,1
1,0.7587346171435593,1
0,0.4247418967148023,1
0,0.49446832043162836,1
0,0.2644136700255748,0
0,0.11415011466722397,0
0,0.41898934918193026,1
0,0.5128274769685395,1
0,0.06378076846723135,0
1,0.8957506836079502,1
0,0.1561652322432578,0
0,0.0787917916592232,0
0,0.10341196707492319,0
1,0.2932004409985073,0
0,0.09745653214946651,0
0,0.2690892743569787,0
0,0.3941426450298345,1
0,0.23898478127933123,0
0,0.3571542906715081,1
0,0.24176948169720647,0
0,0.16180994974095916,0
0,0.19475612385335747,0
0,0.10130734461434257,0
0,0.0786250777269669,0
0,0.20126115188118088,0
0,0.06541485484439334,0
0,0.13897857563618413,0
0,0.5639124376201371,1
0,0.16951538699952465,0
0,0.133687075835625,0
0,0.4422924460890257,1
0,0.10402288157925856,0
0,0.13428358992338094,0
0,0.08757570667771959,0
0,0.21539862431746107,0
0,0.34613867368910267,0
0,0.12707955880082486,0
1,0.4784102277843221,1
0,0.6528691240378063,1
0,0.18363462280639775,0
0,0.8536029973830438,1
0,0.14200338304947221,0
0,0.3667027885798953,1
0,0.9063097899491878,1
0,0.17726118986604014,0
0,0.29987056527574385,0
0,0.415205087574053,1
0,0.5829164620620165,1
0,0.8990352469041132,1
0,0.22020961288483468,0
1,0.40112488740262625,1
0,0.5751461479358986,1
0,0.0607758950377657,0
0,0.11109864405153623,0
0,0.5946341321594305,1
0,0.49878293171571725,1
0,0.3657907623708861,1
0,0.08900188248731969,0
0,0.46318070825705615,1
0,0.09521356265868532,0
0,0.2417181605263426,0
0,0.13198225446016246,0
0,0.5991055543295349,1
0,0.354514176206725,1
0,0.5684091409131677,1
0,0.28531258276165194,0
0,0.12464373298330057,0
0,0.2013178799527862,0
0,0.33529564722411015,0
0,0.4411268727639585,1
1,0.864654013442478,1
0,0.31240454387824435,0
0,0.1108603811435715,0
0,0.14384774873531883,0
0,0.05699757855099424,0
0,0.32757815558606657,0
0,0.11066686160309926,0
0,0.5428625648985743,1
0,0.25197923093557106,0
0,0.7622191318423404,1
0,0.20853672966394432,0
0,0.5036850985237982,1
0,0.07509893907176511,0
0,0.6527829951372446,1
0,0.2190793775353391,0
0,0.12178812873715937,0
0,0.4996968776585762,1
0,0.0719956347115868,0
0,0.09862574870321478,0
0,0.14351727533357786,0
0,0.10801494893008458,0
0,0.7621510126371257,1
0,0.9108210845493775,1
0,0.1516174573563941,0
0,0.33148091041098143,0
0,0.46977910600228445,1
0,0.16054147735434382,0
0,0.1262072906898448,0
0,0.3210924941539955,0
0,0.10004715579800207,0
0,0.057424746367962375,0
1,0.1330800670077088,0
0,0.6072952195058186,1
0,0.9467777796297999,1
0,0.11716932117839579,0
0,0.13136751191034154,0
0,0.37601559857838496,1
0,0.269889785996739,0
0,0.44956701388342507,1
0,0.46801386135533857,1
0,0.12232294707172324,0
0,0.24100526708618603,0
0,0.13201219897823438,0
0,0.15081708562457727,0
0,0.6833050619331025,1
0,0.40150450485733796,1
0,0.19456273678053262,0
0,0.1260679449582156,0
0,0.11279485752698358,0
1,0.21566175227673712,0
0,0.18312805062565127,0
0,0.08012313701447793,0
0,0.29111523992420935,0
1,0.915072310266817,1
0,0.30107571050427556,0
0,0.167459234297985,0
0,0.5836783867713661,1
0,0.19985270471314576,0
0,0.18500016012686385,0
1,0.8398663842457638,1
0,0.06136400877769188,0
0,0.08829316173492678,0
0,0.2853470181478957,0
0,0.8946499701726635,1
0,0.3018409107249335,0
0,0.4075406254068725,1
0,0.17748749641232084,0
0,0.9084664424527299,1
0,0.07929240047139041,0
0,0.549789177407282,1
0,0.09485343695622978,0
0,0.0865050253557304,0
0,0.12569830874932628,0
0,0.09855834052544071,0
0,0.4061783881113657,1
0,0.11449948923267649,0
0,0.5109612819619475,1
0,0.4864356734341818,1
0,0.19249161201534423,0
0,0.16398476203329096,0
0,0.7261101877583646,1
0,0.1602712171345294,0
0,0.13893087779763852,0
0,0.09628826450037636,0
0,0.21198441701441442,0
0,0.1358921120635957,0
0,0.1198146147698021,0
0,0.4539108168759188,1
0,0.6073409395732482,1
0,0.15561699896901582,0
0,0.10804285909612901,0
0,0.750631818201059,1
0,0.8506755292983236,1
0,0.4565308277498893,1
0,0.15024114500054264,0
0,0.10292324157960207,0
0,0.7440068378998768,1
0,0.4699556263888479,1
0,0.18692139613601358,0
1,0.8475078379460034,1
0,0.25302282600257614,0
0,0.4393366089301621,1
0,0.793980343286847,1
0,0.3147757829264614,0
0,0.4820103091842252,1
0,0.25076437371529114,0
0,0.0782019084922679,0
0,0.16425095477659277,0
0,0.16442818382480084,0
0,0.09937988508541643,0
1,0.45458687987155655,1
0,0.14561676965532114,0
0,0.38260988749432856,1
0,0.346371682540836,0
1,0.8896117724660662,1
0,0.0931966160062929,0
0,0.1543647435568686,0
0,0.2389782007443129,0
0,0.09422513128074993,0
0,0.2034134302764863,0
0,0.8801287650853037,1
0,0.10977761344780428,0
0,0.31801097866222694,0
0,0.12202051876523752,0
0,0.06460150087527565,0
0,0.6299766956929069,1
0,0.13058522850944923,0
0,0.06338613082261572,0
1,0.9368800598134602,1
0,0.14998878696273013,0
0,0.15133691980909236,0
0,0.1869925626301682,0
0,0.37268014087601425,1
0,0.07713624824272351,0
0,0.11831911746955705,0
0,0.36147297855831156,1
0,0.17208943235096846,0
0,0.38015380721505176,1
1,0.8227038026576516,1
0,0.4543992635398042,1
0,0.35900608805943324,1
0,0.4197460826973571,1
0,0.11094572919665796,0
0,0.6694793844923396,1
0,0.11911672290570507,0
0,0.4057209681731874,1
0,0.2153537214923727,0
0,0.13910551174007815,0
0,0.6788370420322409,1
0,0.30304674317032515,0
0,0.35645133627849573,1
0,0.8014416588666734,1
0,0.059411338935621956,0
0,0.31634162782452,0
1,0.4840717025321299,1
0,0.09443367955086647,0
0,0.5748882882250119,1
0,0.1739907456544564,0
0,0.10994257041280808,0
0,0.16743479392020252,0
0,0.14588750210610296,0
0,0.7406305726118351,1
0,0.0950319468631915,0
0,0.642715372316204,1
0,0.06579977031259163,0
0,0.09896757760783066,0
0,0.7725213149864736,1
0,0.055483284593342966,0
0,0.09533293236675133,0
0,0.36266798910053194,1
1,0.9554357231412164,1
0,0.11953935413410707,0
0,0.2515954931791441,0
0,0.18147180984758557,0
0,0.12701728786819405,0
0,0.11018177444491425,0
0,0.08455853703083215,0
0,0.23240642075451035,0
0,0.5409451454488212,1
0,0.08734801886352889,0
0,0.15323153144972165,0
0,0.15134370754577364,0
0,0.22779840157499406,0
0,0.47769475774691644,1
0,0.23421883520051062,0
0,0.07352244144761852,0
0,0.09610733139657937,0
0,0.3439372995878656,0
0,0.12580649163890387,0
0,0.1068351243819731,0
0,0.09725696469202981,0
0,0.33886494880364687,0
1,0.43834833410115626,1
0,0.15007617440613438,0
0,0.21773444303670364,0
0,0.384073112544542,1
0,0.1402353458900456,0
0,0.07731875678239776,0
0,0.14705823091199333,0
1,0.8258578050459239,1
0,0.19855096768614516,0
0,0.09888688688659572,0
0,0.1382625269560723,0
0,0.17181330318634364,0
0,0.3532607786898731,1
0,0.8366167488183511,1
0,0.09009437908444028,0
0,0.40663334689664793,1
1,0.4890727716833459,1
0,0.14026830485659747,0
0,0.18465216485723573,0
0,0.07134030393173912,0
0,0.09689423357643236,0
0,0.2527205010537136,0
1,0.6451374600478446,1
0,0.10135731707861162,0
0,0.4075575504289984,1
0,0.4486836308958699,1
0,0.3445226652076604,0
0,0.08262759075643465,0
0,0.29057805873488857,0
0,0.5050302721222857,1
0,0.09253481253897802,0
0,0.6013317386356654,1
0,0.3510819250882079,1
0,0.8641106887901701,1
0,0.4814858087755794,1
1,0.8964273879787381,1
0,0.12555848301267958,0
0,0.104346866528061,0
0,0.18689731971477855,0
0,0.3234501372375718,0
0,0.11774052417643095,0
0,0.697073199949256,1
0,0.10472080480532701,0
0,0.0874686321260785,0
0,0.68303129913806,1
0,0.33908983638162105,0
0,0.09565365715344062,0
0,0.2390935609158079,0
0,0.2951319398450576,0
0,0.28642419601605984,0
0,0.25142576168975045,0
0,0.262784338761137,0
0,0.15749111244431968,0
0,0.3225121215677065,0
0,0.17920486937240934,0
1,0.3213824532113282,0
1,0.8328233720208608,1
0,0.16069108790638964,0
0,0.10969513564631733,0
0,0.3263358075134464,0
0,0.09733937559158001,0
0,0.16435094669563355,0
0,0.24192169135098462,0
0,0.4257314752406072,1
0,0.07469391418455183,0
0,0.18662525534805438,0
0,0.4951338653217297,1
0,0.179776743936734,0
0,0.16145088760225101,0
0,0.5503894116291861,1
0,0.13757412559497662,0
0,0.2164517212391724,0
0,0.9552061613914276,1
0,0.34717167528810094,0
0,0.5111554520495472,1
0,0.4482363828873706,1
0,0.21422626381469448,0
0,0.13716390241994478,0
0,0.11591429254524939,0
0,0.7091781302402382,1
0,0.06767516357805757,0
0,0.07616945861262346,0
1,0.7248528490063187,1
0,0.43969350346027425,1
0,0.3164361357863767,0
0,0.11216160314921265,0
0,0.09121905464486464,0
0,0.6076441184975573,1
0,0.9088396884201254,1
0,0.11669717856646616,0
0,0.18440195580008145,0
0,0.49805298061006054,1
0,0.26771666318775655,0
0,0.17193489855021343,0
0,0.1546669646603331,0
0,0.1859753749313375,0
0,0.7937237825283535,1
0,0.16405111768205807,0
0,0.5108929158094282,1
0,0.10690014352493686,0
0,0.5193081105396542,1
0,0.790928786955021,1
0,0.39253112439260884,1
1,0.9316268234067413,1
0,0.1306382243925218,0
0,0.10425836028104042,0
0,0.7819478164388208,1
0,0.7824416776856341,1
0,0.1262964408692529,0
0,0.9020729538165786,1
0,0.19464159918252835,0
0,0.3089622780277267,0
0,0.12710638734225083,0
0,0.20241668668384763,0
0,0.12446748401162398,0
0,0.1982130616303472,0
0,0.08504053685023237,0
0,0.23129078871548478,0
0,0.5316746031413091,1
0,0.14345675311590533,0
0,0.13797720115158452,0
0,0.14991454518675218,0
0,0.08657379585032529,0
0,0.2948139689168656,0
0,0.14538124455310708,0
0,0.13013075557885692,0
0,0.16011839159889785,0
0,0.3611926422121191,1
0,0.10915375798719076,0
0,0.17070504519681384,0
0,0.3561721344006241,1
0,0.08892031819224533,0
0,0.24430867270472684,0
0,0.29027471264830695,0
0,0.11506299386229642,0
0,0.050477782171638653,0
0,0.12385144202255442,0
0,0.7044377632034803,1
0,0.31508867018618125,0
0,0.12002278069493416,0
1,0.8381083304063928,1
1,0.7913402096027746,1
0,0.12310505615161617,0
0,0.17122604635404365,0
0,0.13763498536249613,0
0,0.5346662372252643,1
0,0.4283655131514708,1
0,0.4068260072484006,1
1,0.8542933069782233,1
0,0.10928987743302218,0
0,0.07498895597846741,0
0,0.25438141050848334,0
0,0.09006854512452213,0
0,0.08184654817909433,0
0,0.6774785974012638,1
1,0.9228635227418376,1
0,0.2690850735963292,0
0,0.46070098643120655,1
0,0.14340775824319965,0
0,0.058556789811482685,0
0,0.0939465677442307,0
0,0.8675514991940144,1
0,0.08282684967165332,0
0,0.11930179283484495,0
0,0.16110248365459148,0
0,0.1053849298517745,0
0,0.161060995049038,0
0,0.11273052713005915,0
0,0.6068740746288187,1
0,0.11691164297375098,0
0,0.1050131670077526,0
0,0.1598447500763591,0
0,0.2160659614340382,0
0,0.1519779542835355,0
0,0.42965764118454475,1
0,0.12696475053878872,0
0,0.09721130221291202,0
0,0.5203910518822668,1
0,0.1821990452682717,0
0,0.20316108479627515,0
0,0.6257497900231807,1
0,0.44726068478679537,1
0,0.0726948519950554,0
0,0.38358951498708443,1
0,0.1575574327277327,0
0,0.1539739874917955,0
0,0.12666828567316243,0
0,0.538252931119907,1
0,0.420717833560506,1
0,0.18030035209987094,0
0,0.8187887890376127,1
0,0.12133236790856713,0
0,0.25862172301038067,0
0,0.4712009459069344,1
0,0.4893914637540554,1
0,0.12467692359919226,0
0,0.08602351342962368,0
0,0.08068687001748098,0
0,0.9207703981355974,1
0,0.22636664189336325,0
0,0.4452750241866704,1
0,0.0776619672981641,0
0,0.2069677994790579,0
0,0.5922409110463739,1
0,0.11652007176345291,0
0,0.8911761787852903,1
0,0.1552085817126408,0
0,0.18639510152676766,0
0,0.055915437414068535,0
0,0.8049204398370104,1
0,0.07148466982037587,0
0,0.18386346660676295,0
0,0.7127446919463722,1
0,0.11087425663080135,0
0,0.1666126469765603,0
0,0.3930255948148829,1
0,0.5554088869604159,1
0,0.3430128868754989,0
0,0.36578964103936457,1
0,0.21655623154997292,0
0,0.15343855484246569,0
0,0.5391549692317948,1
0,0.37018632099412874,1
0,0.22026625494467567,0
0,0.06049232887292259,0
0,0.15515783718503068,0
0,0.47904870080216094,1
0,0.08393707995123492,0
0,0.13714673947598793,0
0,0.4264943031361333,1
0,0.6142495460416001,1
0,0.19783744357191527,0
0,0.24234546593233836,0
0,0.15174048230450435,0
1,0.09785590673691602,0
0,0.624625244308866,1
0,0.2833903402090401,0
0,0.12593490716763014,0
0,0.11724589836848001,0
0,0.41074572934154385,1
0,0.5839118609773503,1
0,0.20612332388830665,0
0,0.9540779985611139,1
0,0.1301741842145696,0
0,0.3948633352052455,1
0,0.11070387294039176,0
0,0.13712388340733847,0
0,0.26852922165488724,0
0,0.38784324219914607,1
0,0.5638237596385748,1
0,0.28900991649513513,0
0,0.1199611205537717,0
0,0.0758364957344912,0
1,0.8388843190380276,1
0,0.7120670050506627,1
0,0.10494146436829997,0
0,0.22258043492674853,0
0,0.18859001523851548,0
0,0.07568683051548276,0
0,0.07800054746470089,0
0,0.3687088054130108,1
0,0.14397711606294256,0
0,0.20071638510317324,0
0,0.10386996756521093,0
0,0.08335826403708185,0
0,0.12270341752158878,0
0,0.39287147854808746,1
0,0.07604883147016928,0
0,0.1341164214366308,0
0,0.6045909477584347,1
0,0.7593552558344796,1
0,0.3588496817619719,1
1,0.9093676876301409,1
0,0.09754325092502361,0
1,0.6381079566079679,1
0,0.14374945323091765,0
0,0.25328838070914966,0
0,0.9413062385213922,1
1,0.6631105584913577,1
0,0.14004385225345667,0
0,0.2516791128450595,0
0,0.12478647648292475,0
0,0.5088198089653481,1
0,0.5740088660098311,1
0,0.4725221456190545,1
0,0.11156376869730558,0
0,0.7858587732140898,1
0,0.22718589893986768,0
0,0.5326782070123703,1
0,0.2044184638682125,0
0,0.4446477314292263,1
0,0.1790084290203825,0
0,0.7507083123151357,1
0,0.5478447576359028,1
0,0.11902308654949731,0
0,0.1780345736783183,0
0,0.32470601201362936,0
0,0.36220797891901724,1
0,0.09869700786732356,0
0,0.30810304568085634,0
0,0.09639605351779511,0
0,0.1093821517379568,0
0,0.35433123931922195,1
1,0.7732698847205287,1
0,0.5686036853317971,1
0,0.24810486410036067,0
1,0.775658276497136,1
0,0.08114796985975321,0
0,0.7226666666196883,1
0,0.1797487743856995,0
0,0.2898559061574826,0
0,0.1792263029189132,0
0,0.3612702617193966,1
0,0.07580081357894226,0
0,0.6734785638700153,1
0,0.38642487007638554,1
0,0.17167377177562945,0
0,0.05755758914943076,0
0,0.230813889528772,0
0,0.241064048576221,0
0,0.07970165015714707,0
0,0.22932534559767664,0
0,0.08728918037157972,0
0,0.1907686500919962,0
0,0.06735365092204279,0
0,0.19494861472708222,0
0,0.34723575460879225,0
0,0.09251841186588702,0
0,0.09446885066815691,0
0,0.10995171431876545,0
0,0.1368233391680741,0
0,0.11166324861732446,0
0,0.20817550661297826,0
0,0.3419517658349124,0
0,0.0961991472369189,0
0,0.21131406377412948,0
0,0.10659306289484528,0
0,0.492930324211567,1
0,0.13584653538704683,0
0,0.05876990794128908,0
0,0.2366212286185994,0
0,0.10946640802507161,0
1,0.897886307742364,1
0,0.060870530220836584,0
0,0.5969937141353134,1
0,0.2217927095301175,0
0,0.10493293685385037,0
0,0.17627698676241904,0
0,0.2281067244510442,0
0,0.10830823022404308,0
0,0.6492544664549722,1
0,0.20521801543304,0
1,0.9487528715550593,1
0,0.7303819320633607,1
0,0.9412519453290571,1
0,0.43221033643654144,1
0,0.25902232404492265,0
0,0.27114468096323524,0
0,0.8222484963348392,1
0,0.8057236824296651,1
0,0.10740879714429509,0
0,0.10854744804244774,0
0,0.12210019477676258,0
0,0.17689673639791892,0
1,0.8102520980270604,1
0,0.32838323939147995,0
0,0.43228768987960925,1
0,0.08133291472251002,0
0,0.3549386292242923,1
0,0.3485586975139634,0
0,0.30449034984465256,0
0,0.08601305309632444,0
0,0.4042678198859456,1
0,0.2187738235244126,0
0,0.13605605822384198,0
0,0.10164001553242939,0
0,0.10422787330230503,0
0,0.7571915281133405,1
0,0.12203831263574023,0
0,0.11438623989539447,0
0,0.7955449905061074,1
0,0.5150137898238626,1
0,0.8331831987613619,1
0,0.7826706112130024,1
0,0.09114281547253586,0
0,0.3660464430834923,1
0,0.11010006311484517,0
0,0.3458091505359701,0
0,0.1409307015079373,0
0,0.5942493765212866,1
0,0.10674800556425151,0
0,0.6040274725136351,1
0,0.08382573419651602,0
0,0.6944150484936021,1
0,0.08030552802432994,0
0,0.13726016745266917,0
0,0.5173150341565734,1
0,0.10644024359892909,0
0,0.5716592653162792,1
0,0.1284154154825637,0
0,0.13890565743147873,0
0,0.7995397891425656,1
0,0.26346727904497114,0
0,0.09587918469351733,0
0,0.10572311473203475,0
0,0.05441464222014291,0
0,0.7910172376893977,1
0,0.2131055004400958,0
0,0.26204941694639494,0
0,0.0854735794397569,0
0,0.3370705551913829,0
0,0.5845795821065791,1
0,0.13617199451489012,0
0,0.15198531154005598,0
0,0.23987743737157938,0
0,0.15060331471256075,0
1,0.5864815480295552,1
0,0.3957754737455119,1
0,0.0855456956414423,0
0,0.13264416783488625,0
1,0.9609243190924762,1
0,0.1026397950005182,0
0,0.20225075754367833,0
0,0.08291490497963934,0
0,0.13660521478656287,0
0,0.39061159928837275,1
1,0.8017361751385109,1
0,0.07564846271255042,0
0,0.05344440053966513,0
0,0.14134987126648363,0
0,0.10022819197679494,0
0,0.2529751751231235,0
0,0.38832067155704003,1
0,0.2771934805969632,0
0,0.18065078471139615,0
0,0.24570551170900515,0
0,0.1568908795069457,0
0,0.16253063938329027,0
0,0.09847748683670489,0
0,0.26145836840069997,0
0,0.10162391794158832,0
0,0.4881249050211781,1
0,0.11917624835614658,0
0,0.3052900990254043,0
0,0.27022064053055367,0
0,0.08435963889172422,0
0,0.21455522662238205,0
0,0.45021532577188017,1
0,0.07462408169966067,0
0,0.12172680125493651,0
0,0.1245691071367015,0
0,0.40113477701780703,1
0,0.23094494096082296,0
0,0.4236739856739959,1
0,0.128846412134342,0
0,0.10500870189886595,0
0,0.09863403303274856,0
0,0.1298492988954135,0
0,0.0958535789545017,0
0,0.12024671307633329,0
0,0.33656810102470014,0
0,0.49885756807286,1
0,0.05358013816955642,0
0,0.42387271581512836,1
0,0.14169435132573116,0
0,0.3705258947803665,1
0,0.1769895789238296,0
0,0.5522927699541376,1
0,0.08937138513593727,0
0,0.16330866287192353,0
0,0.16846785962132219,0
0,0.10096113190780474,0
1,0.822198456701966,1
0,0.08612566803754336,0
0,0.9107934431872212,1
0,0.5450685089808005,1
0,0.08408640420624494,0
0,0.8687733100357887,1
0,0.06802252319098634,0
0,0.0812025959341451,0
0,0.4300567341446566,1
0,0.08292882045521056,0
0,0.059015577869037196,0
0,0.5364649953869136,1
0,0.09815223184148632,0
0,0.07986297015435548,0
0,0.09366405333762434,0
0,0.8552016029428781,1
0,0.5375224330132521,1
0,0.10321039776576497,0
0,0.3355735605665006,0
0,0.08672823801702217,0
0,0.1343577124980763,0
0,0.7903698245538933,1
1,0.5812517467304941,1
0,0.29362374772983024,0
0,0.31727652850338256,0
0,0.2393693370527564,0
0,0.37666974628877803,1
0,0.21914606794884417,0
0,0.11162023127391474,0
0,0.14487760317609732,0
0,0.07421104558592251,0
0,0.12314871552945393,0
0,0.6550758388871393,1
0,0.8272268358388497,1
0,0.34055943680896256,0
0,0.5885772716027727,1
1,0.5826942333134189,1
0,0.06490393138880662,0
0,0.9104384454590008,1
0,0.07728729773835533,0
0,0.14111856655018676,0
1,0.8788336560127683,1
0,0.6163689196537379,1
0,0.7219056243748473,1
0,0.7661114052458253,1
1,0.3742131909389436,1
0,0.07206500066237712,0
0,0.10990928135149358,0
0,0.2909429145114972,0
0,0.09871857291034532,0
0,0.5106984686564824,1
0,0.3375048027844251,0
1,0.8717832082181938,1
0,0.2376760329245428,0
0,0.17509015414083157,0
0,0.11057461330426636,0
0,0.4441536385264295,1
0,0.1659015401862487,0
0,0.3634041253658314,1
0,0.2976819454813948,0
0,0.36381503425786277,1
0,0.14533884186688434,0
0,0.1451443539435882,0
0,0.29196625711878504,0
0,0.07929062581963921,0
0,0.4126330419665628,1
0,0.4256450269234658,1
0,0.20018673475837775,0
0,0.2925276669253968,0
0,0.14280963924352974,0
0,0.536464060029433,1
0,0.0856415916620117,0
0,0.281580144786003,0
0,0.06412950585475719,0
1,0.9155801271117133,1
0,0.5862049463103518,1
0,0.1132963841083743,0
1,0.5007356504775524,1
0,0.9177652074262909,1
0,0.29670428837458407,0
0,0.8360285707265623,1
0,0.3497810562100574,0
0,0.3344951711539671,0
0,0.1335863132715369,0
0,0.12482845959217165,0
0,0.7407576526524683,1
1,0.22450469619854482,0
0,0.05480890416135534,0
0,0.28728433074914894,0
0,0.1318068292905146,0
0,0.16801814021119016,0
0,0.1627765895600269,0
0,0.07233326949310621,0
0,0.2963928153961734,0
0,0.09856491735207026,0
0,0.6945701957374002,1
0,0.10419018501924626,0
0,0.0756381988125296,0
0,0.4912159616648945,1
1,0.6026418018547364,1
0,0.11938051340282918,0
0,0.5085208548244559,1
0,0.5296096496163681,1
0,0.053211401693529926,0
0,0.4072084374747453,1
0,0.6421722801056475,1
0,0.3999375685548031,1
1,0.8190896007263365,1
0,0.09695723351795116,0
0,0.10427942995215496,0
0,0.16977288295183476,0
0,0.8340843438585123,1
0,0.17647017264896123,0
0,0.11103228506849704,0
0,0.35483842457826353,1
0,0.1872548346775795,0
0,0.46438753979862696,1
0,0.09246307776121061,0
0,0.18325036222493754,0
0,0.11161391338147174,0
0,0.3883310812295341,1
0,0.15328957633485857,0
0,0.4478847094749723,1
0,0.40514296850460585,1
0,0.11570929406057157,0
0,0.5870763771074401,1
0,0.774482503049794,1
0,0.14601420702836995,0
0,0.5413360879703791,1
0,0.2953829501522439,0
0,0.2684923141910566,0
0,0.6543253644913885,1
0,0.2387620843122211,0
0,0.3146419812096765,0
0,0.19354864801795651,0
0,0.1166491368335484,0
0,0.39340686624692317,1
0,0.1393958334298285,0
0,0.1509418626173426,0
0,0.14863708814445506,0
0,0.13277023721018072,0
0,0.20098612181163433,0
0,0.5797641142662856,1
0,0.7857867512385217,1
0,0.10400304333598771,0
0,0.09066413871458838,0
0,0.37596832708925054,1
0,0.13821150283944908,0
0,0.5116337486302031,1
0,0.3164343633956827,0
0,0.5219599391418371,1
0,0.24787465366206565,0
0,0.3450976009927521,0
0,0.13061199907628374,0
0,0.5247498597184336,1
0,0.10262901209676926,0
0,0.1489244196479815,0
0,0.08897619506583385,0
0,0.27812818652836213,0
0,0.16435771126164775,0
0,0.09483711557438787,0
0,0.7196997271453529,1
0,0.2960372530160565,0
0,0.20924468928783296,0
0,0.1523705242858874,0
0,0.15101853147213243,0
0,0.20187048086425388,0
0,0.15172230906024842,0
0,0.12320918996163603,0
0,0.10277175067269549,0
0,0.524963554170925,1
0,0.07679524328993087,0
0,0.0990106307210234,0
0,0.2890199940299352,0
0,0.14596320713575983,0
0,0.08333518307559831,0
0,0.6737594930027001,1
0,0.5277996569887099,1
0,0.13786786757130232,0
0,0.12426585599016095,0
0,0.4451160163396167,1
0,0.1460233106268293,0
0,0.4201346090848184,1
0,0.5533812585218327,1
1,0.7313770772819799,1
0,0.28568574712871847,0
0,0.0999287122068444,0
0,0.16301443074584535,0
1,0.91099765672293,1
0,0.7070487710297094,1
0,0.8397908139738746,1
0,0.19768331665447147,0
0,0.14670879857151642,0
0,0.0729873359586101,0
0,0.5815796940190925,1
0,0.29814926903079336,0
0,0.6752513368541209,1
0,0.05571743915549995,0
0,0.364715908162975,1
0,0.3607387598316594,1
0,0.09838724372927472,0
0,0.696065144542462,1
0,0.11218411763509822,0
0,0.18114791990902812,0
0,0.6226153361227557,1
0,0.06919780669969797,0
0,0.22219603030682242,0
0,0.21652307573067764,0
0,0.13751244158473275,0
0,0.052771580442817254,0
0,0.16315474546663108,0
0,0.5337706426552898,1
0,0.3164514199652343,0
0,0.2929274721584461,0
0,0.2501793475431483,0
0,0.14757108956654835,0
0,0.2948403857343983,0
0,0.13767498360281205,0
1,0.9698295362217731,1
0,0.9227941359040219,1
0,0.08596227992371444,0
0,0.3620949680342996,1
0,0.21326993712370204,0
0,0.10308516976494025,0
0,0.6337327109604668,1
0,0.15643493973888956,0
0,0.28376397033428025,0
0,0.18110972908741368,0
0,0.20013377053649176,0
0,0.11943207044072528,0
0,0.4154020974933948,1
0,0.2750512245852929,0
0,0.16761753208387378,0
0,0.14468653289438574,0
0,0.3637684669324158,1
0,0.43049667221469934,1
0,0.4788559713544382,1
0,0.33619349833317586,0
0,0.1256434875611068,0
0,0.2611187536399108,0
0,0.20558820854049348,0
0,0.10183477097614119,0
0,0.12786351560219972,0
0,0.2281932007829265,0
0,0.4906726854608462,1
0,0.34643783902967096,0
0,0.608216468226801,1
0,0.08551267523275528,0
0,0.6237473558531668,1
0,0.14577981736382517,0
0,0.8733000883419169,1
0,0.3170019318195444,0
0,0.5396830760230044,1
0,0.11782542821714209,0
0,0.1478531660070154,0
0,0.18283505841329362,0
0,0.09557578688184006,0
0,0.07938203617080544,0
0,0.9311732367145275,1
0,0.15310086519513236,0
1,0.6890689547222828,1
0,0.18414697866638158,0
0,0.18470599261277146,0
0,0.2273594065161023,0
0,0.40291752203435577,1
0,0.48347182090689983,1
0,0.3112045434541023,0
0,0.4013400703536095,1
0,0.11481121737796665,0
0,0.15408660839765778,0
0,0.11257001416980207,0
0,0.10769166918604979,0
0,0.1902804083707241,0
0,0.4549684286355417,1
0,0.10048902394347484,0
0,0.14804436119644998,0
0,0.7993402965801653,1
0,0.5900220927037415,1
0,0.6309573029107286,1
0,0.2940187297524921,0
0,0.16649400722717306,0
0,0.1535517810013631,0
0,0.13538159134624375,0
0,0.11941711336609748,0
0,0.4309199205512082,1
1,0.9538254579742018,1
0,0.7244138545950142,1
0,0.11097973880606828,0
0,0.11899982980813917,0
0,0.24704826884722422,0
0,0.872130960372268,1
0,0.2322781865909132,0
1,0.8298823595073863,1
0,0.5843729427415617,1
0,0.14385995809753496,0
0,0.14289365567220264,0
0,0.08773899941142296,0
0,0.10133149663494034,0
0,0.5570641073606637,1
0,0.19221337767674748,0
0,0.22759259105453794,0
0,0.36884435336700716,1
0,0.16135048470412405,0
0,0.12439679589215315,0
0,0.20408422541245907,0
0,0.5112614916987294,1
0,0.49673378774445337,1
0,0.1368407283313065,0
0,0.6541487605901413,1
0,0.10586339589860955,0
0,0.839282510439075,1
0,0.12208434711584838,0
0,0.9214248399797005,1
0,0.13049813870049898,0
0,0.6971032532536507,1
0,0.07285062449496621,0
0,0.7937492178136899,1
0,0.14230617101007417,0
0,0.1503466420166012,0
0,0.3444852940261856,0
0,0.10596669366046133,0
0,0.12858341561397355,0
0,0.42184932269189074,1
0,0.5238227250673182,1
0,0.5460343015304097,1
0,0.26690476417545816,0
0,0.17553314940214942,0
0,0.1085666792595089,0
0,0.21789301830649976,0
0,0.2234665257888275,0
0,0.3734811972770567,1
0,0.13971812506205492,0
0,0.36276051150675653,1
0,0.11110879913257321,0
0,0.9533831958975778,1
0,0.08752433711368383,0
0,0.07905743537053632,0
0,0.16872287576176967,0
0,0.3948342242237197,1
0,0.10502222163976946,0
0,0.1043002481889979,0
0,0.6199051634421942,1
0,0.1802433126057792,0
0,0.22956673500977393,0
0,0.2605691899341074,0
0,0.5936723530136722,1
0,0.42282710060541656,1
0,0.2460548261520555,0
0,0.14413401151011818,0
0,0.5577097686263803,1
0,0.5587893817582933,1
0,0.1400460198121029,0
0,0.14304728962457264,0
0,0.3103856209363812,0
0,0.18041430484709797,0
0,0.32381550180167135,0
0,0.10273606727333934,0
0,0.3995830642062324,1
0,0.37483868697828376,1
0,0.11508182399895894,0
0,0.19330668495261416,0
1,0.9153174425793592,1
0,0.3062847598885782,0
0,0.09942518287503686,0
0,0.11069852773323653,0
0,0.11087412377075817,0
0,0.5524945942051115,1
0,0.10280278601499065,0
0,0.39251276537743074,1
0,0.3289980638368422,0
0,0.44982673117993593,1
0,0.5667353607044984,1
0,0.4846109802955307,1
0,0.8760220448336018,1
0,0.34612762879972336,0
0,0.164476163432698,0
0,0.12063798013813795,0
0,0.48954755972363256,1
0,0.5071420307592559,1
0,0.23650113491486802,0
0,0.8597005421119612,1
0,0.6561991463007658,1
0,0.0746343474883994,0
0,0.4493472254172476,1
0,0.16529092546972726,0
1,0.38866234339006805,1
0,0.10709659299906794,0
1,0.29663504303794225,0
0,0.508496092971556,1
0,0.5325658933019983,1
0,0.08649139060009742,0
0,0.10761299683120985,0
0,0.11032123342119156,0
0,0.42765606972307807,1
1,0.5270484823343888,1
0,0.1456097323049221,0
0,0.16893223535134036,0
0,0.1514462551713792,0
0,0.2202060053137318,0
0,0.08772768436337304,0
0,0.09183688348945063,0
0,0.15107677108863973,0
0,0.15914736672476723,0
0,0.26416364761057326,0
0,0.42076063090210225,1
1,0.9318165276772673,1
0,0.07533322572340694,0
0,0.10175964250817936,0
0,0.13631169575951904,0
0,0.13630074410582763,0
0,0.7329672551004442,1
0,0.48536324719803936,1
0,0.3677021165127872,1
0,0.34743872662787,0
0,0.3855785223218485,1
0,0.2561073536863325,0
0,0.5309795782876883,1
0,0.26494091185475704,0
0,0.3595391773796383,1
0,0.33621756344971504,0
0,0.6731120742627732,1
1,0.7780207232949343,1
0,0.090320421471272,0
0,0.45959058750837767,1
0,0.11415964244283333,0
0,0.13042510697845439,0
0,0.19770955885822203,0
0,0.9060002888159457,1
0,0.08423000857838103,0
0,0.5662947955911767,1
1,0.10283175594569735,0
0,0.15006819997277449,0
0,0.5982480839538463,1
0,0.9241433558599891,1
0,0.08956969850114618,0
0,0.09314645213501258,0
0,0.22738998317093187,0
0,0.18578189409142404,0
0,0.08885817532598889,0
0,0.3341504057684962,0
0,0.1070149727701656,0
1,0.9192990141589746,1
1,0.6221854810382901,1
0,0.36964231829241767,1
0,0.06849278740309804,0
0,0.15859419116913534,0
0,0.11929216005046574,0
0,0.2613912701389456,0
0,0.41885739516490655,1
0,0.11906037183033519,0
0,0.32466668550566913,0
0,0.18279370364650158,0
0,0.09705419069821684,0
0,0.4036513180272279,1
0,0.6346109563497844,1
0,0.17473913629228735,0
0,0.07945058190412023,0
0,0.15574177869643704,0
0,0.3152289063008533,0
1,0.9223395511150089,1
0,0.07237716776708679,0
0,0.2031011975984197,0
0,0.5815937030133552,1
0,0.13702295049217786,0
0,0.33803799087745895,0
0,0.11586121828375366,0
0,0.7454239002328031,1
0,0.27626754734300474,0
0,0.467488859823218,1
0,0.26172906017675296,0
0,0.7814186487619298,1
0,0.08667415034378394,0
0,0.6112184425896253,1
0,0.07188362280290485,0
0,0.21288177809102798,0
0,0.57246254426516,1
0,0.16156703062147604,0
0,0.3563514564769226,1
0,0.6231578382306747,1
0,0.2851951287432941,0
0,0.8682323020297756,1
0,0.1142716636029957,0
0,0.05551888632096824,0
0,0.18716227011989328,0
1,0.9611852898522697,1
0,0.2566652836259976,0
0,0.22652232500986552,0
0,0.08188291276086225,0
0,0.36431680505403435,1
0,0.09029876259800601,0
0,0.13376603159648284,0
0,0.11056860036453181,0
0,0.1437430516168665,0
0,0.16871419952012942,0
0,0.12269518734885257,0
0,0.3210321140072015,0
0,0.43451356069013125,1
0,0.6259725369956858,1
0,0.25268957178089063,0
0,0.0971758792859759,0
0,0.07278433975816044,0
0,0.25663621294950695,0
0,0.09540875929527612,0
0,0.4600745271658607,1
0,0.12870540503692887,0
0,0.41269491392552055,1
0,0.6703608548049749,1
0,0.19104661532496495,0
0,0.05051901569110139,0
0,0.3941711261744899,1
0,0.12160787280069374,0
0,0.14639389014666143,0
0,0.10237059967836948,0
0,0.3242832172121923,0
0,0.06484110316358661,0
0,0.19398325215620355,0
0,0.08085205711289867,0
0,0.08577032142672528,0
0,0.5083803259431303,1
0,0.09846849525028636,0
0,0.8968686016197505,1
0,0.1826760570448243,0
0,0.053689955382282335,0
1,0.9062376341631351,1
0,0.5073381732910364,1
0,0.34763212107787617,0
0,0.07651864583026763,0
0,0.26562195158739255,0
0,0.10048300052726977,0
0,0.12363218340083587,0
0,0.08850844149632897,0
0,0.2159594306081794,0
0,0.20862038157856264,0
0,0.2138590979209907,0
0,0.1607316083357255,0
0,0.15089443475011577,0
0,0.15002826706390487,0
0,0.9223814637903011,1
0,0.5793531081671226,1
0,0.09027501939167279,0
0,0.6476802153163614,1
0,0.4706632495025127,1
0,0.5384506589594238,1
0,0.5333217041424191,1
0,0.10723382560897006,0
0,0.11945979090160949,0
0,0.11320452438186768,0
0,0.30598394499514675,0
0,0.13632885328074984,0
0,0.1249055081639243,0
0,0.8169692242638101,1
0,0.7178713954277646,1
0,0.4642334657554106,1
1,0.8563057429476127,1
0,0.11340356153636662,0
0,0.1140875860104943,0
0,0.13220727981646183,0
0,0.24897747993618755,0
0,0.0733861095233842,0
0,0.11632572299854106,0
0,0.16920319660324407,0
0,0.12872577585269276,0
0,0.09423745554844898,0
0,0.2168352087563327,0
0,0.1466671837738451,0
0,0.338701490252781,0
0,0.5203279626012912,1
0,0.14859173015468397,0
0,0.13583510763060655,0
0,0.5872506767874587,1
0,0.7356573349760797,1
0,0.9296024299258687,1
0,0.10928292439719955,0
0,0.25104425289120125,0
0,0.890171663285167,1
0,0.16131955467375866,0
0,0.40437009536738455,1
0,0.14206720972349957,0
0,0.2870925379007791,0
0,0.09220286544966043,0
0,0.340567673039574,0
0,0.38332997739939373,1
0,0.5576143843879442,1
1,0.9022153301503149,1
0,0.6077666406255626,1
0,0.20436951585452962,0
0,0.6605307435941555,1
0,0.7819478164388208,1
0,0.15382877761570277,0
0,0.20253785838813418,0
0,0.11398884823113074,0
0,0.10833742740990253,0
0,0.15354338604491694,0
0,0.09476433038532173,0
0,0.16051545355822075,0
0,0.4244768463649065,1
0,0.6309647263774057,1
1,0.8771665762351677,1
0,0.11945209472999187,0
0,0.21995046549981442,0
0,0.1907091079101333,0
0,0.05637776772444491,0
0,0.4533087161680583,1
0,0.9270689709941929,1
0,0.2932239254607609,0
0,0.5049685432479094,1
0,0.7584158380069483,1
0,0.05413814482203138,0
0,0.06721417257835606,0
0,0.20428814149416435,0
0,0.6228874374336998,1
0,0.5759937590187404,1
0,0.3463276435971082,0
0,0.5839018904159983,1
0,0.20921792531783062,0
0,0.12581654343378684,0
0,0.14357224429620824,0
0,0.504668064247499,1
0,0.13397400379861357,0
1,0.934597750515523,1
0,0.2392401448446858,0
0,0.362877397381852,1
0,0.558802293848786,1
0,0.5564570315219032,1
0,0.279661117415496,0
0,0.13891745342446865,0
0,0.08931944593868898,0
0,0.25879989999913056,0
0,0.42888880551695135,1
0,0.14780033893840044,0
0,0.15754299746719874,0
0,0.6930262190098905,1
1,0.9247492804454862,1
0,0.08255703135651016,0
0,0.10072945233626322,0
0,0.6031198474459835,1
0,0.31134792621486457,0
0,0.8021003507882999,1
0,0.08502718073445001,0
0,0.36997588021004185,1
0,0.5511267071201782,1
0,0.5166392850523968,1
0,0.30000232893527823,0
0,0.07460761856401243,0
0,0.3296358828253787,0
0,0.09680065957499237,0
0,0.24228285808746497,0
0,0.5001306294847145,1
0,0.11804209842978423,0
1,0.08168747781376251,0
1,0.40438410290308197,1
0,0.7666025345542271,1
0,0.14553158350865328,0
0,0.6320931911172417,1
0,0.05933205522199461,0
0,0.1385438817025824,0
0,0.6739970383062203,1
0,0.12093098457917419,0
0,0.5140862842160959,1
0,0.16616688400418136,0
0,0.5644188775017126,1
0,0.20730543379985591,0
0,0.30592578676301124,0
0,0.848498652793043,1
0,0.16588123269976895,0
0,0.7808311981565293,1
0,0.37133288147287224,1
0,0.08003664623764285,0
0,0.46857384614316105,1
0,0.7637824639956502,1
1,0.9405312527983348,1
0,0.8226995922398918,1
0,0.1612283102547913,0
0,0.2279886872963891,0
0,0.13799379505610837,0
0,0.23321622235692877,0
0,0.1483357740134792,0
0,0.18505841744200294,0
0,0.10638174411072203,0
0,0.4143657824840374,1
0,0.06940385919080026,0
0,0.5217021670675105,1
0,0.055155221464179824,0
0,0.2656551380966162,0
0,0.20284547391505833,0
0,0.08883204522598907,0
0,0.72625796915272,1
1,0.9212609759029755,1
0,0.1308340521098552,0
0,0.6177776837256472,1
0,0.6030011918398652,1
0,0.08152387924334818,0
0,0.12690324341791231,0
0,0.7851917267451395,1
0,0.26266412346784085,0
0,0.23590471415874598,0
0,0.30823205727485603,0
0,0.8763893329489125,1
0,0.35495707955780736,1
1,0.8632955997467396,1
0,0.07877763230031087,0
0,0.2326316786237245,0
0,0.16456310235212587,0
0,0.22343765035119992,0
0,0.17346294172202714,0
0,0.12769005261647784,0
0,0.3662597899867668,1
0,0.12008125879113644,0
0,0.20458843340302707,0
0,0.1012232614273044,0
0,0.22039061667071053,0
0,0.14494835906177408,0
0,0.5133901176086693,1
0,0.5698736444278919,1
0,0.0819577019024677,0
0,0.5115569706010693,1
0,0.1523820262998808,0
0,0.1567034954427968,0
0,0.48421598307634317,1
0,0.1567091447557712,0
0,0.06781144784708146,0
0,0.4041969436259927,1
0,0.12747346577331584,0
0,0.5750968456703135,1
0,0.31227566886057595,0
0,0.07070892802819752,0
1,0.9198308976806692,1
0,0.11786082636151209,0
1,0.529017734853737,1
0,0.07546404743646591,0
0,0.1523399844864519,0
0,0.18061345029318848,0
0,0.07096387592564225,0
0,0.7380436118064525,1
0,0.06747880710670384,0
0,0.06421821664197039,0
0,0.2806369785535667,0
0,0.06722009704676642,0
0,0.5169736808537176,1
0,0.2981270492486498,0
0,0.10199931211530697,0
0,0.15651484304218913,0
0,0.8909510376701428,1
0,0.38229319494733677,1
0,0.20457673888855754,0
0,0.35383176652623366,1
1,0.8047008861071105,1
0,0.5837193775761,1
0,0.12328276194345998,0
0,0.5113475311312948,1
0,0.10596377112488291,0
0,0.08150064426289072,0
0,0.21309221458325234,0
0,0.06737061230484512,0
0,0.16364237454115427,0
0,0.6198220813397167,1
0,0.11104132894309794,0
0,0.6379729569720028,1
0,0.12800060056150464,0
0,0.0695236562272731,0
0,0.15505300316299775,0
0,0.0615561017289365,0
0,0.10253007801044674,0
0,0.055018111565142455,0
0,0.1612749470645908,0
0,0.2849839144127524,0
1,0.8421658055136483,1
0,0.3986255127572368,1
0,0.28675889257355874,0
0,0.058641702069306544,0
0,0.24371728560668232,0
0,0.14820259065239622,0
0,0.7467856870520073,1
1,0.9732109286475086,1
0,0.28257241009881395,0
0,0.729651542264164,1
0,0.20716517024549896,0
0,0.1841337011568846,0
0,0.7893012695653577,1
0,0.11015836739194151,0
0,0.13879824396180826,0
1,0.7116046926348546,1
0,0.2436109109902129,0
0,0.10081776535406956,0
1,0.8704166249726865,1
0,0.3368504473718373,0
0,0.30213523426911326,0
0,0.7772023913171658,1
0,0.05711719867221404,0
0,0.16708322749481325,0
1,0.8640879380546719,1
0,0.10921616072564748,0
0,0.7539762823471842,1
0,0.15691313421338599,0
0,0.17084338440209978,0
0,0.1027690745326609,0
0,0.09473460236306723,0
0,0.16559529006319812,0
0,0.08191261418771341,0
1,0.7815816741302289,1
1,0.9113198607808412,1
0,0.24211149170748703,0
0,0.20401226048665855,0
0,0.07405611239921918,0
0,0.19362950262653636,0
0,0.07542847007717844,0
0,0.4992273141551639,1
0,0.567166126186773,1
0,0.6486251338014685,1
0,0.14606243142186337,0
0,0.128020179125071,0
1,0.7671672191141254,1
0,0.13774000150153892,0
0,0.2175455501689043,0
0,0.13955154413585372,0
0,0.11616595716792873,0
0,0.06158904090945577,0
0,0.6746252262727355,1
0,0.1273535966279497,0
0,0.10394560132013608,0
1,0.4397651926426343,1
0,0.12395329790156422,0
0,0.06674796787975106,0
0,0.14839570851305983,0
0,0.11659413563684685,0
0,0.22467879072842137,0
0,0.1518768792969747,0
0,0.9168102954559106,1
0,0.08145924351169674,0
1,0.8105742433392871,1
0,0.7427122322829156,1
0,0.12917611745871535,0
1,0.6567157596634149,1
0,0.09554631681693758,0
0,0.7784049960932536,1
0,0.10371004078281144,0
1,0.9370398747348808,1
0,0.12099117791877449,0
0,0.16487433201618382,0
0,0.10794820992365495,0
0,0.12527283479436815,0
0,0.12794938697269975,0
0,0.16979264465013674,0
0,0.0586176351467432,0
0,0.6485286626997233,1
0,0.09968020944833005,0
1,0.9470827123797765,1
0,0.24943063233207666,0
0,0.2010456569099577,0
0,0.10283625435773341,0
0,0.5085139311375562,1
0,0.1630641495892091,0
0,0.2099081746400994,0
0,0.18560147653980455,0
0,0.7134228059241007,1
0,0.20274112727467172,0
1,0.8732767612386848,1
0,0.35211571380416334,1
0,0.3088795554997934,0
0,0.22883177402312374,0
0,0.05456956580759203,0
0,0.12396793454251279,0
0,0.1451545422031103,0
0,0.15256353195270841,0
0,0.14566074056915138,0
0,0.07534122845934739,0
0,0.12200516574840743,0
0,0.1466898591174572,0
0,0.07378114368547932,0
0,0.5596655731310513,1
0,0.23752428754926086,0
0,0.2331107469034709,0
0,0.09414079676101895,0
0,0.27792898978329544,0
0,0.06770519247586836,0
1,0.599109988385943,1
0,0.1395777547635229,0
0,0.3343396342059078,0
0,0.5830329756041143,1
0,0.12228105641441521,0
0,0.18690379090891793,0
0,0.6426729539981029,1
0,0.18630705890674096,0
0,0.43242601705647093,1
0,0.1335534398729786,0
0,0.11702832439116789,0
0,0.3343695267504744,0
0,0.32376198804081063,0
0,0.35003171845840564,1
0,0.33830961266605375,0
1,0.6003890739233414,1
0,0.5422129319934166,1
0,0.543646338719154,1
0,0.3774592446728638,1
0,0.1169238211299844,0
0,0.3603999172142583,1
0,0.2651414608193952,0
0,0.07954331809490225,0
0,0.11839194061997192,0
0,0.1274490048293244,0
0,0.15802048052795736,0
0,0.19321095145239928,0
0,0.9307896250828073,1
0,0.8460949353481836,1
0,0.09225571079347439,0
0,0.1439823149240362,0
0,0.5158833196131614,1
0,0.47005289066660594,1
0,0.4107401910698393,1
0,0.2198856625407856,0
1,0.37234052360257563,1
0,0.12425231624895,0
0,0.10458091621854981,0
0,0.5759535300355414,1
0,0.3678920287134876,1
0,0.5123277452642923,1
0,0.4062257657455406,1
0,0.3280251848823476,0
0,0.22817210132786053,0
1,0.22528322022198538,0
0,0.24635738116068576,0
0,0.15676755360228406,0
0,0.1681729957470093,0
0,0.5794812678577552,1
0,0.2936728392809362,0
0,0.06928491927206819,0
0,0.09325292678938646,0
0,0.12745410817482816,0
0,0.4804185094326829,1
0,0.1621253679477908,0
1,0.78930398714777,1
0,0.1462731424523034,0
0,0.12995055213601098,0
0,0.34135643985887426,0
0,0.4269642906218175,1
0,0.14380509647762166,0
0,0.05543120540930977,0
1,0.43396462963227833,1
0,0.12806666105813364,0
0,0.20916700306685349,0
0,0.08208620919777712,0
0,0.10192383405059045,0
0,0.11742074686234638,0
0,0.14248083265398215,0
0,0.10758920240291026,0
1,0.6608865892765142,1
0,0.3668531691767939,1
0,0.15833307428651056,0
0,0.8659767427010763,1
0,0.8549736860730369,1
0,0.07216838180851061,0
0,0.8300945454631838,1
0,0.30053606230695884,0
0,0.1003486252977666,0
0,0.15023007258788706,0
0,0.09201445876976172,0
0,0.6555651266268246,1
0,0.16223523754680239,0
0,0.10800261862737104,0
0,0.2005929498900164,0
0,0.0920917496992203,0
0,0.08743958960638488,0
0,0.7630652205959837,1
0,0.11184610052953461,0
0,0.09128489633818876,0
0,0.8484921398646276,1
0,0.07809798628580579,0
0,0.8450586139815031,1
0,0.317460681123612,0
0,0.4829814973081803,1
0,0.10415817340590841,0
0,0.09708557802563297,0
0,0.13535929728810514,0
0,0.14794150120080668,0
0,0.10445771838121422,0
0,0.37861745733541097,1
0,0.3090387358774975,0
0,0.5148552167569256,1
0,0.46495710413713576,1
1,0.6876438865413721,1
0,0.42733728594514353,1
0,0.1497836854953928,0
0,0.13208594798128262,0
0,0.13065730527588396,0
0,0.1310729408388072,0
0,0.32344127631599484,0
0,0.12906420518045816,0
0,0.10808710856395265,0
0,0.1440210785866294,0
0,0.2551287238786484,0
0,0.23101344964105971,0
0,0.45834201365587557,1
0,0.16581816179862285,0
0,0.8342966255897246,1
0,0.14517231828617672,0
0,0.6313398911166651,1
0,0.28117380338090464,0
0,0.08138148711702706,0
0,0.20831871696810264,0
0,0.08088516810724053,0
0,0.2314203231820287,0
0,0.1649365851638879,0
0,0.28479456463690944,0
0,0.6328864735717332,1
0,0.17583742347919268,0
0,0.19608853311069546,0
0,0.15883588192695397,0
0,0.7996410410212188,1
0,0.08353782030954107,0
0,0.10710411214885478,0
0,0.16225362804073548,0
