y_true,pd_score,pred_label
0,0.646015456178688,1
0,0.1710986332513165,0
0,0.12838822447902187,0
0,0.10245077149428376,0
1,0.43580348266740127,1
0,0.21550995535547288,0
0,0.6597108176253877,1
0,0.32445157847375616,0
0,0.11983670845260294,0
0,0.5804767413498815,1
0,0.1141989286691516,0
0,0.12245418561989688,0
0,0.12743746759282965,0
0,0.09929549677861504,0
0,0.19800501271604168,0
0,0.24443787548063858,0
1,0.9255664071816951,1
0,0.2203681929843754,0
0,0.07943946380356334,0
0,0.09132712926787052,0
0,0.34824907895218865,0
0,0.5685706044013369,1
0,0.10874998376687457,0
0,0.07838911783483522,0
0,0.8478802891188889,1
0,0.771464204535169,1
0,0.5071228636523619,1
0,0.2724722403850807,0
0,0.09602995222483487,0
0,0.28545640175860443,0
0,0.15090465579496082,0
1,0.8433248549847812,1
0,0.9648981224653391,1
1,0.7843409775864167,1
0,0.1641885458237343,0
0,0.5798204865038362,1
0,0.4767878508971948,1
1,0.8349950143964193,1
0,0.09191834276910248,0
0,0.20648091881779992,0
0,0.37338082626631247,1
0,0.06892768560299228,0
0,0.42592132552467143,1
0,0.26831718592643383,0
0,0.07059968903416663,0
0,0.16387727835952945,0
0,0.8089602073608226,1
0,0.2784188745678544,0
0,0.16596443300123595,0
0,0.7635127440549531,1
0,0.2612860460736772,0
0,0.4665868969735642,1
1,0.9631047594345261,1
0,0.5901220690362734,1
0,0.13136395822835736,0
1,0.3034495982349308,0
0,0.11836862455011786,0
1,0.6942126045548443,1
1,0.6078216365739615,1
0,0.8183159235171812,1
0,0.23551635896735437,0
0,0.10097615680200858,0
0,0.17255294509926858,0
0,0.10658072781410546,0
0,0.22342625944645647,0
0,0.06853246182677333,0
1,0.34625022884051165,0
0,0.08130991881230515,0
0,0.13281825300959332,0
0,0.6516037337227742,1
0,0.3163829305628006,0
0,0.13434039455469465,0
0,0.0985758630470062,0
0,0.060228302032406186,0
1,0.9594351613794836,1
0,0.3713575058389434,1
0,0.44297428224609176,1
0,0.15256587772003477,0
0,0.15237022818938237,0
1,0.678039754325193,1
0,0.6044782150956601,1
0,0.057271628115153066,0
0,0.9581162387501719,1
0,0.10012498975801394,0
0,0.06087735312262028,0
0,0.5504960656570288,1
0,0.3013328702969283,0
1,0.15340054229128197,0
0,0.2052280075205429,0
0,0.0951994379361913,0
0,0.15452026128365573,0
0,0.14899650166152598,0
0,0.13731484736816774,0
1,0.9304122039407158,1
0,0.10052720828572921,0
0,0.47420579646446775,1
0,0.3270618894268531,0
0,0.14891593118877813,0
0,0.32486039387245313,0
0,0.7153169074966592,1
0,0.35851580817944817,1
0,0.1943555919725323,0
0,0.18788237387278944,0
0,0.09248199374383649,0
0,0.3086059483654377,0
0,0.3777469470514122,1
0,0.739173573295185,1
0,0.11360384600458957,0
0,0.13730980003221782,0
1,0.9169417637577351,1
1,0.1970622846770911,0
0,0.41001499641771033,1
0,0.14727817548489397,0
0,0.3530463715082598,1
0,0.31948235856090007,0
0,0.16778482198081604,0
0,0.32858167791674875,0
0,0.1507299891856071,0
0,0.41321071380943836,1
0,0.11412715237402588,0
0,0.048021760913140366,0
0,0.4572801838779902,1
0,0.14402090260615522,0
0,0.12520241910235314,0
0,0.10803311992230602,0
0,0.13438321165811423,0
0,0.6261726158806709,1
0,0.7474978596857845,1
0,0.19583369050160349,0
0,0.11148371117090349,0
0,0.12060957087419316,0
0,0.4252288223852119,1
0,0.6324147020460064,1
0,0.4268872442314306,1
0,0.6277121038196483,1
0,0.1890372891223167,0
0,0.3049161485192885,0
0,0.3463793322600448,0
0,0.05520547655076738,0
0,0.11950317413414642,0
0,0.10421648271579306,0
0,0.38316474156697033,1
0,0.09351705993067762,0
0,0.30106251297664927,0
0,0.6148194159081859,1
1,0.5351107488179295,1
0,0.7545640226000484,1
1,0.4646695744660155,1
0,0.08885127800545675,0
0,0.38763804262843216,1
0,0.20790273031393092,0
0,0.06283707948855577,0
0,0.8607446208763042,1
0,0.9563748626448438,1
0,0.12770188617558842,0
0,0.674569711017343,1
0,0.5689690668001514,1
0,0.0680759323938021,0
0,0.09159515115906341,0
0,0.19057860353375966,0
0,0.24596089579799701,0
0,0.11138745325662837,0
0,0.0761050143166501,0
0,0.08048178395282904,0
0,0.11400674129744624,0
0,0.07923216574169048,0
1,0.7861977655789251,1
0,0.1541683842693949,0
0,0.5351067305720623,1
0,0.18247297241572846,0
0,0.19714372850996723,0
0,0.7915497678793517,1
0,0.10382855952149131,0
0,0.13561202057615562,0
0,0.2076733291566946,0
0,0.1322041351259452,0
0,0.41011067031316983,1
0,0.7892149105477447,1
0,0.22844105822588684,0
0,0.13332703655136988,0
0,0.19926856665510956,0
0,0.27097700886494375,0
0,0.0862553365759807,0
0,0.10606117621444183,0
0,0.3879541576697089,1
0,0.13110000056242732,0
0,0.0739205697662779,0
0,0.2311625703636066,0
0,0.387482031828554,1
0,0.17625501567626542,0
1,0.8912810116864845,1
0,0.17874948439406965,0
0,0.3202448416590923,0
0,0.09873977944446866,0
0,0.3604160794171016,1
0,0.12479567648942805,0
0,0.5670991505200109,1
0,0.07743581336352004,0
0,0.4230806667723901,1
0,0.4976928153434352,1
0,0.5229599410547628,1
0,0.7935634518856108,1
0,0.0801286290751371,0
0,0.08392863477085818,0
0,0.6567138028526219,1
0,0.09769004210684652,0
0,0.07450974106798482,0
0,0.19039185227450092,0
0,0.9209950915077699,1
0,0.0839854227546581,0
0,0.255815430060043,0
0,0.07833180512298656,0
0,0.4685937583571553,1
0,0.8145072646079834,1
0,0.155924371440879,0
0,0.13449848660281374,0
0,0.3322420578557716,0
0,0.19710714872843726,0
0,0.6465757139101024,1
0,0.5088370375320937,1
0,0.3124591015541909,0
0,0.13487103672628734,0
0,0.10870416876344732,0
0,0.06301264421687919,0
0,0.38937348328497257,1
0,0.2791922564940875,0
0,0.20641434098938927,0
0,0.3362469506438181,0
0,0.284207972819003,0
0,0.6352772514073608,1
0,0.11359911890196299,0
0,0.3735160982257824,1
0,0.3204862583587906,0
0,0.8910754625668174,1
0,0.07197771638432783,0
0,0.17907859397125273,0
0,0.1342951919166426,0
0,0.08227030013454291,0
0,0.15344505137305783,0
0,0.08847537440207823,0
0,0.12703768135486443,0
0,0.20559746401348142,0
0,0.07375891118865145,0
0,0.4784873914786634,1
0,0.11636871772383034,0
0,0.2343264980231188,0
0,0.1083691779712442,0
0,0.3170050273748717,0
1,0.6745561909750164,1
0,0.336193816725775,0
0,0.2328481701072636,0
1,0.7602644972263343,1
0,0.053978809924403515,0
0,0.055292156646484424,0
0,0.14418374810114645,0
0,0.3519909961168143,1
0,0.2883552512308806,0
0,0.2458542950820152,0
0,0.1771353003347287,0
0,0.23067733773912924,0
1,0.8808679824018194,1
0,0.11389091931761001,0
0,0.12990171427371885,0
0,0.22046386701714235,0
0,0.36700315791578203,1
0,0.1389112177480218,0
0,0.22074306154229723,0
0,0.38992563868645863,1
0,0.49427384844145594,1
0,0.08469197504133996,0
0,0.3178047409863406,0
0,0.3703483263569479,1
0,0.2936714323569574,0
0,0.21816927007630454,0
0,0.3504244051300508,1
0,0.7006947302876185,1
0,0.10882825560818295,0
0,0.7689495902999186,1
0,0.07980066590810012,0
0,0.06438130343030987,0
0,0.12623664775844798,0
0,0.0729910875871489,0
0,0.2604897597872876,0
0,0.23680922838492657,0
1,0.8631888454407609,1
0,0.10614918503007102,0
0,0.1621220455404408,0
0,0.13073526679056968,0
0,0.46648124423582665,1
0,0.29254629039864727,0
0,0.12946336444656167,0
0,0.3775957377491076,1
0,0.08955554073300348,0
0,0.22698788111732962,0
0,0.4727360660504134,1
0,0.07708031600144348,0
0,0.09310585512726206,0
0,0.19561934492353616,0
0,0.09559127940671586,0
0,0.3073393267205769,0
0,0.2955493381689653,0
0,0.2769150901383676,0
0,0.15467846786853853,0
0,0.1757339758193058,0
0,0.06505101826397622,0
0,0.0904966082652848,0
0,0.060508726233363536,0
0,0.4371700383934936,1
0,0.15316890175553796,0
0,0.09056040013703054,0
0,0.4229317682198394,1
0,0.5853080064192826,1
0,0.10337692104267827,0
0,0.09699483491721518,0
0,0.1083111485931829,0
0,0.20155566705573133,0
0,0.05639750589708561,0
1,0.8700305320061945,1
0,0.16669814677629655,0
0,0.09977446059471104,0
0,0.27399755625454436,0
0,0.6186236022149009,1
0,0.13504346706310083,0
1,0.7578227163701328,1
0,0.21341241938167946,0
0,0.3914252315047252,1
0,0.3236619347536257,0
0,0.2180516839316429,0
0,0.2090240195493731,0
0,0.10913216270962733,0
0,0.09815310785401875,0
0,0.1746406623911455,0
0,0.14195727634024424,0
0,0.13880391801555747,0
1,0.8471384052168521,1
0,0.08596910074485746,0
1,0.8355094255526758,1
0,0.05356550747963797,0
0,0.22220993409204864,0
0,0.2940861875825794,0
0,0.5696673049265559,1
0,0.6564382779789525,1
0,0.3079800845867857,0
0,0.09424434305253376,0
0,0.12741454805903696,0
0,0.0794793706042836,0
0,0.25950748710830474,0
0,0.2139323745344908,0
0,0.09969447351504128,0
0,0.38558817833603365,1
0,0.09236961518649915,0
0,0.11940865896094537,0
0,0.09336815082867247,0
0,0.0792178934600041,0
0,0.07113154488759306,0
0,0.42741639737084675,1
0,0.09567009463560042,0
1,0.8467769282826171,1
0,0.5697177555852814,1
0,0.1676127416201581,0
0,0.3309828580715459,0
0,0.250166636311339,0
0,0.2545398334539685,0
0,0.13116440828544745,0
0,0.14851307500091296,0
0,0.19874937273015145,0
0,0.1873037558813816,0
0,0.2530653861345097,0
1,0.09879003216746281,0
0,0.19163893543679766,0
1,0.9083701929826125,1
0,0.22253974734813178,0
0,0.05388283016198765,0
0,0.10578899810835156,0
0,0.7340949220009508,1
0,0.08948334590965998,0
0,0.14395501558977386,0
0,0.08434259318809234,0
0,0.2515707004633247,0
0,0.12202496808191868,0
0,0.5512895142546417,1
0,0.24117461127128023,0
0,0.46962897476325965,1
0,0.07980308748016128,0
1,0.5944840932296152,1
0,0.6493343590262803,1
0,0.5255638633218288,1
0,0.36078251075026574,1
0,0.7654600748704057,1
0,0.07470635387798745,0
0,0.1197570291976542,0
0,0.19446844162259794,0
0,0.15698550548969462,0
1,0.6318858615704261,1
0,0.3321699190265544,0
0,0.08276708229117043,0
0,0.3034427110136252,0
0,0.09002031284125908,0
0,0.18942660912164178,0
0,0.3064192752130897,0
0,0.5255777018347029,1
0,0.11736315005593916,0
0,0.4726768718035106,1
0,0.443013150119342,1
0,0.14456584857189636,0
0,0.07336440771007166,0
0,0.20002770313207244,0
0,0.13775660519652072,0
0,0.1250100368562431,0
0,0.8651319719645788,1
0,0.17564890895667754,0
0,0.3555564356567922,1
0,0.10054620884982882,0
0,0.34284522813935064,0
0,0.2040374541539329,0
0,0.11578090838895816,0
0,0.08874859041665742,0
0,0.2069091552861984,0
0,0.1576285615950465,0
0,0.8527041856991845,1
0,0.08590931701375894,0
0,0.13970515529750094,0
0,0.10641363412189189,0
0,0.04890215352916032,0
0,0.06951562093875106,0
0,0.5791469448160824,1
0,0.20107686850220008,0
1,0.7461150174969045,1
0,0.153596268136116,0
0,0.32813363978006166,0
0,0.16112859160191784,0
0,0.09305746258070294,0
0,0.0721188768011428,0
0,0.529708281600943,1
1,0.49769459305575786,1
0,0.17261139912341222,0
0,0.44080767991717307,1
0,0.10525224117304462,0
0,0.45672727088206017,1
0,0.489741205081859,1
0,0.7326289128631382,1
0,0.067995203825692,0
0,0.42549382388991247,1
1,0.8594051486108019,1
0,0.11459150216225449,0
0,0.11176143258236268,0
0,0.33364898922411984,0
0,0.2337286895247497,0
0,0.20259183254961896,0
0,0.9118810007345868,1
0,0.5293544559826477,1
0,0.7075926919438392,1
0,0.7208634014649377,1
0,0.14351806138690298,0
0,0.5150032882230828,1
0,0.33143867692455975,0
0,0.19489948384066297,0
0,0.5390848182965167,1
0,0.12576088661707405,0
0,0.5019436854294373,1
0,0.10066598849666314,0
0,0.2780832806616551,0
0,0.12435540070312086,0
0,0.23645299298608427,0
0,0.14610346153016476,0
0,0.08988020649470592,0
0,0.05741906934187051,0
0,0.12070279961073062,0
1,0.934197538241953,1
0,0.24304853271438892,0
0,0.9342342202076668,1
0,0.7950917943444318,1
0,0.10353004645420143,0
0,0.0657690857491441,0
0,0.3305075985654581,0
0,0.22541679538010703,0
0,0.12740438789089958,0
0,0.33613198602112654,0
0,0.15523190870189552,0
0,0.13950751250439172,0
0,0.31002532013133527,0
0,0.39405537925595435,1
0,0.32262201805902685,0
0,0.17263343151849753,0
0,0.3024449924004005,0
0,0.20028954955035297,0
0,0.32695177372870554,0
0,0.1734584218314452,0
0,0.4147373091971465,1
0,0.09794530145202646,0
0,0.5284201075118002,1
0,0.5361522566658529,1
0,0.16572104630902937,0
0,0.19472848729559938,0
0,0.11893301838931211,0
0,0.19836385137936444,0
0,0.10881545263719102,0
0,0.6958716731936866,1
0,0.17840334925075024,0
0,0.5326644221209591,1
1,0.5886551686695345,1
0,0.39624378896190876,1
0,0.42518588208506214,1
0,0.1427459740700801,0
0,0.15966160593991585,0
0,0.4652472479563583,1
0,0.21569296420506429,0
0,0.13441105513475793,0
0,0.36693047656079036,1
1,0.9629333382099734,1
0,0.12768001244409674,0
0,0.08025492805034946,0
0,0.07526561417203062,0
0,0.15097208022340095,0
0,0.4888322388853888,1
0,0.10847737710104745,0
0,0.24896741564192273,0
0,0.24976201245438276,0
0,0.8383551969764333,1
0,0.10965410401726897,0
0,0.2733781127773585,0
0,0.4603221957153593,1
0,0.1354435827801678,0
0,0.1732094709622688,0
0,0.809041920537675,1
0,0.07365056047570313,0
0,0.7755243324997947,1
0,0.17714756039833876,0
0,0.2160230675001111,0
0,0.46087785328249575,1
0,0.3626812810057487,1
0,0.45844842704104766,1
0,0.7508182101251943,1
0,0.5326670331557952,1
0,0.7351683620839441,1
0,0.12694694396272968,0
0,0.2128285578665178,0
0,0.12496046075857568,0
0,0.3635160140311874,1
0,0.7587346171435593,1
0,0.4554903135082128,1
0,0.3339476050106957,0
0,0.4837285386936721,1
0,0.1724842627222856,0
0,0.28147164062302227,0
1,0.41544706819042093,1
0,0.25345200517831445,0
0,0.8102837667745479,1
0,0.058583368359243396,0
0,0.31620433505959694,0
0,0.3595978502041733,1
0,0.7464211367181588,1
0,0.18129868565586119,0
0,0.09689443710378126,0
0,0.31028080311183376,0
0,0.7873162621237676,1
0,0.1620525108573876,0
0,0.5764448515906195,1
0,0.9043204726846827,1
0,0.10374901818673728,0
0,0.13551825664623138,0
0,0.35130037675656123,1
0,0.19074053019730672,0
0,0.10680561836570407,0
0,0.10460654805250624,0
0,0.1910611750412877,0
0,0.13030511152071894,0
0,0.12073007529356772,0
0,0.1783816745463747,0
0,0.2249517781677354,0
0,0.05669649795231031,0
0,0.1293453827409174,0
0,0.823112450851197,1
0,0.7990685404789827,1
0,0.11527161493892994,0
1,0.5178680189978409,1
0,0.22768158661425597,0
0,0.14883662397210246,0
0,0.06531496019471049,0
0,0.09545952068063947,0
1,0.3208179410465207,0
0,0.09715248565980181,0
0,0.391138762065057,1
0,0.16076986920919753,0
0,0.4826559361421814,1
0,0.09663785158465023,0
0,0.08836769504967865,0
1,0.9598586048218741,1
0,0.8560180940184411,1
0,0.5420664030911473,1
0,0.15157384027998813,0
0,0.209745846128186,0
0,0.09342378366277625,0
1,0.25939008474296343,0
0,0.6094491819924545,1
0,0.14666403651525367,0
0,0.31117552190129183,0
0,0.4321589245847604,1
0,0.7970527285138306,1
0,0.5713599240341416,1
0,0.3457212817690012,0
0,0.12887700818150769,0
0,0.14754246256305872,0
0,0.2575197987432382,0
0,0.17254439290842696,0
0,0.13126867444179688,0
0,0.5958264564711905,1
0,0.14135729420917725,0
0,0.0876427614616592,0
0,0.1620195883039511,0
0,0.0590384559964059,0
0,0.5423227742398349,1
0,0.20210303287802034,0
0,0.07567953355707158,0
0,0.1383523018196411,0
0,0.150140355826218,0
0,0.12158416699662954,0
1,0.7706255153505189,1
0,0.09495454018849077,0
0,0.12211924829670401,0
0,0.3416737562101041,0
0,0.09733826163093497,0
0,0.07970393183003835,0
0,0.09819295957008653,0
0,0.1571273378592623,0
1,0.11682200328400327,0
0,0.09490067825324608,0
0,0.15742660672275227,0
0,0.41552658476307885,1
0,0.6341858550756069,1
0,0.5152627945700506,1
0,0.26963383213679254,0
0,0.3579068879676589,1
0,0.6189440932172071,1
0,0.10638210682832591,0
0,0.7701387746506032,1
0,0.1385444670760376,0
0,0.2852320171330977,0
0,0.12046372304698909,0
0,0.3760614704834694,1
1,0.08463675730147828,0
0,0.14674947155539314,0
0,0.18501788492426996,0
0,0.2567369287136892,0
0,0.17350770036908106,0
0,0.10287681065701591,0
0,0.0957257385498164,0
0,0.13946618389492463,0
0,0.06917373173593805,0
1,0.9288521970376945,1
0,0.3224946157483804,0
0,0.45179422653506607,1
0,0.5832295462948219,1
0,0.1233417865797703,0
0,0.6259778699951281,1
0,0.12315195807092787,0
0,0.6751377937619943,1
0,0.2164320257098472,0
0,0.0845929918322782,0
0,0.13844423350638008,0
0,0.05349914578077789,0
0,0.1410382390025186,0
0,0.2775722015216753,0
0,0.34521196737564125,0
0,0.3013166518921812,0
0,0.346423242650135,0
0,0.12606213960347018,0
0,0.1589542032846119,0
0,0.4287042364562192,1
1,0.3404909001330863,0
0,0.14154504207154858,0
0,0.5142838230020241,1
0,0.5721507489393771,1
0,0.8493956206422091,1
0,0.1731147925029238,0
0,0.36670836562360437,1
0,0.08217932170291548,0
0,0.4948596820071892,1
0,0.16848803371409632,0
0,0.169667727877015,0
0,0.4109977864762699,1
0,0.1764170635045231,0
0,0.13192204050659814,0
0,0.4135069052671443,1
0,0.11890032102792908,0
0,0.2256075676679348,0
0,0.5551126357893919,1
0,0.38377946385126926,1
0,0.1525912522115461,0
0,0.5942324113952153,1
0,0.21599116565868162,0
0,0.108477227808963,0
0,0.5083620541042486,1
0,0.4544518773803959,1
1,0.8426413862657401,1
0,0.11949753068855418,0
0,0.07203864059904533,0
0,0.1212566113646483,0
0,0.5493121775473552,1
0,0.30821791712706975,0
0,0.08669382647891405,0
0,0.2926917708510297,0
0,0.3385176481332761,0
0,0.12112469232247186,0
0,0.7635904810894723,1
0,0.07439526508114329,0
0,0.31737967313072074,0
0,0.2081948713149724,0
0,0.727788475863321,1
0,0.06742907287536742,0
0,0.08608471565392435,0
0,0.08850206728676412,0
0,0.23022110494497744,0
0,0.05859175220861431,0
0,0.07201156208121454,0
0,0.1072886873799271,0
0,0.18488686462746215,0
1,0.6369031531050837,1
0,0.18361424406742077,0
0,0.14619769436040805,0
0,0.09109482867738392,0
0,0.8160392526882516,1
0,0.13141091576567748,0
0,0.2403114628367239,0
0,0.057457531590778974,0
0,0.2504481768954017,0
0,0.09352024253849586,0
0,0.056933901927808596,0
1,0.8935853312511813,1
0,0.32061168648730265,0
0,0.2920636438483517,0
0,0.30531796565410163,0
0,0.17004632768877773,0
0,0.15803317930470404,0
0,0.1251077828358203,0
1,0.4937977058280729,1
0,0.20102718820918572,0
0,0.16278663595529227,0
0,0.08357782567453435,0
0,0.2878938657273709,0
0,0.14260743087806088,0
0,0.09519147459073164,0
0,0.05643961578552941,0
0,0.1869639841660723,0
0,0.5537446193462215,1
0,0.8964945740168624,1
0,0.32115748125782945,0
0,0.11497725983545888,0
0,0.11470997645202093,0
0,0.46381530121026543,1
0,0.17419665967138387,0
0,0.13530461469352784,0
1,0.8844914806027255,1
1,0.7539574944647432,1
0,0.15164457907123408,0
0,0.49011196212114755,1
0,0.11596894610628525,0
0,0.4020231825651007,1
0,0.7518524765637316,1
0,0.13313887816279105,0
0,0.32922958168471467,0
1,0.1966728433059219,0
0,0.466938254290435,1
0,0.08682997859270095,0
0,0.4247374857138173,1
0,0.08684595106225072,0
0,0.6132692637689388,1
0,0.13380000854658478,0
0,0.16452637384382973,0
0,0.180013502305823,0
0,0.08169132892649822,0
0,0.07486242164543191,0
0,0.18997886370479877,0
0,0.3495086353590021,0
0,0.10077302134414057,0
0,0.21051073548600074,0
0,0.27377760221670716,0
0,0.10345604888071615,0
0,0.36725383688757224,1
0,0.12674010635145572,0
0,0.5205260049212578,1
0,0.06857895935777669,0
1,0.6088139816508764,1
0,0.49971771187188524,1
0,0.6258755249348016,1
0,0.465641739875406,1
0,0.09187713608378253,0
0,0.18603738319338348,0
0,0.5862603944036906,1
0,0.11404194118869362,0
1,0.6936942834220032,1
0,0.10302762936195324,0
0,0.19969434370827205,0
0,0.12519981666287058,0
0,0.1311098424094601,0
0,0.26664496410676,0
0,0.5225514574590185,1
0,0.1300903640000494,0
0,0.07405793453071007,0
0,0.21887452893727513,0
0,0.29718334690885373,0
0,0.06965427401621772,0
0,0.05132902563568104,0
0,0.41820314699210004,1
0,0.2049682449883456,0
0,0.13502101364798802,0
0,0.12304011756519699,0
0,0.05618098330682596,0
0,0.10818451694791903,0
0,0.5561102843192183,1
1,0.9226957655631662,1
0,0.7556933852065435,1
0,0.6015187263048861,1
0,0.5504784713519297,1
0,0.0798613187143741,0
0,0.06848867561426386,0
0,0.539242480425045,1
0,0.12003513111082839,0
0,0.1404024388327323,0
0,0.4495220726178525,1
0,0.2432168103832507,0
1,0.9344217662311555,1
0,0.7435798443872987,1
1,0.8632872203501031,1
0,0.11490255353462672,0
0,0.11105411304645858,0
0,0.17090540956327063,0
0,0.2630110477282641,0
0,0.05805477148678621,0
0,0.140572776387861,0
0,0.11953531483539616,0
0,0.15567898389781107,0
0,0.07653140288096072,0
0,0.1385461468651065,0
0,0.05633543657305769,0
0,0.1006728126892951,0
1,0.3292139493645426,0
0,0.23222099976023264,0
0,0.12627162456238794,0
0,0.7145367310734678,1
1,0.9285074355247854,1
0,0.08970059973519584,0
0,0.11338236601647564,0
0,0.09683331437674757,0
0,0.5196998851332423,1
0,0.20137688993494368,0
0,0.05498059157676201,0
0,0.07691665015261571,0
0,0.67442829698236,1
0,0.3573554445316946,1
0,0.7257170064361685,1
0,0.23889732520807583,0
0,0.059873018883956346,0
0,0.18122383241164755,0
0,0.17500489585091716,0
0,0.0846721106111625,0
0,0.146324094439278,0
0,0.07064570958429803,0
0,0.07087383971315699,0
0,0.16577617739980346,0
0,0.05876591391171544,0
0,0.1124623068266394,0
0,0.11960489712857511,0
1,0.5982359516287531,1
0,0.601691195802848,1
0,0.1624352980458667,0
0,0.08613345824116173,0
0,0.09718474161336317,0
0,0.08589868742951082,0
0,0.9609298942494486,1
0,0.5451991834976214,1
0,0.3457110963160301,0
0,0.8957698946673542,1
0,0.11938870990748784,0
0,0.07662934129677763,0
0,0.33706247993338195,0
0,0.058841386288482414,0
0,0.4748127272440803,1
0,0.13009335305123196,0
0,0.618711506035251,1
0,0.21422699045284468,0
0,0.08046650687534962,0
0,0.2823242285046702,0
0,0.14159956356116085,0
0,0.4567561221176146,1
0,0.08042642806446554,0
1,0.8458708962800443,1
0,0.3143462412739537,0
0,0.257196873869954,0
0,0.06304288384412256,0
1,0.9534905031397894,1
0,0.10433293817806572,0
0,0.40133956763215894,1
0,0.22700282242925135,0
0,0.09714849789534165,0
1,0.22775264534634895,0
0,0.18749697157308812,0
0,0.16819747177692293,0
1,0.9187586181538188,1
0,0.05962114763188591,0
0,0.5618981295619631,1
0,0.43231168550236776,1
0,0.17046403738377625,0
0,0.08329798149313367,0
0,0.5798139214905212,1
0,0.4200620386596933,1
0,0.10871392246385118,0
0,0.12643505124095603,0
0,0.13539379269715582,0
0,0.222504146286963,0
0,0.3892095193977613,1
0,0.08387863338125738,0
1,0.49433419863936023,1
0,0.36789494121824123,1
0,0.1603840602919935,0
0,0.6698911342193651,1
0,0.04755243325357227,0
0,0.18692453466531483,0
0,0.10647531263126174,0
0,0.4106143892545626,1
0,0.4150049295402615,1
0,0.23626462897289632,0
0,0.08526889662774158,0
0,0.7834266297168772,1
0,0.10819241401949718,0
0,0.05363787365576927,0
0,0.3435313097249487,0
1,0.4463398612112898,1
0,0.5140121516926721,1
1,0.925172171796786,1
0,0.88974635038229,1
0,0.11446731596873048,0
0,0.15399133398281611,0
0,0.12400473834294241,0
0,0.6788661237733378,1
0,0.06120748827613126,0
0,0.18296461286532997,0
0,0.21223359563314587,0
0,0.6849260741186581,1
1,0.34826403921568544,0
0,0.6047680019726407,1
0,0.07558095892285682,0
0,0.1695160264745846,0
0,0.2232353925497773,0
0,0.5711509751715483,1
0,0.05325785701054358,0
0,0.4731873969781361,1
0,0.19342569026353992,0
0,0.616627333222468,1
0,0.10056539948310697,0
0,0.5043341825765915,1
0,0.690079859409982,1
0,0.1402064262030266,0
0,0.3229421275823158,0
0,0.13854797071229824,0
0,0.1076878587517673,0
0,0.7895285391725464,1
0,0.27391572501310246,0
0,0.8290822651219943,1
0,0.13567705185855763,0
0,0.06992669687480965,0
0,0.0873039240979,0
0,0.11370936358855652,0
0,0.8465057614653759,1
0,0.11032104360489048,0
1,0.7198949255026861,1
0,0.12748202028262806,0
0,0.06685567408756485,0
0,0.7029309133688396,1
0,0.2711202534442782,0
0,0.32414428858368716,0
0,0.11635741120215201,0
0,0.3725945833263686,1
0,0.594859891807675,1
0,0.24025465700743132,0
0,0.24057670678160092,0
0,0.08362158890827139,0
0,0.6315110673451426,1
0,0.1107737160603431,0
1,0.9040168173244019,1
0,0.5322533892350595,1
0,0.13244004430788933,0
0,0.1528162151278111,0
0,0.5724294330679519,1
0,0.5028572706212612,1
0,0.27265414702758406,0
0,0.13880647777666477,0
0,0.0756952413802169,0
0,0.7746446887726125,1
0,0.14844224134404777,0
1,0.6243906144090939,1
0,0.32501365834717133,0
0,0.2011365374462826,0
1,0.5693381860187892,1
0,0.1344272550426456,0
0,0.3198732296491864,0
0,0.3129623051737843,0
0,0.14114192548322718,0
0,0.0988418841166921,0
0,0.6669236169080047,1
0,0.10423688941984979,0
0,0.3639407600229126,1
0,0.09861841248338686,0
0,0.8811707375243143,1
0,0.2846454740429394,0
0,0.2541650320993135,0
0,0.08149142516130616,0
0,0.7287882339364767,1
1,0.14291483284429488,0
0,0.44792526159701035,1
0,0.5203970417472124,1
0,0.12508176140774624,0
0,0.49915442768409674,1
0,0.1167376649221063,0
0,0.4344197894621645,1
0,0.6944967828970928,1
0,0.7427175165258617,1
0,0.2736208908571296,0
1,0.9649517982206661,1
0,0.18632651167724076,0
0,0.7023929530278252,1
0,0.8985851481928177,1
0,0.722045266825597,1
0,0.36447551474227036,1
0,0.8642284935835486,1
1,0.8317886363608396,1
0,0.3817715204874348,1
0,0.12756149312224022,0
0,0.6606358320523578,1
0,0.17477785902055637,0
0,0.31898177686221074,0
0,0.1981270715806827,0
0,0.40842521235161283,1
0,0.11941630748370441,0
0,0.8273617017700728,1
0,0.16958819577258452,0
1,0.9081457214940213,1
0,0.15172379164488978,0
0,0.12179105020482905,0
0,0.07836885520217617,0
0,0.4089245798376937,1
0,0.1006239764129343,0
0,0.370592321052688,1
0,0.8387146455264181,1
0,0.18730717390937218,0
0,0.14492848701842245,0
0,0.0573082586773996,0
0,0.6487063726097546,1
0,0.1634788509436667,0
0,0.06751392872457011,0
0,0.6700273028293405,1
0,0.07387041884723028,0
0,0.23097563376126218,0
0,0.21214199552152566,0
0,0.49997216007588946,1
0,0.6441600559600674,1
0,0.1450125303469922,0
0,0.9453310776184984,1
1,0.40720103729385165,1
0,0.07797722638213299,0
0,0.5703584750301057,1
0,0.11841945807759328,0
0,0.19777729461845964,0
1,0.8594943775783201,1
0,0.11245989329827409,0
0,0.6649891498307554,1
0,0.15140222931393765,0
0,0.4818319213129693,1
0,0.10330381550505209,0
0,0.386532461594586,1
0,0.4023343907569025,1
0,0.6545256306413427,1
0,0.4377023565496149,1
0,0.9296519082526402,1
0,0.08489908432504305,0
0,0.3066947029726521,0
0,0.3261599343093107,0
0,0.08119189321714233,0
1,0.9328830669551278,1
0,0.10281548299858659,0
0,0.5435883166264923,1
0,0.06571736150160704,0
0,0.5153788472444069,1
0,0.06006876031691778,0
0,0.14239913696614698,0
1,0.9235090894567096,1
0,0.2077229139545771,0
1,0.5744811647017416,1
0,0.21218017367274294,0
0,0.6512551896086605,1
0,0.12454878545208321,0
0,0.08233760707451118,0
0,0.1804470480591177,0
0,0.2453659839716724,0
0,0.05790396628923519,0
0,0.7627091427578944,1
1,0.9374964980039685,1
0,0.14931470459894713,0
0,0.10326699907128438,0
0,0.09313753716011557,0
0,0.5706832693831099,1
0,0.08094720703242439,0
0,0.35739396063175105,1
0,0.08689057005967452,0
1,0.7187849750746663,1
0,0.15223325706413038,0
0,0.6340790243232144,1
0,0.6576000810079295,1
0,0.302862708481492,0
0,0.1733474990612275,0
0,0.11247733792741066,0
0,0.1916626076532789,0
0,0.6558657564523509,1
0,0.24924438482642083,0
0,0.12833483854843838,0
0,0.28139582960660947,0
0,0.11757763377243315,0
0,0.11465309964765873,0
1,0.940044733123419,1
0,0.4073294298108993,1
0,0.17457535777809355,0
0,0.14497028098335163,0
0,0.08781557613293624,0
0,0.10499170436407419,0
0,0.4343484179544082,1
0,0.48832113383471104,1
0,0.8401378548104336,1
0,0.10994572170612799,0
0,0.2182588640638805,0
0,0.09266234809356647,0
0,0.6687885442047055,1
0,0.5349971387507606,1
0,0.2829491059091386,0
0,0.15443994672508032,0
0,0.6473139402588475,1
0,0.17635820443219752,0
0,0.48510038657074034,1
0,0.07476181141512835,0
0,0.515148284053438,1
0,0.15165538769419842,0
0,0.5973581939738634,1
0,0.8796954528164241,1
0,0.19760897027525307,0
0,0.2022761257394292,0
0,0.7090763446356344,1
0,0.10309522604116489,0
0,0.7213562516248744,1
0,0.18947351383217795,0
0,0.29627936174795,0
1,0.5464240480909952,1
0,0.516123445997419,1
0,0.18790093988602777,0
0,0.1805187267794588,0
1,0.9716763086782965,1
0,0.1338676843504825,0
0,0.5762776506535384,1
0,0.24150409065123057,0
0,0.049429628664256306,0
0,0.3257968199175375,0
0,0.32088499730685166,0
0,0.676176965021904,1
0,0.21556926222406958,0
0,0.18446801434610155,0
0,0.7964836065271023,1
1,0.8513283952291705,1
0,0.16894214807216967,0
0,0.901033074440364,1
0,0.1045821779175602,0
0,0.11432659159380976,0
0,0.7946623746759678,1
0,0.22966876475245523,0
0,0.5027586928451497,1
0,0.09302285798207499,0
0,0.13014354468283545,0
1,0.6557985257920628,1
0,0.13520570483477135,0
0,0.1482397814384211,0
0,0.2055718546654381,0
1,0.6084079138818119,1
0,0.13444066411050173,0
0,0.16187551179999563,0
0,0.11972106348189833,0
0,0.09106102417275823,0
0,0.11937295109428213,0
0,0.7886012047600783,1
0,0.1981379554799895,0
0,0.21428454942771089,0
0,0.1552651146838602,0
0,0.05785244887499206,0
1,0.5817658614180723,1
0,0.3634922534813985,1
0,0.10463520860523631,0
0,0.11666523358120079,0
0,0.13820786773392066,0
0,0.6069993806835428,1
0,0.14518570690927932,0
0,0.5243704559158652,1
0,0.1394412894181834,0
0,0.11980432302587528,0
0,0.8098665241868818,1
0,0.12831866555315152,0
0,0.31256062719202593,0
0,0.558563561496506,1
0,0.08865897477102055,0
0,0.21805596763684376,0
0,0.16225745958685747,0
0,0.11931932174864464,0
0,0.5116996236721131,1
0,0.07585398675675471,0
0,0.389173339903791,1
0,0.1435193069155776,0
0,0.18317502091553492,0
0,0.1026802711974337,0
0,0.1312723345878668,0
0,0.4085965261622715,1
0,0.13679973835860387,0
0,0.2746315160611602,0
0,0.5337255536531222,1
0,0.2202976892561134,0
0,0.5309190261018183,1
0,0.18296138467459427,0
0,0.16208506461643554,0
0,0.377131151069627,1
0,0.37991943532472483,1
0,0.09928070559780436,0
0,0.060811533903415434,0
0,0.429271826716905,1
0,0.20153059726558284,0
0,0.18058589842319694,0
0,0.10244166942308426,0
0,0.12597866365095892,0
0,0.3607340283108499,1
0,0.15666167240052878,0
0,0.11087449720715666,0
0,0.583915889058559,1
0,0.15937554829371087,0
0,0.1975224880054328,0
0,0.0829590769166145,0
0,0.14516172004635627,0
0,0.8850451037060076,1
0,0.2534013672473205,0
0,0.8092252163672532,1
1,0.5670693907647374,1
0,0.10632730131398717,0
1,0.45623314162148876,1
0,0.2823148379839685,0
0,0.4865522852637624,1
0,0.15053859319954557,0
0,0.09997571254058467,0
0,0.2489452537953553,0
0,0.07829871307805707,0
0,0.12054966272871333,0
0,0.07221034588673933,0
0,0.13924081374211458,0
0,0.7731619477575731,1
0,0.15409239613345196,0
0,0.11043155216734389,0
0,0.482042185086983,1
0,0.1110194076852701,0
0,0.07192284390342281,0
0,0.7811993735365812,1
0,0.11027836850526572,0
0,0.1326317052947761,0
0,0.13003049492047777,0
0,0.21548508052707538,0
0,0.13806750070555016,0
0,0.46570968021408166,1
0,0.1965199679285253,0
0,0.619448769610059,1
0,0.7110123699395267,1
0,0.08604169244209998,0
0,0.11156613923671614,0
0,0.17878625585481955,0
0,0.0907284488878531,0
0,0.34756450807992845,0
1,0.9050336596378582,1
0,0.31204326150882283,0
1,0.840763500968691,1
0,0.14905147287025938,0
0,0.07479694478081175,0
0,0.37973856297498976,1
0,0.16598818830362744,0
0,0.5987807873111282,1
0,0.10765876173614851,0
0,0.11514484805557079,0
1,0.4744277305983467,1
1,0.3763421320426791,1
0,0.09545444820874727,0
0,0.4201270390771309,1
0,0.09870214299012786,0
0,0.3401341056853705,0
0,0.5582467111006872,1
0,0.6974133395746569,1
0,0.22596466743322485,0
0,0.11478715563033427,0
0,0.09343215855033592,0
0,0.933753426211673,1
0,0.13845232072960822,0
0,0.38588279278463433,1
0,0.4595761072249236,1
0,0.19074515506277803,0
0,0.11908536196942597,0
0,0.2515527384530101,0
0,0.08229725717347135,0
0,0.13139046218098172,0
0,0.17344639966718692,0
0,0.15884820873427427,0
0,0.7886964023304536,1
0,0.08632477955571505,0
0,0.1915730018234306,0
0,0.28044508497251086,0
0,0.05419665289815422,0
0,0.0710190883162662,0
0,0.600282264084136,1
0,0.10927708314510956,0
0,0.5592668041663077,1
0,0.8077316955888323,1
0,0.13286399017403117,0
0,0.14017261882371504,0
0,0.11364862916819952,0
0,0.4947710661832485,1
0,0.6297478829458166,1
0,0.09688694332144368,0
0,0.11475199777045861,0
0,0.45893883289059306,1
1,0.5434553882792992,1
1,0.37601027666527015,1
0,0.1384583357875197,0
0,0.3695164143450559,1
0,0.5741870314273878,1
0,0.22875948603393625,0
0,0.09028409929304257,0
0,0.13533856288078183,0
0,0.06399716873266832,0
0,0.17835821433684435,0
1,0.3662346403830989,1
1,0.755212467118487,1
0,0.2589550294364203,0
0,0.7351227556796456,1
1,0.9146091407866718,1
0,0.16322573239312776,0
0,0.191535439726228,0
0,0.6130624914530006,1
1,0.48040042644408504,1
0,0.0924617096813572,0
0,0.11428317311881889,0
0,0.17387697866627544,0
0,0.0887631717713508,0
0,0.299700464471995,0
0,0.11946620990509657,0
0,0.17634330654877994,0
0,0.10914333128295878,0
0,0.11538013307808609,0
0,0.6113762336727857,1
0,0.1114212237484237,0
0,0.3744175406847204,1
0,0.10822517298146797,0
1,0.9664360251849535,1
0,0.12871773345401555,0
0,0.09317490454231765,0
0,0.5709767730699012,1
0,0.3070267292932069,0
0,0.12765058765690265,0
0,0.6407808389087731,1
0,0.11529819913971705,0
0,0.3137473040713897,0
0,0.11990922238045859,0
0,0.8700931042098378,1
0,0.11024075365143408,0
0,0.16575306002430654,0
0,0.5401019546817597,1
0,0.1543886404440622,0
0,0.33662942467483115,0
0,0.3155458908044775,0
0,0.5342585709176197,1
0,0.32296170251504286,0
0,0.18379747266253613,0
0,0.10340372955672227,0
0,0.14470741295955508,0
0,0.6270963026392357,1
0,0.25966869098367845,0
0,0.1585761876449438,0
0,0.09548711413159051,0
0,0.06904143335836266,0
0,0.3633674177409457,1
0,0.14472640297011358,0
0,0.11656529280837342,0
0,0.10983115437840711,0
0,0.22777053581054588,0
0,0.10196988312454297,0
0,0.41209611562773024,1
0,0.1293036708883557,0
0,0.6917748391238442,1
0,0.7970854065768199,1
0,0.45704698713358777,1
0,0.14174328161774447,0
0,0.1623461996081745,0
0,0.5089713740998719,1
0,0.22004601316199565,0
0,0.5627535268181887,1
0,0.3847968814479523,1
0,0.28011806030898434,0
0,0.45592274831523394,1
0,0.14881360754378048,0
0,0.6894892012455408,1
0,0.14777141031645052,0
0,0.5712778489777502,1
0,0.17983328317416467,0
1,0.9552892629616825,1
0,0.16881775238489694,0
0,0.4583993300136179,1
0,0.21131932457252448,0
0,0.3742255382463759,1
0,0.33667282481921224,0
0,0.38168858507138986,1
0,0.3958827437633197,1
0,0.05599333838050047,0
0,0.3376643191049997,0
1,0.9348548996632513,1
0,0.08008260738669103,0
0,0.1345203412834944,0
0,0.14444829552778307,0
0,0.16679166912024898,0
0,0.22508017983695894,0
0,0.22674917510288292,0
0,0.08098098065203771,0
0,0.07581916131845201,0
1,0.7960389157717307,1
0,0.2008219313950996,0
0,0.30703212734672375,0
0,0.07734178610540192,0
0,0.09061987641994629,0
0,0.11625388344388236,0
0,0.09841823335125206,0
0,0.158629104660568,0
0,0.2836311814415896,0
0,0.11423549547728738,0
0,0.09154753234872297,0
0,0.08055208552719281,0
0,0.1660181496685614,0
0,0.3842180172220472,1
0,0.3369949192903397,0
0,0.16701209321073174,0
0,0.8240581766821297,1
0,0.7023929530278252,1
0,0.6294097124055905,1
0,0.6219770898623663,1
0,0.10574206847869415,0
0,0.21744254898866383,0
0,0.14067574300185878,0
0,0.8081877169921347,1
1,0.4299538838869528,1
0,0.19263058357656918,0
0,0.1437036779196404,0
0,0.14305890048517164,0
0,0.3647950474697032,1
0,0.47009095138888524,1
0,0.569238320309227,1
0,0.14740517767198752,0
0,0.7150957206771845,1
1,0.596519768157899,1
0,0.06531220383072318,0
0,0.14565637592270417,0
0,0.3771871188821275,1
0,0.7690936457247591,1
1,0.7383453385416,1
0,0.19824235038095953,0
0,0.43194594281542115,1
0,0.3250163319512424,0
0,0.1844233292734768,0
0,0.06322155579325262,0
1,0.9086566208539206,1
0,0.677106046387684,1
0,0.817103607584697,1
0,0.10348622527954651,0
1,0.8949853137745377,1
0,0.08733902284239546,0
0,0.07366580784639964,0
0,0.6997383694335378,1
0,0.11777745073901674,0
0,0.3891914858223851,1
0,0.1032413825157917,0
0,0.08379094393893936,0
0,0.05430685678917372,0
0,0.7237479026109641,1
0,0.2973571342115316,0
0,0.13678538531439294,0
0,0.1316543727510545,0
0,0.6559558535441096,1
0,0.13792007006401893,0
0,0.3830990082558918,1
0,0.22308354426244453,0
0,0.11814434312655694,0
0,0.09682356222547724,0
0,0.08027710995743184,0
0,0.1179163147703927,0
0,0.07687066771675477,0
0,0.163725701247814,0
0,0.7406663069549693,1
0,0.2963831618300889,0
0,0.23314978539373707,0
0,0.1995131512839223,0
0,0.7897905630339269,1
0,0.6197742425399799,1
0,0.5018101063838137,1
0,0.21416954641088168,0
0,0.18342816955099822,0
0,0.09551271313770743,0
0,0.1900902044225363,0
0,0.560308939252656,1
0,0.19273136831795828,0
0,0.14632958484023093,0
0,0.13447060562944887,0
0,0.774049237001583,1
0,0.8961263305071159,1
0,0.24481792292225255,0
0,0.3984923349576703,1
1,0.8119992801629832,1
0,0.4413150560148089,1
0,0.11895310422757234,0
0,0.12234604340959536,0
0,0.05553942992557941,0
0,0.1766927613176254,0
1,0.5034115736038803,1
0,0.11375853971086189,0
0,0.12885078914629475,0
0,0.13337846623463853,0
0,0.11053747297468033,0
0,0.565163820711572,1
0,0.43628824915823117,1
0,0.43197489506001463,1
0,0.3946767872117668,1
0,0.14535258583814994,0
0,0.14238661918138518,0
0,0.5011154707687122,1
1,0.8683575323220448,1
0,0.8581172074845856,1
0,0.15354658077579553,0
0,0.24803962849294364,0
0,0.2626786487664821,0
0,0.4534647504176732,1
0,0.07013819516697067,0
0,0.7996261224605897,1
0,0.06704619000970989,0
1,0.6398491036796168,1
1,0.8839715043491077,1
0,0.3457773352910942,0
0,0.2755474367502964,0
0,0.08326085198225185,0
0,0.23735826900333015,0
0,0.10236231036948927,0
0,0.2972463781611488,0
0,0.42970504465966275,1
0,0.21445540806914906,0
1,0.848819934675309,1
0,0.15424421835860141,0
0,0.4371789767201367,1
1,0.9519471339717266,1
0,0.21591107283454833,0
0,0.8347137117880824,1
0,0.5434669400302681,1
1,0.30826749587493524,0
0,0.17091836506136876,0
1,0.9326455262939881,1
0,0.17667612510997113,0
0,0.1563134362029563,0
0,0.1179876323180707,0
0,0.5845926695819621,1
0,0.12937226725215925,0
0,0.05364681307979352,0
0,0.34295173504948895,0
0,0.1232977789899288,0
0,0.7962776227466903,1
0,0.842883681558174,1
0,0.08422851819026535,0
0,0.2933917498162472,0
0,0.12523041588609513,0
0,0.40242401465555894,1
0,0.21729946864132008,0
0,0.30497034037892706,0
0,0.09635254986439375,0
0,0.5547357410526849,1
0,0.3322372243323,0
1,0.8319962770387718,1
0,0.16273932762717416,0
0,0.9338852669621639,1
0,0.6024130267879624,1
0,0.14471774519465028,0
1,0.4379764351742903,1
0,0.10458408143120732,0
0,0.4299767567871294,1
0,0.46180854558956014,1
0,0.5520651373704096,1
0,0.11128640957580839,0
0,0.11138324042351916,0
0,0.41995641873931744,1
0,0.3650441761420584,1
0,0.4685914593242494,1
0,0.06035493153221701,0
0,0.13414874297163942,0
0,0.5074344547074128,1
0,0.22215096708567433,0
0,0.14616497137197895,0
0,0.358211873218949,1
0,0.5368464283739812,1
0,0.6690084420955692,1
0,0.2127254727407285,0
0,0.1405442624745589,0
0,0.6380481970835575,1
0,0.0728467826874212,0
0,0.3077899935799958,0
0,0.09076648639456097,0
0,0.16232983928296216,0
0,0.5321497387502803,1
0,0.154348960595973,0
0,0.8350858617922813,1
1,0.9270235842036876,1
0,0.13830990047241754,0
0,0.06612900352718984,0
0,0.4009011628037622,1
0,0.27610771531645656,0
0,0.14247249257283603,0
0,0.17549606317726613,0
1,0.8369790983603274,1
0,0.5350915894264872,1
0,0.13884101789233963,0
0,0.12463673959708446,0
0,0.5575459046952683,1
0,0.1685925313875423,0
0,0.9470458628260654,1
0,0.4028196983737407,1
0,0.19204903118241637,0
0,0.13242738710698038,0
1,0.5141779550559256,1
1,0.6212199067548319,1
0,0.5738335515268246,1
0,0.4077414430963039,1
0,0.09290349738589031,0
0,0.16254160652246474,0
0,0.12561052473724307,0
0,0.11968187740250787,0
0,0.34381733532651226,0
0,0.39909106782711035,1
0,0.20496207276002187,0
0,0.11298957773400518,0
0,0.40792179452283,1
0,0.27621537510300165,0
1,0.43547251876858195,1
0,0.14702387962318744,0
1,0.5564880596817807,1
0,0.46275711419110316,1
0,0.06463086291576882,0
1,0.913923387799785,1
1,0.22606258900118684,0
0,0.4864322081532146,1
0,0.0868742733024213,0
0,0.09218131568684587,0
0,0.12380091533834574,0
1,0.8793217841279,1
0,0.08241602815959818,0
0,0.7564348117627773,1
0,0.29640497825369794,0
0,0.3465110749604884,0
0,0.1938113093407545,0
0,0.11029865080875102,0
0,0.1382317953934554,0
0,0.08150753182128401,0
0,0.1228843105568433,0
0,0.23639254442438296,0
0,0.6287940303947894,1
0,0.0980833422179337,0
0,0.12986599657631315,0
0,0.35948994056470235,1
0,0.16642877663781452,0
1,0.9473531234219348,1
0,0.12307594184844102,0
0,0.26840650170059555,0
1,0.2459477937956143,0
0,0.583191167662016,1
0,0.07754826931207207,0
0,0.12870478536883068,0
0,0.3219599500338513,0
0,0.6798671028883128,1
0,0.1274675084241791,0
0,0.7111239093421158,1
1,0.5263911302506956,1
0,0.1309044127244876,0
0,0.5468077610009351,1
0,0.5828871452859364,1
0,0.132371420990821,0
0,0.07706642419846582,0
0,0.14822774051465218,0
0,0.5924288619897715,1
1,0.9635773478717182,1
0,0.2826359843483037,0
0,0.08183312946326513,0
0,0.3760822838665554,1
0,0.2456540881599668,0
0,0.13936342837987473,0
0,0.5513102527584611,1
0,0.09081402884978429,0
0,0.11793245380007468,0
0,0.2914444651196107,0
0,0.6163488411658883,1
0,0.400369706043206,1
0,0.8319358814020559,1
0,0.661559610886574,1
0,0.16083645038988645,0
0,0.09817372618485068,0
0,0.2578893078916696,0
0,0.10809179566254817,0
0,0.2611442349257894,0
1,0.7500785433702396,1
0,0.821313767406668,1
0,0.16939273403629304,0
0,0.133940997885335,0
1,0.6749661071667196,1
0,0.38753401459306724,1
0,0.33740879803974844,0
0,0.08565671690973185,0
0,0.1475058897819783,0
0,0.8062574897147389,1
0,0.1050978573685343,0
0,0.10268760275035277,0
0,0.2784627017497498,0
0,0.7081425070627809,1
0,0.13511718104117426,0
0,0.11531393300416433,0
1,0.8860232733557319,1
0,0.5689389330414177,1
0,0.5293457819793882,1
0,0.16936384943601338,0
0,0.29155897444327544,0
0,0.13400883326120738,0
0,0.09863310289889325,0
0,0.18628297429689344,0
0,0.5218810706551704,1
0,0.061037204640322806,0
0,0.3562286441317867,1
0,0.07981024125226344,0
0,0.4612835907753052,1
0,0.7848717728605298,1
0,0.10612977624479857,0
0,0.19204808083221742,0
0,0.06077234725198162,0
0,0.09282287679634114,0
0,0.15664416960684113,0
0,0.4680010068619101,1
0,0.2753436702227992,0
0,0.34418466017305943,0
0,0.9207803179400692,1
0,0.22439788567767727,0
0,0.0668663908614872,0
0,0.08766778232037392,0
0,0.09260652261300274,0
1,0.6782360643743282,1
1,0.9419513527129181,1
0,0.14843597593966387,0
0,0.32949688218875034,0
0,0.25758868019167913,0
0,0.17315814359945791,0
1,0.5055810830338356,1
0,0.3130336787992223,0
0,0.7675536959148616,1
0,0.3245335050969249,0
0,0.9470856327161854,1
1,0.9463451830284466,1
0,0.1364554191437279,0
0,0.6260220346327962,1
0,0.19956247239654473,0
0,0.4077974979031249,1
0,0.1219157395093158,0
0,0.7623880200048843,1
0,0.6274138934300736,1
0,0.13124739177755163,0
0,0.08752241926284945,0
1,0.8861006528554867,1
0,0.07860705747387818,0
0,0.20188735186158377,0
0,0.262940640580543,0
0,0.14683941084064706,0
0,0.17724117019586771,0
0,0.4396884527330831,1
1,0.569956602312358,1
0,0.5991490508732225,1
0,0.22181176186559212,0
0,0.49289865374746844,1
0,0.29320975065084687,0
0,0.15576732598468063,0
0,0.2211466413186212,0
0,0.6407604277443965,1
0,0.1734090349559215,0
0,0.4474866963442891,1
0,0.5882125506542478,1
0,0.43269314347780335,1
0,0.423898133133268,1
0,0.1633029492279943,0
0,0.8950927843750859,1
0,0.1356666312413427,0
0,0.11309037072323752,0
0,0.23887497925536574,0
0,0.10496465748117564,0
0,0.10402338386944415,0
1,0.5378863133380724,1
0,0.4786996810945061,1
0,0.11795999271058108,0
1,0.902107666931076,1
0,0.1391837376718533,0
0,0.2046370539899648,0
0,0.11235820799006149,0
1,0.8770785304381669,1
0,0.15557221448260172,0
0,0.2139607817169096,0
0,0.3842224440066914,1
0,0.08748176201440667,0
0,0.17263748032571183,0
0,0.18579823563127096,0
0,0.15788011307543665,0
0,0.1546061529027165,0
0,0.5169752499616395,1
0,0.15118858543514377,0
0,0.16746347545615017,0
0,0.11499073800083612,0
0,0.7280455701975846,1
0,0.4176813805543423,1
0,0.6644531122482965,1
0,0.13332159237020186,0
0,0.14640226542549875,0
0,0.14845044559544612,0
0,0.9026680374517434,1
0,0.2988322188302927,0
0,0.5366697290203064,1
0,0.17241495418364264,0
0,0.28774129598617537,0
0,0.11918101223455539,0
0,0.06339885630632704,0
0,0.25789556484074316,0
0,0.16116123155209355,0
0,0.1415848362268401,0
0,0.12245542828784567,0
0,0.5700349805472703,1
0,0.1377817857150651,0
0,0.49846033819037494,1
0,0.19116203937914408,0
0,0.41571547275163256,1
0,0.7651008800122883,1
0,0.07926913677281906,0
0,0.13077069763424187,0
0,0.5626594234084441,1
0,0.11928088593874572,0
0,0.48133070277775925,1
0,0.20066174418416444,0
0,0.3987753814880055,1
0,0.1193144296434761,0
1,0.7253024797352706,1
0,0.17351108454071923,0
0,0.11421186978486127,0
0,0.0804337905464426,0
0,0.5257159353633191,1
0,0.05832086176957196,0
0,0.21390202678659367,0
0,0.4995075871780126,1
0,0.22665419164517492,0
0,0.061213805984673166,0
0,0.1194540529567847,0
0,0.1263670928756315,0
0,0.21193262517116626,0
0,0.7339384253435433,1
0,0.35866304536815485,1
1,0.33724229315540627,0
0,0.1752523362276836,0
0,0.21629929196244665,0
0,0.9331517889520018,1
0,0.10002581159747091,0
0,0.09923963206867323,0
0,0.1202028381367905,0
0,0.15828063574451312,0
0,0.38288753407497816,1
0,0.11536211034260503,0
0,0.4161240290767462,1
0,0.44820110539063024,1
0,0.0826706631677285,0
1,0.5029726808244724,1
0,0.3751756113665828,1
0,0.8145689591407087,1
0,0.1178514796627478,0
0,0.08288781018238991,0
0,0.4814186158434493,1
0,0.080047957399101,0
0,0.1113716341154862,0
0,0.12693301679484595,0
0,0.07811282719156741,0
0,0.11121082100934011,0
0,0.08423330937492886,0
0,0.1846121868258511,0
0,0.11191019450098312,0
0,0.5268796718429027,1
0,0.20783886486973926,0
0,0.1197862510581046,0
0,0.19690993354491446,0
0,0.29523271174031385,0
0,0.44974716525261066,1
0,0.16475539092258923,0
0,0.30828931482417726,0
0,0.3247509019295377,0
0,0.5565072531509507,1
0,0.08090116588897196,0
0,0.337941068541042,0
0,0.23166163796376463,0
1,0.9561862308553735,1
0,0.1539738580171687,0
0,0.310642214095045,0
0,0.26073553409310296,0
0,0.22898442834010357,0
0,0.10303108901873287,0
0,0.291790062039504,0
0,0.23696366343965772,0
0,0.09198090384945716,0
0,0.11197658948309169,0
0,0.26121700754342875,0
0,0.07659689473852396,0
0,0.055764773404702705,0
1,0.20893278442917437,0
0,0.12096682257998602,0
0,0.21014559848090972,0
0,0.46075161687152844,1
0,0.39419829640706106,1
0,0.17306625343100618,0
0,0.5754827911437895,1
0,0.07732308915341153,0
0,0.22523064097501405,0
0,0.30399853337577337,0
0,0.15679733509838237,0
0,0.11519518848908769,0
0,0.3940567024592578,1
0,0.3757720782144052,1
1,0.7948532590157581,1
0,0.36230167680732805,1
1,0.7607559226342431,1
0,0.5526191432276686,1
0,0.18940971994481232,0
0,0.15280929996630757,0
0,0.5871302962801509,1
0,0.35844564776333887,1
0,0.49132471862464544,1
0,0.231561778437023,0
0,0.4242209703839695,1
0,0.14518249494823968,0
0,0.649635109628226,1
0,0.3032463036951251,0
0,0.1797237924449127,0
0,0.14809417022665683,0
0,0.16142660563916636,0
0,0.27686958451154536,0
0,0.22293027206987054,0
0,0.20848888506858576,0
0,0.50057701070983,1
0,0.8613471351023778,1
0,0.11750106069097732,0
0,0.07698069892224027,0
0,0.29567324440258874,0
0,0.5572451488598931,1
0,0.4726657250077597,1
0,0.1256537139481416,0
0,0.46414167795627265,1
0,0.19701154885060182,0
0,0.08591272416554029,0
0,0.09015485501117879,0
0,0.5276457785818807,1
0,0.3746140098691702,1
0,0.36240543064974534,1
0,0.07315615566213615,0
0,0.1272049368011871,0
0,0.5626335286855233,1
0,0.13370991461786932,0
0,0.13086845523574328,0
0,0.33544788042886675,0
0,0.9363324760852204,1
0,0.09350136858488045,0
0,0.55693762965225,1
0,0.3575994806177936,1
0,0.10474569398571991,0
0,0.09651800325111594,0
0,0.25943425116441016,0
1,0.6643681796423277,1
0,0.05264304727862759,0
0,0.8574165701319354,1
0,0.41398787189909886,1
0,0.5828412489517748,1
0,0.41310966830371,1
0,0.16573728544085148,0
0,0.3327117231906895,0
0,0.08177881643091488,0
1,0.6432671698846429,1
0,0.15019639768710222,0
0,0.08399287364530189,0
0,0.18118849254672836,0
0,0.16501287894861827,0
0,0.9095362791145667,1
0,0.14070070511263033,0
0,0.27537836147964617,0
0,0.2812920954286677,0
0,0.0920217499145186,0
0,0.625316262360961,1
0,0.20867703187230255,0
0,0.6086645682182038,1
0,0.21627435938370534,0
0,0.10568527486550312,0
0,0.23475545762948816,0
0,0.41853029380148865,1
0,0.4966933872459501,1
0,0.062567989647766,0
0,0.09179854692361969,0
0,0.1472433226228219,0
0,0.09955066381641603,0
0,0.17655922323531423,0
0,0.25337983688684645,0
0,0.3889527306067017,1
0,0.18957892287696942,0
0,0.495376629329249,1
0,0.17625426960079063,0
0,0.11587855944960711,0
0,0.3554319386422274,1
0,0.10264329235836357,0
0,0.3444261030792745,0
0,0.2278749438966707,0
0,0.07808141729270104,0
0,0.6080560178015522,1
0,0.38588839734558283,1
0,0.0565731198876589,0
0,0.14664005099871852,0
0,0.09476691296148551,0
0,0.39046735300076907,1
0,0.26723862901399675,0
0,0.43323799744162933,1
0,0.722632878526155,1
0,0.36455638252772704,1
1,0.7915275178629249,1
0,0.06556736058872815,0
0,0.3748576363413753,1
1,0.5851293294321663,1
0,0.14757193910078267,0
0,0.09827510073214682,0
0,0.8063075538909253,1
0,0.7665013864949863,1
0,0.7817089812694371,1
0,0.5384067281799597,1
0,0.0522159116074516,0
0,0.35088311827363644,1
0,0.09405674134872805,0
0,0.10399209513932485,0
0,0.20742636449275575,0
0,0.18565954115521044,0
0,0.4106155040549199,1
0,0.17530492226364872,0
0,0.3055425362273695,0
0,0.5557667086251288,1
0,0.21410407871561507,0
0,0.5714164018363302,1
0,0.7756549282313191,1
0,0.2710057300831099,0
0,0.18357765900179052,0
0,0.1187201960479035,0
0,0.2327945354710567,0
0,0.3921717763920846,1
0,0.16858016547854493,0
0,0.45266168714822413,1
0,0.12931885286741882,0
0,0.12597605475516405,0
0,0.056324797274759045,0
0,0.07996408511619134,0
0,0.17296954398283562,0
0,0.3192263400834107,0
0,0.07657467438274398,0
0,0.4424724970157756,1
0,0.09071768810387087,0
0,0.4258525827760917,1
0,0.0837623951121475,0
0,0.12789069361910724,0
0,0.09701914018967962,0
0,0.15573364617748076,0
0,0.20220795771151573,0
0,0.0963397870323248,0
0,0.24008380795937043,0
0,0.09198349491243518,0
0,0.07795722930734365,0
0,0.13357471087107642,0
0,0.26702809827003277,0
0,0.2954000641701445,0
0,0.5911056332828963,1
0,0.14325491415843353,0
0,0.054189094245590305,0
0,0.09058194633752574,0
0,0.12170847474814579,0
0,0.05875668311019955,0
0,0.4379957438541093,1
0,0.3391943980176998,0
0,0.08530511980218514,0
0,0.11759949384700867,0
0,0.5155207526188254,1
0,0.37846512881197847,1
1,0.8791892880002073,1
0,0.17135383932938245,0
0,0.7051235393568687,1
0,0.6001983904497427,1
0,0.127716397934252,0
0,0.0862673874369753,0
0,0.2243693036611604,0
0,0.13332084741019534,0
0,0.24129707789723853,0
0,0.16203462677470187,0
0,0.14739988100829557,0
1,0.9422662093028752,1
0,0.5041565123735755,1
0,0.1057566274688565,0
0,0.06808838956350385,0
0,0.10623370500330753,0
0,0.27609940685114215,0
0,0.2899657800431538,0
0,0.29083254922490165,0
0,0.20468435113292113,0
0,0.13771592694922258,0
0,0.5108735904118914,1
0,0.08217861893735239,0
0,0.542478668647922,1
0,0.4502942515940768,1
0,0.0764613942198311,0
0,0.263838469656999,0
0,0.12170258547950119,0
0,0.2714772577950168,0
0,0.5354212570246927,1
0,0.21533809309552596,0
0,0.12933480290579166,0
0,0.8477664427678097,1
1,0.9227576449945154,1
0,0.7840429058986152,1
0,0.1333298259672514,0
0,0.6455463239150219,1
0,0.5116495614258515,1
0,0.3165937295986217,0
0,0.7367727045172546,1
0,0.08985825360972063,0
0,0.05637756884091798,0
0,0.2715802694417063,0
0,0.21101323327377858,0
0,0.29319200310317667,0
1,0.946914018734419,1
0,0.38184960438227566,1
0,0.09554918777321403,0
0,0.12276669951664332,0
0,0.9283970121344887,1
0,0.12548507985608018,0
0,0.18471221198697987,0
0,0.20362115636197922,0
0,0.44083064367236896,1
0,0.1686058966578281,0
0,0.12017325537199122,0
0,0.6076850762179951,1
0,0.35484335510468684,1
0,0.07955191081510801,0
0,0.4638660945410977,1
0,0.11501692771108601,0
0,0.15234980501677936,0
0,0.42951757344762453,1
0,0.5505376547063582,1
0,0.6401816513257859,1
0,0.37608510516613225,1
0,0.5244199742400238,1
0,0.09828960517893857,0
0,0.2807800569766226,0
0,0.1265805646736869,0
0,0.056454649953803414,0
0,0.19811352333938903,0
1,0.8686331586351593,1
0,0.6310473030233623,1
0,0.0953731769108509,0
1,0.9121024559245213,1
1,0.061665345033635445,0
0,0.7772160333703129,1
0,0.5970123486092148,1
0,0.18944068538359804,0
0,0.37543991577324426,1
0,0.09567195228660437,0
0,0.9594648927593689,1
0,0.07965271670910971,0
0,0.2926435089293257,0
0,0.07540578531903985,0
0,0.7829920898735788,1
0,0.4260659983779359,1
0,0.3678034784087802,1
0,0.1851524133830892,0
0,0.2715945135730544,0
0,0.1031177049825457,0
0,0.1236891864869321,0
0,0.3391912054282947,0
0,0.3967028287944309,1
0,0.4959263974064091,1
0,0.24518120882527,0
0,0.09996569361922507,0
0,0.5191863649872317,1
0,0.9083637658684183,1
0,0.08309616880378339,0
0,0.6142330060381469,1
0,0.2588234260835328,0
0,0.20643675574066397,0
0,0.11242578366374928,0
0,0.48435847448656544,1
0,0.10384961167763862,0
1,0.8806669621278728,1
0,0.05550304611954676,0
0,0.34071054994323097,0
0,0.8243559865612652,1
0,0.4285341814045362,1
1,0.5324474457691958,1
0,0.3403940797118069,0
0,0.17789446504620338,0
0,0.1286310374655959,0
0,0.36925336200617775,1
0,0.3044559421647388,0
0,0.09066636270816814,0
0,0.6004281951137925,1
0,0.30088189762725037,0
0,0.08807595563347814,0
0,0.6431173186937066,1
0,0.11699350098122714,0
1,0.3310812802549071,0
0,0.1337877528016051,0
0,0.6021163975247756,1
0,0.7821805404467805,1
0,0.8890187702760327,1
0,0.4450891209089902,1
0,0.09060630942261406,0
0,0.22650704374200326,0
0,0.05760123558583054,0
0,0.09588518310071144,0
0,0.9650946800912269,1
0,0.37321351321716906,1
0,0.4567388043692854,1
0,0.5785356657778153,1
0,0.951604282079337,1
0,0.14857044567199948,0
0,0.49619815573204257,1
0,0.3681025310784838,1
0,0.5831142825935165,1
0,0.13769266500847063,0
0,0.9564693988693097,1
0,0.06957921948307169,0
0,0.10345838747019882,0
0,0.2450347384109414,0
0,0.08720996158876737,0
0,0.12844771522120405,0
0,0.12288976873108323,0
0,0.4060579017819325,1
0,0.09345984526057229,0
0,0.540323157054628,1
0,0.15387064040536053,0
0,0.41011014678654606,1
0,0.4854211397234451,1
0,0.2189372853801233,0
0,0.453135341999919,1
0,0.08474867583624707,0
0,0.38551761203535895,1
0,0.11968837065755127,0
1,0.8662004900898781,1
0,0.10390052516186257,0
0,0.36447512880272415,1
0,0.08771621977065948,0
0,0.06302429291273504,0
0,0.18496132784224664,0
0,0.12306291010775515,0
0,0.16273157936412852,0
0,0.5988214684737956,1
0,0.41383812522061403,1
0,0.8891063745922816,1
0,0.44481856841225065,1
0,0.10062676488545319,0
0,0.12581077622071551,0
1,0.1298516128330189,0
0,0.13868367481571844,0
0,0.27137493880989105,0
0,0.09209962998102608,0
1,0.9401981981626581,1
0,0.5307422948966566,1
0,0.49265309352241293,1
0,0.10642081950706933,0
0,0.15553323297939733,0
0,0.2706563390969268,0
0,0.08353068981433076,0
0,0.1538701763346286,0
0,0.34699775523247517,0
0,0.35170893157491795,1
1,0.8150059896867385,1
0,0.5246436836856149,1
0,0.13475823119713695,0
0,0.17797255533080414,0
0,0.09004342806600851,0
0,0.21613572374539203,0
0,0.13589202501280562,0
0,0.09342383020743819,0
1,0.9335614052587431,1
0,0.0949836658843292,0
0,0.17764532106220113,0
0,0.07310050050788477,0
0,0.34930871013925274,0
0,0.08878603370030051,0
0,0.18386671783162545,0
0,0.1137293994916457,0
0,0.43994929538388317,1
0,0.4471499844019682,1
0,0.12751909602882533,0
0,0.1343240799397166,0
0,0.1016460326325446,0
0,0.16456487669298306,0
0,0.40522280246832876,1
1,0.6804332637248722,1
0,0.1257256714336941,0
0,0.18462079330124267,0
0,0.08422367352346682,0
0,0.22683880345500393,0
0,0.5603395728552761,1
0,0.09338300020943334,0
0,0.11104080595799862,0
0,0.11598202218832306,0
0,0.4831691330258472,1
0,0.12987225329237911,0
0,0.21190294383844097,0
0,0.16452634728606502,0
0,0.14167854915076888,0
0,0.09918141600068989,0
0,0.924993909476487,1
0,0.33204697364028657,0
0,0.15029181701736724,0
0,0.19157396560067808,0
0,0.13925561197713354,0
0,0.2699012702825245,0
0,0.15670203639538088,0
0,0.12737733966088552,0
1,0.5017064833616942,1
0,0.24266711591679566,0
0,0.15496450794946393,0
1,0.9345181024322248,1
0,0.4436555301784993,1
0,0.7860276542125779,1
1,0.5632231991111686,1
0,0.32393943459440167,0
0,0.5673672974219492,1
0,0.09679913072607696,0
0,0.13663554457030996,0
0,0.08526779113043775,0
0,0.23522872759657537,0
0,0.0688683305874927,0
0,0.3400826294657499,0
0,0.1099555749011563,0
0,0.14199832520760206,0
0,0.12318757763957801,0
0,0.7479446278177865,1
0,0.5457639024245281,1
0,0.11623331275945283,0
0,0.07392470575158913,0
0,0.12339306226770773,0
0,0.176261394125317,0
0,0.4711014131869271,1
0,0.1740283121420081,0
0,0.3353615448688769,0
0,0.1026552326671705,0
0,0.1711340349635489,0
0,0.15476633854737104,0
0,0.13972895999527643,0
0,0.6317431292025482,1
0,0.10986084802521726,0
0,0.08441888918999225,0
0,0.12658538811859252,0
0,0.4182988159595277,1
0,0.05730854510681744,0
1,0.4245309132031154,1
0,0.16693397851408484,0
0,0.14379753103056095,0
0,0.18559103739144206,0
0,0.3228914319470033,0
0,0.1194583546594269,0
0,0.12776723528590772,0
1,0.9656552007230764,1
0,0.1427018778484429,0
1,0.3571287713750843,1
0,0.10645440193806129,0
0,0.05392421314573298,0
0,0.8527497211714298,1
0,0.1197695363198878,0
0,0.07791418742561235,0
0,0.5994526413940406,1
0,0.6758974654593053,1
0,0.11402054961647591,0
0,0.35308593599552474,1
0,0.10704146211266616,0
0,0.12982824750277244,0
0,0.09004647624182831,0
0,0.05774081054626503,0
0,0.44922128297714475,1
0,0.3664187739334984,1
0,0.1713954170741438,0
1,0.20661467694203067,0
0,0.21629290680641958,0
0,0.2538658481155795,0
0,0.1529411619079516,0
0,0.23229645914384225,0
0,0.3250695135714335,0
0,0.1710695664778512,0
0,0.21992657577379413,0
0,0.4630264363589274,1
0,0.25010289347318876,0
0,0.5417781159938758,1
0,0.12698020625153716,0
0,0.3919592596732661,1
0,0.07003727579713896,0
0,0.06110100959087808,0
0,0.07269740439086915,0
0,0.4545061436320326,1
0,0.07069337810231566,0
0,0.09768203998570005,0
0,0.2327794430056762,0
0,0.18533416246722056,0
0,0.1680350740750685,0
0,0.09884869801510734,0
0,0.28904422176704697,0
0,0.43465995668349516,1
0,0.46447057138867526,1
0,0.6504861710057632,1
0,0.18712546728870963,0
0,0.08179981971723681,0
0,0.1638772235592178,0
0,0.13209590545400543,0
0,0.13025791976881462,0
0,0.1626142167951027,0
0,0.10163055345522672,0
0,0.7457912300055676,1
0,0.10397931691175151,0
0,0.069977555909168,0
0,0.10100633859313846,0
0,0.1943535685208088,0
0,0.04942281373357821,0
1,0.9292856873645693,1
0,0.13332317357310597,0
0,0.07815809544567397,0
0,0.3306974557552937,0
0,0.15425754972555888,0
0,0.08610655037276896,0
0,0.1809699979480558,0
0,0.07332848121434651,0
0,0.21828016985737075,0
0,0.23675704444119422,0
1,0.8486234519995551,1
0,0.12220030962248016,0
0,0.28995769399637034,0
0,0.1055250570912013,0
0,0.1430410393796473,0
0,0.6120623898856068,1
0,0.49375662868357184,1
0,0.19014066911891225,0
0,0.8740221869270186,1
0,0.26314873077278167,0
0,0.13148353814197464,0
0,0.1689162797838353,0
0,0.9316023272620089,1
0,0.28562725969921665,0
0,0.5309214281244488,1
1,0.8975706892069544,1
0,0.060728949437908235,0
0,0.1778448024854807,0
0,0.1711722937824644,0
0,0.4583236979205579,1
0,0.1455899422158072,0
0,0.18618504291391783,0
0,0.3723188364373138,1
0,0.3009707897714806,0
0,0.05892445504284577,0
0,0.08156323298253272,0
0,0.17002929172260206,0
0,0.39655977105803975,1
0,0.6523643225064522,1
0,0.531030411456818,1
0,0.4187152031039995,1
0,0.4579552213193657,1
0,0.1302275904558288,0
0,0.663706410674581,1
0,0.14833629354663708,0
0,0.226172699518817,0
0,0.8066504132222542,1
0,0.08904793912594147,0
0,0.32502924552261764,0
0,0.223567281132445,0
0,0.4046629793925805,1
0,0.13259679924386017,0
0,0.0976492682526696,0
0,0.8101350733121659,1
0,0.7222673416166562,1
0,0.19869008267853944,0
0,0.4230420190601586,1
0,0.07751913055621959,0
0,0.07139037976264227,0
0,0.07191285618441007,0
0,0.26779457521232347,0
0,0.16526522748808242,0
0,0.1485573604053147,0
0,0.4770957517798155,1
0,0.40596356462681216,1
0,0.5856733578339474,1
0,0.081708985245624,0
0,0.22878675414043073,0
0,0.07657943120486063,0
0,0.15126954723879302,0
0,0.3823023572095724,1
0,0.4133680746962368,1
0,0.3202782225610687,0
0,0.17795054139564773,0
0,0.7571175732699984,1
0,0.5684811721095099,1
0,0.09285662268599283,0
0,0.12622607341622935,0
0,0.20773436094230616,0
0,0.09958565856732512,0
0,0.48903817623779083,1
0,0.21329160975575584,0
0,0.14556615160608125,0
0,0.3894714367539602,1
0,0.1076501849668493,0
0,0.11284270988931522,0
0,0.7609778606891546,1
0,0.11649275551198779,0
0,0.5350778214779904,1
0,0.05750995367845751,0
0,0.7009227675088672,1
0,0.444240894671096,1
1,0.3196520086902398,0
0,0.7365095020302647,1
0,0.17262139543607555,0
0,0.5263777459665813,1
0,0.43253659663708854,1
0,0.11825383955413618,0
0,0.6237763337864662,1
0,0.07463124418746007,0
0,0.08643210268841649,0
0,0.12683091112443093,0
0,0.05269239031203116,0
1,0.9601153266208068,1
0,0.08921817588328194,0
0,0.592037069791488,1
0,0.20294838038362856,0
0,0.17887068186261806,0
0,0.13444288503509885,0
0,0.33509828589065654,0
0,0.7640701827888731,1
0,0.07411933775950465,0
0,0.22425590059169978,0
1,0.5872491831356657,1
1,0.9110028779139255,1
0,0.21768885828819654,0
0,0.2419222297273949,0
0,0.18646647871265798,0
0,0.8348883186516473,1
0,0.1205206882034698,0
0,0.1763130812464778,0
0,0.09448534442052074,0
0,0.7883293953798015,1
0,0.11853741515278886,0
0,0.14545126066884242,0
0,0.1944295880844714,0
0,0.47856011608635307,1
1,0.9443621276533165,1
1,0.6676347944822267,1
0,0.05151970756016775,0
0,0.4210348872729405,1
1,0.824701621553377,1
0,0.3471859960279769,0
0,0.3861111338959902,1
0,0.09419586772607523,0
0,0.24492749146116444,0
1,0.5830301709032994,1
0,0.41935577475387703,1
0,0.2093267059087326,0
0,0.15625182086670372,0
0,0.24838838640074154,0
0,0.190630903752285,0
0,0.792260787673808,1
0,0.3892786632396908,1
0,0.11049712329087062,0
0,0.3601169969221443,1
0,0.10879094148759859,0
0,0.3663462880078706,1
0,0.18310972233259087,0
0,0.14162517772139285,0
0,0.48020728972869475,1
0,0.12189696535711797,0
0,0.07696318697836094,0
0,0.3313540406785698,0
0,0.16237899854227175,0
0,0.14504608565454846,0
0,0.5030673792027082,1
0,0.14261909724538982,0
0,0.4932367903857952,1
0,0.12886544059488747,0
0,0.17124932348021923,0
0,0.08363947123106635,0
1,0.9394982655306717,1
0,0.11244932776286098,0
0,0.1558928799786685,0
0,0.36367318218753153,1
0,0.23458974108293398,0
0,0.31241623130140966,0
0,0.4949719134986205,1
0,0.6858464983622241,1
0,0.17000349462425682,0
0,0.10285604463564021,0
1,0.7658737506678892,1
0,0.24638448413027642,0
0,0.10171212274977719,0
0,0.13333534037024236,0
0,0.8872537430545132,1
0,0.13703512391767136,0
0,0.6069654885633811,1
0,0.15399209323282798,0
0,0.32409047744019553,0
0,0.09640823065133484,0
0,0.13063281177205885,0
0,0.36221206714300663,1
0,0.08499491799329331,0
0,0.11659718864707616,0
0,0.4373858854044536,1
0,0.39882576918127943,1
1,0.7883339841792605,1
0,0.18109329797691598,0
0,0.6913610980650993,1
0,0.12188982960672919,0
0,0.5503883963616274,1
0,0.07869949119772637,0
0,0.22238133502114293,0
0,0.3709615589656394,1
0,0.5111964372922495,1
0,0.2077310540879388,0
0,0.5373002771808191,1
0,0.4697258496105722,1
0,0.625472530008582,1
0,0.1165302566523283,0
0,0.17466606444611307,0
0,0.20629391778366168,0
0,0.13289360535749634,0
0,0.5262002615844225,1
0,0.12825774757998903,0
0,0.20861569163959817,0
0,0.1906287782133678,0
0,0.8292005047354127,1
1,0.926631354963288,1
0,0.2461954845596215,0
0,0.10579757389064699,0
0,0.44985598419066225,1
0,0.09047248125824095,0
0,0.46111520637450565,1
0,0.13220451083342818,0
0,0.5884111403645408,1
0,0.23725454889412262,0
0,0.5502927427634612,1
1,0.5387596811962746,1
0,0.11452641485859298,0
0,0.11928368856385965,0
0,0.12416737049705809,0
0,0.5165428198905839,1
0,0.4742077166336347,1
0,0.058218269847994567,0
0,0.21638310589242063,0
0,0.3665963362193688,1
0,0.7063938267218371,1
0,0.25295819535636177,0
0,0.6032106452528682,1
0,0.12384001888126302,0
0,0.3517512129448472,1
0,0.13211746452502968,0
0,0.10553509005323804,0
0,0.145386402372771,0
0,0.8722887252437397,1
1,0.4560327633533542,1
0,0.1748689731422206,0
0,0.7630250115121174,1
0,0.4331824904694778,1
0,0.605781387846969,1
0,0.18022978469518103,0
0,0.3107812381608235,0
0,0.49185044890265534,1
0,0.13142482065182473,0
0,0.5534357440387861,1
0,0.07408348064501559,0
0,0.48956333640643557,1
0,0.31508375302753944,0
0,0.2532770299061581,0
0,0.3732439165679106,1
0,0.39688770498952985,1
0,0.13917596218099335,0
0,0.14356160607072627,0
0,0.6535870831661392,1
0,0.7252185182168551,1
0,0.16326785833745827,0
0,0.09980370053999861,0
1,0.7888621211990595,1
0,0.10364984037128307,0
0,0.403912906180401,1
0,0.8174742252348364,1
0,0.295804432466394,0
0,0.4345779491284494,1
1,0.5412547044875442,1
0,0.10303271486238706,0
0,0.12639819303517158,0
0,0.07427423947013237,0
0,0.17211428536062304,0
0,0.11881071417542739,0
0,0.07910877447535518,0
0,0.12743256843600861,0
0,0.09172835392353386,0
0,0.7494939979726875,1
0,0.07554280202207937,0
0,0.16550405645399754,0
0,0.23421145211799824,0
0,0.11087602025279383,0
0,0.7494970863948764,1
0,0.7389463803163553,1
0,0.26236436806413516,0
0,0.09312469096043374,0
0,0.10234123359131557,0
0,0.10786111798092592,0
1,0.7875355942914856,1
0,0.11560785984380459,0
0,0.15368854514118835,0
0,0.1575956432172412,0
0,0.5124091807000214,1
0,0.10187404648922106,0
0,0.23271177089273887,0
0,0.06907741704406517,0
0,0.13839753012104242,0
0,0.35916324544254224,1
0,0.23609102299684845,0
0,0.7902301326607711,1
0,0.15156788453327372,0
0,0.0673342536059498,0
0,0.12146093740833701,0
0,0.11865654603764068,0
1,0.6540364767673503,1
0,0.5207475956155123,1
1,0.6617976807977174,1
0,0.10554420177045504,0
0,0.1757904784557665,0
0,0.3777362309719387,1
0,0.1010176528734978,0
0,0.2053887495210087,0
0,0.16027513889695172,0
0,0.11845329741617915,0
0,0.5620180820928244,1
0,0.17099227923183294,0
0,0.8889121715690494,1
0,0.39437622981493603,1
0,0.345049861984743,0
0,0.5382763522287193,1
0,0.10776630808314987,0
0,0.10569237909853,0
0,0.12868947359740368,0
0,0.48662370195670285,1
0,0.10506053772274236,0
0,0.15703316455811417,0
0,0.26450019936552055,0
0,0.0896677159140041,0
0,0.20404165894697013,0
0,0.5097501713390933,1
0,0.053163369100897695,0
0,0.49487473799921333,1
0,0.34897949705376285,0
0,0.16131280996080996,0
0,0.1584997810783525,0
0,0.07279345474335508,0
0,0.2476767248482701,0
0,0.21093148325525138,0
0,0.5952287615795856,1
0,0.3373543315256105,0
0,0.2958741279586478,0
0,0.11799726635736635,0
1,0.6127873084465016,1
0,0.7927064072739568,1
0,0.7192396987596961,1
0,0.8637854707724305,1
0,0.5500321183873108,1
0,0.05568288394749644,0
1,0.91046831871619,1
0,0.9396518635173298,1
0,0.07999975360501098,0
1,0.7925120479423308,1
0,0.10610490658070343,0
0,0.11221350878437825,0
0,0.6400504776110896,1
0,0.6832507323180974,1
0,0.8269800799586051,1
0,0.6549504789706341,1
0,0.34290017595254735,0
0,0.3414027154671301,0
0,0.08877432863380133,0
0,0.21725610112107901,0
0,0.15767769063370007,0
0,0.3126092202404805,0
0,0.2557809733107976,0
0,0.15416321636659083,0
0,0.07156605405109537,0
0,0.5133161533781246,1
0,0.14460247232890558,0
0,0.38453804158978167,1
0,0.37754906441013886,1
0,0.4981132870666073,1
0,0.14151184093070973,0
0,0.18451367604133773,0
0,0.25535401027522087,0
0,0.11463176319632686,0
0,0.22731188748449757,0
0,0.08808218849029514,0
0,0.6510783804024102,1
0,0.17423026551441484,0
0,0.20861322812838692,0
0,0.07556225383760665,0
0,0.5479171904511986,1
0,0.10864691819164446,0
0,0.07217057513910123,0
0,0.32665765152389875,0
0,0.4621092245544246,1
0,0.12324613058398742,0
0,0.19878083623830922,0
0,0.5361481687473422,1
0,0.2679837436613343,0
0,0.12017456863614584,0
0,0.07516073350219027,0
0,0.17676627797902,0
0,0.47838107529366664,1
0,0.8237132973586864,1
0,0.45003978386853905,1
0,0.20348833439041114,0
0,0.0921679319184574,0
0,0.46234565014936274,1
0,0.13027912641469724,0
0,0.5727422408776396,1
0,0.18075664736866617,0
0,0.05621525971871686,0
0,0.8013802144700586,1
0,0.7334036897609847,1
0,0.14132573983527272,0
0,0.20853732880572623,0
0,0.5830416090965297,1
1,0.9578342831557175,1
0,0.22836027524538366,0
0,0.22524160550050568,0
0,0.09404386030141093,0
0,0.11680554536555836,0
0,0.6277001796721303,1
0,0.15624683223617764,0
0,0.1402495210464193,0
0,0.46849497766655096,1
0,0.08214712940333448,0
0,0.44088597091429904,1
0,0.08803137115663555,0
0,0.08505141709443645,0
0,0.13327549147777945,0
0,0.09130779926574166,0
0,0.3870968166896205,1
0,0.34701188049125326,0
0,0.12333435632692921,0
0,0.10836595059699543,0
0,0.09442891987223144,0
0,0.08281640099257975,0
0,0.05077785467518433,0
0,0.22209968515950942,0
0,0.3161275426522743,0
0,0.15046207357484306,0
0,0.539416262782545,1
0,0.31778410004960134,0
0,0.377144024645156,1
1,0.25820881894643116,0
0,0.18816656738958973,0
0,0.37021559020540407,1
0,0.12475388981040232,0
0,0.7577112245852694,1
0,0.09204162494207989,0
0,0.054939465070145486,0
0,0.420640404850776,1
0,0.3745866458192434,1
0,0.12162840193976104,0
0,0.12554722442194177,0
0,0.17954781711533954,0
0,0.08411192559617015,0
1,0.715612233093264,1
0,0.1082671385533286,0
0,0.19811510155391276,0
0,0.5080439635897036,1
0,0.10536496676127452,0
0,0.6006664076669055,1
0,0.10900899731654522,0
0,0.21449571771972686,0
0,0.4954335728836,1
0,0.8950756354319002,1
0,0.2133785742470505,0
0,0.09398951176528512,0
0,0.2873228326344141,0
0,0.06836433260638969,0
0,0.08292578127901468,0
0,0.07273906255704572,0
0,0.07617431046681325,0
0,0.2167826143274857,0
0,0.2106984817725996,0
0,0.14967012287365075,0
0,0.3833829036934343,1
0,0.15327719277652835,0
0,0.31581576504410264,0
1,0.9236648294619424,1
0,0.4957021279236537,1
0,0.5964713907708907,1
0,0.1278505281687831,0
0,0.28572322435302494,0
0,0.14066492410602055,0
0,0.06725690130065938,0
0,0.17526126920155566,0
0,0.20536996940900468,0
0,0.33528208935479153,0
0,0.07788525117855843,0
0,0.2839438421499984,0
0,0.15315217813111992,0
0,0.537697282681297,1
0,0.05976077613222884,0
0,0.5435484993466911,1
0,0.5110477771619468,1
0,0.20006078205164873,0
0,0.3747456447960923,1
0,0.23061073680745348,0
1,0.14950121124734822,0
0,0.2105498552786034,0
0,0.357597930351717,1
0,0.10173626423425462,0
0,0.33539579749890247,0
0,0.8661421088992404,1
0,0.1201495751241544,0
0,0.4764259422454138,1
0,0.5539146193639511,1
1,0.9098186197914885,1
0,0.31118218075299703,0
0,0.12976940867918477,0
1,0.20643339027738936,0
0,0.43082331856767886,1
0,0.15265216835667428,0
0,0.08415526514941267,0
0,0.17808373506051192,0
0,0.7140097631516286,1
0,0.1583723944361364,0
0,0.12580882150335337,0
0,0.22735883925159725,0
0,0.2128804230473211,0
0,0.1354123348777544,0
0,0.3963308779952029,1
0,0.08617009123337878,0
0,0.8687824908712041,1
0,0.26346253615725285,0
0,0.7994072873511009,1
0,0.08117043582196991,0
0,0.30378475519379633,0
0,0.06013691864650807,0
0,0.11721011131358075,0
0,0.556189163265936,1
0,0.408206416066951,1
0,0.13334582840947645,0
0,0.4534508249344215,1
0,0.7592799387740812,1
0,0.47474395240994444,1
0,0.7038936127310904,1
0,0.4074636104593035,1
0,0.5546534823226066,1
0,0.17721192488889811,0
0,0.14834290927277605,0
0,0.17167925029809036,0
0,0.07334309882864419,0
0,0.1449965329024524,0
0,0.09055374421252392,0
0,0.8816778732107925,1
0,0.19154327724630413,0
0,0.80330151226985,1
0,0.10823198176236258,0
0,0.07862227959060286,0
0,0.6994667423698272,1
0,0.22662669980395866,0
0,0.10495191878605221,0
0,0.11051711931823308,0
0,0.5778011786394144,1
1,0.3566339870690014,1
0,0.2794862584476798,0
0,0.3683899156728885,1
0,0.27943067223949764,0
0,0.12271923734111444,0
0,0.10783614054082484,0
0,0.5276208151287156,1
0,0.08290732227956682,0
0,0.34210210061188073,0
0,0.3308436141808606,0
0,0.19817249933917735,0
0,0.36321845915246925,1
0,0.7242472328314474,1
0,0.2864132747636266,0
0,0.18468662871381622,0
0,0.20642393052524058,0
0,0.279306486740916,0
0,0.1216039828940531,0
0,0.21347357650077128,0
0,0.3273861245889455,0
0,0.10275066202364949,0
0,0.09054792460779729,0
0,0.4324940257913018,1
0,0.23396486502490854,0
1,0.9449378696043882,1
0,0.5069701359511953,1
0,0.8637221542720386,1
0,0.4767393879200848,1
0,0.2541436651536583,0
0,0.08269465587419515,0
0,0.05751481287452538,0
0,0.0844582846459057,0
0,0.07299867882548225,0
0,0.0934348657725469,0
0,0.1021732601475764,0
0,0.2208422443793041,0
0,0.09080115214023499,0
0,0.3970879077048409,1
0,0.1666582365676508,0
0,0.23405864718091485,0
0,0.13925476829814612,0
0,0.7255308015455035,1
0,0.21577936196566058,0
0,0.26862515107742063,0
0,0.14400238884589509,0
0,0.8689623925813538,1
0,0.15966577033699694,0
1,0.4235085344559968,1
0,0.1090338017494587,0
0,0.19575541413426456,0
0,0.21035673306811878,0
0,0.12033505959028937,0
0,0.10481856293893042,0
0,0.09227594046330677,0
0,0.152434941929829,0
0,0.3754341627494605,1
1,0.8670543797274884,1
0,0.4576680654397264,1
0,0.05321140169352993,0
0,0.16955474783752897,0
0,0.4282573875364379,1
0,0.34096862455171045,0
0,0.12657047297755078,0
1,0.9449763077567593,1
0,0.5886025267527807,1
0,0.491029264693754,1
0,0.4176909042980198,1
0,0.29531002164770515,0
0,0.22439829126993496,0
0,0.10334973269356221,0
0,0.06596020747335958,0
0,0.6128282281462029,1
0,0.4306610204994929,1
0,0.15174157634293253,0
0,0.19126039729351485,0
0,0.07726273314110255,0
0,0.5619559668584891,1
0,0.3058750853939208,0
0,0.8893027117857208,1
0,0.9480587185832866,1
0,0.4187897446249159,1
0,0.08460541883483996,0
1,0.8776174394037803,1
0,0.4991213383852672,1
0,0.15309194034408166,0
0,0.3999478606603857,1
0,0.34035300947470765,0
0,0.08193547465756292,0
0,0.3923863753048612,1
0,0.07568424552335205,0
0,0.2614495311652502,0
0,0.06381070809557955,0
0,0.15364462987330343,0
0,0.10116932154778037,0
0,0.09538169535272871,0
0,0.23959271845750152,0
0,0.9316114002837458,1
0,0.16756692313888433,0
0,0.30193117864858315,0
0,0.7874717468425064,1
0,0.15517455587053283,0
0,0.35572983612294434,1
0,0.5263738250474265,1
0,0.35918975090469685,1
0,0.36828730521369657,1
0,0.1715945999403674,0
0,0.10807565050197465,0
1,0.8441216026795965,1
0,0.309312413915425,0
0,0.820645519016728,1
0,0.1935843096148898,0
0,0.829966706766437,1
0,0.32928868069238687,0
0,0.4251701518187117,1
0,0.08249616744853255,0
0,0.19666068598753664,0
0,0.1853179723541525,0
0,0.16220182527456906,0
0,0.06780559931215069,0
1,0.8634829732513611,1
0,0.20662643489987254,0
0,0.3809839980189256,1
0,0.09246379635052672,0
0,0.5850076636912483,1
1,0.7881624142569211,1
0,0.3688773000242286,1
0,0.12918698114043634,0
0,0.43500837890889243,1
0,0.8140245326369091,1
0,0.13392104938751598,0
0,0.2240783952415353,0
0,0.9344073700916833,1
1,0.581853650541274,1
0,0.6036546594800547,1
0,0.23210735833219,0
0,0.07061352616626439,0
0,0.11504532281977398,0
0,0.17939520688594257,0
0,0.13863891307660633,0
0,0.10680121116550194,0
0,0.08740752040950148,0
0,0.5175018472535672,1
0,0.1300535525936118,0
0,0.06156283009173033,0
0,0.1348516070459044,0
0,0.35926012657249273,1
0,0.07312400849633795,0
0,0.09861035428397075,0
0,0.5559588627315464,1
0,0.28880940856001674,0
0,0.19951904159488593,0
0,0.10362032797437576,0
0,0.06325134439531209,0
0,0.7124341620331804,1
0,0.5447154277148543,1
1,0.1645726815527673,0
0,0.09826520561503761,0
0,0.41044491106684405,1
0,0.38371171565518336,1
0,0.0791909099042646,0
0,0.08535445924630435,0
1,0.9066069556694868,1
1,0.900745551598484,1
0,0.5005484411555942,1
0,0.07485225157455083,0
0,0.061193873737721394,0
0,0.08075476756401213,0
0,0.15152477136023207,0
0,0.23332959046356844,0
0,0.05264304727862759,0
0,0.1245385038328878,0
0,0.6599085645770921,1
0,0.5742979013936048,1
0,0.09822083387805282,0
0,0.145302083611506,0
0,0.10057081556861712,0
0,0.10912620181679372,0
0,0.09524576168258657,0
0,0.4691522044218242,1
0,0.10689229262069536,0
0,0.1640344868382,0
0,0.16099046616816412,0
1,0.9333348485098236,1
0,0.19743676244261937,0
0,0.35487525438722956,1
0,0.7483518510307133,1
0,0.617908083069924,1
0,0.8204122838708177,1
1,0.5510041623975911,1
0,0.19042674397680956,0
0,0.2107530493038816,0
0,0.1425649081847425,0
0,0.24851880854165978,0
0,0.3438210404088409,0
0,0.12242784539125713,0
0,0.18637267913765102,0
0,0.1562791676224006,0
0,0.8006270392577529,1
1,0.8818501977293448,1
0,0.16970090671818108,0
0,0.11595330366468114,0
1,0.521953873105888,1
0,0.13387244072645424,0
0,0.5368577770596125,1
0,0.21739177219971892,0
0,0.4712306752918862,1
0,0.0832169485921966,0
0,0.8918291547012287,1
0,0.08619210034402021,0
0,0.5099182296857001,1
0,0.3630053251304692,1
0,0.11982799825358564,0
1,0.9284854233672369,1
0,0.08606870867554932,0
0,0.17008002868363006,0
0,0.07967870713435786,0
0,0.20657328003783346,0
0,0.0812271741766243,0
1,0.8328008433663138,1
0,0.11873616564833966,0
0,0.1283590548490059,0
0,0.1381447490809642,0
0,0.24046778857806586,0
0,0.06234075043146337,0
0,0.18691731291403824,0
0,0.7755802705967759,1
0,0.12518078207740532,0
0,0.5932335942035274,1
0,0.08116788280053572,0
0,0.08483967456752381,0
0,0.30033928222141343,0
1,0.8104639332160045,1
0,0.45545829609032107,1
1,0.9146096713496924,1
0,0.057869833735266184,0
0,0.32367251330098407,0
0,0.1784477278926298,0
1,0.49434442268031414,1
0,0.12767569717099161,0
0,0.3718719648983726,1
0,0.11457460640401654,0
0,0.06856462140701278,0
0,0.1284305399059927,0
0,0.058273675798277615,0
0,0.3599209342923027,1
0,0.22270689509342,0
1,0.8895132698059833,1
0,0.16624621815315482,0
0,0.10910647603700868,0
0,0.5699264295675565,1
0,0.20964201255915363,0
0,0.14354257617588254,0
0,0.38322921319667863,1
0,0.08888932717033113,0
0,0.1384928459197071,0
0,0.05924568984742082,0
0,0.4848031227229207,1
1,0.5723858379478427,1
0,0.15052033195743503,0
0,0.09564701827748788,0
0,0.17247815557443238,0
0,0.10313377481552863,0
0,0.07664938481021231,0
0,0.47619027707012357,1
0,0.36978732962528343,1
0,0.09633417574342257,0
0,0.8146710037503283,1
0,0.17513277795787047,0
0,0.19581014590030202,0
0,0.14577171947617162,0
1,0.9293440102613953,1
0,0.1373616790785943,0
0,0.26976638340404363,0
0,0.15842745756981402,0
0,0.11353734609034385,0
0,0.16151675753385453,0
0,0.18006132185246934,0
0,0.7601754419173316,1
0,0.5637974355154416,1
0,0.12123870467414072,0
0,0.5846112786159801,1
1,0.23072766306694542,0
0,0.8012341718384624,1
0,0.4676306197346804,1
0,0.7545019049825344,1
0,0.08545997173356576,0
0,0.14639475014412984,0
0,0.313854196932154,0
0,0.37288141816788356,1
0,0.1608568140100672,0
0,0.203672471824877,0
0,0.4591930374120234,1
1,0.9503153952523475,1
0,0.24948522276927723,0
0,0.3397588975261685,0
0,0.11141240606170809,0
0,0.7844853809190803,1
0,0.4685454489001318,1
0,0.0913612832333377,0
0,0.21317682783424435,0
0,0.05534537360302928,0
0,0.1060845852825139,0
0,0.21107350115869838,0
0,0.06793684424208718,0
0,0.5784749999926694,1
0,0.14225040564779165,0
0,0.701541922280212,1
0,0.22613645812272992,0
0,0.09678225914348874,0
0,0.5820813257978241,1
0,0.11389329545730571,0
0,0.3686933862981327,1
1,0.6208591926071876,1
0,0.3681707067202142,1
0,0.1733785532201835,0
0,0.14073814387046762,0
0,0.6656743579020424,1
0,0.13248610278052683,0
0,0.16485486944185784,0
0,0.0954486256800831,0
0,0.05949512871949722,0
0,0.2180849859454833,0
1,0.22423732157489976,0
0,0.1287329457477007,0
0,0.6570318467652991,1
0,0.34398960967536996,0
0,0.8554545324517947,1
0,0.2326405713660867,0
0,0.1715146538677117,0
0,0.13434387632590014,0
0,0.12083731158882093,0
0,0.3077174077527233,0
0,0.22192274045839652,0
0,0.7626801306247796,1
0,0.16940847055424665,0
0,0.34064576512450423,0
0,0.24444239492582767,0
0,0.08812655482425746,0
0,0.3410668870618987,0
0,0.13415511534851357,0
1,0.14222218556958946,0
0,0.31138193919690305,0
1,0.8410898772668283,1
0,0.13726949095911714,0
0,0.10892428699539931,0
0,0.8273096033792583,1
0,0.06940414133100625,0
0,0.5616140388267253,1
0,0.07518983774061315,0
0,0.5561542118187042,1
0,0.10087519938984132,0
0,0.48861071078915025,1
0,0.15090884163015258,0
0,0.23935550928501476,0
0,0.39991476048789515,1
0,0.33431956611253044,0
0,0.5066188529005278,1
0,0.19629535613927732,0
0,0.07215139872587975,0
0,0.380392142625286,1
0,0.10592556511783566,0
0,0.11987381636470272,0
0,0.4257586650790891,1
0,0.14130116279918795,0
0,0.07500041313682586,0
0,0.11959518900903866,0
0,0.32111195948493704,0
0,0.2064616099710195,0
0,0.8243523475376436,1
0,0.5316533129536696,1
0,0.5037297563326627,1
1,0.9478663009609737,1
0,0.3114938308528348,0
0,0.07171729543893485,0
0,0.29624916697781967,0
0,0.10924308632944914,0
0,0.21267992982099224,0
0,0.3525212893562158,1
0,0.1452294124896215,0
0,0.10624146790678746,0
0,0.09242250043043967,0
0,0.6284768931755412,1
0,0.08765953405800751,0
0,0.5716880680640825,1
0,0.4828846207818391,1
0,0.46029990332841747,1
0,0.3602757432454407,1
0,0.11549351932667297,0
0,0.23013973194093434,0
0,0.1007538382298293,0
0,0.8399967431378738,1
0,0.13783994142958308,0
1,0.2710027722010618,0
0,0.05565080373669125,0
0,0.12185265425270458,0
0,0.4678153490850926,1
0,0.10835438216694146,0
0,0.11549283880974677,0
0,0.11053442352377907,0
0,0.3936460664086305,1
0,0.13240103763938146,0
0,0.4070784012884224,1
0,0.46861462658881586,1
0,0.1379860068766596,0
0,0.13382264821443646,0
0,0.1491053326624303,0
0,0.1383529466197123,0
0,0.20438704308912625,0
0,0.14731055860894648,0
0,0.3480802733768793,0
1,0.7781534382079535,1
0,0.12079332543822666,0
0,0.2575738856073339,0
0,0.0902319563705328,0
0,0.14221003986106548,0
0,0.16265700891014162,0
0,0.14575530251434535,0
0,0.3525620886458235,1
0,0.8294039128883733,1
0,0.0865871930197759,0
0,0.16617627437795374,0
0,0.5280257350553185,1
0,0.5144617280967893,1
0,0.309200096311296,0
0,0.3403237559027986,0
0,0.07703898455987362,0
0,0.06345716104567761,0
0,0.7228391205322919,1
0,0.07303935438126861,0
1,0.13857788109150074,0
0,0.08266728339106662,0
1,0.5809935585603094,1
1,0.9547441323394692,1
0,0.19994357183319889,0
0,0.5404191534250855,1
0,0.056011766843506394,0
0,0.49392871447157793,1
0,0.23503698492794617,0
0,0.15722587483696457,0
0,0.18548087954270012,0
0,0.8665348239091899,1
0,0.9223750155527187,1
0,0.3142326454516931,0
0,0.8816417510734781,1
0,0.76097531753335,1
0,0.6820676314329307,1
0,0.8403408220857019,1
0,0.7236942288375736,1
0,0.5448414860021186,1
0,0.23473851674546603,0
0,0.5581579707192218,1
0,0.3108679328955205,0
0,0.08753395596205665,0
0,0.41256487901707006,1
0,0.1606779815694687,0
0,0.5691789413725447,1
0,0.2572217049770446,0
0,0.3769744053410292,1
0,0.11401491594370476,0
0,0.09400667446961222,0
0,0.9372506796098728,1
0,0.4580082068292366,1
0,0.12296491587247246,0
0,0.12287869604292415,0
0,0.18395644348425988,0
0,0.07397259083429167,0
0,0.5916194390376994,1
0,0.23751813751594947,0
0,0.5107558678487188,1
0,0.10443580188258977,0
0,0.09725732980216355,0
0,0.468990781483681,1
0,0.1733437168157891,0
0,0.22345074671501008,0
0,0.14141642266926682,0
0,0.0913919930716009,0
0,0.3437985405434139,0
0,0.07648668612873256,0
0,0.27434558339785453,0
0,0.0711620808499885,0
0,0.38424225534000167,1
0,0.07404841298239907,0
0,0.5865205105030512,1
0,0.41911390031407286,1
0,0.16265577941029802,0
0,0.13180824923043227,0
0,0.13614079721472302,0
0,0.4916067631486066,1
0,0.39488952356819546,1
0,0.08151437837402552,0
0,0.10713479366237581,0
0,0.07810892622321519,0
0,0.2524486083654565,0
0,0.4505757202568727,1
0,0.06379591861385187,0
0,0.16586134521013107,0
0,0.35576427983442116,1
0,0.1409512334457299,0
0,0.09778005167683211,0
0,0.8374213165053231,1
0,0.076915261050387,0
0,0.19368700251977353,0
0,0.603137237073387,1
0,0.4336228900224537,1
0,0.16625014175556424,0
0,0.8743401963031302,1
0,0.07852850908987118,0
0,0.7607215441698681,1
0,0.09977973954609735,0
0,0.4375003538634036,1
0,0.1781474222146564,0
1,0.19753403840331019,0
0,0.11993624144833798,0
0,0.29964005254581294,0
0,0.11705092602839137,0
0,0.08153219880799094,0
0,0.05930963506956723,0
0,0.1442907517805227,0
0,0.522323901457107,1
0,0.20172961275542892,0
0,0.1145320155864755,0
0,0.15189495172354253,0
0,0.21617081547988637,0
0,0.19359714034533024,0
0,0.08376235677510536,0
0,0.3765089842252179,1
0,0.32354006296033483,0
0,0.20821295669835063,0
0,0.10648530755627168,0
0,0.5648379190361378,1
0,0.5022043517279898,1
0,0.17184172705666667,0
0,0.12032930588507035,0
0,0.09074606202467526,0
1,0.9644310209254746,1
0,0.25263273425765603,0
0,0.10833527569337384,0
0,0.08404066814724995,0
0,0.1900769529756359,0
0,0.4355585377187376,1
0,0.20582396996528154,0
0,0.3330917754760099,0
0,0.5523986086134819,1
0,0.4383799113953453,1
0,0.060786500963166325,0
0,0.12110577213316615,0
0,0.22943673294131406,0
0,0.3426783057223021,0
0,0.5696465544363476,1
1,0.5510522534911115,1
0,0.10515806480302614,0
0,0.10914543724825608,0
0,0.41480928999225536,1
0,0.21043619155725368,0
0,0.5910661504922925,1
0,0.27830531297975336,0
0,0.1332893222135822,0
0,0.31523868521231924,0
0,0.05736882138835655,0
0,0.40906419860600657,1
0,0.32204117389555886,0
0,0.7914341616789645,1
0,0.15472008473384563,0
0,0.37355576069263263,1
0,0.2614399904845579,0
0,0.3111264680219071,0
0,0.13723226008451445,0
0,0.1118345147718144,0
0,0.1812679086287755,0
0,0.1632076329801081,0
0,0.11170615666663558,0
0,0.37366063342933087,1
0,0.1401695651152318,0
0,0.14178193340987783,0
0,0.8198389147124264,1
0,0.2663658625520052,0
0,0.10791545838619418,0
0,0.10574844191193328,0
0,0.5462456814477716,1
0,0.11675589645336762,0
0,0.12867111804857104,0
0,0.09336379913166241,0
0,0.1251706979186381,0
0,0.15039516408129833,0
0,0.07238579370636467,0
0,0.21736565307926947,0
0,0.25336316167188566,0
0,0.09545369331514263,0
0,0.20554289115669971,0
0,0.12687266517603737,0
0,0.7571609194212368,1
0,0.6656609149004339,1
0,0.19145772976542078,0
0,0.24622648181552928,0
0,0.14878290752075243,0
0,0.09219418562905596,0
0,0.5385059259867038,1
1,0.9041867685815355,1
0,0.5059752402520699,1
0,0.1181124890052907,0
0,0.12456124287108428,0
1,0.8274579395089178,1
0,0.05872210746408491,0
1,0.912628803861272,1
0,0.08770679152463795,0
0,0.23218727397422834,0
0,0.29338592771510413,0
0,0.11455951325677693,0
0,0.8056077122199379,1
0,0.6516704657764522,1
0,0.509607515575953,1
0,0.26391095376535384,0
0,0.6312585619975676,1
0,0.10350438675995208,0
0,0.32576450700986304,0
0,0.09701876588149316,0
0,0.17514010757351983,0
0,0.4477564662401859,1
0,0.17877058687115477,0
0,0.5216335717800469,1
0,0.12922488503375865,0
0,0.07211643522042917,0
0,0.1467724575954886,0
0,0.5346139340896575,1
0,0.11686737066622797,0
0,0.07269888875275683,0
0,0.07666720447272983,0
0,0.39102126055696007,1
1,0.6263625767117987,1
0,0.18253186134470747,0
0,0.4384839343158797,1
0,0.12375865392356047,0
0,0.19284860242136193,0
1,0.8436572739665347,1
0,0.1401263638383316,0
0,0.14604675593470598,0
0,0.5379503979299185,1
0,0.1568821043015756,0
0,0.30936439343353117,0
0,0.21323069588144153,0
0,0.34611310374220483,0
1,0.911159872464465,1
1,0.8881896708164292,1
0,0.23485865918324625,0
0,0.12836529839221011,0
0,0.6814155676378685,1
0,0.37060279091131704,1
0,0.2708128184474921,0
1,0.8120330232885111,1
0,0.06799682226094984,0
0,0.3798448958665361,1
0,0.4147330992139387,1
0,0.08405121586926982,0
0,0.08967560708255165,0
0,0.38072957792390666,1
0,0.5485141792022232,1
0,0.2414716899969173,0
0,0.13590695407525966,0
0,0.7834266297168772,1
0,0.11916199630547278,0
0,0.07400189145428133,0
0,0.10412704766218396,0
0,0.5815479493253072,1
1,0.15729344994762437,0
0,0.10328545749717662,0
0,0.07754851678214562,0
0,0.12263423138959996,0
0,0.08074267322303957,0
0,0.7942814405608652,1
0,0.07021000789500953,0
0,0.5136041906124741,1
0,0.2936917503398835,0
0,0.09246176550090449,0
0,0.07167093688793011,0
0,0.498277219177079,1
0,0.37010692027095576,1
0,0.19586617125403077,0
0,0.09867244842538404,0
0,0.42306355967490866,1
0,0.09114196455138582,0
0,0.7327233675092347,1
0,0.10127043592329979,0
0,0.14496687528016103,0
0,0.35080053922795196,1
0,0.10169918374420067,0
0,0.1803458181019003,0
0,0.216426867144427,0
0,0.14749723168263829,0
0,0.21091804352059754,0
0,0.27429201393639424,0
0,0.09277580824958992,0
0,0.4517759499249241,1
0,0.2136950801996382,0
0,0.15955234003539634,0
0,0.3214153991136125,0
0,0.17243241940489676,0
0,0.11207333661563462,0
0,0.754352026365156,1
0,0.9128814281513736,1
0,0.12858695355551011,0
0,0.1209714925135855,0
0,0.3953804906904788,1
0,0.13874121902727565,0
0,0.1791808503354938,0
0,0.7417701836147915,1
0,0.16513525891571273,0
0,0.39536920732211506,1
0,0.3085486168037806,0
0,0.17860600970435714,0
0,0.6872600549087327,1
0,0.506912310066457,1
0,0.15972781166664904,0
0,0.07763446749501114,0
0,0.1608259650323468,0
0,0.08888308538565579,0
0,0.3203978474989802,0
0,0.08238472117561647,0
0,0.3431683490392202,0
0,0.13701969821191895,0
0,0.12755422361175123,0
0,0.7083154720768494,1
0,0.1295217189285962,0
0,0.5235939241818137,1
1,0.8960650784825107,1
0,0.25303828637740217,0
0,0.386767447320766,1
0,0.1375116680072266,0
0,0.19649756346341732,0
0,0.37146739563785314,1
0,0.07222163740906216,0
0,0.12727814827094172,0
0,0.1275672730993874,0
0,0.1127967140833843,0
0,0.13070398831293203,0
0,0.13939454260177822,0
0,0.7616515895533383,1
0,0.16289408385201834,0
0,0.6252864314916876,1
0,0.42868458165434903,1
0,0.11926409378852941,0
0,0.3261702674329521,0
0,0.156372247800732,0
0,0.1552521554902558,0
0,0.0651447997958746,0
0,0.22378687820561793,0
0,0.09894963426059723,0
0,0.047512800510389384,0
0,0.21627060201750395,0
0,0.6300765355393335,1
1,0.42918399469217916,1
0,0.08668221383650859,0
0,0.06465485137621381,0
0,0.6160987930604082,1
0,0.1516308521178158,0
0,0.12188963059005854,0
0,0.2430469274897096,0
0,0.17460323418029847,0
0,0.3523739137936609,1
0,0.4158212225311864,1
0,0.2600736436167864,0
0,0.6419888515289768,1
0,0.37480479994069643,1
0,0.570815402472823,1
0,0.8229349362755656,1
0,0.48625806102675995,1
0,0.4017196468776929,1
0,0.11455116908985355,0
0,0.35540878561181977,1
0,0.10876910707389906,0
0,0.11552379179328862,0
0,0.46013718508991447,1
0,0.0856365226098961,0
0,0.3758937744420162,1
0,0.14902387080780977,0
0,0.17566691113123184,0
0,0.12147580564846798,0
0,0.05764048459355522,0
0,0.05161055124951215,0
0,0.09322406962018048,0
0,0.37582429689954744,1
0,0.5195131200972024,1
0,0.12370578129614301,0
0,0.13011306519912655,0
0,0.0626361273045036,0
0,0.8277377329763214,1
0,0.15164589453991473,0
0,0.12095800460975736,0
0,0.11745992211984027,0
0,0.45464114031228303,1
0,0.31594374776482803,0
0,0.29078396265784257,0
0,0.15247535481448687,0
0,0.23206407780901542,0
0,0.08160658996862487,0
0,0.4316811885769336,1
0,0.09737974007219052,0
0,0.3058277039276428,0
0,0.7073015097373142,1
0,0.14276538679714668,0
0,0.4886504735029384,1
0,0.11692123362728725,0
0,0.43189839625380244,1
0,0.4677068677660493,1
0,0.6733691106088894,1
0,0.10328578796399741,0
0,0.15528903791489743,0
0,0.073939093327709,0
0,0.37270284745410265,1
0,0.4091492837801028,1
0,0.7998393308069858,1
0,0.12454986501990147,0
0,0.1386978650078148,0
0,0.15564333199213462,0
0,0.29109719259552524,0
0,0.37771186125552475,1
0,0.05403076399160974,0
0,0.3932816394668162,1
1,0.6276504090188044,1
0,0.5037005767558653,1
0,0.18142363780310114,0
0,0.7722254994863085,1
0,0.6489763471521758,1
0,0.26731504418490865,0
0,0.30792989515892955,0
0,0.10110815129818668,0
0,0.14910012210194146,0
0,0.5111706461313542,1
0,0.7770997786018171,1
0,0.31057396109620644,0
0,0.1157153173095317,0
0,0.13170728755337582,0
0,0.3257776096921085,0
0,0.19338063226437013,0
0,0.6448920057434506,1
0,0.17553315487429633,0
0,0.5035928696911582,1
0,0.20842102632750598,0
1,0.37585774126947713,1
0,0.18459120378738628,0
0,0.1705062234594099,0
0,0.0953428462788128,0
0,0.10285642281894897,0
0,0.8623940390752934,1
0,0.19854466238930246,0
0,0.08237162559740534,0
0,0.3671272361667514,1
0,0.3216339109285669,0
0,0.20140827032256833,0
0,0.26962296284543047,0
0,0.08878280969692023,0
0,0.14663298514294418,0
0,0.5528669439665225,1
0,0.8819572940280471,1
0,0.5322302122777958,1
0,0.06585489809216374,0
0,0.4215190297311562,1
0,0.520476170967119,1
0,0.5254996559423112,1
0,0.25082461284171753,0
0,0.10349206022490534,0
0,0.21995772784313905,0
0,0.1647171328986739,0
0,0.4685968010750195,1
0,0.14493455462247978,0
0,0.36473544280470943,1
0,0.330244941174853,0
0,0.5676626895031517,1
0,0.13240028590265168,0
0,0.48507939479434803,1
0,0.07432473664456123,0
0,0.890409438697152,1
1,0.41478909073482817,1
0,0.18114384357189897,0
0,0.8020743230542938,1
0,0.07792161378528663,0
0,0.11751915859505746,0
0,0.45445035744910617,1
0,0.17093235387873532,0
0,0.11830329774335283,0
0,0.5822646975686916,1
0,0.1847528561787622,0
1,0.4555588218885748,1
0,0.9321411562694452,1
0,0.05563696387780164,0
1,0.10778229791340758,0
0,0.07241508325224626,0
0,0.30499351664650015,0
0,0.06601611208523632,0
0,0.1487780227871798,0
0,0.061777861444099906,0
0,0.0796266087678923,0
0,0.15702207077527155,0
0,0.2770653744509214,0
0,0.3117224866103835,0
0,0.12175603721327803,0
0,0.08491171757770967,0
0,0.13442010230990561,0
0,0.5098947346186796,1
0,0.6166995883668303,1
0,0.07081890620350773,0
0,0.741807439535073,1
0,0.1112021612617604,0
0,0.09419426581042716,0
0,0.08373127115044071,0
1,0.8764097671334116,1
0,0.21276503361633647,0
0,0.27024164363276804,0
0,0.054731629494457854,0
0,0.19534333451711505,0
0,0.7076915690079596,1
0,0.11308516847713934,0
0,0.8041448381085438,1
0,0.17321740314991993,0
0,0.5202331494223137,1
0,0.35518664555435875,1
0,0.46525406067297953,1
0,0.6259967909367159,1
0,0.11450431997268284,0
0,0.09390578527921091,0
0,0.1843108015108337,0
0,0.48246886379161225,1
0,0.05646880854602989,0
0,0.4234613515120337,1
0,0.5459030228240774,1
0,0.1016874588946804,0
0,0.3392915799389975,0
0,0.2700912264854197,0
0,0.29535621140585877,0
0,0.5417624597448059,1
0,0.08145924351169674,0
0,0.1388491042050394,0
0,0.28982996744407863,0
0,0.19318491052668033,0
0,0.12308371586273739,0
0,0.2752736562989267,0
0,0.8895118471397077,1
0,0.12214417418948807,0
0,0.06676976229438522,0
0,0.06928189192806809,0
0,0.10015399751830167,0
0,0.4859195302630841,1
0,0.09131943284434604,0
0,0.14122864118763256,0
0,0.18113548486149297,0
0,0.08391347168526696,0
0,0.07617569738392375,0
0,0.516523024720088,1
1,0.6862531958981919,1
0,0.06972520036382727,0
0,0.06623837189261363,0
0,0.16453805800053212,0
1,0.5331069849125828,1
0,0.1184005552523464,0
0,0.21677410404484054,0
0,0.14423970773072078,0
0,0.3199053416797812,0
0,0.20884479602198522,0
0,0.11189924061545073,0
0,0.3813923611400228,1
0,0.3916831953982451,1
0,0.17817133183626677,0
0,0.12284005432225259,0
0,0.11296064382613326,0
0,0.8339841439174495,1
0,0.35406452378971776,1
0,0.08536024492237068,0
0,0.11810827301633126,0
0,0.07525681896933024,0
0,0.1434856626577079,0
0,0.055210363165290134,0
1,0.8072687549410705,1
1,0.8687176142048723,1
0,0.34967219128822485,0
0,0.37951556908870626,1
0,0.13704340405590143,0
0,0.2531288083415969,0
0,0.08295489355448442,0
1,0.21667326876817256,0
0,0.12322996230047781,0
0,0.8246770272963622,1
0,0.18709052022063782,0
0,0.08710892494617059,0
0,0.7217460196552592,1
0,0.12420801115367207,0
0,0.1030580280835463,0
0,0.28189030402498116,0
0,0.5789096990965771,1
0,0.1401163650457592,0
0,0.1995164986331009,0
0,0.16877415187857533,0
0,0.3296748202077917,0
0,0.0915941211356553,0
1,0.715475222987858,1
0,0.17351334572282062,0
0,0.1414974234789309,0
0,0.22491981176817494,0
0,0.10313431306993923,0
0,0.1272824288614792,0
0,0.15394694238167952,0
0,0.45583612273514545,1
0,0.09509685836639077,0
0,0.7941023858232206,1
0,0.19815889039100662,0
0,0.22255531090311295,0
0,0.08791488583018058,0
0,0.06603178178165733,0
0,0.1413533357245615,0
0,0.4124194700210371,1
0,0.11691721124843951,0
0,0.09073991815266402,0
0,0.2289585631638784,0
0,0.1183565776975167,0
0,0.2584392944643643,0
0,0.11558471614681695,0
0,0.46545980579164137,1
0,0.33180023106341616,0
0,0.5539382457160577,1
0,0.12854372322372107,0
0,0.15737063977624796,0
1,0.5270664690443689,1
0,0.8518242279169191,1
0,0.11547698750941784,0
0,0.09483788463205746,0
0,0.8942142690043509,1
0,0.12455413759405505,0
1,0.8229367522066444,1
0,0.12222544933977175,0
0,0.33926906684375396,0
0,0.07168899734147305,0
0,0.6644378269981331,1
0,0.13037754882630836,0
0,0.3968817101140061,1
0,0.8117101885583442,1
0,0.3090330505167291,0
0,0.18236061636522657,0
0,0.05907574573839148,0
0,0.12443250230048067,0
0,0.5098920698324342,1
0,0.13187235705952022,0
0,0.880060556509855,1
0,0.08949837333428134,0
0,0.07022037705169522,0
0,0.14108785336332416,0
0,0.5366866958737975,1
0,0.10656517788676827,0
1,0.9248199474659127,1
1,0.1548808105602645,0
0,0.10739966202993521,0
0,0.18546800740262667,0
0,0.19309525708289876,0
0,0.16247408615128095,0
0,0.12699285590265721,0
0,0.15890538193293802,0
0,0.059281013785697854,0
0,0.40379301166697423,1
0,0.44992980019409495,1
0,0.09763666819996392,0
0,0.13567631038487324,0
0,0.1944793108665204,0
0,0.5941474775394698,1
0,0.6974595667580775,1
0,0.33224473632400164,0
0,0.14621295339016727,0
1,0.4953074273849245,1
0,0.3206869171987697,0
0,0.23599880000914544,0
0,0.07221726601334398,0
0,0.6992856402958005,1
0,0.5261130301590894,1
0,0.14239635385869218,0
0,0.501193356425453,1
0,0.08682008381336516,0
0,0.530247875703076,1
0,0.5154376206965149,1
0,0.7389560319686329,1
0,0.11057405372594452,0
0,0.6734749235482417,1
0,0.8169956784070544,1
0,0.1070984469828533,0
0,0.5957187116189585,1
0,0.16492985047589895,0
0,0.07477328162631997,0
0,0.4277851834609535,1
0,0.7337767818979165,1
0,0.10308276254485502,0
0,0.7689171015673606,1
0,0.20922482246686774,0
0,0.27065578876467006,0
0,0.25007650739865256,0
0,0.20139037893545184,0
0,0.05339879560595661,0
0,0.12854093404716394,0
0,0.2796097183247503,0
0,0.18630709392267372,0
0,0.8265334301681965,1
1,0.8333795286877198,1
0,0.10748670643352552,0
0,0.3250689713448644,0
0,0.8619034047909334,1
0,0.8469827500115701,1
0,0.32143708203198385,0
0,0.3956017930465761,1
0,0.0742386975313533,0
1,0.1273675443120694,0
0,0.6949887613232895,1
0,0.08758287781786032,0
0,0.11888440059512191,0
0,0.13638345623539755,0
0,0.47629518049112496,1
0,0.30749569157595064,0
0,0.1588362784338344,0
0,0.1378577519524679,0
0,0.15968940708370497,0
0,0.19180985813420218,0
0,0.08500469133065473,0
0,0.3386795150757388,0
0,0.47811713882242896,1
0,0.4587020517079838,1
0,0.7230386168620737,1
1,0.940318228974106,1
0,0.20855144274054843,0
0,0.4609758141528111,1
0,0.16855434353098558,0
0,0.25917277451387505,0
0,0.3433423933258809,0
0,0.09099639179765452,0
0,0.13506014784396111,0
0,0.2806775116481681,0
0,0.5059398906573924,1
0,0.26247899700704685,0
0,0.08648506242985167,0
0,0.0700089837916074,0
0,0.17134093793282593,0
0,0.5561686487400276,1
0,0.0875267630206246,0
0,0.15872338880235465,0
0,0.5029330029478389,1
0,0.1451741078717945,0
0,0.07280643455588627,0
0,0.4360038690577511,1
0,0.05188534498401555,0
0,0.5908779966022151,1
0,0.4186900492590253,1
0,0.24110766354688057,0
0,0.2556301169134136,0
1,0.694797404498622,1
1,0.7932195903996311,1
0,0.08791287602869287,0
0,0.2610351092834894,0
0,0.5225238161315278,1
0,0.5888068421620679,1
0,0.322399616406483,0
0,0.13122162666495907,0
0,0.35129319501398654,1
0,0.08204519922890022,0
0,0.3320359186079776,0
0,0.14899080512159274,0
0,0.07092565622057223,0
1,0.8454810783029391,1
0,0.23413740250751203,0
0,0.10625619904518091,0
0,0.08910925729940451,0
0,0.14389517966853377,0
1,0.11422838015676504,0
0,0.13223493611155773,0
0,0.3878711236559892,1
0,0.14352174996505962,0
0,0.45622202916255883,1
0,0.27944313777983465,0
0,0.12288355350103974,0
0,0.4199425398224323,1
0,0.07338046740891603,0
0,0.42843757860033,1
0,0.19332370333731694,0
0,0.18111845207605523,0
0,0.4392569205871025,1
0,0.17553187066521092,0
0,0.45261773968429375,1
0,0.2688397184147634,0
0,0.0875390617208959,0
0,0.327323411499415,0
0,0.2137357201806655,0
0,0.1940292095573151,0
0,0.12537700237936605,0
0,0.24869271556270736,0
0,0.8212792830518213,1
0,0.5443806535503982,1
0,0.3270719065896178,0
0,0.12694587598377488,0
0,0.10376788270223457,0
0,0.9398738105981668,1
0,0.4951759259932026,1
0,0.09907037634973098,0
0,0.7155291814997181,1
0,0.26182053583953935,0
0,0.15219679545102904,0
0,0.10047732155054091,0
0,0.14267929850442085,0
0,0.656865333610901,1
0,0.6040540664982351,1
0,0.9058736207961503,1
0,0.32371624249770503,0
0,0.17723431699267406,0
0,0.27077902035324425,0
0,0.19199258682387865,0
0,0.2570964622107032,0
0,0.6191153820846403,1
0,0.11153812995080967,0
0,0.07654773785266196,0
0,0.37800386127271,1
1,0.9464857984627272,1
0,0.10972992531205394,0
0,0.12652176331872456,0
0,0.8260446168297044,1
0,0.5898429290314349,1
0,0.11154495958046255,0
0,0.1322008149849042,0
0,0.31149756209025975,0
0,0.12309035603496547,0
0,0.41322658440938764,1
0,0.21425731228878997,0
1,0.4469966874610327,1
0,0.17013946203967997,0
0,0.34401648624662884,0
0,0.2802900005888317,0
0,0.3728692644260847,1
0,0.2847186455961377,0
0,0.13846365621806106,0
0,0.34526567482031273,0
0,0.24064915309490417,0
0,0.08905997901996283,0
0,0.28077642029376143,0
0,0.07783154073942435,0
0,0.07481287092804939,0
0,0.12201882163272866,0
1,0.831987715564024,1
0,0.3064193840183161,0
0,0.07335614138308301,0
0,0.4291872617599126,1
0,0.05520088815251242,0
0,0.24544625880166313,0
0,0.18191133404659363,0
0,0.14116256332498164,0
0,0.11583523600107154,0
0,0.8162366651819896,1
0,0.22173532543884122,0
0,0.24204745116047352,0
0,0.35722024111862477,1
0,0.43146949192022976,1
0,0.5808189541122766,1
0,0.0951170707014964,0
0,0.18784075765721492,0
0,0.14006693682510127,0
0,0.17306476608935795,0
1,0.9061203705939356,1
0,0.08300254624290831,0
0,0.12986242727692607,0
0,0.18913049046303732,0
0,0.0814075076860463,0
0,0.09097175223168187,0
0,0.17769270202543194,0
0,0.11612390362373641,0
0,0.1390842283048581,0
0,0.1006761130337822,0
0,0.10354422838385273,0
0,0.6865826756656453,1
0,0.5493219961931495,1
0,0.18850517786878587,0
0,0.7912000772962028,1
0,0.15315861915907358,0
0,0.41050418202996825,1
0,0.4946145954492949,1
0,0.5817619351135291,1
0,0.8550075489252875,1
0,0.07827146481012856,0
0,0.2002656410737245,0
0,0.19398651554724058,0
0,0.15421408953228427,0
0,0.5358142197795656,1
0,0.3852124369752465,1
0,0.5966999130103837,1
0,0.1862088175408275,0
0,0.3069293239330395,0
1,0.5695789685935476,1
0,0.05805662709973985,0
0,0.11922576208686055,0
0,0.05852878710818845,0
0,0.2905987519793725,0
0,0.11427589106352302,0
0,0.12281792495930138,0
0,0.11954040940406695,0
0,0.07722223981954852,0
0,0.16933085384994828,0
0,0.18785899787147642,0
0,0.17160077437635385,0
1,0.3194475233881969,0
0,0.08096357014018656,0
0,0.24565275002749795,0
0,0.27342204497515893,0
0,0.9179958341109026,1
0,0.6602002736632505,1
0,0.42550303510290305,1
0,0.0976559131539239,0
1,0.6615285590026001,1
0,0.5881144682743995,1
0,0.43817683482326214,1
0,0.2590698041710926,0
1,0.6401903543132028,1
0,0.3610943512746098,1
0,0.05433931524001745,0
0,0.05502283611751777,0
0,0.06525372822174959,0
0,0.34277585293245605,0
0,0.08733440195668456,0
0,0.10192797606059219,0
0,0.4604279781607345,1
0,0.35852714494479637,1
0,0.1368899643094068,0
0,0.10132184101320593,0
0,0.10598010848233223,0
1,0.6342602514181277,1
0,0.9525602342017617,1
0,0.1903727816169461,0
1,0.9079902354082076,1
0,0.3653687350845466,1
0,0.25652836735807505,0
1,0.9307206253990056,1
0,0.3042333145697138,0
0,0.7438985567366116,1
0,0.08258236524697167,0
0,0.8666870911241714,1
0,0.29439282229674035,0
0,0.5125813816054596,1
0,0.6146350115271263,1
1,0.7701163981643924,1
0,0.07822998182595313,0
0,0.4669614030910918,1
0,0.3602697512468895,1
0,0.48755439822089436,1
0,0.20361522616527183,0
0,0.05871879455551499,0
0,0.15816153658156365,0
0,0.5348840958716324,1
0,0.38364969540944605,1
1,0.9123177989135585,1
0,0.1688620225032316,0
0,0.8522639855342982,1
0,0.2908642503308792,0
0,0.3534442075936919,1
0,0.2652322846166267,0
0,0.36548137212441606,1
0,0.26009061347992013,0
0,0.15545954526985153,0
0,0.2832908120366758,0
0,0.5622385441366335,1
0,0.8831781862933771,1
0,0.2531598800005909,0
0,0.08043553400776784,0
0,0.4143998266124257,1
0,0.5632617595340721,1
0,0.7423907831853555,1
0,0.6765369955345482,1
0,0.5863106047301059,1
0,0.12957931636508224,0
0,0.05817722946308181,0
0,0.07591270213839846,0
0,0.23532466077525407,0
0,0.15459925295816593,0
1,0.39856200473052456,1
0,0.2811960035027305,0
0,0.35215903658277503,1
0,0.23223505649515416,0
0,0.23618774523753727,0
0,0.3588049672761737,1
0,0.5345775068968893,1
0,0.665284639465249,1
0,0.10341388583047258,0
0,0.33738570212954117,0
1,0.13353259975827736,0
0,0.08398087736030428,0
0,0.10962360081693859,0
0,0.09394620645106903,0
0,0.13968434167057003,0
0,0.17076583244597715,0
0,0.8201181056791965,1
0,0.09846222802940316,0
0,0.07062105185445991,0
0,0.1787656470539561,0
0,0.380345627462456,1
0,0.14674342591902492,0
0,0.509092903825159,1
0,0.1458721758538513,0
0,0.08349637586388016,0
0,0.09049732705953772,0
0,0.10895353006504169,0
0,0.10571743664339837,0
0,0.17435062215103642,0
0,0.4076483669267957,1
0,0.08170576767227451,0
0,0.25994564584649427,0
0,0.13032118138208462,0
0,0.3856106528542364,1
0,0.25842228122207533,0
0,0.548551135355832,1
1,0.5749600027381713,1
0,0.34223869581660854,0
0,0.09283388702599948,0
0,0.07363216200108676,0
0,0.3219923850980554,0
0,0.1373680125043971,0
0,0.18677498558473368,0
0,0.6449284899596971,1
0,0.7350787844575855,1
0,0.3600461502266704,1
0,0.08527103180435176,0
0,0.07487703845241561,0
0,0.11896377600673019,0
0,0.3885178682492557,1
0,0.16193931520079238,0
0,0.15819519438870192,0
0,0.13069960277052795,0
0,0.08221637617665692,0
0,0.317886875215011,0
0,0.13075585764120293,0
0,0.43921195821136527,1
0,0.22224703364866438,0
0,0.07841562447980978,0
0,0.12744442812544926,0
1,0.5175999568342516,1
0,0.11569874255260605,0
0,0.2876925064448663,0
0,0.08740752040950148,0
0,0.4291622867136356,1
0,0.5791280837872533,1
0,0.13400033936445208,0
0,0.29531403362961745,0
0,0.0886403245106583,0
0,0.43086593406341905,1
0,0.8752017877122313,1
0,0.08099232148286041,0
1,0.46084492378340314,1
0,0.525091563045928,1
0,0.10437452924805819,0
0,0.5575805805523545,1
0,0.24988847208075385,0
1,0.457181307261539,1
0,0.21435930081133933,0
0,0.13588611430767922,0
0,0.1794228929559054,0
0,0.4535009642132903,1
0,0.08704926410032408,0
0,0.07627602067395686,0
0,0.177392288836187,0
0,0.05676085265909109,0
0,0.7158215329968004,1
1,0.7547936793051726,1
0,0.12639459534360517,0
0,0.24438277058221083,0
1,0.8844651199913911,1
0,0.07767238184825344,0
0,0.10681624538061898,0
1,0.3252701285107197,0
0,0.09479438324605115,0
0,0.7845148029424485,1
1,0.6478432138701596,1
0,0.42798734897655993,1
0,0.12964528016722418,0
0,0.5201248058798247,1
0,0.2988999938175423,0
0,0.5806833651078915,1
0,0.5374273362254391,1
0,0.16319042577353496,0
0,0.40737541784769876,1
0,0.27435709933676383,0
0,0.13425354286351585,0
0,0.09074448506201688,0
0,0.08277942502780093,0
0,0.1385359363230001,0
0,0.30691053676080515,0
0,0.5198757154833727,1
0,0.8180243155078236,1
1,0.39817943846592624,1
0,0.10182578263267636,0
0,0.05715486582235877,0
0,0.5249873104433639,1
0,0.34378650099948865,0
0,0.7057203771503976,1
0,0.459068589296117,1
0,0.2677919191039754,0
0,0.5174137437638099,1
0,0.3580299818440438,1
0,0.573354181165216,1
0,0.13443694383397445,0
0,0.24478700642231851,0
0,0.12516904297796344,0
0,0.0772910363239577,0
0,0.09949322855006465,0
0,0.27964144900058585,0
0,0.2977183842932214,0
0,0.3727403904411234,1
0,0.06409592980029079,0
0,0.1437907929342138,0
0,0.27606363201297324,0
0,0.6889475708553182,1
0,0.9452816575535303,1
0,0.16760997426680357,0
0,0.6234173738984989,1
1,0.7829451660104478,1
0,0.11684073107852472,0
0,0.20344033199977776,0
0,0.13482731237479684,0
0,0.5368687596559645,1
1,0.7595076126155836,1
0,0.07386411659296357,0
0,0.3787923980211356,1
0,0.9249800402590312,1
0,0.12277362432980563,0
0,0.6024937449149118,1
0,0.10664580009668284,0
0,0.8099664051724311,1
0,0.3706325573370401,1
0,0.29405133327694155,0
0,0.09959938801697756,0
0,0.3498676103058226,0
0,0.28553019054735945,0
0,0.13092672087851887,0
0,0.23258258485643907,0
1,0.35881550177232197,1
0,0.8063710897023757,1
0,0.3291913391312964,0
0,0.14521453026197045,0
0,0.40041572106765766,1
0,0.5176896627331344,1
0,0.18295649006329878,0
0,0.14078883748416046,0
1,0.8532423428084722,1
0,0.27776856388954746,0
0,0.2676313409246012,0
0,0.29739723335648843,0
0,0.35690946231751586,1
0,0.7478381098238603,1
0,0.8090093770588409,1
0,0.23821374592998348,0
0,0.11331517886797289,0
0,0.09354583648515212,0
1,0.12738389291903257,0
0,0.10251312759007147,0
0,0.3002898535601538,0
0,0.18212895066377985,0
1,0.6128796488003433,1
0,0.08498226189769105,0
0,0.1567291653936177,0
0,0.435842486736463,1
0,0.5678491658438231,1
0,0.3339075455569618,0
0,0.5965778633012232,1
0,0.5517302374813564,1
0,0.8012755959374924,1
0,0.05873730379984288,0
0,0.11824459608162056,0
0,0.09347458977605433,0
0,0.12334283525671012,0
0,0.07251106787704305,0
0,0.31572289923943697,0
0,0.33311473295719474,0
0,0.171229947236077,0
1,0.9477718470788393,1
0,0.13443535107770507,0
0,0.10067942626759427,0
0,0.08099526501827571,0
0,0.07950474789771389,0
0,0.17613469209208096,0
0,0.46679476861896546,1
0,0.15740864662808188,0
0,0.1604364622069424,0
0,0.14167833074531067,0
0,0.0880251192157281,0
0,0.13158045665878604,0
0,0.9478054735221211,1
0,0.23289096497349515,0
0,0.13616752329885118,0
0,0.14928409543064297,0
0,0.20348312948130648,0
0,0.10976971677137343,0
0,0.5425008311627056,1
0,0.12829994200049433,0
0,0.18635746886572455,0
1,0.5768460376360631,1
0,0.36075383927389015,1
0,0.237073327598734,0
0,0.23262539938604168,0
0,0.7889614891880103,1
0,0.4340177524835256,1
0,0.3706396688352988,1
0,0.34146105534638793,0
0,0.11400521401655427,0
0,0.6947078070264943,1
0,0.12807395737621738,0
0,0.2456763056231683,0
0,0.7908671688130637,1
0,0.14111547147417322,0
0,0.5140086332120094,1
0,0.16363413396446347,0
0,0.45384218400672344,1
0,0.22476249502644327,0
0,0.23842182987692864,0
0,0.3784264799049735,1
0,0.38474461677759025,1
1,0.9204484432724986,1
0,0.2137193884842498,0
0,0.27359533397813873,0
0,0.5459319840955358,1
0,0.08883042975711702,0
1,0.7361839028005305,1
0,0.08297968482501374,0
0,0.10346630491421449,0
0,0.3744313174891382,1
0,0.16913428492541335,0
0,0.08379988844541962,0
0,0.14931106612743125,0
0,0.10796077308757304,0
0,0.10453876421022472,0
0,0.45774392784409135,1
0,0.11464470618089725,0
0,0.2346996917869823,0
0,0.06272214667483013,0
0,0.2568027208671267,0
0,0.20455211165071374,0
0,0.07746206134983202,0
0,0.5623283711923514,1
0,0.2091081091018916,0
0,0.3493082301227908,0
0,0.0647019975058555,0
0,0.19559196170413037,0
0,0.15421247188552678,0
0,0.32243480589755513,0
0,0.33071695035586735,0
0,0.22886604722045648,0
0,0.40577531266038064,1
0,0.9245576576544784,1
0,0.47557131625144583,1
0,0.5210373252981381,1
0,0.49458918135269064,1
0,0.7545545752757269,1
0,0.18267414466459594,0
0,0.22382620521289656,0
0,0.31905094366007297,0
1,0.6776889375238071,1
1,0.9082613950786723,1
0,0.43704553108299393,1
0,0.1307261379524878,0
0,0.7878897777196469,1
1,0.9464146510330564,1
0,0.1883253446135611,0
0,0.7845258072484043,1
0,0.0946421907342188,0
0,0.4082198380777668,1
0,0.11635435908551268,0
0,0.5915778469424167,1
0,0.6193078368268539,1
0,0.38323892890606376,1
1,0.9443227449408423,1
0,0.09697948246518541,0
1,0.15477969227853144,0
0,0.11509525551068542,0
0,0.09682667193301944,0
0,0.097341370275322,0
0,0.1546251502485928,0
0,0.5730137077279385,1
0,0.15536919918551045,0
0,0.33655951932537387,0
0,0.1021502184990199,0
0,0.44552159061741625,1
0,0.18390016651324534,0
0,0.7118301004491032,1
0,0.3902965939845556,1
0,0.46519345347225993,1
0,0.08794182912075756,0
0,0.12147160100712476,0
0,0.320980564574183,0
0,0.42970574458912875,1
1,0.15043980235566481,0
0,0.21292000867328867,0
0,0.10583197154848326,0
0,0.13181925746692089,0
1,0.9379489386327239,1
0,0.19847046550807984,0
0,0.08203165437039954,0
0,0.7790394865308302,1
0,0.05189505243867613,0
0,0.3805653442912211,1
0,0.1306414251785799,0
0,0.30412309949852595,0
0,0.191229977881624,0
0,0.2487270928571762,0
0,0.07971529287581265,0
0,0.30948347554747413,0
0,0.3346289604881308,0
0,0.2044529792344357,0
0,0.3433415209615151,0
0,0.5809693060905168,1
0,0.22506155070824216,0
1,0.2615782317585693,0
0,0.8229751341417678,1
0,0.6927023392125868,1
0,0.1632309846040517,0
0,0.5501972729415582,1
0,0.09001918676709049,0
0,0.13987333938076457,0
0,0.5485416519947472,1
0,0.08463966577877492,0
0,0.09967319258721898,0
0,0.6275969711521511,1
0,0.28619352069269854,0
0,0.6222349039128283,1
0,0.5613769614283897,1
0,0.39244295189886,1
0,0.15561566401717594,0
0,0.12622509286645844,0
0,0.7185888225531236,1
0,0.25346038698410867,0
0,0.2752041915192521,0
0,0.26564770386976433,0
0,0.287899319472977,0
0,0.40160846668484984,1
0,0.7561032499143832,1
0,0.2588795584222829,0
0,0.06102643823731801,0
0,0.24095418269772756,0
0,0.8064091365350985,1
0,0.10662014547086042,0
0,0.23712761068910684,0
0,0.48013974737001464,1
0,0.12384876423310362,0
0,0.25940269231095103,0
0,0.7927364899182168,1
0,0.783236173266179,1
0,0.10847379685216976,0
0,0.07773678257318095,0
0,0.3820781376433961,1
0,0.5846021245553363,1
0,0.09100983901474129,0
0,0.05279889942737337,0
0,0.3485791212646982,0
0,0.24191000365169213,0
0,0.19706267091562793,0
0,0.5090727181927771,1
0,0.5632662442327678,1
0,0.25338721642017914,0
0,0.37924509462925776,1
0,0.2759577902118502,0
0,0.1329675966813427,0
0,0.17321364873127784,0
0,0.49572137647950654,1
0,0.0824997067141363,0
0,0.09599163132266027,0
0,0.8606088006211629,1
0,0.09460916759871393,0
0,0.12860761592531644,0
0,0.1541274253116538,0
0,0.2618198573926027,0
0,0.2507522700844447,0
0,0.09905388965891226,0
0,0.12396688042617368,0
0,0.9373136344955888,1
0,0.062764337104543,0
0,0.10721379783309436,0
0,0.5970712488599678,1
0,0.19115650528277683,0
1,0.2582281536400391,0
0,0.24613366825678043,0
0,0.17439707412071304,0
0,0.08179235677872765,0
0,0.08201303007169868,0
0,0.13208191285097295,0
1,0.929535022786542,1
0,0.10748626953342189,0
0,0.10899654266091413,0
0,0.07966149429341421,0
1,0.5164837536731401,1
0,0.12076836224423412,0
0,0.1377695337917986,0
0,0.23777120812971517,0
0,0.5445487478226069,1
0,0.15445691673638004,0
0,0.07065856942440214,0
0,0.19535947591230077,0
0,0.3451158805591091,0
0,0.5605462394368474,1
0,0.11573897818285526,0
0,0.8522208945456258,1
0,0.19008314940615711,0
0,0.8484961077941668,1
1,0.6129422251253568,1
0,0.08771536778109028,0
0,0.7909469931161665,1
0,0.12602541266887174,0
0,0.10342650927079869,0
0,0.15143687909524203,0
0,0.13614463518627085,0
0,0.17747341702745767,0
0,0.10261479893663303,0
0,0.6663542011480931,1
0,0.4212896002344694,1
0,0.3632388948689572,1
0,0.3077436160191878,0
0,0.34302700059731295,0
0,0.828234007165228,1
1,0.8137762644898525,1
0,0.40511246342985235,1
0,0.3959039505051815,1
0,0.2684788709215557,0
0,0.22152182681744823,0
0,0.13804221580705275,0
0,0.5255889473792732,1
0,0.2573353574750739,0
0,0.62331148908994,1
0,0.08264696193946294,0
0,0.31711046731674447,0
0,0.5765315201301673,1
0,0.09774396440165178,0
0,0.14662058475891723,0
0,0.14850597866866225,0
0,0.3130038594100506,0
0,0.09867193020261841,0
0,0.5565163685427783,1
0,0.3861673179924231,1
0,0.7683543718865026,1
0,0.6492276841855801,1
0,0.536571793229615,1
0,0.7411441112509397,1
0,0.8726860858067227,1
0,0.1618617025358046,0
0,0.06340319705928045,0
0,0.26652301032927933,0
0,0.08384435456213236,0
0,0.20052133284881382,0
0,0.3247552971199774,0
0,0.7382917941282879,1
0,0.18546968612691322,0
0,0.5401156487509872,1
0,0.6243856731802591,1
0,0.2398662397559554,0
0,0.08130232587172843,0
0,0.0986360022628535,0
0,0.6271020087946306,1
0,0.09795884943656885,0
0,0.1296477630453211,0
1,0.526035024452019,1
0,0.09495424551913331,0
0,0.14247560833994474,0
0,0.14544455540679121,0
0,0.3891363284562997,1
0,0.12204439450593357,0
0,0.11878660021019961,0
0,0.1302769204182246,0
0,0.25067420568841386,0
0,0.1338696390140079,0
0,0.3553157370175816,1
0,0.4165334489486969,1
0,0.22885518747301328,0
0,0.4788642919692734,1
0,0.11547532495985893,0
0,0.53612859573066,1
0,0.30251470706640726,0
0,0.13011172062591567,0
0,0.2612870868226489,0
0,0.09016969940057433,0
0,0.10110890650489282,0
0,0.5861494182075492,1
0,0.5024465760378927,1
0,0.187875941639906,0
0,0.5955496231596017,1
0,0.0728371317462885,0
0,0.1530211169321898,0
0,0.1681593651016119,0
0,0.4209132501170484,1
0,0.13064863706623805,0
0,0.23418010869532827,0
0,0.08467189635343937,0
0,0.6661545436072652,1
0,0.35494702395225874,1
1,0.8303451829159637,1
0,0.11764378584089616,0
0,0.24151167371870433,0
0,0.12360637852606755,0
0,0.5231886437269421,1
0,0.08600845540824013,0
0,0.6275841700026867,1
0,0.11692502528283358,0
0,0.1442254798445351,0
0,0.9377832541496264,1
0,0.8096973904729183,1
0,0.1487220432279335,0
0,0.30470943927943717,0
0,0.14188244591454022,0
0,0.137048724358707,0
0,0.3600239858374911,1
0,0.05985747199107626,0
0,0.4231833921497176,1
0,0.18460561015262164,0
0,0.12401190565904623,0
0,0.12281919216913262,0
0,0.9333583683235666,1
0,0.08156486827727182,0
0,0.5058003347714158,1
0,0.25232869015086806,0
0,0.3635794858066578,1
0,0.7465597491737941,1
0,0.24481388679176125,0
0,0.14537367333672646,0
0,0.12270711541896119,0
0,0.43569790330335145,1
0,0.5384330642285031,1
0,0.16517977246021662,0
0,0.11662489289721958,0
0,0.17705555464597886,0
0,0.5574675323460485,1
0,0.32010370739260785,0
1,0.6590163292182826,1
0,0.5274203686567378,1
0,0.1437505198363821,0
0,0.4692999266700982,1
1,0.5753305915206194,1
0,0.19320137321714795,0
0,0.07992955914121117,0
0,0.07359072440924351,0
0,0.2977350440952394,0
0,0.11096015151427686,0
0,0.18356238445923997,0
0,0.10016915786940772,0
1,0.9573482986510292,1
0,0.1465631339912646,0
0,0.7542780049279771,1
0,0.4551104474468128,1
0,0.1261745143740978,0
1,0.9485555587347003,1
0,0.425550778216094,1
0,0.09922793521851556,0
0,0.1270080977701361,0
0,0.16866675639700748,0
0,0.8880000605658176,1
0,0.5112670952354783,1
0,0.1507431948447825,0
0,0.116785524482237,0
0,0.39735502445046306,1
0,0.1318955460285452,0
0,0.1661822984157367,0
0,0.15445103223000742,0
0,0.11289843294278498,0
0,0.4552119804485818,1
0,0.8583647339141091,1
0,0.30835607827656103,0
0,0.4064541616325127,1
0,0.14384173116901788,0
0,0.37944836797301473,1
0,0.8141005950555167,1
0,0.27266641416146636,0
1,0.592595943133318,1
0,0.06446082681767368,0
0,0.6146659797415702,1
0,0.17332483283687036,0
0,0.07485934001530986,0
0,0.5292610274796278,1
0,0.11117026111923063,0
0,0.2067335786102331,0
0,0.12099019411507508,0
0,0.09476125147510037,0
0,0.14353510741397482,0
0,0.8549289626305364,1
0,0.11085918577258906,0
0,0.20839215709192135,0
0,0.09878789993976426,0
0,0.32626744452926104,0
0,0.2999473778326179,0
0,0.09534077045981464,0
0,0.08517302162453165,0
0,0.13065779085426663,0
1,0.19896828068380137,0
0,0.17746977957840723,0
0,0.1130696865017448,0
0,0.6067319648304014,1
0,0.13734688392030509,0
0,0.5579048447577674,1
0,0.1480606139327601,0
0,0.1827410591504497,0
0,0.10637454779867944,0
0,0.11211197151540807,0
0,0.437600883197247,1
0,0.2364529578381097,0
0,0.12152901689166327,0
0,0.1718319239926208,0
0,0.7041370896051905,1
0,0.5778561098046338,1
0,0.10366134970570817,0
0,0.14419769710499442,0
0,0.46911965643201453,1
0,0.10318928560150668,0
0,0.1412754673696165,0
0,0.6396952717535203,1
0,0.09475977494338655,0
0,0.15858496794895002,0
0,0.142724896230657,0
0,0.18109892794456406,0
0,0.5664906584376448,1
0,0.07194701595973067,0
0,0.058946097848846496,0
0,0.33646737943880756,0
0,0.21700323341009456,0
0,0.08102141261574257,0
0,0.08911253809641675,0
0,0.7197809403924783,1
0,0.11224429426759402,0
0,0.13634572029532557,0
1,0.9202424475465385,1
0,0.11299597307480544,0
0,0.18192006555610954,0
0,0.14463160666603672,0
0,0.2566826251152791,0
0,0.09051215435280925,0
0,0.37537651310443765,1
0,0.8309634521987463,1
0,0.7063380252591543,1
0,0.13394315610181626,0
0,0.08864641503668852,0
0,0.2079612076604995,0
0,0.15572278563461361,0
0,0.09914558938572295,0
0,0.1972451662853513,0
0,0.10452274378014148,0
0,0.09129668453014238,0
0,0.2796813016250973,0
0,0.4695558410496021,1
0,0.23918262642724206,0
0,0.1256067518615189,0
0,0.3049571172258245,0
0,0.5723544214647489,1
0,0.07060267933513631,0
0,0.13004479134924768,0
0,0.2530998404985249,0
0,0.11439767895946616,0
0,0.12312551618695058,0
0,0.1247311334722104,0
0,0.3268685887006548,0
0,0.07059270545053821,0
0,0.33782834974370873,0
0,0.8292195462607718,1
0,0.23057493612878918,0
0,0.5386846442613553,1
0,0.09623585585667328,0
0,0.08321146344236312,0
0,0.178608182974578,0
0,0.13421896472678968,0
0,0.17989321377217282,0
0,0.13986168550055034,0
0,0.26528812776875105,0
0,0.2246975066794333,0
0,0.17221329025754828,0
0,0.39414449923470757,1
0,0.1472519133497397,0
0,0.5825380120131033,1
0,0.1152537765348844,0
0,0.609115797563124,1
0,0.7928665534708866,1
0,0.8795959053141805,1
0,0.8663333015071547,1
0,0.1481643520272395,0
0,0.5600476912364717,1
0,0.2944571892053203,0
0,0.06204938600619905,0
0,0.09828517812750871,0
0,0.3297496970812286,0
0,0.1260619997810327,0
0,0.5744977502466035,1
0,0.3251990733468487,0
0,0.12701167925443518,0
0,0.12984901488355086,0
0,0.7636637167601872,1
0,0.13258036231614387,0
0,0.47539254227476324,1
0,0.28774376150505815,0
0,0.22243898783204835,0
0,0.15726813373664383,0
0,0.18748840513721607,0
0,0.21981807804337322,0
0,0.8677166182793902,1
0,0.5430402364740666,1
1,0.7137015183205512,1
0,0.06152990979423549,0
0,0.1406011962344018,0
0,0.6261034268514787,1
0,0.10524842190374953,0
0,0.14268980151578803,0
0,0.12267760806123171,0
0,0.14577625346774833,0
0,0.3816002453135676,1
0,0.13345717087266173,0
0,0.14786126916929088,0
0,0.1958063528056481,0
0,0.17730149293833844,0
0,0.3542077263633308,1
0,0.6121417034625841,1
0,0.1175450607399653,0
0,0.06543455652658217,0
0,0.09135484616186185,0
0,0.6759496660365472,1
0,0.8140081358902045,1
0,0.4581352433254928,1
0,0.23390163797719277,0
0,0.5371154628461033,1
0,0.3597939620949798,1
0,0.16620838910836724,0
0,0.10375354229503934,0
0,0.17116394755232725,0
0,0.49635896811824837,1
0,0.10833718089999403,0
0,0.11151594633148451,0
0,0.15819893752898875,0
0,0.17311565527545553,0
0,0.9574079124147171,1
0,0.4212704684871673,1
0,0.13330199656196962,0
1,0.47138934706150526,1
0,0.06743886676358653,0
1,0.8295331979506687,1
0,0.4034806894207622,1
0,0.12696533094572277,0
0,0.17262212402257457,0
0,0.08531527259149216,0
0,0.07292001968809513,0
0,0.41407344031027693,1
0,0.7378975858151501,1
0,0.4446294265630312,1
0,0.10521284752605788,0
0,0.08980246560823282,0
0,0.15507707936197032,0
0,0.18399858856236942,0
0,0.4623946947605134,1
0,0.2525174449604208,0
0,0.3878521043215705,1
0,0.1461219443091289,0
0,0.19421985537133873,0
0,0.6171062282865235,1
0,0.1029455989573957,0
0,0.10961861274122818,0
0,0.12261088554802385,0
0,0.08612214689748687,0
0,0.3707795195468039,1
0,0.0685024166585973,0
0,0.05361435850776947,0
0,0.0969221618014915,0
0,0.8073526931285623,1
0,0.2008553524972711,0
0,0.10038792056728447,0
0,0.18676711537709864,0
0,0.2012539378612203,0
1,0.05891651962766323,0
0,0.13429506643808453,0
0,0.6158796761791664,1
0,0.3385039284177403,0
0,0.1908341560492326,0
0,0.7073724208562238,1
0,0.9102410432601294,1
0,0.15492320234209725,0
0,0.06118319782140587,0
0,0.18541613408394955,0
0,0.08565905720584152,0
0,0.1310106570816059,0
0,0.3756950985221132,1
0,0.12336728839308933,0
0,0.820386374160642,1
0,0.12531476386776785,0
0,0.42212909896986356,1
0,0.15249655835722273,0
0,0.2607553381370317,0
0,0.18867687891928694,0
0,0.693535292089043,1
0,0.16352072912510737,0
0,0.21845359680021725,0
0,0.2528695008987555,0
0,0.17592336473727832,0
0,0.5139329037687781,1
0,0.1194880966924209,0
0,0.08111127426430631,0
0,0.22005907760136775,0
0,0.09136213687626661,0
0,0.05819511118800864,0
0,0.8070004121138644,1
0,0.43330480669237714,1
0,0.1740838928883389,0
0,0.12258317490613872,0
0,0.9255535902390112,1
1,0.38046915785869745,1
0,0.12187408660280241,0
0,0.26212301504602803,0
0,0.5838301198359575,1
0,0.08991663546255033,0
0,0.5274824114408777,1
0,0.253694470011027,0
0,0.10509236753262184,0
0,0.20061008513598755,0
0,0.21293433098372516,0
0,0.7113061585724411,1
0,0.10782587758990227,0
0,0.07528721268007255,0
0,0.3564780746829245,1
0,0.3509988271166116,1
0,0.11712025536265308,0
0,0.37406641266893137,1
0,0.05608923304818176,0
0,0.06436237280332936,0
0,0.23999035558749016,0
0,0.10427379200258487,0
0,0.4194005886870484,1
0,0.21737847438136057,0
0,0.5688365177913957,1
0,0.5743766146139154,1
0,0.7888585691950515,1
0,0.5885940381707114,1
0,0.13721853619410807,0
0,0.08176684439217868,0
0,0.6521998072680529,1
0,0.07191014632698908,0
0,0.10507703426214383,0
0,0.35672688852175716,1
0,0.8781542330726911,1
0,0.08323632437841534,0
0,0.8319148519065566,1
0,0.12445417415864048,0
0,0.06146845235138746,0
0,0.07118540470800858,0
1,0.8175379851346191,1
0,0.7506334174021005,1
0,0.157505652270857,0
0,0.6342149819287779,1
0,0.07901240003059667,0
0,0.2026781523076363,0
0,0.5048609680328006,1
0,0.2743505730742576,0
0,0.11702008778092636,0
0,0.17710799684872236,0
0,0.15531126084748284,0
0,0.25698852908611014,0
0,0.15107589080443048,0
0,0.06406582914980388,0
0,0.1621688699633546,0
0,0.11161875356585159,0
0,0.3356255581293693,0
0,0.15248005039535995,0
0,0.6425384018851586,1
0,0.5073475131345274,1
0,0.4922690341628792,1
0,0.06499325531165925,0
0,0.09966460327973112,0
0,0.4722244533509821,1
0,0.14128794636023448,0
0,0.06647014415182327,0
0,0.48862221669039835,1
0,0.8289442251463249,1
0,0.18254104052802772,0
0,0.18430567779436335,0
0,0.12166578806438383,0
0,0.09494202291157801,0
0,0.2627633320983423,0
0,0.2824759141924654,0
0,0.09348514170071917,0
0,0.31225192187618434,0
0,0.2096324393876455,0
0,0.8521350384186113,1
1,0.9275055641740838,1
0,0.32238470335085156,0
0,0.28930420009022684,0
0,0.13071105166147615,0
0,0.24894329100849666,0
0,0.23492972621454924,0
0,0.454481119349376,1
0,0.11216595038489051,0
0,0.20226794261302763,0
0,0.10717319654130508,0
0,0.18778957625912804,0
0,0.10649312222466913,0
0,0.09238800260004867,0
0,0.10471016809441022,0
0,0.07367957520767011,0
0,0.5299618287570248,1
0,0.6697576732579694,1
0,0.14408605238385752,0
1,0.5146992591155178,1
0,0.1526023727614122,0
0,0.6893256654697465,1
0,0.10373717243589398,0
0,0.37755714157576903,1
0,0.23133327760644554,0
0,0.11005037737859152,0
0,0.09605286704148593,0
0,0.44294895605017237,1
0,0.08557400985676618,0
0,0.9260706289526295,1
0,0.4171686020941451,1
0,0.34897980838823806,0
0,0.20307949493923838,0
0,0.3534183163387768,1
0,0.08861953573621337,0
0,0.10599987084646843,0
0,0.4670669976693835,1
0,0.4545507028687577,1
0,0.135785101084945,0
0,0.3585923005962949,1
1,0.6575029735767643,1
0,0.27212847423908837,0
0,0.1299150931763633,0
0,0.16885784347123342,0
0,0.18496888810167275,0
0,0.33288174636128964,0
0,0.23764342379007658,0
0,0.13291054087210175,0
0,0.9121147238636634,1
0,0.1042021266712859,0
0,0.44430368731368486,1
0,0.12432415638151165,0
0,0.4277385431947254,1
0,0.24813730578445012,0
0,0.8197870433834202,1
0,0.46929268153497605,1
0,0.1554121798887089,0
0,0.13286684982505395,0
0,0.17477193001886498,0
0,0.09738342908438974,0
0,0.4530641670121913,1
0,0.16406383904919394,0
0,0.09078809350190277,0
0,0.12799703598682413,0
0,0.4932330009341607,1
0,0.5610262195975622,1
0,0.28477213453060524,0
0,0.2728958936497827,0
0,0.37348422891215177,1
0,0.5737711557003372,1
0,0.06894795496185709,0
0,0.15092091398675306,0
0,0.3406238811141222,0
0,0.15037093447990194,0
0,0.1293464463668908,0
0,0.26907981854118207,0
0,0.23915844911064543,0
0,0.1041226991698864,0
0,0.130101061524022,0
0,0.11821865713271949,0
1,0.4717007731368785,1
0,0.832709139277548,1
0,0.09561358252964283,0
0,0.8550037939683005,1
0,0.3695957679235118,1
0,0.31260091803472817,0
0,0.4681253039353374,1
0,0.12350559673911353,0
0,0.09364454758820479,0
0,0.38334315871718244,1
0,0.33055391093120323,0
1,0.9615838705900296,1
0,0.09558657672432695,0
0,0.06153001520116098,0
0,0.12701636914166534,0
0,0.7575778818187818,1
1,0.15922971872558958,0
0,0.7640109982802598,1
0,0.2624688977495282,0
0,0.0984715661348997,0
0,0.503700656476669,1
0,0.33704489377206165,0
0,0.08726048765306563,0
0,0.21207131066670815,0
0,0.7930101839061205,1
0,0.160992430180671,0
1,0.9530399741867664,1
0,0.12518611024844875,0
0,0.5542559794500319,1
0,0.20383382679403245,0
0,0.6338653036426645,1
0,0.10053763466046511,0
0,0.44691926315158886,1
0,0.6513693468042371,1
0,0.44751289228073377,1
0,0.10931210633115951,0
0,0.051329397786902056,0
0,0.10865191169254944,0
0,0.1252407605493661,0
1,0.8383217130466091,1
0,0.10595285098643666,0
0,0.8317905248475379,1
0,0.10791784619779445,0
0,0.1924834431565729,0
0,0.10987004618214447,0
0,0.1230404018968294,0
0,0.7246901126421652,1
0,0.2151671807189048,0
0,0.18742005464391492,0
0,0.5941345241234831,1
0,0.7730407164810776,1
0,0.05775169349468932,0
0,0.054770912881517496,0
0,0.3988466027812578,1
0,0.8166482906420622,1
0,0.1926253938823425,0
0,0.2305673027881782,0
0,0.18871620852763446,0
0,0.2743847129109366,0
0,0.09073629248781281,0
0,0.18602925940632645,0
1,0.38916380971086506,1
0,0.5206958956681709,1
0,0.2019803834939879,0
0,0.4874840567565191,1
0,0.20161986112050498,0
0,0.24303707049429565,0
0,0.20151402247232778,0
0,0.31575798528001503,0
0,0.22131783450026854,0
0,0.5970552604786428,1
0,0.1370524237465777,0
0,0.9526269054649212,1
0,0.4592523668172634,1
0,0.15225437111153622,0
0,0.1331871368196251,0
0,0.31998875065640775,0
0,0.14532215610501878,0
0,0.18993459328250054,0
0,0.32127209858665173,0
0,0.3843258830729095,1
0,0.05960475149769384,0
0,0.09799494243374346,0
1,0.1060574745594339,0
0,0.27134656313470645,0
0,0.3905232961924824,1
0,0.23866134726840385,0
0,0.4912988224535285,1
0,0.10454821342922267,0
0,0.44327941467469867,1
0,0.9640250005420292,1
0,0.9071846491935236,1
0,0.8638519492171468,1
0,0.49342013442422283,1
0,0.11402093806474042,0
0,0.3503504685879995,1
0,0.20391965357155886,0
0,0.12830463184059568,0
0,0.13989007521969155,0
0,0.6414299237791508,1
0,0.35980548763370024,1
0,0.6694475426408548,1
0,0.29455030428555334,0
0,0.09551698455823358,0
0,0.5599041280827707,1
0,0.5868315809233333,1
0,0.21256830828467932,0
1,0.8253094668560629,1
0,0.07189400287356623,0
0,0.1623802579142048,0
0,0.09767055084578329,0
0,0.26088906640145476,0
0,0.9343573566572113,1
0,0.27563956149328767,0
0,0.5703794550909471,1
0,0.2959623399712794,0
0,0.42707505363974757,1
0,0.44509298640217176,1
0,0.06484495619458032,0
0,0.37734414234903196,1
0,0.20352067246199462,0
0,0.4416077406367982,1
0,0.12631579402931925,0
0,0.18746409214519055,0
0,0.19917178875738598,0
0,0.1475378477998943,0
0,0.18352076546251406,0
1,0.4895413604222949,1
0,0.1137775163686189,0
0,0.09617512777345394,0
0,0.412356281749682,1
0,0.3712876539518739,1
0,0.07479956548839863,0
0,0.8955789471520391,1
0,0.44854863965244257,1
0,0.11555540780085433,0
0,0.21709884399497567,0
0,0.10480091460276565,0
0,0.41704979870262454,1
0,0.1079583327528968,0
0,0.183398743197612,0
0,0.09463926257334224,0
0,0.45491005862221207,1
0,0.853774821220003,1
0,0.09528944126120446,0
0,0.2732139796362711,0
0,0.12351710290422666,0
0,0.3112690443649484,0
0,0.1830616910257274,0
0,0.20558455760155286,0
0,0.06959544506581256,0
0,0.4141287761252768,1
0,0.7032464846081935,1
0,0.14406265373760124,0
0,0.08058227017309051,0
0,0.5828843521990091,1
0,0.17013605688019592,0
0,0.12582036607162864,0
0,0.9240883427222665,1
0,0.18958156950672786,0
0,0.6237780454856928,1
0,0.22736926576156022,0
0,0.21671278707485722,0
0,0.15293277847279296,0
0,0.37628054111073406,1
0,0.5240772140311782,1
0,0.1316760800701087,0
0,0.11923475952058764,0
0,0.4708637583875627,1
0,0.0683394141864632,0
0,0.09481150353911144,0
0,0.21058579162955687,0
0,0.0503333939166714,0
0,0.07411962255188315,0
0,0.12135218064350753,0
0,0.26851097616089414,0
1,0.8761342625150981,1
0,0.12318043730237536,0
0,0.07297268475253146,0
0,0.19840865564443957,0
0,0.10615578774203112,0
0,0.07631917347961718,0
0,0.11910411270698135,0
0,0.11452502563263289,0
0,0.09763128573086903,0
0,0.5874494744560455,1
0,0.2969092962550705,0
0,0.07966169893973313,0
0,0.15019097479458013,0
0,0.12595752617409053,0
1,0.9374278397190376,1
0,0.1307476360333393,0
0,0.18430449467010687,0
0,0.1303771975244233,0
0,0.31121734971537274,0
0,0.14191589985746064,0
0,0.08452207099743549,0
0,0.5146931588859629,1
1,0.6891405776445539,1
0,0.6997813825378579,1
0,0.3181390455647527,0
0,0.4294168776376232,1
0,0.10682255255259432,0
0,0.5703268791889584,1
0,0.0764133664362162,0
0,0.12993478664426023,0
0,0.21131792189586426,0
0,0.8982628343929349,1
0,0.865719461556721,1
0,0.2731273742921198,0
0,0.838049266194559,1
0,0.10694190342962387,0
0,0.04951376193848142,0
0,0.1540465224235346,0
0,0.1219683488831502,0
0,0.07372380471821853,0
0,0.7418400726400166,1
0,0.181230089742279,0
0,0.08375568132812479,0
0,0.2138503416036158,0
0,0.1105517377319381,0
0,0.3902484185271875,1
0,0.17812006999540558,0
1,0.5796990535394471,1
0,0.596850114737114,1
0,0.11458186549347187,0
0,0.19960624309808164,0
0,0.05250243994942105,0
0,0.14697953865368388,0
0,0.3252924553248248,0
0,0.09741827681963312,0
0,0.42264927492305726,1
0,0.04998723817399673,0
0,0.13265156149115295,0
0,0.442834121287604,1
0,0.11984146807335383,0
0,0.07019905558922052,0
0,0.3550102570021011,1
0,0.6222545111308364,1
0,0.807512582986026,1
0,0.23221699651598238,0
0,0.22600201185409582,0
0,0.17558751163562245,0
0,0.49136742242831855,1
0,0.09553054477085401,0
0,0.11630232091818234,0
0,0.20622911043116662,0
0,0.6097261833267404,1
0,0.24030468537559968,0
0,0.15242854240166678,0
0,0.7301590640674783,1
0,0.13194213577940608,0
0,0.061577478589544654,0
0,0.12342957502623274,0
0,0.37299379977722275,1
0,0.14618515942021912,0
0,0.5341217950814635,1
0,0.9177061376142083,1
0,0.12198341092772663,0
0,0.2527289473980756,0
0,0.1402397101504084,0
0,0.12380215988752208,0
0,0.3564850648919315,1
0,0.17574876801433426,0
0,0.3587544860770595,1
0,0.12040778975805222,0
0,0.20009964992144635,0
0,0.14208138390555183,0
0,0.547492793216459,1
0,0.176536863954477,0
0,0.4426411702250949,1
0,0.42475498597641653,1
0,0.4579712884475465,1
0,0.11740441526324552,0
0,0.2473292001375215,0
0,0.5282728892480825,1
0,0.05724854452989885,0
0,0.24095622273570985,0
0,0.8204059017944856,1
0,0.05160917335318547,0
0,0.3577416083065096,1
0,0.2920081215952653,0
0,0.8536929927305107,1
0,0.1162240338059671,0
0,0.2563373527407121,0
0,0.07976507218190829,0
0,0.21741968542885318,0
1,0.5940346305232034,1
0,0.5472936127188206,1
0,0.15113403764036665,0
0,0.6118411828344388,1
0,0.1206670509703591,0
0,0.33946665481739885,0
1,0.8921184814306145,1
0,0.13315036244145617,0
0,0.7178207514980908,1
0,0.06230006151778086,0
0,0.4881438059684127,1
0,0.18969730359486608,0
0,0.14963620851823245,0
0,0.11900394774751878,0
0,0.5219476766036915,1
0,0.1691639907223044,0
0,0.10778594029045924,0
0,0.23185286112021336,0
0,0.488464124871053,1
1,0.5500273109595611,1
0,0.35010195516969606,1
0,0.513881808947595,1
0,0.12013455263627648,0
0,0.5466049599487862,1
0,0.8834144959290271,1
0,0.5301362496993703,1
0,0.23013968069917756,0
0,0.4834114529137442,1
0,0.12776639867439535,0
0,0.12827786915353742,0
0,0.5590440014031394,1
0,0.21731750754474968,0
0,0.2974337958623566,0
0,0.10666563849903288,0
0,0.14763211553137856,0
0,0.3814663436640105,1
0,0.46737805168934604,1
0,0.13795883311236293,0
0,0.9334027754806088,1
0,0.5948915806028353,1
0,0.5917210328452389,1
0,0.11735201199867099,0
0,0.1369803677711655,0
0,0.3398729612326133,0
0,0.5945048348949022,1
0,0.11499674503395528,0
0,0.0860207072451833,0
0,0.4143210633128765,1
0,0.355708502808241,1
0,0.09122434491351965,0
0,0.08116770519040403,0
0,0.3920906142728119,1
0,0.6332460102763543,1
0,0.3022341622089046,0
0,0.405640307143689,1
0,0.10839337192687074,0
0,0.1491788965233761,0
0,0.07010948504759398,0
0,0.4793369597357439,1
0,0.3701382270882141,1
0,0.1277149321511885,0
0,0.4576886019455524,1
0,0.12535427558952544,0
0,0.8245234856914565,1
0,0.17441760143144433,0
0,0.18536547400883235,0
0,0.21331773216704983,0
0,0.08747754626653799,0
0,0.14672929056359643,0
1,0.9063823217797599,1
0,0.2451931569560968,0
0,0.518236325016967,1
0,0.5428295616835783,1
0,0.7731262752507342,1
0,0.1399427288551088,0
0,0.4420248352919229,1
0,0.35848240867663717,1
0,0.6450207707840558,1
0,0.07267819942998657,0
0,0.5925080614665985,1
0,0.2994018588098047,0
0,0.29916882075165313,0
0,0.17100533164724258,0
0,0.11286787560963955,0
0,0.602070257288141,1
0,0.2772470931609062,0
0,0.2226382722105574,0
0,0.1430459953876898,0
0,0.8736230645627503,1
0,0.1795426939099345,0
0,0.16386820781008368,0
0,0.17353029610712273,0
0,0.1667708255743072,0
0,0.41901371097516293,1
0,0.08083111249148288,0
0,0.0761234778786915,0
0,0.13353617247237437,0
0,0.26600376655324176,0
0,0.09326826685871357,0
0,0.1868786944642461,0
0,0.1726407670620903,0
0,0.14136448456077436,0
0,0.14843149724246604,0
0,0.35204676610586394,1
0,0.05238129395755533,0
0,0.18710248718014033,0
0,0.11013704605866062,0
0,0.8345624691138266,1
0,0.3433411059716236,0
0,0.1219428659191675,0
0,0.2250152110617977,0
0,0.7626550309200436,1
0,0.05886855514216767,0
0,0.2618848934674535,0
0,0.10873549857784309,0
0,0.09041877266832937,0
0,0.45869694531058836,1
1,0.7890752504054439,1
0,0.1050295655069342,0
0,0.05604060785072133,0
0,0.09806673804778707,0
0,0.5679557111789455,1
0,0.1313204439970493,0
0,0.599491539332849,1
1,0.8728670175462079,1
0,0.8263311915689887,1
0,0.11438752352428025,0
0,0.13584080666542847,0
1,0.8729793983217354,1
0,0.05962160872020495,0
0,0.3548270168831544,1
0,0.1301790533399821,0
0,0.2259105236096604,0
0,0.6040972346993371,1
0,0.16439376303574807,0
0,0.1618500441293151,0
0,0.30339659751567033,0
0,0.14466000205716883,0
0,0.2173868397084164,0
0,0.4082590184392872,1
0,0.09151703942995958,0
0,0.17898722265879294,0
0,0.6859976520712828,1
0,0.19485076675633736,0
0,0.08232496199110678,0
0,0.2907095008950224,0
0,0.47600507604495507,1
0,0.07956721029982299,0
0,0.10578061373470675,0
0,0.11954083688003841,0
0,0.13213312945265734,0
0,0.28836253729046685,0
0,0.1702612928551245,0
0,0.09797151002287562,0
0,0.6493019756418188,1
0,0.10225987203689452,0
0,0.10537679316159544,0
0,0.3361365961495257,0
0,0.27270098450873254,0
0,0.20538482738543068,0
0,0.5345515430154021,1
0,0.18326482403585453,0
0,0.42063377891787324,1
0,0.2272218238682657,0
0,0.1122170924784302,0
0,0.25514937055944903,0
0,0.0927106824961261,0
0,0.8829199550389819,1
0,0.235737248191627,0
0,0.8939362818495592,1
0,0.13653611021348483,0
0,0.374157035834459,1
0,0.11400891825658206,0
0,0.8516765744495526,1
0,0.16760069045030535,0
0,0.15726727336799023,0
0,0.13743042966630126,0
0,0.10421233803020916,0
0,0.1345059018104579,0
0,0.7797755245574559,1
0,0.10619497306910412,0
1,0.6755602159335088,1
0,0.09317432985919655,0
0,0.34595932158297504,0
0,0.4091552203058356,1
0,0.05728562628166147,0
0,0.14600664783992462,0
0,0.12922158981874682,0
0,0.2704153877283662,0
0,0.4761363108137838,1
0,0.14208593699232555,0
0,0.1148474633331025,0
0,0.1244638442810926,0
0,0.05207726683151459,0
0,0.2251722367510609,0
0,0.21839954843949955,0
0,0.07203705136094249,0
0,0.1978758859626121,0
0,0.38336277793164164,1
0,0.7886012047600783,1
0,0.3691672642963903,1
1,0.915669250887922,1
0,0.4999964998341643,1
0,0.111194192174309,0
0,0.30673194292356926,0
0,0.15606206984292806,0
0,0.07357086048277267,0
0,0.16575532163626341,0
0,0.3276737590107972,0
0,0.4227549568103395,1
0,0.4876140169317825,1
0,0.5135657884511647,1
0,0.7978494949755072,1
0,0.5433447035707432,1
0,0.2316214581032589,0
0,0.34587717475103436,0
0,0.10897124609538357,0
0,0.25897356897519813,0
0,0.5602805203743072,1
0,0.24144392113670543,0
0,0.20942880118687296,0
1,0.565811725833159,1
0,0.11071343663677133,0
1,0.9584770732647598,1
0,0.3082525086541864,0
0,0.3926015571163761,1
0,0.20274061920297098,0
0,0.12060846319480253,0
0,0.5159994210103441,1
1,0.8476096011533043,1
0,0.17551636682551816,0
1,0.37505833957189655,1
0,0.13088895542435441,0
0,0.3634757982809955,1
0,0.8969211716013956,1
1,0.8787797492799277,1
0,0.33849347477381614,0
0,0.23610913492198535,0
0,0.7886012047600783,1
0,0.11149573156871352,0
0,0.4184096319241122,1
1,0.5887659288453637,1
0,0.07770190474188762,0
0,0.29652776934023073,0
0,0.2814268184514177,0
0,0.13733080455967633,0
0,0.3492949278735457,0
0,0.7496818713632617,1
0,0.2477450212871166,0
0,0.10012443859441372,0
0,0.07881251291513394,0
0,0.11455708638239451,0
0,0.06203683597564813,0
0,0.510809801316264,1
0,0.24633520556692076,0
0,0.8277999524841745,1
0,0.27546156059430094,0
0,0.2251558758309811,0
0,0.3791165886512266,1
0,0.13849194289412717,0
0,0.5669082791936125,1
0,0.23367546104387998,0
0,0.230794074606191,0
0,0.08537921758538189,0
1,0.1928227921147902,0
0,0.3272739915588727,0
0,0.09399787449936291,0
0,0.28544066319908895,0
0,0.24555350538235138,0
0,0.5985183419061826,1
0,0.592360939172313,1
0,0.6962427555721691,1
0,0.7778807458776466,1
0,0.3366062201381687,0
0,0.4894365480154238,1
0,0.34655792438468125,0
0,0.07429468559661356,0
0,0.12568244822264,0
0,0.2863887408597106,0
0,0.11256459012577577,0
0,0.3337922932072716,0
0,0.12214976001978085,0
0,0.6564929009808728,1
0,0.3737782886677338,1
0,0.16929966476558386,0
0,0.15151195326647002,0
0,0.45431712458147,1
0,0.12763430221037875,0
0,0.11266330417385124,0
0,0.5371262940653148,1
0,0.4319187933532182,1
0,0.2166720796282913,0
0,0.5490274606000116,1
0,0.32589257354477846,0
0,0.1935261815410252,0
0,0.1564507932906578,0
0,0.8596769721168968,1
0,0.09081634393783734,0
0,0.21620864600104303,0
0,0.9370078639314168,1
0,0.32938875726794714,0
0,0.7414376826907778,1
0,0.879814194177201,1
0,0.22379659517289174,0
0,0.2539383929790342,0
0,0.5970725783101485,1
0,0.5142762614757103,1
0,0.122617688174285,0
0,0.13058240805486654,0
0,0.3248391666859103,0
0,0.16685109759137173,0
0,0.09828671782212198,0
0,0.4163231090467802,1
0,0.3376980640320891,0
0,0.08249135801122462,0
0,0.3264244805514179,0
0,0.6196866057709323,1
0,0.1728320281548109,0
0,0.8742361824751358,1
0,0.10891636132398955,0
0,0.15795287551390993,0
0,0.11619631101657961,0
0,0.3913584138925193,1
0,0.17828764778696357,0
0,0.2852652502605198,0
0,0.2751827486633005,0
0,0.12384360644732748,0
0,0.11061742346122516,0
0,0.10001394819793653,0
0,0.33585684026516044,0
0,0.19170789542822086,0
0,0.4410397243827711,1
0,0.09564247592628489,0
0,0.14795786577065648,0
0,0.41033299188690153,1
0,0.3720730273252658,1
0,0.11105503157932922,0
0,0.0741118696611285,0
0,0.14520283268437198,0
0,0.12621105958539827,0
0,0.09376911399742086,0
0,0.1086829233519762,0
0,0.11092984008415994,0
0,0.5361795549770318,1
0,0.32494821861989737,0
0,0.17326694285934868,0
0,0.12761364116849813,0
0,0.7108803494108283,1
0,0.3139305524366065,0
1,0.8666854945148316,1
0,0.17800595362637056,0
0,0.0971269366097523,0
0,0.07612466606448305,0
0,0.1919873730371089,0
0,0.45014400795668874,1
0,0.07677229514380647,0
0,0.20510555263814537,0
0,0.1284309712445066,0
0,0.36135985639181895,1
0,0.5805360562986249,1
0,0.12471769854170499,0
0,0.19044285877837738,0
0,0.06525372822174959,0
0,0.12063299503597441,0
0,0.2963840504951481,0
0,0.13633430622548,0
0,0.2582618050535136,0
0,0.08516299333579337,0
0,0.17147582459721733,0
0,0.8304943612420587,1
0,0.4139781234965536,1
0,0.16601382376751014,0
1,0.6007028013520216,1
0,0.11331473529747524,0
0,0.5084670398012292,1
0,0.32988230831972115,0
0,0.4685062102938346,1
0,0.06992669687480965,0
1,0.19449061029672823,0
0,0.08134117845268045,0
0,0.06891611614420408,0
0,0.3693655440272369,1
0,0.9492809804823831,1
0,0.19150326771190887,0
0,0.365233301454264,1
0,0.08698224873401122,0
0,0.3042028102365326,0
0,0.21774764063160754,0
0,0.6166949546465645,1
0,0.08942345012494184,0
0,0.590481384423706,1
0,0.09075491828050446,0
0,0.4461874548095715,1
0,0.22049108301295037,0
0,0.4533130650398465,1
0,0.4742427047531022,1
0,0.6346878672317657,1
0,0.14757820970419583,0
0,0.3908953149622164,1
1,0.8220731730221789,1
0,0.24123636772445223,0
0,0.831016411557564,1
0,0.5777652000693112,1
0,0.5152733846839657,1
0,0.407426426048469,1
0,0.3411330663261796,0
0,0.3802669665080608,1
0,0.4339268748463467,1
0,0.4292320239312144,1
0,0.19074991702671892,0
0,0.1271732636561576,0
0,0.13469141961675898,0
0,0.6802680128769122,1
0,0.9359805502248048,1
0,0.6135586555977149,1
0,0.1300637990613852,0
0,0.3987058473922898,1
0,0.340810256023899,0
0,0.13795599108638637,0
0,0.1516016474122942,0
0,0.9272133116631566,1
0,0.7481663131175085,1
0,0.4984541420989183,1
0,0.14355952356559043,0
0,0.5900893655302714,1
0,0.3360200093178633,0
0,0.13207603153343653,0
0,0.24372483630050265,0
0,0.407270310074481,1
0,0.07751787991032262,0
0,0.2403956111074782,0
1,0.9550383319330638,1
0,0.07175183634682428,0
0,0.1623114769112443,0
0,0.23118866029164972,0
0,0.21919376522360015,0
1,0.09789634044149376,0
0,0.07722554360237159,0
0,0.37804389568718216,1
0,0.3295214572693311,0
0,0.14915529891615323,0
0,0.1081690210141326,0
1,0.9121345911787904,1
0,0.8076322701712366,1
0,0.8274888797802815,1
0,0.07764714697779485,0
0,0.13861295129866238,0
0,0.10857570339690573,0
0,0.661917082291723,1
0,0.1404372105336129,0
0,0.6542986291047782,1
0,0.20775107640671722,0
0,0.13911443649984478,0
0,0.09171722414115455,0
0,0.275228109482106,0
0,0.16888005351627583,0
0,0.5537281015754053,1
0,0.06104319490579469,0
0,0.07092506742074292,0
0,0.4679233110885872,1
0,0.7331760752184355,1
0,0.7568394960992868,1
0,0.05424145520099727,0
0,0.5748461495062718,1
0,0.20150416679890198,0
1,0.7845148029424485,1
0,0.642664812387757,1
0,0.07968520994072406,0
0,0.21615538423054412,0
0,0.40437476414941076,1
0,0.85506495840091,1
0,0.068538929842127,0
0,0.11548772404453106,0
1,0.9338204922411723,1
0,0.8549736860730369,1
0,0.47432592942739965,1
0,0.4617950320711677,1
0,0.09110369414052859,0
0,0.35617661140183626,1
0,0.21579256766103677,0
0,0.3672170621039679,1
0,0.20030928416222016,0
0,0.12040620540674701,0
1,0.7046067778753942,1
0,0.5782967420392201,1
0,0.10867251567441623,0
0,0.9217383714057572,1
0,0.2344774147419051,0
0,0.37495287381039955,1
0,0.32332675310949305,0
1,0.9226409504477092,1
0,0.09790147885128457,0
0,0.12799284343303255,0
0,0.11886394377840195,0
0,0.10320842846526232,0
0,0.5202717245596712,1
0,0.3725492707442609,1
0,0.0998666000710177,0
1,0.3741754097749167,1
0,0.8933055488851501,1
1,0.9064387977673746,1
0,0.5713944973822263,1
0,0.41165252903033417,1
0,0.11993522782187936,0
0,0.21001874124639044,0
0,0.15396180975636092,0
0,0.6631420806914883,1
0,0.1841286796807041,0
0,0.1437533121210902,0
0,0.15643991689946796,0
0,0.12944637983016755,0
0,0.5652906743482123,1
0,0.153731771438811,0
0,0.09727871744508017,0
0,0.11487018798561621,0
0,0.07395299893163584,0
0,0.08431941363417489,0
0,0.3677267871693551,1
0,0.35505762937291535,1
0,0.08391313126153145,0
0,0.05581204814214642,0
0,0.12201696038912047,0
0,0.09810044242006903,0
0,0.11333100342803619,0
0,0.4130390516895068,1
1,0.36655076952152865,1
0,0.13492322978220697,0
0,0.6745692457112824,1
0,0.9105425344990056,1
0,0.661044646760312,1
0,0.7972977013457428,1
0,0.2247037018588572,0
0,0.27258876109587254,0
0,0.1300165807687506,0
0,0.4098150845346021,1
0,0.16171125943659115,0
0,0.13868623606046887,0
0,0.3922099362858755,1
0,0.16022987611113287,0
0,0.7162325105713867,1
0,0.09103093447526274,0
0,0.07930731400886697,0
0,0.9076226736311016,1
0,0.3887094925370664,1
0,0.08899672388879298,0
0,0.4032193590637618,1
0,0.1421694754284602,0
0,0.17127810182456932,0
0,0.23495968993853253,0
0,0.10179486255979858,0
0,0.7771203067014182,1
0,0.4338716932986647,1
0,0.1465378491412384,0
0,0.1656189984348043,0
0,0.13998539161481333,0
0,0.0716481360266374,0
0,0.7677956018689727,1
0,0.09921645859922046,0
0,0.10616718507688758,0
0,0.07521718043688876,0
0,0.1928839565557277,0
0,0.25751292422672545,0
0,0.17177391970945222,0
0,0.10723476123833815,0
0,0.05461513154602876,0
0,0.948502748489117,1
0,0.24352462511067208,0
0,0.4244996870270286,1
0,0.17382413195331156,0
0,0.5395694048283463,1
0,0.15614985052956962,0
0,0.21959827332208784,0
0,0.09835867593320573,0
0,0.16530636434098497,0
0,0.12958762826964,0
0,0.2305689977423305,0
0,0.12402180158702658,0
0,0.11713927412336758,0
0,0.2845613974644196,0
0,0.28166132529157417,0
0,0.6651741822404929,1
1,0.36482129907663435,1
0,0.6010544933103928,1
0,0.3328882437813567,0
0,0.12721742156820176,0
0,0.3396543095432258,0
0,0.5568524726409174,1
0,0.1247376342864548,0
0,0.1155868456488713,0
0,0.13868886279158665,0
0,0.07113325675090837,0
1,0.8586694312692776,1
0,0.1587853974820115,0
0,0.12606115944325333,0
0,0.3293447947361416,0
0,0.09524342627425857,0
0,0.5895503470014265,1
0,0.15457489631408777,0
0,0.8958222700321136,1
0,0.12310011514506397,0
0,0.6323990185499765,1
0,0.07836389907718377,0
0,0.2752819505921654,0
1,0.44693342085933274,1
0,0.2026374564668771,0
0,0.4371717363610915,1
0,0.3349332523466908,0
0,0.4830903513824552,1
1,0.8051644827604515,1
0,0.14435875712992347,0
0,0.08533401807112767,0
0,0.5501826333339115,1
0,0.2958069098464227,0
0,0.24499143462231568,0
0,0.18956891075677923,0
0,0.21075167073581588,0
0,0.23111962266321703,0
0,0.5788844463776638,1
0,0.1900259707258305,0
0,0.15256138775855155,0
0,0.4127685946945438,1
0,0.07001328694268559,0
0,0.09453371733330537,0
0,0.3661855761646421,1
0,0.14412995959635574,0
0,0.19614035716586678,0
0,0.16892972275262794,0
0,0.45012960267463475,1
0,0.49432008671594796,1
0,0.3860647442767487,1
0,0.5392061841417753,1
0,0.5238031532427695,1
0,0.5269522069029078,1
0,0.8186115063691473,1
0,0.096525343229421,0
0,0.6201523802933857,1
0,0.24252967726228614,0
0,0.11004045674118532,0
0,0.1793876013314865,0
0,0.47072497213082387,1
0,0.09454429302978672,0
0,0.14363700629173523,0
0,0.13377525876774257,0
0,0.10878953442557306,0
0,0.3033272966284319,0
0,0.657773955504396,1
0,0.17684828149410287,0
0,0.10641352709213583,0
1,0.627671239428256,1
1,0.7121789912539204,1
0,0.31517227600944264,0
0,0.08173318711418254,0
0,0.4336996064957612,1
0,0.9508387864987344,1
0,0.13668742946250562,0
0,0.298102286722128,0
0,0.20616192191087315,0
0,0.1461397470881224,0
0,0.11648986538493747,0
0,0.0868748662472156,0
0,0.14253013473925877,0
0,0.17321531211071892,0
0,0.2878394243515993,0
0,0.5002238618420068,1
0,0.11688331972994703,0
0,0.18794299721807184,0
0,0.38164589858364545,1
0,0.1648570022600578,0
0,0.15044361337695164,0
1,0.8459605183970134,1
0,0.14226327148880938,0
0,0.325212176402837,0
0,0.37256380908958003,1
0,0.3205009232753141,0
0,0.25566897004112327,0
0,0.12102194658881044,0
0,0.15618285825990655,0
0,0.44308562166418675,1
0,0.343549924443894,0
0,0.4248122197261058,1
0,0.08229088380038647,0
0,0.6083017914423587,1
0,0.640468386175993,1
0,0.07946771475222184,0
0,0.36601456158651585,1
0,0.5242933436573873,1
0,0.10116820966334097,0
0,0.5997332793200064,1
1,0.8545042612539169,1
0,0.11601895273272689,0
0,0.22128842996014966,0
0,0.08510324484678178,0
0,0.08649297397676135,0
0,0.0634423390718645,0
0,0.3069976958356958,0
0,0.11353796038712415,0
0,0.558981528747702,1
0,0.2981869163753611,0
0,0.17033856607601977,0
0,0.24536623301613128,0
0,0.15370232658807056,0
0,0.3088813115336908,0
0,0.11345687163310027,0
0,0.5407279626141356,1
0,0.7177229813064705,1
0,0.14160125815530453,0
0,0.16718388630737513,0
0,0.06787477622937903,0
0,0.10249785134014816,0
1,0.26080223808757336,0
0,0.105566182142366,0
0,0.14033412149452704,0
0,0.15220457136078577,0
0,0.39653798932449563,1
0,0.09209005076508417,0
0,0.12417515206719432,0
0,0.13553609073970838,0
0,0.06938469304886268,0
0,0.06048162738677191,0
1,0.8936524798449199,1
0,0.057023639919535365,0
0,0.09987946060632806,0
0,0.07179753852753662,0
0,0.16340707138121527,0
0,0.14422643946128524,0
0,0.14355856096384403,0
1,0.9221705156065275,1
0,0.29274875723049654,0
0,0.18014666060065307,0
0,0.9521950469880898,1
0,0.6047680131108589,1
0,0.821841815754254,1
0,0.1280950229885103,0
0,0.14921375740784812,0
0,0.05197216260528636,0
0,0.47325105387823196,1
0,0.1174902780097756,0
0,0.16382961190273027,0
0,0.617879301895018,1
0,0.07507557040602325,0
0,0.1466222452814356,0
0,0.10274659070765474,0
0,0.09595882191389309,0
0,0.25696573663027933,0
0,0.14089514971074243,0
0,0.11195974779363932,0
0,0.7980280663421586,1
0,0.8632989946795226,1
0,0.0805827456933992,0
0,0.1348887261733903,0
0,0.17645279378404577,0
0,0.11193885944464398,0
0,0.2797290044358378,0
0,0.7076284989591808,1
0,0.763863532769528,1
0,0.26492467157440464,0
0,0.17120181624709244,0
1,0.5230548484500381,1
0,0.18706831480315317,0
0,0.24389075701227564,0
0,0.5484616669618644,1
0,0.4215040999720272,1
0,0.13177542323697564,0
0,0.10377878674598548,0
0,0.08224576520982979,0
0,0.7781815581399392,1
0,0.6006859770869446,1
0,0.4084438539128026,1
0,0.333707454392033,0
0,0.0565867872188498,0
0,0.10339062952890726,0
0,0.5374103862909027,1
0,0.09415857930713445,0
0,0.35016501943676126,1
0,0.4528004829359717,1
0,0.10469487475853394,0
0,0.41409806048227377,1
0,0.9561187465000481,1
0,0.1460828004922288,0
0,0.16361196414529153,0
0,0.3565695408582018,1
0,0.0557804832296428,0
0,0.4802806670434245,1
0,0.14131501777738534,0
0,0.05985046515137862,0
0,0.08176006822701161,0
0,0.1331650641496878,0
0,0.2913280494240555,0
0,0.2706825759543573,0
0,0.38308881012731744,1
1,0.9214380016740711,1
0,0.4427560020089096,1
0,0.12685075181682498,0
0,0.5900618873109063,1
0,0.1543146465499079,0
0,0.2466265261501116,0
0,0.22975864954217712,0
0,0.10815934205762372,0
0,0.10068542417765389,0
0,0.13773554642059793,0
0,0.4281496337107276,1
0,0.06484577516058591,0
0,0.36225208857971486,1
0,0.315181375446878,0
0,0.15208641043667448,0
0,0.12461344044051699,0
0,0.07324605057634165,0
0,0.5267887585441281,1
0,0.1620411317887961,0
0,0.18288078065695132,0
0,0.07127429703678018,0
0,0.19318638848298517,0
0,0.09214449109975623,0
0,0.3841016960179592,1
0,0.1741560173002335,0
0,0.20283771558164687,0
0,0.623905732965899,1
0,0.07310050050788477,0
0,0.7137793557503299,1
0,0.32557778618118866,0
0,0.22149787705883345,0
0,0.43085013613719403,1
0,0.1200056864581687,0
0,0.1962650545480418,0
0,0.1014510210598195,0
0,0.08152275517173199,0
0,0.5132897976269458,1
1,0.589699794200308,1
0,0.38741384199105555,1
0,0.1325822356551371,0
0,0.3153270673212281,0
0,0.5256726718666906,1
0,0.422129600844449,1
0,0.5093205550440634,1
0,0.12948203241186487,0
0,0.08768570127751268,0
0,0.09337045838354864,0
0,0.3261523797928952,0
1,0.9316151297001667,1
0,0.6719720327656727,1
0,0.43838811080913065,1
0,0.1597690292466386,0
0,0.41336309555268663,1
0,0.18258422152263157,0
0,0.10889706816045698,0
0,0.2942415548686949,0
1,0.6008311043485651,1
0,0.0628168228987308,0
0,0.7218878533232025,1
0,0.18408449908951843,0
0,0.07065677251726706,0
0,0.09013715658968281,0
1,0.4943247940281711,1
0,0.8558535584323332,1
0,0.1729042135044115,0
0,0.5796947952250963,1
0,0.8867405399079527,1
1,0.5412716513268006,1
0,0.12446104774484844,0
0,0.06488190818408433,0
0,0.1717356494169424,0
0,0.4945522416415367,1
0,0.18487438602502607,0
0,0.2368563748867262,0
0,0.16196417498711074,0
0,0.28636335620829206,0
0,0.3002535334435591,0
0,0.11126013026860777,0
0,0.23285372529500042,0
1,0.8473331521772852,1
0,0.3025231876480283,0
0,0.14170005836847338,0
0,0.11448139598870838,0
0,0.4594281508308761,1
0,0.08576763087436055,0
0,0.11614956666276124,0
0,0.09707153611474595,0
0,0.4236612773639132,1
0,0.0542878287277863,0
0,0.09547060972924187,0
0,0.5407036064070319,1
0,0.09752810447986494,0
0,0.07975084855297931,0
0,0.14122558477176053,0
0,0.1020623345775469,0
0,0.5523261359478236,1
0,0.10778429387324664,0
0,0.41584558339770045,1
0,0.08135914297771438,0
0,0.9179408781805781,1
0,0.8268928658554284,1
0,0.1724238385323602,0
0,0.48720598292993667,1
0,0.0605321314331945,0
0,0.5846978496671043,1
0,0.1350524245583069,0
0,0.1261133009798778,0
0,0.09960240525156516,0
0,0.5136768520779429,1
0,0.11253525982085831,0
0,0.0969606530314295,0
0,0.1174579835330037,0
0,0.09641048076242072,0
0,0.15840523444871363,0
1,0.17277836540967448,0
0,0.1112572149211475,0
0,0.1197974570084241,0
0,0.2440540733112287,0
0,0.09574465650433515,0
0,0.3438220797126281,0
0,0.13051771347398444,0
0,0.5258592642284772,1
0,0.8889717059038627,1
0,0.1541796990236594,0
0,0.3287455024748452,0
0,0.4154648310740849,1
0,0.7229883590417915,1
0,0.21521311764936685,0
0,0.14719646328893068,0
0,0.09566097563171813,0
0,0.8395001563380668,1
0,0.09529072447624974,0
0,0.1492707414159764,0
0,0.19330688999120008,0
0,0.10507320349429342,0
0,0.12628956610920908,0
0,0.149680690601499,0
0,0.1079846239016405,0
0,0.18672999241803281,0
1,0.8950061130260792,1
0,0.11577243810360874,0
0,0.5215665144193642,1
0,0.5649626810030305,1
0,0.1393022893345313,0
0,0.5170419520022035,1
0,0.206738205277767,0
0,0.06604055955683708,0
0,0.12601728703023674,0
0,0.40106767713031366,1
0,0.10139564702011758,0
0,0.05370355850967229,0
0,0.10453772442126062,0
0,0.44355447008314075,1
1,0.7979664920142056,1
0,0.1719026558065368,0
0,0.11565933276689654,0
0,0.06849343246041471,0
0,0.5096445882174808,1
0,0.14036015768377305,0
0,0.07813761194883236,0
0,0.21558528292828233,0
0,0.1334522762535342,0
0,0.13388751265584609,0
0,0.11233924534547936,0
0,0.7774826289208328,1
0,0.7924783147494253,1
0,0.07243214118726196,0
0,0.07004340249862843,0
0,0.26645803347256786,0
1,0.5344343659747641,1
1,0.503139447624202,1
0,0.38773926385634266,1
0,0.09134703096413886,0
0,0.7255669565619415,1
0,0.17091277878333297,0
0,0.17289826361413088,0
0,0.5598405738856037,1
0,0.10979722304307661,0
0,0.7288911403431089,1
0,0.10844009165156931,0
0,0.2475686038534113,0
0,0.08605118044259105,0
0,0.06119904666744001,0
0,0.3863733512830414,1
0,0.09483490280651585,0
1,0.708782041052586,1
1,0.8535724786881237,1
0,0.11347241531518758,0
0,0.482185895516016,1
0,0.08616337158419553,0
0,0.055504258589104655,0
0,0.3784682360069855,1
0,0.46355060351859295,1
0,0.5386557478666965,1
0,0.08134835663026296,0
0,0.4440468308857499,1
0,0.09733888613496168,0
1,0.9383235875967334,1
0,0.0836682934437836,0
0,0.518600129931761,1
1,0.9165553479609377,1
0,0.5344446180129276,1
0,0.09915752929466731,0
0,0.25419312149496176,0
0,0.2285200527018999,0
0,0.1279067458787514,0
0,0.35240489168534433,1
0,0.060712870237302936,0
0,0.12748143598139997,0
0,0.629218243587209,1
1,0.44515874158173685,1
0,0.1580669687435356,0
0,0.09679595736152855,0
0,0.2695723798088961,0
0,0.12376396434438128,0
0,0.8164146591260171,1
0,0.12590996598331544,0
1,0.318531156361619,0
0,0.14319586075652077,0
0,0.0943618805395381,0
0,0.27221755446678697,0
0,0.5495797696044553,1
0,0.07524156613057474,0
0,0.8729661650800014,1
0,0.44225987361375113,1
0,0.09179013456254494,0
0,0.15513754984015984,0
0,0.16784847153010912,0
0,0.5153038452425919,1
0,0.07891798125002729,0
0,0.08148589525937358,0
0,0.34179965016637603,0
0,0.21158375269831228,0
1,0.9303268667364555,1
0,0.19463935777011565,0
0,0.41072223470064,1
0,0.8733171087424989,1
0,0.29109159499392834,0
0,0.1323005902545119,0
0,0.15190888372516645,0
0,0.3352803263885759,0
0,0.09508847661637725,0
0,0.17749573818213923,0
0,0.24223746912683258,0
0,0.44080767991717307,1
0,0.8003708914389749,1
0,0.1862179215865543,0
0,0.9493019497817924,1
0,0.12502165677773802,0
0,0.36889900545418963,1
0,0.09613228284884469,0
0,0.5039089424303745,1
0,0.40310211950983854,1
0,0.08351862812120107,0
0,0.40547413199907634,1
0,0.36914611625941407,1
0,0.14237048651165918,0
0,0.13918974623526648,0
0,0.08499308852854424,0
0,0.5433617217266147,1
0,0.34061372455519934,0
0,0.4362972441383786,1
0,0.18206032911076972,0
0,0.7042511147338092,1
0,0.5254221701762019,1
0,0.47064566044730327,1
0,0.1504793971318658,0
0,0.09498083647866523,0
0,0.3420892503914494,0
0,0.11693624093192966,0
0,0.2501897666642564,0
0,0.37207672780357903,1
0,0.2913425919924271,0
0,0.8350081085389112,1
0,0.3016026538249635,0
0,0.5864725427403292,1
1,0.8018518113074304,1
0,0.16373867030016137,0
0,0.9104515076287991,1
0,0.23510927920207,0
0,0.11929519927758378,0
0,0.05975194462123859,0
0,0.35755306726478076,1
0,0.14347552623173151,0
0,0.4770628010982552,1
0,0.8791638842355114,1
0,0.18891065027411716,0
1,0.5065439774276129,1
0,0.6018306198388376,1
0,0.14581463808108575,0
0,0.13099234274382926,0
0,0.17507150280099842,0
0,0.10299741968356514,0
0,0.2697700324732306,0
0,0.7869399133136643,1
0,0.1357877056058313,0
0,0.3910348495754789,1
0,0.084280272518244,0
0,0.21452699450814564,0
0,0.14839198549216057,0
0,0.11316240356764974,0
0,0.17653152966323823,0
0,0.19582498646274618,0
0,0.34694318346294406,0
0,0.4644772778052706,1
0,0.07579862986908724,0
0,0.2593434041919621,0
0,0.09992553441694907,0
0,0.3857761992462421,1
0,0.4159303670910475,1
0,0.15690166096834862,0
1,0.8201166604977974,1
0,0.3348918469911715,0
0,0.22666286675294492,0
0,0.09524275169951511,0
0,0.27102759466114895,0
0,0.3699562492993364,1
0,0.6719231905273894,1
0,0.2588815187247882,0
0,0.13874498764545334,0
0,0.31420829737605105,0
0,0.3541836010437581,1
0,0.11029296861344963,0
0,0.21285126437562346,0
0,0.14484871084598525,0
0,0.0971410947253488,0
0,0.1731908193754197,0
0,0.16082783313312782,0
0,0.23778535880127294,0
0,0.14620867337991855,0
1,0.9417395838608184,1
0,0.1348834663452413,0
0,0.228824300458769,0
0,0.08258962828474126,0
0,0.19015411404627303,0
0,0.28816841924658676,0
0,0.12372682571068372,0
0,0.39232562459901404,1
0,0.8687428426224344,1
0,0.06396221693805115,0
0,0.08755029926622279,0
0,0.8259262927643882,1
0,0.6558036617760225,1
0,0.100889254996009,0
0,0.531026475126554,1
0,0.05581204814214642,0
0,0.18722990160722008,0
0,0.05916025315889891,0
0,0.09617605266414175,0
0,0.10715146553662463,0
0,0.1345239986763883,0
0,0.21038670678230625,0
0,0.1578653639458777,0
0,0.401668849390113,1
0,0.09249570970495248,0
0,0.11801248225830105,0
0,0.38343760204288607,1
0,0.08305317173729401,0
1,0.8601449625853184,1
1,0.26213320387034933,0
0,0.5209955750674699,1
0,0.07322887473443249,0
0,0.11490534222254563,0
0,0.0761894921792534,0
0,0.23752569416991814,0
0,0.4412632111883474,1
0,0.15516017962358364,0
1,0.8427696710054315,1
1,0.9665779279930983,1
0,0.5168927831343678,1
0,0.368521131193504,1
0,0.27196977455877597,0
0,0.07156024214162197,0
0,0.5542145763466952,1
0,0.16375646990249149,0
0,0.14198252298288028,0
0,0.3273750062770641,0
0,0.06403821743951059,0
0,0.16175140130276755,0
0,0.16004758866370986,0
0,0.10951586581449718,0
0,0.5758027249815241,1
0,0.21559970827943634,0
1,0.11051244117470024,0
0,0.31303742984924116,0
0,0.13747914223129526,0
0,0.11967370542524002,0
0,0.2601621138814313,0
0,0.7915497678793517,1
0,0.15984781338215756,0
1,0.3864753307407335,1
0,0.055668793756096256,0
0,0.8145547036084465,1
0,0.551869524126694,1
0,0.08583767084774087,0
0,0.7891211177579296,1
0,0.06328971507923731,0
0,0.4519386984347485,1
0,0.13583325017118536,0
0,0.21372927825342217,0
0,0.12089771340521144,0
0,0.08168770379052756,0
0,0.11863027796588059,0
0,0.08985935791575644,0
1,0.9092212760411077,1
0,0.14091221213038554,0
0,0.15377728192531315,0
0,0.14636819698493211,0
0,0.4123411410884516,1
0,0.34586121234122336,0
0,0.14744073848505174,0
0,0.40971975015714013,1
0,0.4648228545165042,1
0,0.2644340249212148,0
0,0.4088340076608696,1
0,0.3386182139311219,0
1,0.9198064405611183,1
0,0.356333125726683,1
0,0.69031017943002,1
0,0.43774790125078683,1
0,0.3090329526543343,0
0,0.14077511231847756,0
0,0.5905165011688439,1
0,0.5057465019436442,1
0,0.35238669772142134,1
0,0.12469272390633494,0
0,0.09875054329422038,0
0,0.9518481536216372,1
0,0.12375870711156421,0
0,0.05731765101792391,0
0,0.20742028789730452,0
0,0.23296321597580483,0
0,0.3130303764454403,0
0,0.3074423060396757,0
0,0.6947103029232157,1
0,0.1263443457961137,0
0,0.1346330086986402,0
0,0.5677264654344742,1
0,0.07190966253502457,0
0,0.2565605096329885,0
0,0.11740404850519305,0
0,0.7064060095653524,1
0,0.15156618856381254,0
0,0.14259667877219212,0
0,0.37597328564356625,1
0,0.24916736528576905,0
0,0.5602998672485949,1
0,0.10385419926116933,0
0,0.2746191886563382,0
0,0.10867001548893378,0
0,0.11989058748605563,0
0,0.14590737638441822,0
0,0.1336159927883973,0
0,0.11149459880632999,0
0,0.1109770140416708,0
0,0.3034319633881491,0
0,0.5046431694561037,1
0,0.5990787633756999,1
0,0.2699702865993271,0
0,0.11263399020722792,0
0,0.05951094167910084,0
0,0.12411281530063632,0
0,0.2802753262789397,0
0,0.08292695545947709,0
0,0.14948980471552753,0
0,0.07851811730345275,0
0,0.14807927943969085,0
0,0.3810716347743749,1
0,0.2759934924690109,0
0,0.5739873950868298,1
0,0.07712864446754684,0
0,0.06153149646814007,0
0,0.39113062868742265,1
1,0.8635769730948317,1
0,0.1080881888340597,0
0,0.1299865982725332,0
0,0.09693999503614821,0
0,0.09347212687570279,0
0,0.13580062334663842,0
0,0.37079498096888164,1
0,0.07871287342899207,0
0,0.21147468482622395,0
0,0.1561979861480293,0
0,0.10082583622688562,0
0,0.20747733813875743,0
0,0.08203389835372578,0
1,0.13169992200099592,0
0,0.1800831020701471,0
0,0.10849342986672146,0
0,0.16502796751037535,0
0,0.1615528433528322,0
0,0.15744868693216307,0
0,0.492585200521959,1
0,0.4615305739971358,1
0,0.13390591696711893,0
0,0.08723362095398626,0
0,0.3051848458312704,0
0,0.1108650551272894,0
0,0.10899244264706504,0
0,0.3078459545105126,0
0,0.10581153515038907,0
0,0.060597547449886505,0
0,0.3461596320486553,0
0,0.1955721451088227,0
0,0.11941984357701299,0
0,0.08270512455510193,0
0,0.25443599257037597,0
1,0.6238087719157622,1
0,0.3204702652988917,0
1,0.9635328836947038,1
0,0.45100078682137706,1
0,0.26773345669885573,0
0,0.07621773940279672,0
0,0.4911587234504802,1
0,0.18396114685473763,0
0,0.3194756890541255,0
0,0.3797936083946012,1
0,0.1185514799575242,0
0,0.1389520558012199,0
1,0.42071124424156575,1
1,0.6651410564948705,1
1,0.5175671922175084,1
0,0.24341100772997487,0
0,0.12838594973951675,0
1,0.7747706573989567,1
0,0.29917003402941167,0
0,0.08621186255320797,0
0,0.16400606516987928,0
0,0.30910585423791387,0
0,0.11784387009565324,0
0,0.8857972707561667,1
0,0.10998256215840432,0
1,0.10061804819803974,0
0,0.69175979406389,1
0,0.3962164556928339,1
0,0.0882934574259976,0
0,0.10401475760932499,0
0,0.10363673055323372,0
0,0.4030736471908905,1
0,0.32522699837852215,0
0,0.10106359059171241,0
0,0.16247908239589606,0
0,0.1145301132734559,0
1,0.9241034168825619,1
0,0.6768600548184606,1
0,0.631766127691166,1
0,0.43002766554924715,1
0,0.10483515177000699,0
1,0.5253341948928193,1
0,0.10877197268960555,0
0,0.10657154521834805,0
0,0.314512778518587,0
0,0.5370357520166441,1
0,0.35700517410891713,1
0,0.1593084973444125,0
0,0.28989614265579194,0
0,0.09660468645076668,0
0,0.13455132739408704,0
0,0.2708635512282008,0
0,0.0710298220036981,0
0,0.580595316908159,1
0,0.0930097071533603,0
0,0.47784755547912067,1
0,0.10479212172267163,0
0,0.23733829801799952,0
0,0.1001731112021713,0
0,0.11236173429334817,0
0,0.175409576550706,0
0,0.32056645421871766,0
0,0.45267071035678913,1
0,0.20442231075978565,0
0,0.9077149237104142,1
0,0.23979112172549288,0
0,0.3767725597395341,1
1,0.9288395816323506,1
0,0.22080282840958967,0
0,0.19859871807346582,0
0,0.10134582965376204,0
0,0.17470913734554702,0
0,0.0828086573374913,0
0,0.4070351238843226,1
0,0.10036495594389437,0
0,0.2965790638339798,0
0,0.22491529074914898,0
0,0.24485577155566546,0
1,0.9123435232905034,1
0,0.090458588245485,0
0,0.13010411142160255,0
0,0.24058026340017852,0
0,0.2995359917825477,0
0,0.7128094069591073,1
0,0.15123982058481703,0
0,0.31231931034041416,0
0,0.29762318431759666,0
0,0.14873586090732804,0
0,0.16865752190887465,0
0,0.570379934114794,1
0,0.08566572191869583,0
0,0.0835872251605466,0
0,0.11527651359504411,0
0,0.09831592185980063,0
0,0.1608153802402958,0
0,0.09187531329888567,0
0,0.29343756386904224,0
1,0.4054946456250733,1
0,0.11540040386570447,0
0,0.26421365810951886,0
0,0.08213170150494283,0
0,0.34978704094165797,0
0,0.4264661396499526,1
0,0.24118633063187764,0
0,0.9552319567042457,1
0,0.9191134423403802,1
0,0.050978992865413,0
0,0.5614845343089253,1
1,0.8175223828705742,1
0,0.13965195156147103,0
0,0.9161554346715256,1
0,0.09856952691473414,0
1,0.7705141929478454,1
0,0.14800834246832464,0
0,0.1566623329344214,0
0,0.5931570954710839,1
0,0.08386882431568318,0
0,0.9279758876497106,1
0,0.07796470179403596,0
0,0.31345062441449517,0
0,0.3289044078355046,0
0,0.057424325030153336,0
0,0.10397301267896923,0
1,0.8493957217864321,1
0,0.11852635403213166,0
0,0.29594641098745145,0
0,0.055462002326147355,0
0,0.27381014410083765,0
0,0.14942654351160625,0
0,0.10653687777000174,0
0,0.14403658104749123,0
0,0.26539449429323064,0
0,0.2252038278530018,0
0,0.21104268190112357,0
0,0.16405449559316848,0
0,0.5121141960497368,1
0,0.07586742858492271,0
0,0.14426133588229567,0
0,0.18173871417177553,0
0,0.14429822358985844,0
0,0.12289104354419553,0
0,0.8669974843031163,1
0,0.43004426437597215,1
1,0.9377424329713389,1
0,0.09489514869042018,0
1,0.5635910039540823,1
0,0.0960984152235742,0
0,0.5830800956185098,1
1,0.6777438793318474,1
0,0.13396080535737068,0
0,0.0910764511057899,0
1,0.2564562403789162,0
0,0.940153997903337,1
0,0.23729997027281602,0
0,0.14378036829021426,0
0,0.10240297364840223,0
0,0.10934121435029887,0
0,0.2975849199157672,0
0,0.5634157159124136,1
0,0.2626473199187061,0
0,0.31735658744862844,0
0,0.5528464697249275,1
0,0.2104582885260361,0
0,0.08240460521302388,0
0,0.47270063481251534,1
0,0.11149271887031285,0
0,0.08202861466517812,0
0,0.8279533639634712,1
0,0.7405294329135874,1
0,0.27635585318340733,0
0,0.10409783624299448,0
0,0.16626032650361314,0
0,0.6299374678182824,1
0,0.12077704515781387,0
0,0.1573895518519821,0
0,0.5099191070980632,1
0,0.17651442402835052,0
0,0.0635178805423407,0
0,0.5288008291697887,1
0,0.10436473029462907,0
0,0.29333787400658556,0
0,0.5445751863773317,1
0,0.1929225782612977,0
0,0.22067478381304853,0
0,0.741511627605483,1
0,0.5204586735626966,1
0,0.5276258863835384,1
0,0.12597608480878153,0
0,0.20425180869635032,0
0,0.14983116644295771,0
0,0.1231156384997517,0
0,0.1657057473751176,0
0,0.20119542602534576,0
1,0.9255192289845572,1
0,0.173718402290568,0
0,0.5749832562439966,1
0,0.08623802682774666,0
0,0.6006901898276392,1
0,0.1829025925031958,0
0,0.5342347385067102,1
0,0.06687155056985623,0
0,0.2391344999341501,0
0,0.2173170278454146,0
0,0.10848003998344938,0
0,0.11784324080325234,0
0,0.11338076271062415,0
0,0.08923911712060302,0
0,0.859526537750783,1
0,0.09963594400672347,0
0,0.23721101989730745,0
0,0.3339736217332938,0
1,0.6682308243471972,1
0,0.14965026048503427,0
0,0.13740793826534745,0
0,0.21904191424666639,0
0,0.20937467081672648,0
0,0.214799092897268,0
0,0.13802432669541906,0
0,0.5624289556870639,1
0,0.1944788485283736,0
0,0.11207459627519162,0
0,0.6131892246469746,1
0,0.136331009403574,0
0,0.17700049080592134,0
0,0.10876482796445984,0
0,0.1460607878430019,0
1,0.9439621175397157,1
0,0.19656737052105008,0
0,0.7924021531572153,1
0,0.25371396351391934,0
0,0.6120658238952268,1
0,0.17696445163904936,0
0,0.343214237024441,0
0,0.7249081798379757,1
0,0.08762336421503074,0
0,0.11294497676603871,0
0,0.09325963876447639,0
0,0.4340182662777826,1
0,0.5488394125353002,1
0,0.27677020958455517,0
1,0.5884959433860427,1
0,0.20575422355605358,0
0,0.08774123090128615,0
0,0.49766037709789646,1
0,0.43048050553532574,1
0,0.09941652866681108,0
0,0.10751701846435625,0
0,0.2071327799619296,0
0,0.11192514525028621,0
0,0.06875866852215344,0
0,0.6128531859530636,1
0,0.1248241426830282,0
0,0.5425146848229052,1
0,0.11595342161893513,0
0,0.7067645327544594,1
0,0.7538279302821754,1
0,0.118773330473243,0
0,0.3136788510935496,0
1,0.4720154226798234,1
0,0.15716643902548008,0
1,0.8700357167122942,1
0,0.773473288793379,1
0,0.5468610259519284,1
0,0.11895189043032149,0
0,0.33201036014896207,0
0,0.5930013373199303,1
0,0.9351017252566362,1
0,0.13856891112294245,0
0,0.4817524953502695,1
0,0.09421062200655676,0
0,0.20302335861554321,0
0,0.12544676913477948,0
0,0.10512402907989009,0
0,0.06326221633150908,0
0,0.40534673450967756,1
0,0.5308141088848205,1
0,0.16597731523818357,0
0,0.46381829066233704,1
0,0.6304649937659951,1
0,0.5247714953084887,1
0,0.8245690976402824,1
0,0.9227518814411365,1
0,0.04763656652779739,0
0,0.14130638165312223,0
0,0.3925345856546161,1
0,0.5510659813850196,1
0,0.11800983724957147,0
0,0.08516163309089457,0
0,0.8025068045432435,1
0,0.04997962604134429,0
0,0.09566225901824107,0
0,0.11113948885994465,0
0,0.1295458245995547,0
1,0.40559472690547127,1
0,0.09887391225344853,0
0,0.09832483335806672,0
0,0.12219557983605156,0
0,0.20709856903037072,0
0,0.31441518157689907,0
0,0.53137685666094,1
1,0.8634799397043929,1
0,0.5755999864296863,1
0,0.12661462120473405,0
0,0.5473179148994741,1
0,0.4795315755643109,1
0,0.13995689679967308,0
0,0.17750068539604946,0
0,0.23391733731783623,0
0,0.09025798370108412,0
0,0.3135102294204011,0
0,0.5216349474831228,1
0,0.08026125547333705,0
0,0.3293417531250178,0
0,0.5408839014933465,1
1,0.9709546649641296,1
0,0.15156425192532547,0
0,0.8827148169575848,1
0,0.1780441421801394,0
0,0.7890331395867853,1
0,0.3646398346274028,1
0,0.10703464902461932,0
0,0.0793006993975598,0
0,0.11360372962638463,0
0,0.1669395573364635,0
0,0.11758844164942275,0
0,0.7338164018491323,1
0,0.14642660136266292,0
0,0.1390903897210559,0
0,0.2954838268837074,0
0,0.39012442577980927,1
0,0.2307611660221761,0
0,0.11209211969122383,0
0,0.23837504685197664,0
1,0.6913823395220269,1
0,0.11492400283342633,0
1,0.26786240619202056,0
0,0.13529771855292963,0
0,0.10432259412316416,0
0,0.39049840240876754,1
0,0.18172290292113333,0
1,0.7915244372920632,1
1,0.4068120188349129,1
0,0.24627626082869958,0
0,0.13978123851687368,0
0,0.16282664753711154,0
0,0.268273525574815,0
0,0.3897452295797461,1
0,0.13869259878161452,0
0,0.096952417030736,0
0,0.7640822612093948,1
0,0.08241663131441246,0
0,0.2957236464853326,0
0,0.18367915011440894,0
0,0.2112450061333201,0
1,0.760855555446638,1
0,0.30148847891584474,0
0,0.33998792077556184,0
0,0.278558072801726,0
0,0.2727991174306454,0
0,0.10526878851193838,0
0,0.8627140760213733,1
0,0.12534365343658938,0
0,0.6844039270159188,1
1,0.9536084315337987,1
0,0.15676195949532173,0
0,0.07334982322649754,0
0,0.06957339393921555,0
0,0.16110125648686027,0
0,0.28121786596705767,0
0,0.15589712212573412,0
0,0.352185735941895,1
0,0.12390866281114635,0
1,0.952407895150296,1
0,0.8829790427259612,1
0,0.11100749664312713,0
0,0.5416718468141859,1
0,0.26870272764439057,0
0,0.1679310794800225,0
0,0.5786319357673215,1
0,0.14784127858378052,0
0,0.5108834533256169,1
0,0.11186580106712012,0
0,0.07528528407426935,0
0,0.12746305416317638,0
0,0.16322229704251698,0
0,0.2640732846441333,0
0,0.13630712243049367,0
0,0.1980227254936895,0
0,0.31428449903791733,0
0,0.1131876694612149,0
0,0.1015533650928373,0
0,0.12588821249613893,0
0,0.2082053505680492,0
0,0.08269479319984353,0
0,0.3496189247603601,0
1,0.8162968871048023,1
0,0.13912744660008325,0
0,0.6461933294117471,1
0,0.5914140674760096,1
0,0.08061978760077794,0
0,0.15027638172121763,0
0,0.47649529701978366,1
0,0.12156251322154889,0
0,0.3985237610969571,1
0,0.09812157058775568,0
0,0.10564901154600746,0
0,0.7963664300711137,1
0,0.18545834040419956,0
1,0.6194557290615434,1
0,0.3076631683088993,0
0,0.08472061986779768,0
0,0.1720329775664959,0
0,0.24609814726323628,0
1,0.9467332190768712,1
0,0.06003550829660272,0
0,0.29748669026068225,0
0,0.6169676269936262,1
0,0.8457614764586245,1
1,0.8463133908395016,1
0,0.11121209308466883,0
0,0.3130557328409727,0
0,0.08224380883503292,0
0,0.09909448299688982,0
1,0.7115954475701496,1
0,0.32380946137868627,0
0,0.6777990953996406,1
0,0.41145543724848516,1
0,0.1051688755274906,0
0,0.5664302579132748,1
0,0.06855721730671455,0
0,0.530268905193665,1
0,0.11992958338680836,0
0,0.09589130492622021,0
0,0.17822484319675366,0
0,0.2785237968590605,0
0,0.11202499429470775,0
0,0.3273627245514317,0
0,0.40688719549135066,1
0,0.0981066801052163,0
0,0.10277780192278692,0
0,0.051554149293438156,0
1,0.15433640834267157,0
0,0.15161809352383918,0
0,0.168830796564884,0
0,0.1102584170971365,0
0,0.2989562340856677,0
0,0.5041631651095758,1
0,0.18716929621360556,0
1,0.5518329697811327,1
0,0.337718836385843,0
0,0.10464156343846952,0
0,0.2700207205351777,0
0,0.6148734646274786,1
0,0.35350982781054685,1
0,0.10524469454122144,0
0,0.1442558135544392,0
0,0.0974414616666469,0
0,0.09976880848423177,0
0,0.5555409958401176,1
0,0.1997288138141993,0
0,0.2394706449090124,0
0,0.13643259376591474,0
0,0.3462967648540506,0
0,0.340720969932275,0
1,0.8332754013450503,1
0,0.08702306136324191,0
0,0.09787114379202576,0
0,0.15872317348271128,0
0,0.30145316622767665,0
0,0.5670181195093068,1
0,0.9187314156907689,1
0,0.15792466083967419,0
0,0.16334692809943838,0
0,0.33299576213908966,0
0,0.12283977483725288,0
0,0.16871494913706328,0
0,0.7000008207376687,1
0,0.7305391031439114,1
0,0.4300113838488954,1
0,0.1366340498932624,0
0,0.13300844996649666,0
0,0.19111852474629604,0
0,0.2018739598237117,0
0,0.45438955721814345,1
0,0.2044550321962082,0
0,0.247041732181361,0
0,0.291471507631826,0
0,0.25785611265780617,0
0,0.12240137933105054,0
0,0.07664445904360648,0
0,0.10224295504212394,0
0,0.9297686094832598,1
0,0.4552195519309592,1
0,0.17456903287800932,0
0,0.12154190942781416,0
0,0.17623570927922066,0
0,0.1627896213004114,0
0,0.09891172063104911,0
0,0.11890153975738983,0
0,0.17176400182079288,0
0,0.4383542295773945,1
0,0.17996467939508903,0
0,0.4250745904051742,1
0,0.14565471204010316,0
0,0.5397607192743923,1
0,0.5057161243970963,1
0,0.39115261451998623,1
0,0.1150379178430923,0
0,0.25529802055705453,0
0,0.4371769506446474,1
0,0.5211655316758237,1
0,0.6323889445632175,1
1,0.934158671771186,1
0,0.0855724696114249,0
0,0.11741063865838285,0
0,0.3766814640533737,1
0,0.1811347567202168,0
0,0.10397146898820364,0
0,0.4352809016832554,1
0,0.9566698332318703,1
0,0.1733175112220581,0
0,0.30402342934114457,0
0,0.8812778859032293,1
0,0.24600244416152184,0
0,0.28874452833413067,0
0,0.4550750086157688,1
0,0.16198891351962968,0
0,0.3282075625671197,0
0,0.5584650712214303,1
0,0.24407292291262422,0
0,0.06483150617339105,0
0,0.08104635605751746,0
0,0.06338613082261571,0
0,0.5846697872657584,1
0,0.5856298116660658,1
0,0.16773684678964595,0
0,0.5046972884491204,1
0,0.3586942638901024,1
0,0.138954825461056,0
0,0.23983784499655683,0
0,0.17114933588520395,0
0,0.39778478579051363,1
1,0.8086984789249319,1
0,0.1388001261162376,0
0,0.08669003133351609,0
0,0.3127856647037715,0
0,0.3522939424946584,1
0,0.11896830175186489,0
0,0.12054106765319761,0
0,0.17388759020511904,0
0,0.181887334098943,0
0,0.11885019504495684,0
0,0.19159303393187208,0
1,0.9403372543403937,1
0,0.22284667602822789,0
0,0.0743089985247803,0
0,0.08232428456466706,0
0,0.3280249260314947,0
0,0.09380147622417206,0
0,0.47708690884649146,1
0,0.1515242951973422,0
0,0.5476185075533714,1
1,0.546400066671018,1
0,0.21510482659327768,0
0,0.21565687165900452,0
1,0.13332734078792596,0
0,0.15784644264955083,0
0,0.28870680924546904,0
0,0.19377024550525881,0
0,0.32591190380896357,0
0,0.13195370978970183,0
0,0.12098606886729478,0
0,0.10211046142130563,0
0,0.23749396832501185,0
0,0.07914601859264044,0
0,0.1162200937590197,0
1,0.865588836604735,1
0,0.08365425967470154,0
0,0.25211144630269305,0
0,0.07650720395012245,0
0,0.104093874936496,0
0,0.34175426848121226,0
0,0.44558512094157815,1
0,0.15090937064993404,0
0,0.3285575794107064,0
0,0.12693750214859506,0
0,0.0978469339525981,0
0,0.07548511921562115,0
0,0.9137966797912797,1
0,0.42458935227336114,1
0,0.08757802970288184,0
0,0.6435628372004679,1
0,0.1318454505462679,0
0,0.08193547465756292,0
0,0.0827639718215744,0
0,0.1020104850818657,0
0,0.10999782416833123,0
0,0.16998418545247346,0
0,0.11856669439745296,0
0,0.0959933360995063,0
0,0.31988268209874776,0
0,0.3286837571140378,0
0,0.23489698223551017,0
0,0.4112574776383618,1
0,0.34847856306499864,0
0,0.2577139677034234,0
0,0.10309226928525542,0
0,0.840700502448845,1
0,0.1306201995501299,0
0,0.23873547637467477,0
0,0.1288894706070268,0
1,0.7933425842416246,1
0,0.9455405653448872,1
0,0.6486718688428972,1
0,0.19259123360557462,0
0,0.6323780233642105,1
0,0.08330528238536714,0
0,0.08183864434108963,0
0,0.4151170758918025,1
0,0.6965905026606489,1
0,0.16634990780837416,0
0,0.7651354378874466,1
0,0.4036705348105641,1
0,0.09624497802134922,0
0,0.4179343729589351,1
0,0.3089022328308285,0
0,0.1710632684017199,0
0,0.3263283009234676,0
0,0.1642076914349867,0
0,0.09365467271986655,0
0,0.4143844961109037,1
0,0.34101808365779057,0
0,0.5914650772704552,1
0,0.06763319871802517,0
0,0.1606014689042022,0
0,0.19476156101422448,0
1,0.942451441278867,1
0,0.14816797089625852,0
0,0.34623376622414037,0
0,0.5782981101486632,1
0,0.2699966784358356,0
0,0.275570521914996,0
0,0.16343407727779702,0
0,0.09881614465976557,0
0,0.47036295001946465,1
0,0.11277914475572684,0
0,0.8093590946619019,1
0,0.14864751985058786,0
0,0.5728742508708538,1
0,0.23777487346842904,0
0,0.5847639344698848,1
0,0.4694717992395263,1
0,0.42725034079995644,1
0,0.13166119743945165,0
0,0.10802338049031614,0
1,0.7776851190180054,1
0,0.4002025998576245,1
0,0.1329814219043998,0
1,0.8316966515527435,1
0,0.07986387601449742,0
0,0.12275164365613951,0
0,0.47236804728696474,1
0,0.2774686728294925,0
0,0.35772273464228105,1
0,0.3239216703197734,0
0,0.07801583978474043,0
0,0.07294971854096141,0
0,0.38365826729362035,1
0,0.8639101802156331,1
0,0.2627960491782418,0
0,0.9164998040049968,1
0,0.39327449142576815,1
1,0.8545092455320885,1
0,0.12105784464370178,0
0,0.14575651683343535,0
0,0.13901412039028405,0
0,0.1003180165256864,0
1,0.6046928841562891,1
0,0.08954230880534382,0
0,0.401837794226512,1
0,0.16498145717195636,0
0,0.17731417717255316,0
0,0.3588899629854642,1
0,0.1121615360747996,0
0,0.3556788807714208,1
0,0.2436407802246536,0
0,0.14087371466259554,0
0,0.19338870532000085,0
0,0.5881429993123855,1
0,0.5222494953318093,1
0,0.5857057918828158,1
0,0.08834336984282683,0
0,0.17774702274897838,0
0,0.37150388715331945,1
0,0.3625046188010031,1
0,0.0931878997799036,0
0,0.48920619140219124,1
0,0.15946883166333856,0
0,0.8020666912446939,1
0,0.11747410261958133,0
1,0.4406476145995802,1
0,0.311622790530423,0
0,0.18372483901597153,0
0,0.5158498581479988,1
0,0.21729973013394152,0
0,0.8367640121295304,1
0,0.1392490438292062,0
0,0.20288333133260464,0
0,0.0699445145480475,0
0,0.18897821438410464,0
0,0.04797807313112723,0
0,0.21536961673592223,0
0,0.09273313108711405,0
0,0.061781323796501926,0
0,0.17766837450444983,0
0,0.5155595698948177,1
0,0.058483831591369294,0
0,0.13009576562622893,0
0,0.6671172229353693,1
0,0.38724980069571074,1
0,0.2426720609919962,0
0,0.24535131058738238,0
0,0.06609302379037069,0
0,0.3236575283773186,0
0,0.16273792411189875,0
0,0.12424708016563059,0
0,0.05578309996097648,0
0,0.14990713233797034,0
0,0.3478474606789294,0
0,0.12087287419148005,0
0,0.2577857752639465,0
0,0.17504408095784368,0
0,0.15121956265648973,0
0,0.12222404149586562,0
0,0.09824999438803933,0
0,0.27346788190005034,0
0,0.0911080426878684,0
0,0.4354172486543569,1
0,0.3273123836563344,0
0,0.06033937305181587,0
0,0.14441811630493875,0
0,0.15749837819698412,0
1,0.7755850601056712,1
0,0.34298338034479475,0
0,0.30939297864336607,0
0,0.5142265062800647,1
0,0.19900949000847637,0
0,0.18145289524698172,0
0,0.8100089372964944,1
0,0.10922506188912853,0
0,0.46963483362218456,1
0,0.38267141101729096,1
0,0.0817461143369294,0
0,0.5288341594712062,1
0,0.15602965066502772,0
0,0.07788253002094166,0
0,0.1753882752981432,0
0,0.42445202423982753,1
0,0.19820059149778452,0
0,0.13129778113839252,0
0,0.1312630836987412,0
0,0.1263218155966546,0
0,0.27426878212589795,0
0,0.5829383032267655,1
0,0.10096632247005995,0
0,0.6012091421484249,1
0,0.059267530972567845,0
0,0.17598488911997567,0
0,0.2751043333054451,0
1,0.9179383209686891,1
0,0.08001939308928688,0
0,0.18628032105819356,0
0,0.09237135422122407,0
0,0.10774769593127428,0
0,0.5128357604762893,1
0,0.34592825912587877,0
0,0.10954444647638868,0
0,0.1498938705440105,0
0,0.5768929078795478,1
0,0.13069683047121095,0
0,0.09540841041388043,0
0,0.6614560915008445,1
0,0.45803840284934066,1
0,0.6723794329608633,1
0,0.17160548201991294,0
0,0.4661279060872133,1
0,0.19589107986113752,0
0,0.15650805378429214,0
0,0.1005046903595225,0
0,0.11603076413240371,0
1,0.23992679900079372,0
1,0.8494625287969337,1
0,0.1244076670012993,0
0,0.26188554315568136,0
0,0.12946866928361636,0
0,0.5813355981865168,1
0,0.16638105711547913,0
0,0.08960673694834705,0
0,0.5559452908721089,1
0,0.41075225277312755,1
0,0.37027945368172466,1
0,0.3706233724520694,1
0,0.11358548224174063,0
0,0.10934249928708425,0
0,0.14800418551846328,0
1,0.3967457495012081,1
0,0.1014593291787799,0
0,0.1361094704630143,0
0,0.5969682075615114,1
0,0.09700685273629003,0
0,0.13181480059442077,0
0,0.6772270882315734,1
0,0.9052460108928246,1
0,0.21333185468375995,0
0,0.13799248789440996,0
0,0.8846990234054075,1
0,0.09932378604532612,0
0,0.360626085653161,1
0,0.1815218140325426,0
0,0.07357703729811191,0
0,0.10229763521968949,0
0,0.5432969001501743,1
1,0.4495876876536543,1
0,0.0913548466643578,0
0,0.28498243480939234,0
0,0.12162171852828803,0
0,0.5888528495386652,1
0,0.17936805788040444,0
0,0.28606967087327734,0
0,0.1312831185106152,0
0,0.37675033742730074,1
0,0.7644720268984875,1
0,0.39185185226667874,1
0,0.5315936695965555,1
0,0.5097931798507003,1
0,0.10959096473875175,0
0,0.3927877824596972,1
0,0.10288891831828663,0
0,0.1412512826993711,0
0,0.6515772620572097,1
0,0.12121266678561594,0
0,0.7691227661069966,1
0,0.13478866062505784,0
0,0.1491291436489339,0
0,0.27536678260310393,0
0,0.1264763171802649,0
0,0.1178503802416205,0
0,0.5901848613588592,1
0,0.12851711959185075,0
0,0.9107290538474541,1
0,0.20240189797618002,0
0,0.5862605746928499,1
0,0.13754100041639236,0
0,0.08701662540795833,0
1,0.2529197438342759,0
0,0.1462768739716172,0
0,0.47563233872681415,1
0,0.20278636358396449,0
0,0.5335879066285693,1
0,0.08942493241286159,0
0,0.7027807237542347,1
0,0.11598413264437023,0
0,0.38804786544715647,1
0,0.1479220295190807,0
0,0.7386339004486341,1
0,0.0984260544225169,0
0,0.32095082892795873,0
0,0.4637840674261627,1
0,0.0843596097367442,0
0,0.9279427776842762,1
0,0.28836253729046685,0
0,0.2848616261480271,0
0,0.11637181540939608,0
0,0.10992438978310076,0
0,0.4044433217273104,1
0,0.19295979209065628,0
0,0.11501946848910158,0
0,0.34304016305163354,0
0,0.4226893473828608,1
0,0.5507261440787324,1
0,0.5298004729648025,1
0,0.34605119282206737,0
0,0.10178305390737666,0
0,0.2599772624907668,0
0,0.2186724034939505,0
0,0.11420692392126577,0
0,0.3704400769562953,1
0,0.6769839424154981,1
0,0.8863795694786671,1
0,0.18133364144797653,0
0,0.5475891592143486,1
0,0.45598840924738016,1
1,0.5843069812528686,1
0,0.32647335177315284,0
0,0.1369273394764309,0
1,0.8311087218521199,1
0,0.23033704939946215,0
0,0.4786781146943663,1
0,0.4199078785557898,1
0,0.10345230485658007,0
0,0.8619537909609831,1
0,0.07321056477910118,0
0,0.16925760625245442,0
0,0.14952670078867714,0
0,0.4054306096092263,1
0,0.07615436458915714,0
1,0.5752960102043939,1
0,0.12037238971457183,0
0,0.3514673306988857,1
0,0.22849431654244648,0
0,0.6223987280820903,1
0,0.24544844012283376,0
0,0.2726016929246706,0
0,0.09645725660164012,0
0,0.28244242246379453,0
0,0.09664518749262911,0
0,0.5390749708821865,1
0,0.17404449276181144,0
0,0.23565263721070417,0
0,0.2631437472664408,0
0,0.08431126795212457,0
0,0.1059041033936528,0
0,0.5879619856859475,1
1,0.9437688090919433,1
0,0.5278115008518699,1
0,0.07720243645019108,0
0,0.8614165725207156,1
0,0.0728467826874212,0
0,0.9174127651064669,1
0,0.15541685194179594,0
0,0.10405286222954738,0
0,0.1658364315554408,0
0,0.15956878347777562,0
0,0.14519212895911474,0
0,0.1220929039034062,0
0,0.6218693019200143,1
0,0.31124841977756135,0
0,0.13451873243727028,0
0,0.1315019918828204,0
0,0.08278015918019467,0
0,0.3718201987364546,1
0,0.09085516293163542,0
0,0.11316508294732297,0
0,0.11648154804391005,0
0,0.5754099496036849,1
0,0.6011823929332923,1
0,0.10244844992704649,0
0,0.5430686467280965,1
0,0.5793055425034328,1
0,0.4000894892787288,1
0,0.8229299405765034,1
0,0.16706025287714657,0
0,0.40695774114855005,1
0,0.3693048404100291,1
0,0.2458310759500382,0
0,0.08825163886810891,0
0,0.135748089204903,0
0,0.1630425605263492,0
1,0.1451903793674819,0
0,0.31297429115720093,0
0,0.7841440755956751,1
0,0.08743592752815613,0
0,0.12503699731265652,0
0,0.10779581955050228,0
0,0.31064051086911654,0
0,0.8809967368140237,1
0,0.7159225318265328,1
0,0.16340092922000593,0
0,0.13714969224440351,0
0,0.12822032515932108,0
0,0.31506088598933435,0
0,0.2247663754461559,0
0,0.11321916999187816,0
0,0.09798509395397474,0
0,0.06699554944289042,0
0,0.54678242976118,1
0,0.204514103173412,0
0,0.20260130258203204,0
0,0.20685235424176493,0
0,0.19169972721256076,0
0,0.07144050635087278,0
0,0.3422610523252303,0
0,0.7776048320302219,1
0,0.6915209298328006,1
0,0.4443951079052741,1
0,0.19246754463884022,0
0,0.15426518672083986,0
0,0.6712436988620435,1
0,0.17495907961034357,0
0,0.8261680883852478,1
1,0.9619553216734158,1
0,0.5022810047471974,1
0,0.06833200939844275,0
0,0.11862277184624115,0
0,0.12137060280827228,0
0,0.11917171731196245,0
0,0.14807176164985622,0
1,0.4577880136180617,1
0,0.13435758273169107,0
0,0.17229709622529582,0
0,0.4224354572820695,1
1,0.6632016865386646,1
0,0.08380382499573542,0
0,0.4931904804657477,1
0,0.05723535098868027,0
0,0.18630182417130267,0
0,0.06792127493121144,0
0,0.2682950595747123,0
0,0.20507207573090522,0
0,0.1838672551901673,0
0,0.23428990068655017,0
0,0.12065213731577579,0
0,0.16693971426908583,0
0,0.33252081063243416,0
0,0.08713613038075362,0
0,0.1444429050642685,0
0,0.1970595370971474,0
0,0.22350358893254835,0
0,0.8301869755742805,1
0,0.09436812587614683,0
0,0.10629889133037748,0
0,0.09464936372693493,0
0,0.47159653846407024,1
1,0.8934904892843162,1
0,0.07242565451390304,0
0,0.15960140856947413,0
0,0.3467244685417179,0
0,0.10534989080000476,0
0,0.39037240442971016,1
0,0.0689883694872643,0
0,0.1377312930608487,0
0,0.40342213608439376,1
0,0.12918562078406748,0
0,0.5309571970702481,1
0,0.3177776423737643,0
0,0.07167329202139543,0
0,0.09154424936620946,0
0,0.15137834111935972,0
0,0.16341363673334489,0
0,0.1848130868916514,0
0,0.2573185212079456,0
0,0.2143382476700854,0
1,0.8418272359179968,1
0,0.271064077927039,0
0,0.5728640680423817,1
0,0.8415151165907288,1
0,0.1970463078755918,0
0,0.10913285371211877,0
0,0.4284169998482516,1
0,0.05289033922029085,0
1,0.15778935351676682,0
0,0.22436398733591176,0
1,0.8992895123183757,1
0,0.12386738283355932,0
0,0.09551330697219897,0
0,0.07961621963035863,0
1,0.8437945930369471,1
0,0.4228526592993127,1
0,0.21120716419582494,0
0,0.1548516494799068,0
0,0.12350869101961354,0
0,0.20834411059960317,0
0,0.9041820093819581,1
0,0.08357236712032273,0
0,0.1273097582936735,0
0,0.10590727951557112,0
0,0.0888031593918996,0
0,0.10802205224338929,0
0,0.1805636896178535,0
0,0.35272633982149676,1
0,0.1876392467649845,0
0,0.3811410979357145,1
0,0.0770887962560871,0
0,0.07323889367750264,0
0,0.07347265014490482,0
0,0.3397300177268232,0
0,0.10336752044265275,0
0,0.07500413878504465,0
0,0.10594033599789195,0
0,0.8341205720071785,1
0,0.4628531300567065,1
0,0.13391154747182651,0
0,0.3756245151382252,1
0,0.10561687698519162,0
0,0.12226045126754741,0
0,0.26146544952056705,0
0,0.7001947788556461,1
0,0.13729725734176088,0
0,0.38952177517867476,1
0,0.34049699279504436,0
0,0.09881437382770923,0
0,0.10351425922781896,0
0,0.08622996209421388,0
0,0.2858426058749176,0
0,0.26656777955757777,0
0,0.8449718591518797,1
0,0.10900879588975115,0
0,0.16341342053584929,0
0,0.6955991792905436,1
0,0.0680711090823939,0
1,0.9566894247721778,1
0,0.7375600406386743,1
0,0.16630196308013573,0
0,0.18286531824469573,0
0,0.18703043851431786,0
0,0.1778178046626737,0
0,0.16787192578425272,0
0,0.12175690975799353,0
0,0.3599799666609385,1
0,0.08529922137156788,0
0,0.07642275703165614,0
0,0.24295473648582194,0
0,0.3342362471483575,0
0,0.20518248709950726,0
0,0.1669465988578767,0
0,0.2300344939377635,0
0,0.08151406332568016,0
0,0.09412358807475174,0
0,0.9333299490366648,1
0,0.21503607367367933,0
0,0.6056448942179332,1
0,0.22178453633792566,0
0,0.5411855776583349,1
0,0.3085777421227598,0
0,0.8051878397681133,1
0,0.19794727406995635,0
0,0.337808145539494,0
0,0.936138000061855,1
0,0.250066316460809,0
0,0.17838884263279323,0
0,0.7558253234609044,1
0,0.07530049403352085,0
1,0.5602450097879436,1
0,0.13488482311324929,0
0,0.16310917966772212,0
0,0.26528547904366934,0
0,0.11512864144492288,0
0,0.15709886161968672,0
0,0.17773388662597406,0
0,0.08526966866041079,0
0,0.22058044669938875,0
0,0.5674629164505965,1
0,0.8419742720072139,1
0,0.10805206570200745,0
0,0.09547168026720226,0
0,0.16057992577080474,0
0,0.08860330258231934,0
0,0.13044705696105702,0
0,0.30590743114082075,0
0,0.3062348085000345,0
0,0.14674339680520232,0
0,0.7417509695185153,1
0,0.19761418293444233,0
0,0.13965263681529513,0
0,0.1140113985434459,0
0,0.12640324330511052,0
0,0.6148873032981926,1
0,0.1687131345950653,0
0,0.32475247530241896,0
0,0.6627074778442764,1
0,0.33831845913353326,0
0,0.24732685430199544,0
0,0.11402619834259697,0
0,0.8587469692368692,1
0,0.08338639845149907,0
0,0.08445571531572288,0
0,0.07070847137518238,0
0,0.1762463171109605,0
1,0.9113523256634357,1
0,0.34796341085028476,0
0,0.08752629189104727,0
0,0.14242079141739653,0
0,0.1261568290151318,0
0,0.10218085908353097,0
0,0.500257579856847,1
0,0.061875461875518054,0
0,0.32304852637803216,0
0,0.5577325115709152,1
0,0.1467910188832508,0
0,0.2453975050328214,0
1,0.3620656371464622,1
0,0.14753862431180198,0
0,0.24854796689324327,0
0,0.07321374530007783,0
0,0.14730170823478642,0
0,0.5619030605582795,1
0,0.25693121821863635,0
0,0.5219953103515401,1
0,0.1602335007219729,0
0,0.17292237673467048,0
0,0.18387773165897583,0
0,0.14159347734835548,0
0,0.11384866114591022,0
0,0.5910760699598879,1
0,0.230949391194337,0
0,0.1302807538154879,0
0,0.17701205707229145,0
0,0.31258462589731967,0
0,0.5228636400167029,1
0,0.1759149106339639,0
0,0.18839524908241398,0
0,0.2910433111686239,0
0,0.2365371671770669,0
0,0.2905265875987253,0
0,0.12474925293723027,0
0,0.12927826903456432,0
0,0.09935805950703537,0
0,0.09648006545580096,0
0,0.5049925808421276,1
0,0.08770014794628937,0
0,0.10350586124076314,0
0,0.2615068797127184,0
0,0.32617868541126754,0
0,0.21103886550260473,0
0,0.354958010825251,1
0,0.4258577944722602,1
0,0.13480755087736843,0
0,0.13203927865158635,0
0,0.4663792521173703,1
0,0.4023303077431773,1
0,0.4820079764035068,1
0,0.1612682840034468,0
0,0.947354832131501,1
0,0.1147846045859026,0
0,0.14256522328544954,0
1,0.161455411484643,0
1,0.5287987367020728,1
0,0.6221047325093884,1
0,0.15097014177178808,0
0,0.2122343381107437,0
0,0.15534599433388452,0
1,0.27552670069408,0
0,0.2781711796104171,0
0,0.19409747275909975,0
1,0.8979825611581367,1
0,0.09971535444597532,0
0,0.19400786991055374,0
0,0.171728506711002,0
0,0.11282408125903667,0
0,0.1590601891512602,0
0,0.09155413656071172,0
0,0.12441708847552196,0
0,0.12610697465341653,0
0,0.7647025096332598,1
0,0.416058394652933,1
0,0.5625935342666303,1
0,0.10103465337065137,0
0,0.170425522314951,0
0,0.14247840392426322,0
0,0.2418823757227641,0
0,0.4088960686409159,1
0,0.19064955484038756,0
0,0.06645780952188353,0
0,0.178739269225196,0
0,0.20496620476559765,0
0,0.16019021762727215,0
0,0.1428043598953375,0
0,0.35891637663397574,1
0,0.24335355121076505,0
0,0.1135931297355798,0
0,0.11248471494380788,0
0,0.07375321827590502,0
0,0.35006061516747117,1
0,0.3506325994973295,1
0,0.42039858794088736,1
0,0.587175927983493,1
0,0.21283872658657574,0
0,0.06925085069906539,0
0,0.6371019063513547,1
0,0.3827292759834837,1
0,0.23482918079301698,0
0,0.8043809441613251,1
0,0.15207750962753658,0
0,0.9200348400926303,1
1,0.5960853723485978,1
0,0.10211569241695669,0
0,0.09638017602631337,0
0,0.08654536970059304,0
0,0.1709539219842244,0
0,0.22512210200409616,0
0,0.4579317558464598,1
0,0.41296529509578794,1
0,0.2644331773332921,0
0,0.12591269160796148,0
0,0.5811873227542569,1
0,0.10881390148222231,0
0,0.1934819227610917,0
0,0.16967439006723964,0
0,0.8549736860730369,1
0,0.47856015318837913,1
0,0.5392159961536673,1
0,0.298210061716138,0
0,0.5580902923064732,1
0,0.5364148866736804,1
0,0.13316184931650238,0
0,0.15461389695157576,0
0,0.2206142127977526,0
0,0.5583853911591529,1
0,0.3796779355115327,1
0,0.09874826455339938,0
0,0.19707765599791888,0
0,0.10917492864976869,0
0,0.08848640122610532,0
0,0.13634668789837953,0
0,0.1180791211498514,0
0,0.07012253904187213,0
0,0.1789883760716511,0
0,0.054039562591081204,0
0,0.1858459120206696,0
0,0.26240903400357807,0
0,0.08688915646953545,0
0,0.1674402300770678,0
0,0.742745974347367,1
0,0.15345735188412626,0
0,0.2894991221942091,0
0,0.5480062828048324,1
0,0.20605256145730236,0
0,0.11250724629732067,0
0,0.06815183176410672,0
0,0.2229962653776444,0
0,0.0722595128700736,0
0,0.2698617803434401,0
0,0.21728804288189893,0
0,0.08611984992340196,0
0,0.7231291192787404,1
1,0.9327607276322945,1
0,0.5227718031655387,1
1,0.3974840604826781,1
0,0.26846266846568556,0
0,0.09111893546504862,0
0,0.29152733665814673,0
0,0.2382096593013264,0
0,0.5340482387957547,1
0,0.13877319485468734,0
0,0.25877451371706545,0
0,0.31715217712297683,0
0,0.19683612397100445,0
0,0.16002919042552197,0
0,0.24757190509386662,0
0,0.13815070957083228,0
0,0.21796668890376533,0
0,0.29066970333163517,0
1,0.8329631848079098,1
0,0.1877929840556015,0
0,0.16721510576560072,0
0,0.0903337163215968,0
0,0.3566644701765588,1
0,0.6309679203571537,1
0,0.29197365293705935,0
0,0.28863063409243656,0
0,0.8705113165542148,1
0,0.07866564007218244,0
0,0.1325236281238653,0
0,0.12900128593880758,0
0,0.15999406707676045,0
0,0.17048525139406426,0
0,0.5822449191544624,1
1,0.1227799159582168,0
0,0.14233926430830524,0
0,0.3032238380950078,0
0,0.0775308698930457,0
0,0.30336779349118376,0
1,0.9515457288447726,1
0,0.0950871117659245,0
0,0.7863860858139526,1
0,0.21196687927522181,0
0,0.35173247540824165,1
0,0.10031181276367357,0
0,0.15706345483834133,0
0,0.5033159801344924,1
0,0.12428636093744141,0
0,0.531676614325863,1
0,0.3969057413969774,1
0,0.7254298060011639,1
0,0.3611239517728446,1
0,0.7767182217593229,1
0,0.17191004213654898,0
0,0.15804740317712987,0
0,0.19602358586951193,0
0,0.10972223249875673,0
0,0.10216715079646159,0
0,0.5464772145829122,1
0,0.5614899968602902,1
0,0.36762448142264326,1
0,0.08327739844866561,0
0,0.09420437717547435,0
0,0.13646535468678858,0
0,0.13461318859884572,0
0,0.09451454192530712,0
0,0.1327369933982704,0
0,0.13237053206540367,0
0,0.3847939442860059,1
0,0.1432612383916259,0
0,0.32007617520389814,0
0,0.07266252743148022,0
0,0.08521870946180288,0
0,0.10885703065141333,0
0,0.08795442360904343,0
0,0.13547948068395443,0
0,0.16586809673062905,0
0,0.1498478404448464,0
0,0.083469526428018,0
0,0.28082112023764255,0
0,0.2466304079264402,0
0,0.11810404936330957,0
0,0.22942750859123742,0
0,0.34522934064476796,0
0,0.09017874510026222,0
0,0.08924981363956654,0
0,0.2064867505906571,0
0,0.18157453934378898,0
0,0.17104134004935267,0
0,0.4078365727841466,1
1,0.8141686884488747,1
0,0.3199829684916461,0
1,0.8283066458977092,1
0,0.14689134981948201,0
0,0.11887901883748463,0
0,0.555724479589332,1
0,0.22523187109626452,0
0,0.3019418797463921,0
0,0.05798209065215055,0
0,0.3931304493472643,1
0,0.05919459632236143,0
0,0.5257649627148953,1
0,0.5456114245382241,1
1,0.6744302324374406,1
0,0.05867560963898647,0
0,0.6056615785551529,1
0,0.12207688776579746,0
0,0.3512177236860432,1
0,0.11128825581257316,0
0,0.3178760218162313,0
1,0.5519035687353943,1
0,0.1855881186859942,0
0,0.47214884661462897,1
0,0.24911347726483762,0
0,0.12000392105742419,0
0,0.5285307557457541,1
0,0.4081271152812783,1
0,0.45950425831490094,1
1,0.919204938554982,1
0,0.13257917296891786,0
0,0.15800803465377927,0
1,0.8366144312908207,1
0,0.34562383586492573,0
0,0.18637541444099825,0
0,0.752316484893176,1
0,0.13713469269303943,0
0,0.0840203288006267,0
0,0.1902217978286114,0
0,0.14732921578263825,0
0,0.07974267319646852,0
0,0.21488412793778158,0
0,0.1164989868745852,0
0,0.2215120804773045,0
0,0.11898441254498372,0
0,0.10436202776333194,0
0,0.4384680047242079,1
0,0.21825566110723013,0
1,0.8541233840450239,1
0,0.23083545290014706,0
0,0.8157661533419598,1
1,0.7099549379680474,1
0,0.8551938763395456,1
0,0.08172382278419348,0
0,0.09936079598314293,0
0,0.7314979658310351,1
0,0.2624043882968812,0
0,0.20247094511174016,0
0,0.14462774610616705,0
0,0.07686949543344405,0
0,0.2433471422762808,0
0,0.0895657313363269,0
0,0.3247950541342951,0
0,0.17413248066585374,0
0,0.10680598128400194,0
0,0.1301575346496124,0
0,0.544881039574814,1
0,0.1269083372837606,0
1,0.9451252948823948,1
0,0.11997149715686535,0
0,0.146869163455128,0
0,0.2912591095463861,0
0,0.5837931732277224,1
0,0.4698310436484445,1
0,0.36507551476576533,1
0,0.11170081755913495,0
0,0.9123763946643852,1
0,0.1156545834329348,0
0,0.532647909351554,1
0,0.1260475241558761,0
1,0.8615687946179482,1
0,0.20365688498386825,0
0,0.36453470820854067,1
0,0.3930032185083182,1
0,0.5470841631758341,1
0,0.24214175525103707,0
0,0.06312477325867744,0
0,0.6064984680741442,1
0,0.13276912755213177,0
1,0.9031847142488294,1
0,0.08085867840640393,0
0,0.9386257481616564,1
0,0.06908520542863902,0
0,0.21244843478671702,0
0,0.771646880931034,1
0,0.07799913802138012,0
0,0.4512999062227593,1
0,0.18314619134178722,0
0,0.17164810973132338,0
0,0.14962887203121955,0
0,0.12472090617385878,0
0,0.40842337470262957,1
0,0.8545534673766995,1
0,0.35153009730066376,1
0,0.07659702174098278,0
0,0.08641619433723613,0
1,0.3112209315454958,0
0,0.16237574032606972,0
0,0.11697796940761118,0
0,0.22289181037833908,0
0,0.10999490677786869,0
0,0.3997665040161306,1
0,0.14342734387946868,0
0,0.09354118075308035,0
0,0.14074981400393802,0
0,0.14302885570271942,0
0,0.11462711999716907,0
0,0.9136977342899689,1
0,0.822030372267752,1
0,0.12209128598663689,0
0,0.19826770802476357,0
0,0.2097592920570197,0
0,0.19305658463271086,0
0,0.16844183605320606,0
0,0.12817266582726022,0
0,0.17219418965283215,0
0,0.08190566713886561,0
0,0.2828450422966654,0
1,0.7361269474177942,1
0,0.22387037151030545,0
0,0.17205891271291174,0
0,0.13140463104032296,0
0,0.11499199589745712,0
0,0.29505636299482924,0
0,0.5580064203241357,1
0,0.11688763253029891,0
0,0.12234229703067048,0
0,0.08950658803067123,0
0,0.4716063020750221,1
0,0.9273795246677291,1
0,0.44592735020142804,1
0,0.5724690031626424,1
0,0.7334550684246802,1
0,0.16165261996678734,0
0,0.6368837739212568,1
0,0.10086008486490808,0
0,0.886651629995726,1
0,0.11934794681207152,0
0,0.18332526345973132,0
1,0.9345655215349306,1
0,0.6625996222649271,1
0,0.7537756723378614,1
0,0.35393780334880987,1
0,0.3763338955833394,1
1,0.8474807031812376,1
0,0.07800543490099124,0
0,0.07614541240273606,0
0,0.10634867314169344,0
0,0.6055943664591438,1
0,0.09651211435951802,0
0,0.14618164053407018,0
1,0.11652352268588222,0
0,0.2358144067488063,0
0,0.1206375064352046,0
0,0.36255565842234594,1
0,0.609714385912292,1
0,0.42167040239610376,1
0,0.6455762132076128,1
0,0.5650300754229395,1
0,0.11131221519178806,0
0,0.23432879904994758,0
0,0.4426710488341646,1
0,0.09603322774131448,0
0,0.1684055935909513,0
0,0.21643831258853263,0
0,0.7955007610161015,1
0,0.29818400692275304,0
0,0.12902354721085485,0
0,0.15062824973783254,0
0,0.23595251808253503,0
0,0.15079209924542072,0
0,0.10636176135624621,0
1,0.2576550142587301,0
0,0.10561323259658521,0
0,0.17935323727802627,0
0,0.27543213498487495,0
0,0.07821092629515917,0
0,0.12396021300024129,0
0,0.46175926923378957,1
0,0.8859237097827055,1
0,0.5759690859822831,1
0,0.20739829781695615,0
0,0.10588244448696517,0
0,0.08416363940468564,0
0,0.6239371247264868,1
0,0.9278179827542968,1
0,0.08712752246623909,0
0,0.16265910745338424,0
0,0.36398948862017577,1
0,0.16513166550261524,0
0,0.3518734865541214,1
0,0.10604836221851942,0
0,0.1556799756911273,0
1,0.9537718632682561,1
0,0.11939464744302003,0
0,0.3970448567871125,1
0,0.059332269931707544,0
0,0.13588311624480304,0
0,0.6679371716419182,1
0,0.8193218243185408,1
0,0.1734330389841397,0
0,0.18783917948599702,0
0,0.23462925627907283,0
0,0.5736053385174199,1
0,0.09559022077141867,0
0,0.13473357040865427,0
0,0.41533787813571776,1
0,0.08058313741821838,0
0,0.8024704879696716,1
1,0.31716528980446673,0
1,0.9660164865158989,1
0,0.536696359897145,1
0,0.13630088791596665,0
0,0.9016651611260286,1
0,0.553214819922365,1
1,0.652130627760416,1
0,0.8613274737805771,1
0,0.05615319906641132,0
0,0.5442535045785095,1
0,0.27679635032425387,0
1,0.9202447378926142,1
0,0.4482076939925987,1
0,0.5106399427935525,1
0,0.3999197162893038,1
0,0.1472388372826162,0
0,0.1998151195890561,0
0,0.24252749477949948,0
0,0.5497531635798028,1
0,0.12949029705874823,0
0,0.5647818976235175,1
0,0.2516757514849514,0
0,0.9604303510678659,1
0,0.1432698779795185,0
0,0.14403761009046312,0
0,0.3803816090349313,1
0,0.20727468982775504,0
0,0.16776384109659925,0
0,0.6456438268525673,1
0,0.10416004698654573,0
0,0.11500382116299258,0
1,0.3674603805096518,1
0,0.5127795817923491,1
0,0.17488285393706238,0
1,0.792294036439105,1
0,0.1824583328043879,0
0,0.12095043312341838,0
0,0.08061321958864211,0
0,0.16289462482154904,0
0,0.1739133859814315,0
0,0.31142844729697144,0
0,0.06564746370736398,0
0,0.15141935202621554,0
0,0.3561322371224139,1
0,0.5661755946565036,1
0,0.9357362955919393,1
0,0.277237827337724,0
1,0.24978434185502418,0
0,0.12047659636052271,0
0,0.1668575412202191,0
0,0.13884432747612566,0
0,0.4934105184945809,1
0,0.14444370741802307,0
0,0.24314847569825224,0
1,0.9502930670353266,1
0,0.42768112525633306,1
0,0.15371284178625672,0
0,0.10688433816389946,0
0,0.1537620048871814,0
0,0.08349510242048823,0
0,0.14097239678845971,0
0,0.3470711619843887,0
0,0.5275931113076294,1
0,0.3590283730312502,1
0,0.16388325103798715,0
0,0.1466770054659141,0
0,0.3761697447510265,1
1,0.6564005844118526,1
0,0.05921067464082534,0
0,0.21251287726737925,0
1,0.33892095190863114,0
0,0.1755034093884428,0
0,0.23546983113389625,0
0,0.154917371616901,0
0,0.12630565983722059,0
0,0.1288648498834999,0
0,0.14399408452392823,0
0,0.16665797162678947,0
1,0.9496830638049601,1
0,0.11613183742745815,0
0,0.058083570822200996,0
0,0.11053420879266923,0
0,0.23134204175611786,0
0,0.10585500239098014,0
0,0.5804626954428552,1
0,0.21370127081051676,0
0,0.14274283726845535,0
0,0.3423489582705604,0
0,0.37719924125491455,1
0,0.33237661508623206,0
0,0.33586934045993133,0
0,0.09907909532150613,0
0,0.7432062444084329,1
1,0.715475222987858,1
0,0.14755175594729297,0
0,0.1866148814989132,0
0,0.08840085853183122,0
0,0.14698069008194226,0
0,0.1362178471684844,0
0,0.15919039418548436,0
0,0.0915339641195361,0
0,0.8790912146732694,1
0,0.13105040606095733,0
0,0.05607625795769862,0
0,0.15356191123786403,0
0,0.09323868233634318,0
0,0.3924528879853609,1
0,0.07294971854096141,0
0,0.6626507731955847,1
0,0.5359430626175443,1
0,0.09635851674495624,0
0,0.44531180377379587,1
0,0.11485593748647635,0
0,0.11092980637235395,0
0,0.07072741631191273,0
0,0.5590899523042194,1
0,0.16337085811711116,0
0,0.06558373927521499,0
0,0.5660150665218976,1
0,0.16729603094332818,0
0,0.08449245932521793,0
0,0.2400418336607064,0
0,0.2584122202137121,0
0,0.1085468176703959,0
0,0.38972368299695537,1
0,0.3033953770772956,0
0,0.13812083263401992,0
0,0.17607917655875893,0
0,0.6192277874763226,1
0,0.12802419183127553,0
0,0.09815110137566005,0
0,0.22993696796203006,0
0,0.12840698423727956,0
0,0.2872719176278468,0
0,0.1989290274804896,0
0,0.14380627623517012,0
0,0.1398107591573999,0
0,0.08453581696116938,0
0,0.1503702903019196,0
0,0.1605923148742569,0
0,0.25740229855592434,0
0,0.4581266664405144,1
0,0.6773560968077196,1
0,0.10696217641334994,0
0,0.223632549896311,0
0,0.08638560213756451,0
0,0.11684387856064149,0
0,0.7943608668840278,1
0,0.07065636015575932,0
0,0.11862092456590384,0
0,0.31966115592563277,0
0,0.42237682606550975,1
1,0.5827492870630555,1
0,0.14812869738518897,0
0,0.13692626496801633,0
0,0.7427456149259444,1
0,0.14934752081304897,0
0,0.1770220366178483,0
0,0.12073456113577391,0
0,0.125526940928774,0
0,0.3650774678783188,1
0,0.6634517924233396,1
0,0.10945187468837064,0
0,0.08864783026528672,0
0,0.14506163004265935,0
0,0.20080037506589338,0
0,0.5634432769736816,1
0,0.1261621723754209,0
0,0.19513482124420045,0
1,0.9277181550030907,1
0,0.37496111780986935,1
0,0.13886273519229467,0
1,0.38328311185904146,1
0,0.6003138995240596,1
0,0.09758991278348712,0
0,0.1511256741687513,0
1,0.49463725281730053,1
0,0.14758489464386898,0
0,0.09462043703420704,0
0,0.4639573358857774,1
0,0.2691899921609361,0
0,0.08935664737995473,0
1,0.756859477978863,1
0,0.5779688129628142,1
0,0.16963990946947025,0
0,0.26981745020075026,0
1,0.6119886684367356,1
0,0.08731345117371464,0
0,0.37426454137236786,1
1,0.9544618228012488,1
0,0.12227725637283385,0
0,0.16155480364901909,0
0,0.749143342924214,1
1,0.8557034487755819,1
0,0.5572587581919479,1
0,0.05872210746408491,0
0,0.18141271708128356,0
0,0.11208039712017448,0
0,0.07241490421143254,0
0,0.11931745134323495,0
0,0.12555647875704368,0
0,0.1563215474756004,0
1,0.6638496457454466,1
0,0.14085453920596008,0
0,0.22124851644502386,0
0,0.36378619873003976,1
1,0.9604283485897628,1
0,0.08852885652268114,0
0,0.5454826583199992,1
0,0.43873633518875066,1
0,0.07040560703000671,0
1,0.5479364998477168,1
0,0.09406665992060052,0
0,0.8221484526696882,1
0,0.19459600514060735,0
1,0.33510949330251605,0
0,0.3168644388103923,0
0,0.14053616880967137,0
1,0.23038156793529363,0
0,0.1700911934461159,0
0,0.3642857708111891,1
0,0.7756997865051196,1
0,0.47264087202653987,1
0,0.11503574226001262,0
0,0.10847274153527862,0
0,0.3592462703085572,1
0,0.9472667618279477,1
0,0.3263758537783443,0
0,0.6330246328102642,1
0,0.22827884417963365,0
0,0.36849779100770425,1
0,0.1061084452538985,0
0,0.32792772631242234,0
0,0.11699176117454492,0
0,0.20281849144179795,0
0,0.28662252915720243,0
0,0.7627111762619104,1
0,0.16039836032902074,0
0,0.0674472874530522,0
0,0.19074626448644794,0
0,0.21707917304124932,0
0,0.07813000167010359,0
0,0.6077008720869598,1
0,0.3741122844282612,1
0,0.3437790162412011,0
0,0.5409120301542388,1
0,0.5200472208276569,1
0,0.3783623235929542,1
0,0.1717829122433218,0
0,0.12837525544204956,0
0,0.09507672775902391,0
0,0.2221314602681782,0
0,0.11595220248237528,0
0,0.11136748198000668,0
0,0.3174098368995455,0
0,0.1125295155691479,0
0,0.16969065272908412,0
0,0.12170390936828966,0
0,0.07824289406139164,0
0,0.49353126081398463,1
0,0.13446003636954404,0
0,0.2269024986797729,0
0,0.8127612453283203,1
0,0.18274180468208612,0
0,0.20841893136292183,0
0,0.12367781857312284,0
0,0.10913483230909662,0
1,0.8204764230525304,1
0,0.35267544940056683,1
0,0.10680634661447751,0
0,0.13343468502709907,0
0,0.5919502947381999,1
0,0.12355056396968268,0
0,0.2472030390746862,0
0,0.7146900071956488,1
0,0.8270956187523467,1
0,0.5874909613595852,1
0,0.12081066492717525,0
0,0.5982134573212663,1
0,0.7781534382079535,1
1,0.7907775891884468,1
0,0.1125339565769567,0
0,0.15716882291000486,0
0,0.32104433649123015,0
0,0.40863932204535464,1
0,0.09548141556367619,0
0,0.9237951996010844,1
0,0.3177613767795911,0
0,0.13154315396499625,0
0,0.09815212676272339,0
0,0.15576954134575993,0
0,0.9496653649036104,1
0,0.08087846963222371,0
0,0.47992831030460015,1
0,0.8378896754692332,1
0,0.19563591154042204,0
0,0.1421711024877545,0
0,0.17142325775057932,0
0,0.2617455380819366,0
0,0.1456426481030504,0
1,0.9561408445197342,1
0,0.10931344010274612,0
0,0.1805105523785604,0
0,0.19549264417130788,0
0,0.37653445697340415,1
0,0.13467428185537414,0
0,0.6648519527771551,1
0,0.14632937465919155,0
0,0.14175561826904517,0
0,0.1900665277863146,0
0,0.20666789936899937,0
1,0.7668027436435485,1
0,0.2077589990273173,0
0,0.09460339614673248,0
0,0.21391044103130885,0
0,0.5094295249105154,1
1,0.30439089554096893,0
0,0.6464926047285652,1
0,0.8171504365525539,1
0,0.19804949060478777,0
0,0.5998199939502336,1
0,0.17041586819236226,0
0,0.14738301190126313,0
0,0.08599316019809887,0
0,0.23405378039185598,0
0,0.15465617221072972,0
0,0.3523719643226091,1
1,0.7255813279999397,1
0,0.12166621113605769,0
0,0.07014905946697854,0
0,0.3834449708713375,1
0,0.3154595162683279,0
0,0.2917305174002761,0
0,0.21019450953924446,0
0,0.08746668066119123,0
0,0.49248012843965727,1
0,0.7182997842365382,1
0,0.09917847455302695,0
0,0.2794338881927015,0
0,0.4653742426171946,1
0,0.5220460352347693,1
0,0.26486852833725855,0
0,0.18068396110164947,0
0,0.08940701232005054,0
0,0.16127528534858923,0
0,0.34086503623104714,0
0,0.4365652877894713,1
0,0.4461670928614693,1
0,0.8599238036433764,1
0,0.5445436185293222,1
0,0.14443589728923611,0
0,0.20578733834855537,0
0,0.26394099581192504,0
0,0.2973853230976352,0
0,0.16346812834757488,0
0,0.11163671280061649,0
0,0.06195965470204115,0
0,0.09286376437476034,0
0,0.5048257728956923,1
0,0.9124917939330575,1
0,0.48819719645193854,1
0,0.10482967843485655,0
1,0.3360632296178537,0
0,0.35205152735580886,1
0,0.18253023809392027,0
0,0.12208224151890502,0
0,0.18378482134746205,0
0,0.13833019715774122,0
0,0.08144481977755844,0
0,0.37658769215909976,1
0,0.30268898013404066,0
0,0.20101631534547135,0
0,0.17424364336185266,0
1,0.9524404819729619,1
0,0.547837480991335,1
0,0.532696064478973,1
0,0.2052508374408069,0
0,0.12972194939444723,0
0,0.08220149951097251,0
0,0.5928875943860976,1
0,0.25727381918634423,0
0,0.8683952463650989,1
0,0.10713132063747931,0
0,0.4064530845544843,1
0,0.08557823837734829,0
0,0.09214927616382221,0
0,0.37839968983246564,1
1,0.5422095905223916,1
0,0.8494774181547401,1
0,0.750718430599412,1
0,0.09246418420708553,0
0,0.14596420954038847,0
1,0.6671345630335623,1
0,0.20421458109761095,0
0,0.19966250735502317,0
0,0.2058388412675539,0
0,0.2096149178423781,0
0,0.12897937237185067,0
0,0.2856302911217284,0
0,0.40514319586163555,1
0,0.17363604527349039,0
0,0.7632561062619176,1
0,0.2385397104061856,0
0,0.47893807550830586,1
0,0.14059822328067637,0
1,0.44619613425355736,1
0,0.14944105450527465,0
0,0.0629980626562078,0
0,0.40992852332077423,1
0,0.11854535137852816,0
0,0.10596009557949221,0
0,0.08827277128373993,0
0,0.23798077890681588,0
0,0.33325798736268375,0
0,0.7075873302748706,1
1,0.8589354436455663,1
0,0.2902201004269164,0
1,0.9543243302202031,1
0,0.825954671843646,1
0,0.8494948689711846,1
0,0.20775259401098956,0
0,0.22655816260317774,0
0,0.3315782736752421,0
0,0.11171469601894653,0
0,0.5908706830629092,1
0,0.5026810036636864,1
0,0.3342482498719343,0
1,0.8219840500676977,1
0,0.4368269987700313,1
0,0.17362072502321843,0
1,0.23081802846650804,0
0,0.29362297708234775,0
0,0.15501797546859636,0
0,0.08640364770323813,0
0,0.28550919456699225,0
0,0.10623420331169614,0
0,0.20787060301766913,0
0,0.9010888549590789,1
0,0.14481414411182061,0
1,0.11032450864917742,0
0,0.1941253896002834,0
0,0.0921532364399289,0
0,0.06918025441446603,0
0,0.06987358805002142,0
0,0.4058266145800142,1
0,0.8184897535044492,1
0,0.1816476742910159,0
0,0.29046185178651523,0
0,0.1358757650529028,0
0,0.3673305892846931,1
1,0.5309406711891437,1
0,0.3684990996154753,1
0,0.22958374640474097,0
0,0.3577375883775438,1
0,0.2167293116551162,0
0,0.28140417680043633,0
0,0.1494345030810004,0
0,0.20882037412033178,0
0,0.4114944030512858,1
0,0.786866175490002,1
0,0.08298301535970692,0
0,0.5976312836071082,1
0,0.059863397354458954,0
0,0.6154461546433222,1
0,0.47092610440927085,1
0,0.11059292877209885,0
0,0.3704139644466933,1
0,0.22446743090072507,0
0,0.15153398175155713,0
0,0.21029791945772053,0
0,0.1486432892067262,0
0,0.10215201977541045,0
0,0.6192523363511817,1
0,0.16016437958856009,0
0,0.2683462057740228,0
0,0.5768273421076567,1
0,0.22265193280864176,0
0,0.13444255484716858,0
0,0.11646845150577671,0
0,0.149648716737084,0
1,0.6783173439281243,1
0,0.2238276060873098,0
0,0.13769825387928994,0
0,0.1290881733419484,0
0,0.5340755398681978,1
0,0.12063287726247805,0
0,0.3000692621861764,0
0,0.09483040219513265,0
0,0.18230891289380702,0
0,0.42322143773675075,1
0,0.11921314229248732,0
0,0.3881020324778966,1
0,0.25376105496046253,0
0,0.16339612314346194,0
0,0.1740656400409149,0
0,0.27140635015518744,0
1,0.6984690687060826,1
0,0.07581688861702748,0
0,0.10954960637241816,0
0,0.34726422567110415,0
0,0.126314355695664,0
0,0.35910423641951095,1
0,0.2915571088255229,0
0,0.24236767095046682,0
0,0.2909301548485855,0
0,0.516762208864886,1
0,0.42086186964406613,1
0,0.08260211371359122,0
0,0.3086470993535538,0
0,0.5221309571793061,1
0,0.146646632234743,0
0,0.10102024062556914,0
0,0.1526843662330889,0
0,0.22738516612563694,0
1,0.9361053355876019,1
0,0.39649311405781595,1
1,0.7434637090411917,1
0,0.1533897575150772,0
0,0.07637398089962635,0
0,0.5860380205769908,1
0,0.12020102844386171,0
0,0.07861866841957044,0
0,0.09308424661952283,0
0,0.10448507995717365,0
0,0.2092329949502919,0
1,0.8892512266833698,1
0,0.2064290748699528,0
0,0.5964818957403,1
0,0.10876788614430548,0
0,0.09921539958965883,0
0,0.055308263786317334,0
0,0.11435739517428821,0
0,0.6966247297994748,1
0,0.9469190538396391,1
1,0.1165925638890091,0
1,0.6193826980127805,1
0,0.23197620392793047,0
0,0.8260833402510653,1
0,0.09696427176799322,0
0,0.15258321639873923,0
0,0.7904735501010334,1
0,0.1832987992580815,0
0,0.09992025683832527,0
0,0.24896769560972284,0
0,0.5815642569294581,1
0,0.10214467990512746,0
0,0.09985170621816386,0
0,0.10344354886665448,0
0,0.7045105055619938,1
0,0.0665596540641126,0
0,0.1401565145605318,0
0,0.21654360677330659,0
0,0.1752376781246679,0
0,0.45219756443129466,1
0,0.07475213249835816,0
0,0.1017585958444241,0
0,0.16550197307553502,0
0,0.21522666418083958,0
0,0.3019132567175126,0
0,0.1432621868553948,0
0,0.10055414164387073,0
0,0.5323504102771337,1
0,0.0739952761621351,0
0,0.29454479438142217,0
0,0.12595234001001224,0
0,0.07229279439283401,0
0,0.13655528736680875,0
0,0.7303553983887695,1
1,0.6551138416907495,1
0,0.21675265258802848,0
0,0.19041743829707733,0
0,0.36194596248688937,1
0,0.08417805920827853,0
0,0.21076469229341588,0
0,0.16341434960045817,0
0,0.6311339253516661,1
1,0.9430837593742609,1
0,0.12683060192103673,0
0,0.22786402935777517,0
0,0.13959355725829262,0
1,0.27229397047001064,0
0,0.1900742747415008,0
0,0.8101389427088816,1
0,0.1534256430838389,0
0,0.10381416655812753,0
0,0.3691510303608902,1
0,0.18837028756051677,0
0,0.955527660814533,1
0,0.12406333223932951,0
0,0.10791572333658118,0
0,0.12160934622918651,0
0,0.17635231506842028,0
0,0.0891353243859604,0
0,0.06179326370633127,0
1,0.9455469338213927,1
0,0.719370921093525,1
0,0.4189624498766288,1
0,0.10143633953652109,0
0,0.5014496526428098,1
1,0.6478756737638642,1
0,0.3701942011292489,1
0,0.12909153406869975,0
0,0.789744703387379,1
0,0.9492781988697474,1
0,0.12222907977235271,0
0,0.1069588106528817,0
0,0.38527280769803623,1
0,0.4276733949768119,1
0,0.10393304754662375,0
0,0.12410055600642365,0
0,0.1156843741908493,0
0,0.15207099541096475,0
0,0.09314527218758954,0
0,0.7491882130370788,1
0,0.39276952720132136,1
0,0.266806017892042,0
0,0.05811119701454519,0
0,0.10268599700684856,0
0,0.8257422424033969,1
1,0.5994854396042982,1
0,0.317531281789651,0
0,0.5687770320723166,1
0,0.1626149689309316,0
0,0.9284586070283234,1
0,0.661252325667769,1
0,0.1444104260163874,0
0,0.19048736151795204,0
0,0.17252286964749866,0
0,0.05570767124502976,0
1,0.9464916164939712,1
0,0.10830641210255774,0
0,0.07731991672534311,0
0,0.6955099549630381,1
0,0.7919457455841756,1
0,0.16530566695855575,0
0,0.14290670644816153,0
0,0.3784696033381404,1
0,0.16615977770143475,0
0,0.29115824449552624,0
0,0.17525988156158406,0
0,0.5132395046224147,1
0,0.31576348833536033,0
0,0.0736822909764957,0
0,0.2672147969282314,0
0,0.3471106904904113,0
0,0.12568456883833484,0
0,0.28143221071477664,0
0,0.2541348534465187,0
0,0.08947311880590088,0
0,0.3932237685822543,1
0,0.8131501022771342,1
0,0.2127087009577518,0
0,0.3746373223207741,1
0,0.07917943522570017,0
0,0.1013765357415325,0
0,0.8267924783208772,1
0,0.5132950872854551,1
0,0.9072318116180736,1
0,0.11643594398785853,0
0,0.5975693493807986,1
0,0.23534393955105098,0
0,0.08958017546562108,0
0,0.0816950757907914,0
0,0.13732321166308253,0
0,0.45640566319843096,1
1,0.8191980418462368,1
0,0.13862121144485276,0
0,0.2314071461507503,0
0,0.16295276045207618,0
0,0.20846552234545382,0
0,0.1556174874691936,0
0,0.08481513022490973,0
0,0.13512410688614798,0
0,0.5967752554359488,1
0,0.05407807285972169,0
0,0.1300634166523325,0
0,0.09674563051906848,0
0,0.09756031731455003,0
0,0.14485434081283452,0
1,0.6743339354210448,1
0,0.6010372620949408,1
1,0.9145944801889226,1
0,0.20512641300252898,0
0,0.12429169321396735,0
0,0.04985491210531699,0
0,0.12480801552490649,0
1,0.9280636085955952,1
0,0.11095434356522169,0
1,0.1575048805985833,0
0,0.8194503005197712,1
0,0.1338894267883596,0
0,0.18864561720818723,0
0,0.2566059850084471,0
0,0.3141929867384505,0
0,0.13375566469843922,0
0,0.0767086125012547,0
0,0.21270150424408715,0
0,0.8655933495375232,1
0,0.10525091923258552,0
0,0.14171343798354188,0
0,0.12053278599211086,0
1,0.7135322506623064,1
0,0.05629508827286224,0
0,0.13005336617484586,0
0,0.2013506631497444,0
0,0.13958535712269252,0
0,0.25633879320698466,0
1,0.6371541245640121,1
0,0.32305023498448887,0
0,0.13820933747562353,0
0,0.20964796357495735,0
0,0.543753314433824,1
0,0.5997410971588515,1
0,0.4397884638058961,1
0,0.10127774920501756,0
0,0.0820959842577333,0
0,0.1823646097767145,0
0,0.41368331983493417,1
0,0.603667965850131,1
0,0.14143226782396243,0
0,0.07072694115046087,0
0,0.3375388467789829,0
0,0.2517584129979719,0
0,0.5737471394357725,1
0,0.11200177850133201,0
0,0.7546712379254442,1
0,0.08587301137470012,0
0,0.3035987016519813,0
0,0.11639482487734869,0
0,0.5521359989977916,1
0,0.08938401209744064,0
0,0.5065708259325326,1
0,0.10730941712563674,0
1,0.5645328662336235,1
0,0.09646666227768384,0
0,0.691519737234892,1
0,0.07672161260069275,0
0,0.6422775020947239,1
0,0.17439006757079928,0
0,0.08456443971397228,0
0,0.5630926481661117,1
0,0.08797849420252117,0
0,0.2446590008396475,0
0,0.660029927718445,1
0,0.42746361907183494,1
0,0.08204939854666611,0
0,0.11533060478660727,0
0,0.5976785805884188,1
0,0.07595931931273947,0
0,0.41272716145478666,1
0,0.2967463545056979,0
0,0.41566745069854666,1
0,0.22177983779601898,0
0,0.19639719752742985,0
0,0.21098558948499663,0
0,0.10071632156394689,0
0,0.13564569505678187,0
0,0.1061625042297376,0
0,0.053887621898700215,0
0,0.16352998521778023,0
0,0.13984721765901842,0
0,0.25754780167873775,0
0,0.9126034363506653,1
0,0.0861511611944247,0
0,0.18270933256083235,0
0,0.06983945874686856,0
0,0.7169869139692403,1
0,0.2437838871881729,0
0,0.3711581130346284,1
0,0.08858689879429964,0
0,0.11811369397496194,0
0,0.04755243325357227,0
0,0.9120820756131766,1
0,0.06957620184487724,0
0,0.09552516514101615,0
0,0.06414283078610188,0
0,0.12953079789051408,0
0,0.05660695723786258,0
0,0.10632188887272295,0
0,0.40096431211830125,1
0,0.12293740128971078,0
0,0.8416774185956105,1
0,0.05883360611573581,0
0,0.32458371726083984,0
0,0.14313599424566206,0
0,0.07781044518668728,0
0,0.08791705479252078,0
0,0.11977720263896403,0
0,0.5207381929003315,1
1,0.5871118519081113,1
0,0.5731543110338996,1
0,0.7951762733240622,1
0,0.1538958950543338,0
0,0.06383168498974172,0
0,0.18169850197669152,0
0,0.05994807717916539,0
0,0.5196046062329084,1
0,0.18788857480267215,0
0,0.20938837874037206,0
0,0.1691611434966379,0
0,0.574241456360083,1
0,0.6951067222100831,1
0,0.07978592302155171,0
0,0.42838125347193323,1
1,0.6618610006630318,1
1,0.9555628617350487,1
0,0.17566621732836177,0
0,0.11295195943821021,0
0,0.4604027527285268,1
0,0.47279399564429764,1
1,0.49683959720204457,1
0,0.0557523970598022,0
0,0.12153882682481021,0
0,0.3903138519001949,1
0,0.7127011096566584,1
1,0.8663530499593671,1
0,0.5081536791519496,1
0,0.5863467140837113,1
0,0.49268963945649547,1
0,0.13000220260727693,0
0,0.10777747263450714,0
0,0.20617600349968568,0
0,0.1418615614099972,0
0,0.43922401503256336,1
0,0.35267540886410786,1
0,0.0770364004998854,0
0,0.5132929436629661,1
0,0.5397433632380962,1
0,0.45123765750237577,1
0,0.17376955321214488,0
0,0.09969711997511341,0
0,0.22895216504336144,0
0,0.2925932761170501,0
0,0.1401019840721941,0
0,0.23552186960967883,0
0,0.3794068910652783,1
0,0.07965573642404977,0
0,0.33629623220901467,0
0,0.056316535751484015,0
0,0.15902482538224022,0
0,0.39950267187587085,1
0,0.3029238798100104,0
0,0.6155952458458046,1
0,0.13547865340010634,0
0,0.11785738793077118,0
0,0.1733241975801817,0
0,0.6112711481851824,1
0,0.11962215220512294,0
0,0.20962235134705576,0
0,0.5271308945585057,1
0,0.15825956994451598,0
0,0.34846163669881947,0
0,0.06034074792804628,0
0,0.18485893432612813,0
0,0.1877005830367809,0
0,0.054990636712570144,0
0,0.09607230730019063,0
1,0.5577138965110461,1
0,0.09056225719069998,0
0,0.1622021681136324,0
0,0.7952631181977655,1
0,0.32978075363617276,0
0,0.3412267819735747,0
0,0.9225362831279259,1
1,0.8606532930040423,1
0,0.13710383735987147,0
0,0.15892070849386425,0
0,0.41774708742970773,1
0,0.820889533337833,1
0,0.8902614655608073,1
0,0.13734955739205063,0
0,0.15038953148334297,0
0,0.5907299403767621,1
0,0.09346766357620996,0
0,0.15376530866529,0
0,0.0978888506519756,0
0,0.3965483821395456,1
0,0.0913821023661206,0
0,0.2918771039311361,0
1,0.17192529267722836,0
0,0.12512268051731668,0
0,0.09090981401215195,0
0,0.23162438682865266,0
0,0.17927800994569376,0
0,0.5925508215041377,1
0,0.5828240208704027,1
0,0.17458133382160396,0
0,0.5555250104595185,1
0,0.9089050501825108,1
0,0.8911202279406253,1
0,0.19356908697662648,0
0,0.11961619078784379,0
0,0.2201981632912098,0
0,0.2896186617813859,0
0,0.16751390715736422,0
0,0.42924341526272125,1
0,0.31257146602871405,0
0,0.48346821678607255,1
0,0.34771065833176185,0
1,0.5792345810998142,1
0,0.07611275490643271,0
0,0.0948752953125093,0
0,0.2758293623294216,0
1,0.6594927716631573,1
0,0.17548856626373957,0
1,0.8308939599144648,1
0,0.14316518280669382,0
0,0.45007896539987713,1
0,0.186317242751491,0
0,0.147064404655987,0
0,0.17983705601144886,0
0,0.33631210581521753,0
0,0.25609293815698,0
0,0.11540635571239072,0
0,0.11377351800166306,0
0,0.5839758238021363,1
0,0.28086969743486584,0
0,0.16272170435281114,0
0,0.38744350619703655,1
0,0.13767168366570678,0
0,0.11904424290049334,0
0,0.3631549979730527,1
0,0.31809860748270213,0
0,0.07869844691514652,0
0,0.24171494274328117,0
0,0.08619577284866597,0
0,0.10512993914436292,0
0,0.11349853362750566,0
0,0.18402545788545918,0
0,0.29694196614106694,0
0,0.14451948581459434,0
0,0.16281656617306425,0
0,0.15825480351775145,0
0,0.11001517184478085,0
0,0.7031102881395729,1
0,0.11543296089051644,0
0,0.11577217675980837,0
0,0.17252595997029088,0
0,0.10536564316570814,0
0,0.12467928273725341,0
0,0.1160895648367729,0
0,0.11234836885381254,0
0,0.510534553951598,1
0,0.09874754482967119,0
0,0.289505885197425,0
1,0.2504555753903773,0
0,0.17559886851307582,0
0,0.6311797994752737,1
0,0.13500282063620947,0
0,0.10014367770779069,0
0,0.5215489093090249,1
0,0.07107871388844203,0
0,0.07109530783736079,0
0,0.4261578635154954,1
0,0.05280606358134375,0
0,0.3886842935897544,1
0,0.1491374260091546,0
0,0.35453323145624505,1
0,0.11061917848361116,0
0,0.5645875453220536,1
0,0.29872676842174123,0
0,0.6942880740278906,1
0,0.507610521659709,1
0,0.5249889027704892,1
0,0.08756708869053946,0
1,0.6208769662226191,1
0,0.5311821557611109,1
0,0.27945165249677273,0
0,0.13941307650559492,0
0,0.21796164221798128,0
0,0.1556917893106846,0
0,0.6454195085902026,1
0,0.45797698876218457,1
0,0.13172917547438046,0
1,0.7897497958863043,1
0,0.6603496602911824,1
1,0.2836997537198533,0
0,0.23365867894654188,0
0,0.35536611686165887,1
0,0.1219645457820112,0
0,0.16021968247775015,0
0,0.10471504489757918,0
0,0.29831489448309984,0
1,0.43498317286718785,1
0,0.16207393609541784,0
0,0.0974249537863629,0
0,0.47028532310560406,1
0,0.10583984770805174,0
0,0.0843642224947902,0
0,0.4694155450014871,1
1,0.18737594955180153,0
0,0.27669453604202315,0
0,0.06279446072851855,0
0,0.10716363588094367,0
0,0.2932411497971961,0
0,0.14262457147837712,0
0,0.1221835298744693,0
0,0.23896145949944933,0
0,0.6598244653617317,1
0,0.13066552576490661,0
0,0.16563659605842115,0
0,0.7383792277895881,1
0,0.08298804883515987,0
0,0.23601757575947355,0
0,0.10381924155379434,0
1,0.23714952570644285,0
0,0.17090419781830793,0
0,0.06249597105295764,0
0,0.2911312978765111,0
0,0.09126345124200433,0
0,0.7773142234312892,1
0,0.5939495759295094,1
0,0.11877642743923966,0
0,0.18578183286447833,0
0,0.1606217907453531,0
0,0.19168298319372942,0
0,0.5514579253659416,1
0,0.3347897138727255,0
0,0.10293750926927318,0
0,0.5011604437457639,1
0,0.5438114358744707,1
0,0.42629667455924386,1
0,0.33358974291806054,0
0,0.36045574188259605,1
1,0.5330561899170484,1
1,0.8581019836088749,1
0,0.346820822502383,0
0,0.4225143523749776,1
0,0.8138054445638371,1
0,0.2767135821100373,0
0,0.10852462817583612,0
0,0.8652193939143876,1
0,0.16851155733811304,0
0,0.31454051549780765,0
0,0.14811094500582658,0
0,0.1539208609438545,0
0,0.49571925327677346,1
0,0.3212752611006869,0
1,0.9566922435626566,1
0,0.6709400064083357,1
0,0.06954724763318354,0
0,0.1657647317089561,0
0,0.38533214877112903,1
0,0.2459503597515333,0
0,0.10328658740977661,0
1,0.9418987345605476,1
0,0.28980592935987576,0
0,0.2977820234858492,0
0,0.20050140744506453,0
0,0.12924538559687182,0
0,0.3878727312426014,1
0,0.12665413789710805,0
0,0.1401897129712622,0
0,0.32956293253876257,0
0,0.1013767523180762,0
0,0.2841225481773692,0
0,0.09978788588872543,0
0,0.644064602965629,1
1,0.8695916484355636,1
0,0.13800103975548844,0
0,0.12316530950723951,0
0,0.18490770737061518,0
0,0.15733411401155054,0
0,0.6090974854881828,1
0,0.1491788965233761,0
0,0.09520588204135264,0
0,0.5308076691358578,1
0,0.24083459178306774,0
0,0.09866041707742079,0
0,0.13013539324398388,0
0,0.49754550014926946,1
0,0.11460569645384412,0
0,0.48081835088873115,1
0,0.15099511884533878,0
0,0.41730537047062133,1
0,0.06249387736316424,0
0,0.3122755252595995,0
0,0.16106614914172818,0
0,0.4567812703013041,1
1,0.7445487979399323,1
0,0.19637094012404838,0
0,0.5266943621675004,1
1,0.5007221484164808,1
0,0.4103536934580178,1
0,0.7940757361200889,1
1,0.33541480627681025,0
1,0.9571741778708757,1
0,0.09449016348248464,0
0,0.11401837476494119,0
0,0.15984198344905362,0
0,0.5832564960262571,1
0,0.1897346911304857,0
0,0.4735847184392255,1
0,0.6869575232052086,1
0,0.06730506666871348,0
0,0.18174162248853462,0
0,0.17678915929285996,0
0,0.3383963600388545,0
0,0.10419355053880652,0
0,0.7228481578622069,1
0,0.3914887915840446,1
0,0.6570621893375748,1
0,0.5970259497421432,1
0,0.6065544487689296,1
0,0.19370434036423892,0
0,0.6033885390731889,1
0,0.342521068417296,0
0,0.1552489861702977,0
0,0.09993810568997746,0
0,0.33076496504666525,0
0,0.23652421133076407,0
0,0.5524134257396663,1
0,0.8229548073665437,1
0,0.09504151899746982,0
0,0.07610418542853425,0
0,0.19499162026824007,0
0,0.08782461599658781,0
0,0.34911568554697703,0
0,0.5894105642876315,1
0,0.1854132472195497,0
0,0.2468348034020006,0
0,0.0986060060799874,0
0,0.14721879214705708,0
0,0.15238071470411205,0
0,0.5319299116299876,1
0,0.14744062889375595,0
0,0.08129390703483096,0
0,0.1517212928515508,0
0,0.47833088278586433,1
0,0.2037913741157764,0
1,0.1307091822549549,0
0,0.3319961527717903,0
0,0.08351627398962616,0
0,0.06948665811257843,0
1,0.9096400649318778,1
0,0.11399716952194834,0
0,0.16620478884063342,0
0,0.05580784973055691,0
0,0.39205458366280316,1
0,0.10726511784964171,0
0,0.17326363719156224,0
0,0.1574120929316222,0
0,0.13998890018635488,0
0,0.554903080389238,1
0,0.2514186962353601,0
0,0.10384505205092937,0
0,0.17025231484015307,0
0,0.5533395071037436,1
0,0.11484573330946381,0
0,0.10546026678729148,0
0,0.06875842446480755,0
0,0.07016525903911486,0
0,0.25868114733387104,0
0,0.42377451399608795,1
0,0.08070018018535599,0
0,0.09676428810653344,0
0,0.6467146623761354,1
0,0.07774169214722462,0
0,0.20877240810042988,0
0,0.566235709832058,1
0,0.11098225453206562,0
0,0.11330064449615729,0
0,0.47269063321699123,1
0,0.05781285540270719,0
0,0.17008632941040286,0
0,0.10139073215816773,0
0,0.783522552160027,1
0,0.13088675455881366,0
0,0.1673503573338496,0
1,0.6685643639568032,1
0,0.0853123609074355,0
0,0.5859988494223188,1
0,0.23600535488938215,0
0,0.08373761457463642,0
0,0.13257722948232978,0
0,0.5791660993142662,1
0,0.08376828113821234,0
0,0.09375499056321523,0
0,0.5614290817081691,1
0,0.07811684158345517,0
0,0.5688255280710964,1
0,0.1020413991863556,0
0,0.0796598438090028,0
0,0.34569806827331545,0
0,0.5926168743633379,1
0,0.5015003349136822,1
0,0.1232720965760354,0
0,0.142251727199095,0
0,0.0934288307841108,0
0,0.0815413054573077,0
1,0.9543697829940683,1
0,0.25219453525278535,0
0,0.10701590067555,0
0,0.06737216905510543,0
0,0.11323319002707227,0
0,0.5214615567496791,1
0,0.2207398145391317,0
0,0.22467418378887208,0
0,0.3977315850658534,1
0,0.214480052571304,0
0,0.08026254716552496,0
0,0.174661623798838,0
0,0.22229208767834427,0
0,0.1593796045797865,0
0,0.13651563283447452,0
0,0.06674039159217908,0
0,0.1648745587724191,0
0,0.8325664661411879,1
0,0.08721525551345682,0
0,0.2596907747850055,0
0,0.5593907081972492,1
0,0.6198843655637299,1
0,0.6053423909055888,1
0,0.33488916210713965,0
0,0.4759345305678436,1
0,0.10914642565704723,0
1,0.41993998806536365,1
0,0.13995681272080038,0
0,0.22189358134073908,0
0,0.19480469443761175,0
0,0.15748604103289882,0
0,0.3239287340159802,0
0,0.20170568670734965,0
1,0.837629094616456,1
0,0.571289183614828,1
0,0.622663568805457,1
0,0.11977487747989152,0
0,0.37997287856542444,1
1,0.354074444355622,1
0,0.11467599775129173,0
0,0.1488503983953594,0
0,0.078164180209969,0
0,0.279126973436328,0
0,0.5337065878469112,1
0,0.4090377947856939,1
0,0.5445632691707832,1
0,0.29702750398565736,0
0,0.3310838675414123,0
0,0.1356947729287558,0
0,0.15843437707537295,0
0,0.18033567938959963,0
0,0.1208356648884375,0
0,0.06778918016059104,0
0,0.8126691462998583,1
1,0.944160699094197,1
0,0.1606109067918709,0
0,0.07063721546443519,0
0,0.13266879989309222,0
0,0.0897839786013127,0
0,0.0976744583725087,0
0,0.5805434767692889,1
0,0.44308987930921734,1
0,0.8918191638906959,1
1,0.9124878312229796,1
0,0.10395776919085828,0
0,0.581149957477294,1
0,0.1555171539128328,0
0,0.07838958601250091,0
0,0.42291691325055436,1
0,0.43166035368012556,1
0,0.22305972355208917,0
0,0.36464392959462105,1
1,0.7683321559938611,1
0,0.11083622461472058,0
0,0.1338307038788504,0
0,0.7755721798578449,1
0,0.09941334485669515,0
0,0.4816982277461266,1
0,0.14199298013482478,0
0,0.17369255798892197,0
0,0.1165583695092691,0
0,0.08592993239978439,0
0,0.19391094471062842,0
0,0.13530137604452794,0
0,0.3217908750936733,0
0,0.13836817406187094,0
0,0.4076328912284664,1
1,0.5201745518769942,1
0,0.3464890978370505,0
0,0.21389111579177633,0
0,0.8296383069606751,1
0,0.30479841107263955,0
0,0.20671889768332966,0
1,0.8365480658847333,1
0,0.14437677298132656,0
0,0.1527266803114211,0
0,0.16730834938040767,0
0,0.6673994609858557,1
0,0.09730045238070097,0
0,0.8633453342990198,1
0,0.38720050582863214,1
0,0.41155755513551395,1
0,0.338677480160766,0
0,0.4044821799416694,1
0,0.1977024382792156,0
0,0.12888564073791128,0
0,0.3921415124634694,1
0,0.5379100530727833,1
0,0.17780841733209415,0
0,0.887207407347327,1
0,0.4039062874665375,1
0,0.41730446856938225,1
0,0.08146520358523299,0
0,0.24596089579799701,0
0,0.9084041450815745,1
1,0.9673830820355215,1
0,0.22034457471184388,0
0,0.24587494816949348,0
0,0.09286399624011693,0
0,0.1373839920979971,0
0,0.30699830117857385,0
0,0.73537506272712,1
0,0.10703070679495426,0
0,0.16059117794000735,0
0,0.13956080717877148,0
0,0.13452096698664062,0
0,0.12595904084168774,0
0,0.11066272866480749,0
0,0.5770358640178339,1
0,0.21412469449668772,0
0,0.13183312303228634,0
0,0.23516824763220914,0
0,0.21527639402578577,0
0,0.36001308775377455,1
0,0.3753677537949766,1
0,0.11199707421508891,0
0,0.10807675091355369,0
0,0.08216079359988708,0
0,0.4030462094158322,1
0,0.0930923172833004,0
0,0.28139607447410875,0
0,0.16706011520187602,0
1,0.6067516513776089,1
0,0.063333723944028,0
0,0.43607279166155566,1
0,0.42927804376696277,1
0,0.14007515510502724,0
0,0.09398955011787231,0
0,0.1793334157765288,0
0,0.13057160244445776,0
0,0.36441425861161325,1
0,0.105086509136727,0
0,0.1119048363694752,0
0,0.7797955781343767,1
0,0.4794261951569234,1
1,0.9277014862557235,1
0,0.35072209621235784,1
0,0.421510120020475,1
0,0.10405491274565945,0
0,0.1421444879258303,0
0,0.05595292654042998,0
0,0.20766526574249425,0
0,0.30722856714791563,0
0,0.09414121311628271,0
0,0.7355054662022049,1
0,0.15168948727258375,0
0,0.8967427711525926,1
0,0.14224509092566112,0
0,0.6801589312531835,1
0,0.08459555055338448,0
1,0.8204063513987375,1
1,0.12429508318356426,0
0,0.2054117207108288,0
0,0.09566568815607182,0
0,0.1126643074562169,0
0,0.7363096318298478,1
0,0.31648524237434944,0
0,0.11272281044677743,0
0,0.8518402714949734,1
0,0.05328384347169305,0
0,0.08857309752716988,0
0,0.7424341645251986,1
0,0.1632310394472001,0
0,0.21430452163267533,0
0,0.05357665393728335,0
0,0.8860856645922959,1
0,0.12910573474678158,0
0,0.14109995295699582,0
0,0.09343045625538833,0
0,0.8304365350600246,1
0,0.15441141351092366,0
0,0.3494917529131149,0
0,0.0910512470953854,0
0,0.08471289827605154,0
0,0.3530018372899888,1
0,0.2496897936894392,0
0,0.7366453106747566,1
0,0.07741684187613075,0
0,0.3750544259013458,1
0,0.35739551279297394,1
0,0.12654078923654719,0
0,0.11831943136576972,0
0,0.11678708483200055,0
0,0.1466444075842639,0
0,0.1313888340637498,0
0,0.3841064137451288,1
0,0.3322930736905427,0
1,0.8815734838117852,1
0,0.37788478695017425,1
0,0.32590761444761734,0
0,0.8576742750478564,1
0,0.40027419682629684,1
0,0.13774549617522222,0
0,0.7997764576582278,1
0,0.44672459865042574,1
0,0.5796854056775139,1
0,0.5129649560691278,1
0,0.8150761241472345,1
0,0.12406678215791934,0
0,0.6773722063901882,1
0,0.1348085868036204,0
0,0.8282949443610196,1
0,0.263715854366061,0
0,0.42542825602409234,1
1,0.4728762997332628,1
0,0.596157316189908,1
0,0.6529028704095579,1
0,0.07557670641631895,0
0,0.38505754043400614,1
0,0.14153291573272725,0
0,0.12921759285044707,0
0,0.15794537167335548,0
0,0.0796408708119849,0
0,0.4402070180380037,1
0,0.11265552421204555,0
0,0.8539413795465316,1
0,0.14599320604476362,0
0,0.536246998318752,1
0,0.4434495209641404,1
0,0.835961633499496,1
0,0.7874237213293053,1
0,0.362944134434825,1
0,0.28960068359527413,0
0,0.14837961956340348,0
0,0.6843145350690465,1
0,0.12715332237890348,0
0,0.19550898891159518,0
0,0.0932983875688251,0
0,0.1524834650455291,0
0,0.7953474182088326,1
0,0.3769699456224185,1
0,0.20545306183818207,0
0,0.3791441607874432,1
0,0.29507643222478086,0
0,0.48266434525736684,1
0,0.30952296135707724,0
0,0.7225514694916667,1
0,0.4918883555019562,1
1,0.1420517561079142,0
0,0.19636120604709534,0
0,0.0685360458162659,0
0,0.14493210796349926,0
0,0.09325795493540306,0
0,0.30382606570313164,0
0,0.8287649894273056,1
0,0.11323064599534317,0
0,0.1362222280896454,0
0,0.14249837552176547,0
0,0.13179124731506406,0
0,0.09765770619817578,0
0,0.15453001722308596,0
0,0.09430837482207993,0
0,0.42439022158468104,1
0,0.12616935330500098,0
0,0.1796429980978339,0
0,0.07301180796948609,0
0,0.13224490530119568,0
0,0.12748263889978131,0
0,0.2717498767008429,0
0,0.34935676723431275,0
0,0.40204995922303205,1
0,0.6047731299079762,1
0,0.432790113944869,1
0,0.711874691169628,1
0,0.19552330002985704,0
0,0.10744555319973625,0
0,0.1234639577578546,0
0,0.07446967805686401,0
0,0.18707868499137595,0
0,0.10494149671313628,0
1,0.5120226694474992,1
0,0.22461512817904325,0
0,0.36688120562502424,1
0,0.5014387499383507,1
0,0.5497717085334738,1
0,0.13287552184288193,0
0,0.5536105020013411,1
0,0.12442226181075723,0
0,0.39384971995503804,1
0,0.0969882762329794,0
0,0.24507807601950632,0
0,0.794347868395667,1
0,0.11134341256669814,0
0,0.5309667406740378,1
0,0.11765655175604865,0
0,0.12935626869082612,0
0,0.12741993703079452,0
0,0.3454564874227778,0
0,0.5879009442498608,1
0,0.13736246490560763,0
0,0.5144274272213943,1
1,0.7697597014795828,1
0,0.4552875421074673,1
0,0.10882222222857346,0
0,0.18910694413534232,0
1,0.7698929961314933,1
0,0.5403937989003068,1
0,0.5686736669015647,1
0,0.6606989303217922,1
0,0.21289974757552826,0
0,0.07183631941439178,0
1,0.672972454728033,1
0,0.41209066403079253,1
0,0.16102584938066902,0
0,0.14276154713178285,0
0,0.4843862725619733,1
0,0.1645986554615779,0
0,0.8913914380655903,1
1,0.9605530798521895,1
0,0.2921597531659088,0
0,0.10734371694283193,0
0,0.121409234250879,0
0,0.13360120934323413,0
0,0.2886952484538432,0
0,0.052186381665416046,0
0,0.20192259635807086,0
0,0.5747502776976315,1
0,0.06174472143709963,0
0,0.35288255021594317,1
0,0.07883666403247329,0
1,0.39394729516182947,1
0,0.6135150854261344,1
0,0.26491226565213527,0
0,0.06446191560312063,0
0,0.5437105162206116,1
1,0.16621592727930892,0
0,0.14086788112981566,0
0,0.07599521167852068,0
0,0.5606434397750896,1
0,0.10156359503717412,0
0,0.1549657073547163,0
0,0.06051600846722056,0
0,0.12899207335423704,0
1,0.2545291408595279,0
0,0.20204489161025238,0
0,0.0902696318521578,0
0,0.10095854859810573,0
0,0.8961932989693556,1
0,0.19564435146294656,0
0,0.4708841780524857,1
0,0.17325728803118198,0
0,0.2781075964888369,0
0,0.09204699826808174,0
0,0.14778030143201323,0
0,0.15348808943112838,0
0,0.6772112198936423,1
0,0.1669157944673267,0
0,0.13094450026996787,0
0,0.15569639836671353,0
0,0.23600496512469113,0
0,0.5174322945061007,1
0,0.08462873051660245,0
0,0.13586252704685697,0
0,0.07767266784686364,0
1,0.85430934192517,1
0,0.10079024005092668,0
0,0.17195452469150083,0
0,0.09237822118234668,0
0,0.0734912984369149,0
0,0.08758819648353955,0
0,0.11921530519133436,0
0,0.20252509130643362,0
0,0.07344399036615266,0
0,0.40146137819730804,1
0,0.6390638045358706,1
0,0.10044261147834176,0
0,0.81335766657419,1
0,0.12381433997453882,0
0,0.23197309651914305,0
0,0.6232674908118732,1
0,0.5538047500523322,1
0,0.6185754850441758,1
0,0.4453715046088708,1
0,0.5341217950814635,1
0,0.767417589805838,1
0,0.5838930324139983,1
0,0.06778314045606283,0
0,0.1540995936105992,0
0,0.38367077968108126,1
0,0.24997562612927127,0
0,0.130593396014538,0
0,0.7276974982567477,1
0,0.18603335063594495,0
0,0.20362108808156362,0
0,0.5216874148616795,1
0,0.07175673281643613,0
0,0.5548742849460281,1
0,0.3224882245269382,0
0,0.09348735241948822,0
0,0.14341287363519706,0
0,0.08923595372887029,0
0,0.11545315258157286,0
0,0.14128464669402474,0
0,0.20524220949885852,0
0,0.1419840021116616,0
0,0.07308240532354567,0
0,0.7750828481363548,1
1,0.3670075433797029,1
0,0.08134093396947828,0
0,0.07172934912313171,0
0,0.09440535376571332,0
0,0.11823196810202875,0
0,0.37131660625694307,1
0,0.11704059228586279,0
0,0.7772492384008827,1
0,0.31664827298562936,0
0,0.08150520239672364,0
0,0.612763296430852,1
0,0.35803371937077944,1
1,0.9622485076875698,1
0,0.11152170197691125,0
0,0.29624876756397917,0
0,0.10186213595805069,0
0,0.20922927566947738,0
0,0.09890694858806554,0
0,0.15381825738397314,0
0,0.3328921793904293,0
0,0.22789008479235573,0
0,0.08485306325256818,0
1,0.3784660074390595,1
0,0.5727409175133218,1
0,0.10402596350886961,0
0,0.25352971207669794,0
0,0.5666127129179803,1
0,0.506252484820235,1
0,0.06263360953602237,0
0,0.14392864345124104,0
0,0.40176980391822625,1
1,0.9343191464397773,1
0,0.2510270125250353,0
0,0.19170032810901613,0
0,0.328190800930477,0
0,0.07833760856304262,0
0,0.21956514138852204,0
0,0.11962073559248836,0
0,0.6536419601342521,1
0,0.09700253990461949,0
0,0.34547788314934036,0
0,0.43068640357062377,1
0,0.3734821469821615,1
0,0.211485411926932,0
0,0.3151836810872966,0
0,0.2506022736900054,0
1,0.5176075544873547,1
0,0.4878234505903171,1
0,0.08490041146627338,0
0,0.3552685558371086,1
0,0.4233468245641427,1
0,0.45428396627730083,1
0,0.05637859018155009,0
0,0.1340909512505251,0
0,0.10884863077011296,0
0,0.1048643420783511,0
0,0.09600618109138656,0
0,0.05912686037324928,0
0,0.10916022901757283,0
1,0.9172761822446438,1
0,0.15507029819183865,0
0,0.07511672630955314,0
0,0.16949718503737585,0
0,0.12610488437940817,0
0,0.43299587454194577,1
0,0.15231601086706598,0
0,0.26675667865029284,0
0,0.3792998280486628,1
0,0.149306500020216,0
0,0.547922589195763,1
0,0.4168631230823441,1
0,0.5762188738504251,1
1,0.9651466167768704,1
0,0.28905927978342727,0
0,0.6729469930813178,1
0,0.17726610657644112,0
0,0.8260787953093488,1
0,0.7876913513780966,1
0,0.12129217192919074,0
0,0.10823069535736413,0
0,0.10472784651223825,0
1,0.8566815780469664,1
0,0.14033463478314404,0
0,0.23902973578037978,0
0,0.4857703365846036,1
0,0.12150956985185588,0
0,0.06880119091349887,0
0,0.22268242007356828,0
0,0.7725482704674422,1
0,0.4310983029398387,1
0,0.10543289426739023,0
0,0.7820782191095982,1
0,0.08487999543644249,0
0,0.1139612964604966,0
0,0.1421452064298026,0
0,0.15381546747462307,0
0,0.11928209548407222,0
0,0.06687129050649072,0
0,0.1682259160356262,0
0,0.15918377534534825,0
0,0.1182442345342919,0
0,0.08251375350999816,0
0,0.08502598358840809,0
0,0.07331473329346735,0
1,0.902387037870759,1
0,0.19502544303385472,0
0,0.3129589198173242,0
0,0.10234388878492319,0
0,0.17044182044081782,0
0,0.3891333487766263,1
0,0.47075492307167965,1
0,0.06659462213420761,0
0,0.11002664943406706,0
0,0.9085044699397528,1
0,0.0862719981743729,0
0,0.10971127265190264,0
0,0.1344836709886704,0
1,0.5652614279061038,1
1,0.641929306870518,1
0,0.40371756278614607,1
0,0.10484438632067383,0
0,0.5315800633180124,1
0,0.20294043460573766,0
0,0.08265193148369536,0
0,0.26652872937517863,0
0,0.44887849390812495,1
0,0.3485991836612546,0
0,0.25199729689975375,0
0,0.1662476140741461,0
0,0.15495676345200396,0
0,0.7668238305487013,1
0,0.4009852315887132,1
0,0.1050571000468466,0
0,0.9016658857087276,1
0,0.139740934110583,0
0,0.3982477186137421,1
0,0.3240288824459631,0
0,0.5160778167063913,1
0,0.5769453660827986,1
0,0.05855194706524904,0
0,0.20453335256422114,0
0,0.18202351583799287,0
0,0.2484313117874638,0
0,0.09724005621379743,0
1,0.9552356447778944,1
0,0.3070808339886319,0
0,0.09418352925221361,0
0,0.8054521342039287,1
0,0.1301321683167294,0
0,0.3513777755060629,1
0,0.2951674377460782,0
0,0.18452800461299734,0
0,0.1982333627184769,0
0,0.07200693167136657,0
0,0.0785591804289164,0
1,0.7894376718732854,1
0,0.10516083979225704,0
0,0.12399349341336145,0
0,0.0798781969825615,0
0,0.1708728377119768,0
0,0.27979628704697634,0
0,0.20557076566914978,0
0,0.27927688164459513,0
0,0.32342435891686927,0
0,0.25001339533000094,0
0,0.23186701695888592,0
0,0.08682579870924352,0
1,0.376282328779872,1
0,0.5256848493196765,1
0,0.6418785806059749,1
0,0.12637745435461376,0
0,0.5413409683811048,1
0,0.19065125424472648,0
0,0.4115118921744385,1
0,0.590840704600742,1
0,0.11747821174652494,0
0,0.19164867705912822,0
0,0.2692045599538071,0
0,0.39387813296348373,1
0,0.5263481858810815,1
0,0.2537362006984028,0
0,0.7950693106907282,1
0,0.16174041607742476,0
0,0.7767348012005381,1
0,0.05969605698018024,0
0,0.10705804499748513,0
0,0.16075339146275974,0
0,0.3315852989789238,0
0,0.13848177682979187,0
0,0.1694696546808681,0
0,0.10665989331447202,0
0,0.14866367536717665,0
0,0.17685678009400493,0
0,0.11655282998464936,0
0,0.09591663413574211,0
0,0.39185622506289836,1
0,0.23060470088931193,0
0,0.17754082976861693,0
0,0.1616230181675738,0
0,0.1630105627730085,0
0,0.11922786952301209,0
0,0.5590755293605919,1
0,0.10433404268914968,0
0,0.6809812817311799,1
0,0.13595889751973714,0
0,0.14014032293156786,0
0,0.32656822786237893,0
0,0.9059247125967764,1
1,0.9567146740249797,1
0,0.2755495833366505,0
0,0.07035467496633778,0
0,0.3783900313059105,1
0,0.14246084301277076,0
0,0.14318685428429614,0
0,0.2242234068375405,0
0,0.7340772969272756,1
0,0.1400623079366859,0
0,0.49667990198596906,1
0,0.150205876801236,0
0,0.759805156269787,1
0,0.08858021826216068,0
0,0.07506701093564655,0
0,0.08717904617067934,0
0,0.7851841618234966,1
0,0.14589138043149413,0
0,0.13251032567456802,0
1,0.6166065094579961,1
0,0.11421964091668539,0
0,0.10837963144215676,0
0,0.14786781117324857,0
1,0.9515204211046271,1
0,0.09326771535209778,0
1,0.4422941818239673,1
0,0.2820639711878976,0
0,0.09858428838143478,0
0,0.468625062298238,1
0,0.6002587609049385,1
0,0.33353063936022875,0
0,0.1181520898025178,0
0,0.26577039984432377,0
0,0.43002651581427,1
0,0.838555960966585,1
0,0.20174684834684917,0
0,0.4415812199220116,1
0,0.19337928192171905,0
0,0.08406114170445339,0
1,0.9324386969399745,1
1,0.7168146704916871,1
0,0.20924940433703831,0
0,0.17180902101691203,0
0,0.4778595384774674,1
0,0.153626740141724,0
0,0.7555827332552562,1
0,0.3559794599657928,1
1,0.7135391670272142,1
0,0.7103303118421803,1
0,0.8296731744016036,1
0,0.5892497446935301,1
0,0.1865479300812601,0
0,0.8718884847845372,1
0,0.4787224509417999,1
0,0.16617163638122753,0
0,0.26298272121226235,0
0,0.09021349598466366,0
0,0.07537499257285937,0
0,0.19190462473142073,0
0,0.24899777555456584,0
1,0.7758769883311064,1
0,0.08155640007456731,0
0,0.13687229203502643,0
0,0.3497621000845189,0
0,0.0589349679582104,0
0,0.07619065636126146,0
0,0.5221113489094455,1
0,0.08289712107630527,0
0,0.16525559797609504,0
0,0.3719345249728582,1
0,0.563231057728559,1
0,0.1652453943907489,0
0,0.110775233960382,0
0,0.7767793793217865,1
0,0.07581194844432039,0
0,0.19377434974026392,0
0,0.7880000510029288,1
0,0.8436893437521034,1
0,0.2341665991256572,0
0,0.08450848961762064,0
0,0.11452151404366302,0
0,0.502528509041654,1
0,0.1716146156197831,0
0,0.08970295892966576,0
0,0.13160386987903624,0
0,0.186519492061641,0
0,0.5069090172390521,1
0,0.4353969823702035,1
0,0.08731376329374047,0
0,0.3492228134768577,0
0,0.6336350473134708,1
0,0.13357522402699365,0
0,0.39966910482192364,1
0,0.3905002487127647,1
0,0.7407415819703527,1
0,0.13743363174478512,0
0,0.4608788628240327,1
0,0.5046667156351219,1
0,0.27308665205084803,0
0,0.23955281528070377,0
0,0.11278319042533591,0
0,0.13016062169258516,0
0,0.15738278377018108,0
0,0.6542253601729687,1
0,0.5363834405186666,1
0,0.15321949334222934,0
0,0.13785414796063772,0
0,0.08826427679238237,0
0,0.5040919304112262,1
0,0.29344630986583947,0
0,0.38491854732957426,1
0,0.07415717832740021,0
0,0.352258680066724,1
0,0.07188644335462105,0
0,0.2516694533214728,0
0,0.12920508998438043,0
0,0.2195588059410953,0
0,0.11934519111089718,0
0,0.23237713131328694,0
0,0.6172816926744408,1
0,0.6603960551716391,1
0,0.5683611779600443,1
0,0.1839875785063262,0
1,0.5581579337774222,1
0,0.10273018936509379,0
0,0.19664240426874313,0
0,0.259844498713885,0
0,0.07926330729035977,0
0,0.18990771416118493,0
0,0.3413713120203595,0
0,0.6432638576853561,1
0,0.30166309889908693,0
0,0.7787149596989921,1
0,0.17669943832812604,0
0,0.8168614616102275,1
0,0.12799732686374946,0
0,0.7967057091297651,1
0,0.5469161734583949,1
0,0.2490122610784504,0
0,0.09789582631193543,0
0,0.12444130294995327,0
0,0.16031505642987662,0
0,0.5173014105440634,1
1,0.6259929881806544,1
0,0.1326360127020836,0
0,0.6040612772051741,1
0,0.10170950290177509,0
0,0.564512719940265,1
0,0.4741233135787288,1
1,0.13390525897244873,0
0,0.2067138519934633,0
0,0.1085898861855523,0
0,0.08557879289607943,0
0,0.3042791400111513,0
0,0.3467335274927739,0
0,0.06945323916508771,0
1,0.9621988862565938,1
0,0.7654392189800979,1
0,0.39921875091499376,1
0,0.31631649580631765,0
0,0.0863017405837154,0
0,0.13469980064446818,0
1,0.6367849770361284,1
0,0.2591249313452105,0
0,0.0648291626117929,0
0,0.21850687921988998,0
0,0.10129377767394779,0
0,0.40261967417379446,1
0,0.3681789095256006,1
1,0.9270679176079278,1
0,0.26746066696520515,0
0,0.300813689003944,0
0,0.1114491402160369,0
0,0.7584470141046968,1
0,0.17372968976677192,0
0,0.3228966700173233,0
0,0.10147504620959837,0
0,0.10806864714028107,0
0,0.06445033595172502,0
0,0.09317693695657905,0
0,0.08986140967772785,0
0,0.4260585635209321,1
0,0.20779721010309393,0
0,0.3399586584146237,0
0,0.13659444415216893,0
0,0.2516801480825766,0
0,0.3634741009081397,1
0,0.08303910623540879,0
0,0.36731172931551015,1
0,0.10755138575333094,0
0,0.1928646521519254,0
0,0.19149535998584535,0
0,0.7495192571487166,1
0,0.914446391479185,1
0,0.11714008067376516,0
0,0.10659401125866597,0
0,0.21244144981637067,0
1,0.14171962852907302,0
0,0.19859527809525923,0
0,0.19966990759146497,0
0,0.37246350010046886,1
0,0.29590265623615397,0
0,0.7949774409205109,1
1,0.8434316274247128,1
0,0.11393651818938443,0
0,0.199181419255291,0
0,0.15411368902426387,0
1,0.7965778551171728,1
0,0.11785184798843396,0
0,0.8924944623572773,1
0,0.6387323082600354,1
1,0.8038870637842945,1
0,0.22605498447449895,0
0,0.2829826573872594,0
0,0.8158385857178527,1
0,0.5640545115964684,1
0,0.18332103472901318,0
0,0.2558773963115156,0
0,0.24467584707293877,0
0,0.28511150440089433,0
0,0.14843805154646245,0
0,0.531106331148883,1
0,0.6991246288518069,1
0,0.5362767373301668,1
0,0.07816535854638153,0
0,0.5094185845948601,1
0,0.5512768922822443,1
0,0.13997376883655877,0
0,0.16763175467630975,0
0,0.5630405154020048,1
0,0.12030087649652846,0
0,0.6438705805332489,1
0,0.4943005875895572,1
0,0.09299155697466989,0
0,0.13911293511515105,0
0,0.1957374725326515,0
0,0.38566726152071956,1
0,0.12100194701500631,0
0,0.8581624369755512,1
0,0.1385641822707627,0
0,0.4109278530782106,1
0,0.4613388509271218,1
0,0.30394861364770587,0
0,0.1438529173315994,0
0,0.15330779181067317,0
0,0.2728541976296498,0
0,0.0901691675279034,0
0,0.2826811573328049,0
0,0.23823603151760533,0
0,0.6759008098843392,1
0,0.5158147019993771,1
0,0.14503137545360936,0
0,0.7177815375170282,1
0,0.6301799192411975,1
0,0.07885207591285848,0
0,0.7241189395359289,1
0,0.07648513911762227,0
0,0.3324252035897151,0
0,0.6444823730300218,1
1,0.5721316574447314,1
1,0.162263283486043,0
0,0.5288187706526617,1
0,0.12854197185511881,0
1,0.8587941279036684,1
1,0.8110405331310068,1
0,0.611429258009905,1
0,0.32168273007284637,0
1,0.5374868499052289,1
0,0.10799878569638446,0
0,0.30221061897367146,0
1,0.6958035903634252,1
0,0.13243655407095675,0
0,0.0809488436222189,0
0,0.8627898029357457,1
0,0.23810088671172905,0
0,0.11172275086235237,0
0,0.12994057178891896,0
1,0.1281981320508236,0
0,0.12734360307867168,0
0,0.19991789914665595,0
0,0.28060769552236287,0
1,0.7663567835272139,1
0,0.13191415127444134,0
0,0.22895374150929518,0
0,0.20225667095384342,0
0,0.19909939104340266,0
0,0.5791618885679276,1
0,0.06668249938816881,0
1,0.8458977086318008,1
0,0.0784762065027149,0
0,0.07852914054523107,0
0,0.40914693053766565,1
0,0.5686290911618375,1
0,0.20688610029903434,0
0,0.18932919314408528,0
0,0.6577393785204,1
1,0.5079309258223222,1
0,0.8844112137538995,1
0,0.6296171144705113,1
0,0.17722501566060636,0
0,0.4852552569710054,1
0,0.6011917348917055,1
0,0.06007057259674737,0
0,0.9094374879394981,1
0,0.12199201055442503,0
0,0.16948110720911388,0
0,0.44022417597229196,1
0,0.20303471660109382,0
0,0.09020366681937303,0
0,0.4788651282915903,1
0,0.11562038790962656,0
0,0.17656918869642707,0
0,0.11822214987839871,0
0,0.6370277126628147,1
0,0.848263378295798,1
0,0.25365311438305993,0
0,0.12437059816729362,0
1,0.6377051370939675,1
0,0.16424144431127433,0
0,0.8448595189443417,1
0,0.15987751101094042,0
0,0.12127115026340533,0
0,0.07544013303387707,0
0,0.29382008038789065,0
1,0.8826974111228733,1
0,0.10165467449600743,0
0,0.5587264480329243,1
0,0.14308458432648222,0
0,0.3808407069262621,1
0,0.40532464536846463,1
0,0.5136371220891645,1
0,0.3376057414701923,0
0,0.09591296149729261,0
0,0.12204411593007461,0
0,0.5716558357863551,1
0,0.12144646787009523,0
0,0.24979631985759673,0
0,0.2072111183687642,0
0,0.22789100461233283,0
0,0.09178268968360422,0
0,0.08994817326704765,0
0,0.10917076639079457,0
0,0.07274369236392349,0
0,0.5846666705182098,1
0,0.24404171026405214,0
0,0.24794001607937807,0
0,0.12490410973511805,0
0,0.6243979634870702,1
0,0.6016605022735008,1
0,0.5749884761244558,1
0,0.14131705962865,0
0,0.15247765942179592,0
0,0.3102501508594656,0
0,0.060150337351428704,0
1,0.8673754108822432,1
0,0.2118009153660676,0
0,0.12956869821669043,0
0,0.24170400490636454,0
0,0.12032578590997246,0
0,0.11479363454760566,0
0,0.12184870087433546,0
0,0.11518626304081389,0
0,0.13878089176859448,0
0,0.5741155485375115,1
0,0.3974015035501404,1
0,0.1822126963735495,0
0,0.1761125515901608,0
1,0.8875023651472833,1
0,0.11417229502659249,0
0,0.2042397752027953,0
0,0.8104853303701206,1
0,0.10999392877957793,0
0,0.25345596574432655,0
0,0.8577869044049022,1
0,0.06718195435303337,0
0,0.41873084645033704,1
0,0.5878166679038835,1
0,0.188575775440882,0
0,0.14151324361422146,0
0,0.07649396720176263,0
0,0.07944947880526156,0
0,0.3594150784001183,1
0,0.42907197047081025,1
0,0.07412138771478294,0
0,0.05561788052722946,0
0,0.11756018259563303,0
0,0.07315261158977325,0
0,0.310360133082944,0
0,0.12413308902955668,0
0,0.11244643667295966,0
0,0.06783526976166958,0
0,0.24162710110924232,0
0,0.22518326567995922,0
0,0.08740107580124881,0
0,0.08377324532042975,0
0,0.7783745981360939,1
0,0.8746734760564406,1
0,0.730035146867975,1
0,0.167342749177456,0
0,0.4182834912113796,1
0,0.08453892626025938,0
0,0.1269736417714415,0
0,0.4345442847136794,1
0,0.5344629600712099,1
0,0.849057696358278,1
0,0.11548951872232424,0
0,0.819643422999628,1
0,0.11636548821563063,0
0,0.40690337010174116,1
0,0.326444289034716,0
0,0.11767274059277583,0
0,0.5066355256294516,1
0,0.5604322055378204,1
0,0.12580960370432992,0
0,0.13281085739019183,0
0,0.3338289868775217,0
0,0.09721558296937463,0
0,0.4598339739914443,1
1,0.9470060697838091,1
0,0.5153941324054195,1
0,0.1638545540320184,0
0,0.33145907128646923,0
0,0.7207903349742066,1
0,0.09882804352434248,0
0,0.06029495054940058,0
0,0.18131632578090387,0
0,0.1724075725082719,0
0,0.15749129502026865,0
0,0.6754907793984047,1
0,0.08157484173600071,0
0,0.16082374593579227,0
0,0.1586925443828703,0
0,0.15017603439484414,0
0,0.23194424932235147,0
0,0.1567304098056157,0
0,0.10942170239375097,0
0,0.7693004921764212,1
0,0.39779144888726736,1
1,0.8004851912592551,1
0,0.5474472880741962,1
0,0.5705220580288795,1
0,0.4620656668359454,1
0,0.18127205022575332,0
0,0.32690229700023377,0
1,0.41209152390055775,1
0,0.872349390048668,1
0,0.535867471934511,1
0,0.5124789635886352,1
1,0.3819681636903683,1
0,0.3409038464915612,0
0,0.4280709026613218,1
0,0.25634512625709005,0
1,0.6523107858809879,1
0,0.2558900230974261,0
0,0.5831407554383949,1
0,0.06346741096341968,0
0,0.4619447438092819,1
0,0.5456541326660131,1
0,0.3828295436419393,1
0,0.10094793713111665,0
0,0.2638352453872226,0
0,0.3528318944818549,1
0,0.12300674628642767,0
0,0.19400782392049234,0
0,0.24502159814627567,0
0,0.23810265674943074,0
0,0.35132692957960093,1
0,0.058812096036499534,0
0,0.3343057025069964,0
0,0.09468658169381733,0
0,0.10578462744472092,0
0,0.5602163445949727,1
0,0.37997902082829593,1
1,0.871896023292637,1
0,0.052504993771520465,0
0,0.2986646504230081,0
0,0.2839323575100056,0
0,0.8660306756971058,1
0,0.43911396691525767,1
0,0.24521556239392445,0
0,0.37063201288351955,1
1,0.16153024287950743,0
0,0.07061324606147591,0
0,0.5887637128955182,1
0,0.14953722157980895,0
0,0.6173421809978172,1
0,0.09824719133739052,0
0,0.14069895812745034,0
0,0.3687142479680899,1
0,0.1966805752820813,0
0,0.09928919457771418,0
1,0.46935375610835306,1
0,0.05906141656795064,0
0,0.44568576772744817,1
0,0.10528026736708218,0
0,0.10205979575780454,0
0,0.7510471453340497,1
0,0.6385846337327902,1
0,0.17027266166525082,0
0,0.13986641195696572,0
0,0.850465494149188,1
0,0.2000032943399446,0
0,0.0759068452150654,0
0,0.08657097370014727,0
0,0.17643267797394663,0
0,0.5966550631149221,1
1,0.866080060132014,1
0,0.11843730318034502,0
0,0.2890642766501294,0
0,0.1350835679986356,0
0,0.22927628456491808,0
0,0.18733657229974968,0
0,0.12061697846563822,0
0,0.10555449947546704,0
0,0.8459080679026025,1
1,0.8100772172224929,1
0,0.3671627802652157,1
0,0.581571211291635,1
0,0.08025043202282246,0
0,0.28617210219199263,0
0,0.08363611159073844,0
0,0.4337328746317804,1
0,0.12955480782858259,0
0,0.7489708862247927,1
0,0.26288093705932475,0
1,0.923593250457111,1
0,0.09714696763575831,0
0,0.8492557023420843,1
0,0.09740175398863285,0
0,0.1434925423522852,0
0,0.07548727090476079,0
0,0.11335613212297437,0
0,0.16290945458687284,0
0,0.6997723563226351,1
0,0.3849319557492923,1
0,0.38274327920762274,1
0,0.581462593230184,1
0,0.6575679118505421,1
0,0.4163997320112856,1
0,0.07104456187766105,0
0,0.11941493830139652,0
0,0.058503246919852356,0
0,0.4701655982538366,1
0,0.11030674567236806,0
0,0.1544607751948324,0
0,0.06486506400457293,0
0,0.5788860363469751,1
0,0.10586491578303465,0
0,0.13643784450725935,0
0,0.14042487210617474,0
0,0.23963147354030384,0
0,0.10265868611649506,0
0,0.1418469000163936,0
0,0.17393597710018432,0
1,0.9091219561540305,1
0,0.08991326774515974,0
0,0.12022348862486174,0
1,0.3271341575308489,0
0,0.7868979929747475,1
0,0.2510132456783963,0
0,0.08854092246679897,0
0,0.25407298216715435,0
0,0.7418622686954004,1
0,0.8358922886824854,1
0,0.2585572677706178,0
0,0.323935828959919,0
0,0.42467895479382556,1
0,0.34236510815742505,0
1,0.16003921808483063,0
0,0.5370292509433636,1
0,0.5206793962242028,1
0,0.10570026866384845,0
0,0.6599959655649822,1
0,0.3325929344202331,0
0,0.10795918457928011,0
0,0.2059411167573366,0
0,0.39295358491617227,1
0,0.09398245304676375,0
0,0.08645871268337747,0
0,0.29341701628807804,0
0,0.3579451435708951,1
0,0.08266856575919794,0
0,0.08729147672101917,0
0,0.21227664189025922,0
1,0.873325890127509,1
1,0.9243890337018422,1
1,0.8595620562431869,1
0,0.233603960024354,0
0,0.5962642846764084,1
0,0.11307626986369562,0
0,0.1458708153755773,0
0,0.4026559630148291,1
0,0.12225393105919828,0
0,0.5948358760650893,1
0,0.13300286761074323,0
0,0.12084883685368224,0
0,0.4992438365965383,1
0,0.1004621769422256,0
0,0.19099829098055188,0
0,0.18237477192799256,0
0,0.33217439312229985,0
0,0.28108129077383437,0
0,0.09431747523739603,0
0,0.37181087621044934,1
0,0.07264759418490017,0
0,0.526665147427467,1
0,0.9182890494129996,1
0,0.16391327157914815,0
0,0.08866575413330285,0
0,0.05908434339391053,0
0,0.1180560615065608,0
0,0.09979793316771929,0
0,0.11313687635344155,0
0,0.1268035159688683,0
0,0.203216804610743,0
0,0.45858755223558273,1
0,0.4431293726284929,1
0,0.4252277690950487,1
0,0.3674920157066221,1
1,0.581269689871702,1
0,0.18440423237969616,0
0,0.21363708895897868,0
0,0.44881573303977407,1
1,0.38324388263077125,1
0,0.09511417681184044,0
0,0.290320885279957,0
0,0.09643808751759844,0
1,0.4722692292312422,1
0,0.8454508963089141,1
0,0.12295240938534038,0
0,0.1261650473311928,0
0,0.23199913807276412,0
0,0.850908124453087,1
0,0.8945854390056189,1
0,0.12007128224572192,0
0,0.07273858194045721,0
1,0.5252957423801324,1
0,0.5801610316903913,1
0,0.11444454186283669,0
0,0.18003360778686955,0
0,0.12370621275765899,0
0,0.14342853532247427,0
0,0.5648578770963675,1
1,0.9439254484123079,1
0,0.1046338008841479,0
0,0.17816776125027822,0
0,0.17718619359776908,0
0,0.558396087489893,1
1,0.8908839385541176,1
0,0.2646706581949504,0
0,0.08504227477027787,0
0,0.15326218717834325,0
0,0.14614044298019416,0
0,0.09567918955946111,0
0,0.26088358687461444,0
0,0.8655779252790782,1
0,0.456827097877306,1
0,0.5383395830037396,1
0,0.1792380928036145,0
0,0.42047985887451345,1
0,0.16816657888247288,0
0,0.1505179586170329,0
0,0.1077790175762709,0
0,0.5935206825974885,1
0,0.07225205203982998,0
0,0.4949018866709347,1
0,0.15578690384882282,0
0,0.35565389418700616,1
0,0.5601286523080907,1
0,0.10388630984021512,0
0,0.14078101228416307,0
0,0.278399503617658,0
0,0.10320084899537213,0
0,0.12226414061987763,0
0,0.15696340110568807,0
0,0.1511163268984276,0
0,0.3144554621092845,0
0,0.33345141455404304,0
0,0.10247123228681995,0
0,0.16528398316220663,0
0,0.1046839317273903,0
0,0.22164086410664913,0
0,0.5012176982356179,1
0,0.25066660981259853,0
0,0.1215935280467094,0
0,0.6616218081658858,1
1,0.7575763397377319,1
0,0.10648946154687344,0
0,0.8815900288227241,1
0,0.10536064730079311,0
0,0.12836541170923335,0
0,0.8441323181380754,1
0,0.9357213346375102,1
0,0.056316535751484015,0
1,0.5736604698525692,1
0,0.05413964386841037,0
0,0.2443865603943265,0
0,0.1427530390449117,0
0,0.11080599076361307,0
0,0.057477870038306886,0
0,0.14089008308958165,0
0,0.0815863105751269,0
0,0.23242646300085623,0
0,0.09440285949103785,0
0,0.09353634166318434,0
0,0.11768049011782897,0
0,0.22911362357283035,0
0,0.5698899167776879,1
0,0.11221369094812668,0
0,0.4194576466148423,1
0,0.17868064284343327,0
0,0.392535771188682,1
0,0.3174705936263778,0
0,0.12126881959182353,0
0,0.4931428080319942,1
0,0.12422614778686086,0
0,0.11677948845513982,0
0,0.07204711451991853,0
1,0.7540087362396194,1
0,0.13312290004791566,0
0,0.8247736043805209,1
0,0.4513374095307623,1
0,0.09447088906954446,0
0,0.1095837668676581,0
0,0.8925282794535326,1
0,0.14393277952944894,0
0,0.6614147751189429,1
0,0.15294994475225296,0
0,0.12399159014245761,0
0,0.12525489158469408,0
0,0.19586238548075438,0
0,0.4871057792900926,1
0,0.13821975949735796,0
0,0.1310729408388072,0
0,0.31511520961097245,0
1,0.8774961226415778,1
0,0.08359203049100249,0
0,0.17482701059801342,0
0,0.07529229337816619,0
0,0.10886112584156175,0
0,0.5941310522307203,1
0,0.14260299283249794,0
0,0.26571105693738406,0
0,0.2959065882683936,0
0,0.938655221943032,1
0,0.15299153981155778,0
0,0.1039169433011158,0
0,0.11345303863742993,0
0,0.10713250104486638,0
0,0.17250244919170019,0
0,0.28421642180276147,0
0,0.10307783440313849,0
0,0.1615292405119187,0
0,0.14744258720819187,0
0,0.16084878576612463,0
1,0.41519613008035144,1
0,0.11683262651778385,0
0,0.049694079532139494,0
0,0.13642869027541976,0
1,0.7378762004018139,1
0,0.11325616450362257,0
0,0.13644419178297362,0
0,0.10371190297129043,0
1,0.8934453478690849,1
0,0.12289734639468158,0
0,0.31474970117695444,0
0,0.10233185991106833,0
0,0.6759537126708377,1
0,0.0612395713248735,0
0,0.43570914452731774,1
0,0.6422686978474136,1
0,0.350164612116618,1
0,0.8618765357822628,1
0,0.09703364593603206,0
0,0.1613586990778329,0
0,0.06960260594663625,0
0,0.19028347157410144,0
0,0.06410162832842857,0
0,0.23330639873702674,0
0,0.19531739362873368,0
0,0.6001494426143466,1
0,0.30554929864679103,0
0,0.18640884337517097,0
0,0.08750855477527181,0
0,0.1947125483123317,0
0,0.4693592489585326,1
0,0.7052180565327324,1
0,0.318797610997995,0
0,0.17034711602414887,0
0,0.07664352264933773,0
0,0.6379639509549315,1
1,0.7990226070974482,1
0,0.7570646372060345,1
0,0.20777193540155278,0
0,0.8695455480460318,1
0,0.07218459344304243,0
0,0.19539985400427523,0
0,0.1520319135623285,0
0,0.1390336786976966,0
0,0.18168140952410008,0
0,0.15536899462244025,0
0,0.15973508850970294,0
0,0.08187992169631299,0
0,0.2105413645999865,0
0,0.050798110992969915,0
0,0.39841559598953097,1
0,0.10184580243528348,0
0,0.8562616889379037,1
0,0.4212736799827774,1
0,0.8575087123220096,1
0,0.13427147700750577,0
0,0.2126652209206509,0
0,0.30904097937173786,0
0,0.41618964743219666,1
0,0.10318750845889084,0
0,0.11838580434624398,0
0,0.5490719090973207,1
0,0.200890235322348,0
0,0.38729552360588293,1
0,0.2000187606817703,0
0,0.22061935889065698,0
0,0.13402643425881924,0
0,0.1972894186213476,0
0,0.10651378858466404,0
0,0.32051417437166785,0
0,0.1561189692149984,0
0,0.27231043539196753,0
0,0.10059453262861023,0
0,0.15163938771106364,0
0,0.142130473820782,0
0,0.10637484556953622,0
0,0.9073505780594872,1
0,0.36253287525831407,1
0,0.5692187006953572,1
0,0.07386306498745077,0
0,0.07746430711562322,0
0,0.08377769419206887,0
0,0.15299160616052931,0
0,0.07085624532644443,0
0,0.27084443899756694,0
0,0.3279739823497653,0
0,0.9424827967936377,1
0,0.496416621092072,1
0,0.4197710093882022,1
0,0.44269666785095735,1
0,0.19523725365964598,0
0,0.09592920027508957,0
0,0.11527541329535355,0
0,0.42767626631436,1
1,0.9602486366519484,1
0,0.05616177179530947,0
0,0.05426065481280165,0
0,0.08578251816739098,0
0,0.2915534370317179,0
0,0.11768825856854997,0
0,0.1825011577903276,0
0,0.21847166428364845,0
0,0.1600751890314037,0
0,0.11543518903251794,0
0,0.6671199799489642,1
0,0.14858060534766848,0
0,0.07173788204137588,0
0,0.4233207171467621,1
0,0.1379490532634027,0
0,0.4876808823827615,1
0,0.09020658550165098,0
0,0.10660405885918534,0
0,0.09006737648942825,0
0,0.13324506342307263,0
0,0.7716391161530359,1
0,0.39996289817675623,1
0,0.5839778476765426,1
0,0.3210796001855552,0
0,0.10096610605087585,0
0,0.13978171928722657,0
1,0.7258168879587903,1
0,0.07227089807651786,0
0,0.12808426189491307,0
0,0.21917892916899434,0
0,0.570547280298621,1
0,0.66995049399742,1
0,0.17899614953946932,0
0,0.10742807312541675,0
0,0.4614754084950466,1
0,0.1256533858127001,0
0,0.6079085363299763,1
0,0.11421313381829114,0
0,0.1738172204012038,0
0,0.16248706064331878,0
0,0.11133680701167636,0
0,0.09916037993874242,0
1,0.5611460607110679,1
0,0.32821423953874745,0
0,0.06395453496353808,0
0,0.07868875292127295,0
0,0.4081153253059199,1
0,0.08882507523471532,0
0,0.13560867915481267,0
0,0.12775889351295486,0
0,0.12759228716837082,0
0,0.7232902466086816,1
0,0.16736669016587938,0
0,0.10193032572136604,0
0,0.07286509129083281,0
0,0.07191857577555887,0
0,0.2024787493202763,0
0,0.11289161930707427,0
0,0.14982274337756293,0
0,0.2563043945309229,0
0,0.10570375965796962,0
0,0.2890234889618348,0
0,0.222565802921417,0
0,0.6226121718858162,1
0,0.22101511976899388,0
0,0.11394662837597783,0
0,0.13865930139572288,0
0,0.14054507445114245,0
0,0.23428327155552722,0
0,0.12159910284567056,0
0,0.33836629110250804,0
0,0.12366152323474393,0
0,0.1046969750611877,0
0,0.0921590911313732,0
0,0.5231310500062911,1
0,0.41370886345374835,1
0,0.10844930515995581,0
0,0.4831864373522501,1
0,0.49038862188463034,1
0,0.5329567187652088,1
1,0.41479328452642134,1
0,0.35440444618002453,1
0,0.09971332616994506,0
0,0.4657598925269848,1
0,0.4705112303004218,1
0,0.44183052441333265,1
0,0.12021001201361531,0
0,0.4994304941669717,1
0,0.0888962604311814,0
0,0.28524012475983723,0
0,0.47316984202889634,1
0,0.18812476206322748,0
0,0.37156356259433987,1
0,0.5082379376115272,1
0,0.5336176401312132,1
0,0.42719769921784445,1
0,0.19213229234301216,0
1,0.8726952268897694,1
0,0.05583493036977202,0
0,0.3604232560365373,1
0,0.1274177507547801,0
0,0.21307492599674052,0
1,0.8744676495259593,1
0,0.0833442598519866,0
0,0.0927035716895429,0
0,0.3052853544952352,0
0,0.10463092885483577,0
0,0.13172454540627163,0
0,0.12538595440873182,0
0,0.3453026301745059,0
0,0.15038311866617862,0
0,0.5868139994775724,1
0,0.11072000236097879,0
0,0.21848689766183735,0
0,0.10542886839223334,0
0,0.33758801684604034,0
0,0.18021746510402334,0
0,0.6700585082189973,1
0,0.10061529320639097,0
1,0.7683038332486208,1
0,0.11378056415979122,0
0,0.39766144920741303,1
0,0.34872252366580625,0
0,0.5258531345683869,1
0,0.0925497375808963,0
1,0.7248435693729139,1
0,0.20308013131345845,0
0,0.4557375571490518,1
0,0.10810282076465735,0
0,0.9148128460243671,1
1,0.9207140809709934,1
0,0.08223332751050581,0
0,0.1773075142882383,0
0,0.17347646023104543,0
0,0.7829104711328279,1
0,0.1651370409396603,0
0,0.15875427833148,0
0,0.23607961638863603,0
0,0.05781850653030027,0
0,0.8078657734799742,1
0,0.1361206476749263,0
0,0.12640801833470458,0
0,0.3680046748272724,1
0,0.14068144421217027,0
1,0.7997408282947442,1
0,0.38095979851420736,1
0,0.17622802029559878,0
0,0.10817380429215395,0
0,0.8655095767580946,1
0,0.20574382605949557,0
0,0.21272631446386855,0
0,0.11975836214868356,0
0,0.18338287692980917,0
0,0.26951855418483667,0
0,0.9513760845016359,1
0,0.33316193421212575,0
0,0.0837110005812789,0
0,0.20128077349328677,0
0,0.44261595745845805,1
0,0.21962532173503338,0
0,0.3823114603286261,1
0,0.1260015545654907,0
0,0.10963294409062405,0
0,0.05844420689967052,0
0,0.5255568770894263,1
0,0.4375294547012479,1
0,0.13438693537332774,0
0,0.11884854377787339,0
0,0.10679277891978925,0
0,0.08299888084952771,0
0,0.5226908823805299,1
0,0.15894723470896865,0
0,0.13565459217486692,0
0,0.07741406232433923,0
0,0.5134867591457322,1
1,0.6079946325121679,1
1,0.9348758060337555,1
0,0.4271119167330676,1
0,0.8142845345770537,1
1,0.8294639802443241,1
0,0.12432657383971192,0
0,0.11601601532451823,0
0,0.1521023690823551,0
0,0.9364950444741775,1
0,0.4489290041169571,1
0,0.12351128004442223,0
0,0.3546217625878153,1
0,0.5410971579203707,1
0,0.22849155658931755,0
0,0.26081693623986285,0
0,0.10995237887457679,0
0,0.37772953434945855,1
0,0.29941017952210125,0
0,0.12436650730691952,0
0,0.5944815642363552,1
0,0.17821411401626266,0
0,0.4774875741124987,1
0,0.12523862021728793,0
0,0.9168704609739023,1
0,0.5970866210100925,1
0,0.29019201504491043,0
0,0.11481429152743175,0
0,0.1495871392125972,0
1,0.6643333708854775,1
0,0.2082642034799899,0
0,0.23843357431657922,0
0,0.10402634212915086,0
0,0.1126643074562169,0
0,0.10700702753550416,0
0,0.15820682300451613,0
0,0.5682703163397655,1
0,0.8712685426770859,1
1,0.8678935065985248,1
0,0.10595612797711834,0
0,0.5263836636661754,1
0,0.3279584830471099,0
0,0.3314242882366801,0
0,0.19832351310469368,0
0,0.13720184064773944,0
0,0.10064183856722485,0
1,0.6381610876508568,1
0,0.11661029645990148,0
0,0.17591632175407,0
0,0.12896691081844872,0
0,0.07707046341427805,0
0,0.09770514037196484,0
0,0.7021962122334252,1
0,0.26546664387756846,0
0,0.6195614803747579,1
0,0.20778394397087693,0
0,0.07388360661227857,0
0,0.5429375397355195,1
0,0.1563436960649171,0
0,0.3184071091714865,0
0,0.3675603524965083,1
0,0.6013133423804642,1
0,0.9454590704648579,1
0,0.16708812383656096,0
0,0.7886012047600783,1
0,0.6885219527194189,1
0,0.36615753844378823,1
0,0.09338557933838798,0
0,0.20132299883487653,0
0,0.3351640510997496,0
0,0.8053778047525127,1
0,0.9078994806902917,1
0,0.05655275482103285,0
1,0.6817038016070658,1
0,0.056177986892311856,0
0,0.16683158349168312,0
0,0.10020134968508737,0
0,0.31283976387275503,0
0,0.5654067742214816,1
0,0.09263237318443909,0
0,0.15120751828330134,0
0,0.23596602825434077,0
0,0.625861415205511,1
0,0.5733135248945825,1
0,0.12012262490682057,0
0,0.5323524075914732,1
0,0.09535571517826263,0
0,0.1164043737389346,0
0,0.21357504686734585,0
0,0.4730714918486545,1
0,0.22935210907254638,0
0,0.07172865484393609,0
0,0.39111995187373166,1
1,0.44387930687105853,1
0,0.13378525161435972,0
0,0.2752528051493917,0
0,0.14198472218790498,0
0,0.5350936189995461,1
0,0.6895101924326742,1
0,0.3437703078109965,0
0,0.4968337199043287,1
0,0.12375556026515445,0
0,0.6734759766278359,1
0,0.146693933093695,0
1,0.9258915400192465,1
0,0.10325658155714182,0
0,0.08204646023127089,0
0,0.5151665465636507,1
0,0.08194468925122077,0
0,0.2187290497528757,0
0,0.22134020464683488,0
0,0.12719351600228526,0
0,0.13580726241384553,0
0,0.3143827845700563,0
0,0.07156078308405897,0
0,0.751184992023383,1
0,0.08501229729028177,0
0,0.3579493825281545,1
0,0.4677393841043756,1
0,0.3829685583950212,1
0,0.40652896944055866,1
1,0.8196796454383914,1
0,0.07810944724157355,0
1,0.9292876738970283,1
0,0.13929656705274152,0
0,0.5195394571618736,1
0,0.5749608497468431,1
0,0.16154941152214142,0
0,0.8140471263254377,1
0,0.1334951790940642,0
0,0.13918872678182106,0
0,0.43008760398555723,1
0,0.22570005120285264,0
0,0.24513231294146745,0
0,0.9356345523488208,1
0,0.3488569708979464,0
0,0.49505837322650703,1
0,0.13120622621062877,0
0,0.10683923510554687,0
0,0.16863376509592726,0
0,0.05388560863946501,0
0,0.10339273323979724,0
0,0.23592882398763393,0
0,0.2249488620060851,0
0,0.1801174348213028,0
0,0.09347771555849387,0
0,0.27087633986895127,0
0,0.8893703283729889,1
0,0.2884843780744263,0
0,0.18277115253880627,0
0,0.1438065913269292,0
0,0.167415078927989,0
0,0.13877046413826147,0
0,0.05017523590409392,0
0,0.13688644582777923,0
0,0.7386350029906591,1
0,0.1040566628618948,0
0,0.058348885562751154,0
0,0.16534705787636375,0
0,0.10023906439710806,0
0,0.2744721753646507,0
0,0.13422960045131405,0
1,0.19252057665102956,0
0,0.2796311938011958,0
0,0.09262700582779652,0
1,0.9132987136096593,1
0,0.7331681582439588,1
0,0.15682252961036905,0
0,0.5849808247644178,1
0,0.10062509905484061,0
0,0.32850688467210354,0
0,0.15235642076659206,0
0,0.11378318221670607,0
0,0.5425271660336157,1
0,0.2787853793384813,0
0,0.15763478479858867,0
0,0.21727426694330504,0
0,0.9014640568386841,1
0,0.14185163397923492,0
0,0.2004315982670209,0
0,0.10048305914701904,0
0,0.08150147824539458,0
0,0.16078805560434645,0
0,0.45070820985957427,1
0,0.07228239307962155,0
0,0.1023971434629882,0
0,0.09049972346941322,0
0,0.3494052738434162,0
0,0.11423274206185238,0
0,0.16728012481181664,0
0,0.2582675939369709,0
0,0.23728794937985345,0
0,0.49896464089755116,1
0,0.055417330142942284,0
0,0.12197006628352526,0
0,0.12789372339658475,0
0,0.5947142555030893,1
0,0.6355510161560909,1
0,0.3008068168687394,0
0,0.05027119647967879,0
0,0.45789046231871056,1
0,0.4183777677376902,1
0,0.38315013706241147,1
0,0.5822817063423164,1
0,0.12099109503836437,0
0,0.5510760137944505,1
0,0.5238921724797251,1
0,0.11121191152668085,0
0,0.8781831880932428,1
0,0.21226658729402617,0
0,0.1893608354287894,0
0,0.08335722319391392,0
0,0.4966261018658823,1
0,0.16705809428343493,0
0,0.796834673209451,1
0,0.11958106497330247,0
0,0.7890752504054439,1
1,0.34913284119533616,0
0,0.3566210083402472,1
0,0.4315030852563973,1
0,0.5820131715802098,1
1,0.18492165042654654,0
0,0.266032418427222,0
0,0.4926109665200724,1
0,0.3243142681246497,0
0,0.5636987189869286,1
0,0.1859609047448099,0
0,0.1403226172218466,0
0,0.04763656652779739,0
0,0.36140899186681713,1
0,0.1757001716972084,0
0,0.10663607143947776,0
0,0.08580763702015116,0
1,0.8998579930546583,1
0,0.6130023568225653,1
0,0.7725213149864736,1
0,0.11763364477860637,0
0,0.4744767596930947,1
0,0.9426056077125149,1
0,0.4985341138799501,1
0,0.6330970869724565,1
0,0.8071014136508261,1
0,0.5709698631397744,1
0,0.3547804300372984,1
0,0.7627040554620182,1
0,0.5596696033622233,1
0,0.497809548414482,1
0,0.17300902789600991,0
0,0.17710687838951336,0
1,0.9147909704454077,1
0,0.09964234052216504,0
0,0.3752962108691562,1
0,0.11521574373981859,0
0,0.13047128934663807,0
0,0.12945213796950153,0
0,0.13195081418259266,0
0,0.14793046129700624,0
0,0.6772371586547695,1
0,0.314112685110783,0
0,0.2841715638337902,0
1,0.32232949356965324,0
0,0.5999640560164705,1
0,0.6064111759712709,1
0,0.47479816476662423,1
0,0.3856191716510479,1
0,0.05264304727862759,0
0,0.12726444018857075,0
0,0.22886857881307576,0
0,0.8667591616178104,1
0,0.32239205013968275,0
0,0.16115242616938633,0
0,0.09108975057371613,0
0,0.09529083428169836,0
0,0.1060032078958777,0
0,0.10736321720423445,0
0,0.6543253163230448,1
0,0.5847024721083536,1
0,0.1924488713047617,0
0,0.17211985785325817,0
0,0.700221303818938,1
0,0.17999265268582312,0
0,0.08276473842483541,0
0,0.08951075322615881,0
0,0.23024718982645964,0
0,0.23171852769146592,0
0,0.6568188374691805,1
0,0.08796025205800719,0
0,0.4479365420932032,1
1,0.567818386814625,1
0,0.09117972480145596,0
0,0.17827046655157605,0
0,0.38487340244949253,1
0,0.9531691158851722,1
0,0.693404258786464,1
0,0.12476745451832358,0
0,0.5620168697025187,1
0,0.14137151134762585,0
0,0.15159617471355805,0
0,0.09102180977014465,0
0,0.23905163330840726,0
0,0.26992618898912196,0
0,0.07144631333490348,0
0,0.35493309688924995,1
0,0.12264383900987895,0
0,0.08547787600462975,0
0,0.4045820740198421,1
0,0.09944730390517358,0
0,0.9360570390050998,1
0,0.12015151607195464,0
0,0.42129045147682453,1
0,0.2104008426777568,0
0,0.13481583643003367,0
1,0.19440815598100133,0
0,0.5053426166171904,1
1,0.6113858491399697,1
0,0.10224132475835203,0
0,0.33831672875360863,0
0,0.06935393965637907,0
0,0.28440832003457106,0
0,0.3253039212208753,0
0,0.11989063565130541,0
0,0.13747902899993644,0
0,0.3790519735040144,1
0,0.25433531314533303,0
0,0.4894209134965403,1
0,0.6986926861451211,1
0,0.2429254646035752,0
1,0.8777733519587179,1
0,0.42421653112152397,1
0,0.5524368403209572,1
0,0.3422286826953597,0
0,0.1909637039109656,0
0,0.12048944905576858,0
0,0.05565397316680622,0
0,0.4964760821683246,1
0,0.19901533138884653,0
0,0.0910731280143947,0
0,0.12482618542671053,0
0,0.8030983483128498,1
0,0.5756241669141935,1
1,0.8216834712495171,1
0,0.2810766575431224,0
0,0.13801852457099603,0
0,0.8236675526993371,1
0,0.0534333039598057,0
0,0.12845728240623183,0
0,0.29968227616302107,0
0,0.10989895882287179,0
0,0.36842356233244045,1
0,0.2847033787014013,0
0,0.07194455268378108,0
0,0.42019740590967597,1
0,0.08592590463335402,0
0,0.08461132376394577,0
0,0.7607813040182527,1
0,0.31942536174759,0
0,0.1734031441837598,0
0,0.629786622167101,1
0,0.26390745768406904,0
0,0.10987147374665082,0
0,0.1943281818473678,0
0,0.1365554308820405,0
0,0.14404606714767873,0
0,0.46534669276854734,1
0,0.20722100049572778,0
0,0.41473028913182824,1
0,0.2481248766121369,0
0,0.06363725968400426,0
0,0.20597106033388463,0
0,0.08405610390628775,0
0,0.19664929089930658,0
0,0.27522096828392234,0
0,0.12907075950802752,0
0,0.06066439307686608,0
0,0.12487803454924588,0
0,0.47631795601034743,1
0,0.8888712287445207,1
0,0.23749698287852128,0
0,0.3050675007584119,0
0,0.2598249071940563,0
0,0.6105415252523176,1
0,0.08565838620193701,0
0,0.17803594709432027,0
0,0.12024623791381127,0
0,0.1546466651851348,0
0,0.14067835440263907,0
0,0.1929325465421483,0
0,0.0728281702927358,0
0,0.17484061138735169,0
0,0.1874170228741908,0
0,0.5384643692863644,1
0,0.37133567613133933,1
0,0.2337320840727598,0
0,0.24086522395958412,0
0,0.2106197290807381,0
0,0.10212370144351511,0
0,0.07937365077436061,0
0,0.15556904003375424,0
1,0.8126004102746172,1
0,0.4760904675715445,1
0,0.19609910877717554,0
0,0.3649301993207565,1
0,0.9283837101831193,1
0,0.3485736673558385,0
0,0.13074671610873315,0
0,0.11470998724338403,0
0,0.24080756222380098,0
0,0.25116644126249243,0
0,0.22960313450338565,0
0,0.5367975884801415,1
0,0.1250383793948354,0
0,0.35864050991335733,1
0,0.10867719528691805,0
0,0.07564105900483466,0
0,0.059625107200752335,0
0,0.12207549247122472,0
0,0.07841561605134091,0
0,0.2577552714046688,0
0,0.09781640526977786,0
0,0.7916555707375023,1
0,0.16778588804425065,0
0,0.0735464983116239,0
0,0.1658320601453472,0
0,0.3871226485031204,1
0,0.16571625207080987,0
0,0.10065201940395374,0
0,0.11783548909632292,0
0,0.09481643162552623,0
0,0.1335646881147164,0
0,0.09602695821358402,0
0,0.5443285789479572,1
0,0.09367540869002972,0
0,0.31848218635507597,0
0,0.07476492442582548,0
0,0.5281738060342304,1
0,0.7315319774213377,1
0,0.3387267855961792,0
0,0.11557535285341058,0
0,0.05546950363587901,0
0,0.32613201551443816,0
0,0.3417763953704389,0
0,0.10167105056020777,0
0,0.35528226287339504,1
0,0.18448867544470232,0
0,0.06953677731977165,0
0,0.2011674807831378,0
0,0.12395281536053249,0
1,0.9073291009806926,1
0,0.26899587655601315,0
0,0.12324742227756767,0
0,0.09552521416436653,0
0,0.08228579456641057,0
0,0.5011364298737387,1
0,0.5515685729177591,1
0,0.19765545936246998,0
0,0.40531546998306095,1
0,0.15859859647617114,0
0,0.20909533616009657,0
0,0.5946044077051796,1
0,0.3884924039311166,1
0,0.09778065286955726,0
0,0.18984681162697903,0
0,0.30995578328959117,0
0,0.46949667007549445,1
0,0.19078847273468966,0
0,0.2031639895585301,0
0,0.35925698636081715,1
0,0.4123523124043033,1
0,0.054895434154194976,0
0,0.3097186534982273,0
0,0.36532934167738584,1
0,0.12541676558362827,0
0,0.7201175670993583,1
0,0.18468569527327364,0
1,0.260185287980212,0
0,0.29306583005654535,0
0,0.11842179625487138,0
0,0.14261800059987298,0
1,0.6414048478860476,1
0,0.1601678648584727,0
0,0.11763947550207952,0
0,0.2829479788336153,0
0,0.6383677300344462,1
0,0.38628370913123367,1
0,0.16995577903134995,0
0,0.5685574558952371,1
0,0.12255036203027428,0
0,0.15426225732028367,0
0,0.067991554411615,0
0,0.10623545755487042,0
0,0.8231010460511694,1
0,0.13628443170486979,0
0,0.04825660230314441,0
0,0.1945022220517809,0
0,0.392702160570113,1
0,0.1055985166174625,0
0,0.1227460700977241,0
0,0.13349954937006223,0
0,0.7230904349212061,1
0,0.534346683897897,1
0,0.13864543077740152,0
0,0.4362892024111094,1
0,0.2387445768421533,0
0,0.05765705924794114,0
0,0.1407228703514588,0
1,0.6026849742543907,1
0,0.7781232233381291,1
0,0.06698751192820294,0
1,0.6001588341406812,1
0,0.18634590794411146,0
0,0.07903109467149046,0
0,0.440747624792507,1
0,0.06567045419967353,0
0,0.3346686484995532,0
0,0.3286319885939956,0
0,0.3130547006317058,0
0,0.8280651893393377,1
0,0.1554195045378988,0
0,0.1871507328644921,0
0,0.31454647395293456,0
1,0.9285195330839595,1
0,0.5418491180930056,1
0,0.2475822570349653,0
0,0.058520183593132366,0
1,0.9142477992429211,1
0,0.10123315645221025,0
0,0.5149178958233595,1
0,0.9236955884005635,1
0,0.16234079250574246,0
0,0.7792880426901327,1
0,0.5372159443508846,1
0,0.857028896422219,1
1,0.7713090857019876,1
0,0.12895657581271028,0
0,0.13562969764899097,0
0,0.835331593100864,1
0,0.41323374633304977,1
0,0.0822399125583502,0
0,0.07607780322289628,0
0,0.1356193871508661,0
0,0.571759064727837,1
0,0.4734329024434,1
0,0.18197263800101857,0
0,0.06137191400289698,0
0,0.0662773004887169,0
0,0.2548931471510645,0
0,0.09946143579302769,0
0,0.09222645029729476,0
0,0.05841589881705725,0
0,0.5194692719452175,1
0,0.8404518260529452,1
0,0.19236356553607495,0
0,0.30259369980387874,0
0,0.1404328887951986,0
1,0.24101995993521372,0
0,0.11593445640061108,0
0,0.07048491403652479,0
0,0.4960345376866547,1
0,0.5276672048030557,1
0,0.11760282965685145,0
1,0.8507404399514163,1
0,0.5555761517681582,1
0,0.26287588272914264,0
0,0.4141287761252768,1
0,0.05860888592615324,0
0,0.13569126429472264,0
0,0.5493078100904702,1
0,0.15016962409810472,0
0,0.29230207911920775,0
0,0.13240291394180947,0
0,0.213203694986729,0
0,0.38714362711768124,1
0,0.17596981164833891,0
0,0.18009010550140817,0
1,0.9585012856119194,1
0,0.07749989021395524,0
0,0.7648571205746405,1
0,0.41903343464800863,1
0,0.08467426545243084,0
1,0.8362599727249123,1
0,0.1403322976724437,0
0,0.09016863178706357,0
0,0.0896984378615625,0
0,0.8965659612368838,1
0,0.18928183889425879,0
0,0.4770736516863363,1
0,0.537094906301402,1
0,0.28993570968994364,0
0,0.7654254564640125,1
0,0.08922779014241776,0
0,0.4657281140637897,1
0,0.4601679554730034,1
0,0.07723611891990542,0
1,0.7481515638905486,1
0,0.7970438446436476,1
0,0.4641007779243635,1
0,0.16373615501742145,0
0,0.10656843488985142,0
0,0.94422863457535,1
0,0.8098620052383848,1
0,0.8602941858439861,1
0,0.14085708440417946,0
1,0.9580398992776319,1
1,0.881474543502121,1
0,0.17151300627358568,0
0,0.8302848840625293,1
0,0.1257980881500475,0
0,0.07325125097260764,0
0,0.36640399126047013,1
0,0.0943576192825196,0
0,0.19391950774777086,0
0,0.3898788814303243,1
0,0.2203522469213923,0
0,0.09662886565205288,0
0,0.2933408461626316,0
0,0.0704715903698338,0
0,0.08294180036371944,0
0,0.39968713071435297,1
0,0.07087553529821898,0
0,0.09884590403015384,0
0,0.1056890855703763,0
0,0.12864054635159908,0
0,0.44521391107517627,1
0,0.08921001833364425,0
0,0.2066244794970026,0
1,0.9437971756783391,1
0,0.24518365988657848,0
1,0.8102202437509075,1
0,0.7063404788886695,1
0,0.2696780203631414,0
0,0.2025395892366075,0
0,0.08485789270738096,0
0,0.4926263506949203,1
0,0.07958517530115308,0
0,0.8142448349465347,1
0,0.13989769968442406,0
0,0.32097329210569847,0
1,0.5911491406935464,1
0,0.07911212550309132,0
0,0.3003123790703001,0
0,0.5089302505667995,1
0,0.12920344476828766,0
0,0.30675346255901903,0
0,0.2972897360079255,0
0,0.056285859933229584,0
0,0.17175925108486534,0
0,0.06334753274925382,0
0,0.08854011435937258,0
0,0.8258590839874846,1
0,0.19810102571448618,0
0,0.31679014445579384,0
0,0.3891094526175965,1
0,0.6495414915625555,1
0,0.09085008838436334,0
0,0.463057242671168,1
0,0.12086214711154789,0
0,0.2949617538675769,0
0,0.7716946376414993,1
1,0.7264771360394027,1
0,0.3763049048527074,1
0,0.2590073927229793,0
1,0.47447109718256625,1
0,0.09922031219645588,0
0,0.10573543562500146,0
0,0.14357421090112663,0
0,0.41439170417708476,1
0,0.5333205005535165,1
0,0.1523211731479143,0
0,0.20480353449649366,0
0,0.05472602929547194,0
0,0.3578112205773898,1
0,0.1916460240244128,0
0,0.8530406592855866,1
0,0.28777107835041915,0
0,0.92636551662148,1
0,0.7222270985550332,1
0,0.6274289869876095,1
0,0.09033707712168307,0
0,0.15185995522032678,0
0,0.08738653461581913,0
1,0.9021090525176125,1
0,0.8631152540102958,1
0,0.08604315568107614,0
0,0.7170037997600189,1
0,0.1023144593734578,0
0,0.06883321666882435,0
0,0.8232301260752422,1
0,0.3809348419682193,1
0,0.14367629911297136,0
0,0.1284798756276723,0
0,0.7080328910495678,1
0,0.10679162431251321,0
0,0.5675933129057972,1
0,0.521228537918037,1
0,0.39963020181453746,1
0,0.6768740316897321,1
0,0.130421374727837,0
0,0.379899701240658,1
0,0.1981645937052,0
0,0.1149293849808293,0
0,0.20917656020819442,0
0,0.3223893681882267,0
0,0.07955338818529169,0
0,0.18549379695770293,0
0,0.7927345285135426,1
0,0.10761658533588635,0
0,0.09235248559824623,0
0,0.088768713687177,0
0,0.13504369628763863,0
0,0.549006091815091,1
0,0.10711347505241835,0
0,0.3691929430388402,1
0,0.36321486007849774,1
0,0.12106243246439746,0
0,0.41745674711672587,1
0,0.14741729533975514,0
0,0.19284093100340902,0
0,0.436249763359023,1
0,0.36965010411702603,1
0,0.5467595294415399,1
0,0.07662457580706175,0
0,0.10679073890745916,0
0,0.5311773988110728,1
0,0.298854824240213,0
0,0.07859512597459158,0
0,0.36852380617330094,1
0,0.474685876440327,1
0,0.10010770025770475,0
0,0.17817305455489124,0
0,0.9262487139843685,1
0,0.18546962058890518,0
0,0.3255826670191704,0
0,0.2653622709121155,0
0,0.34067188855954156,0
0,0.2043910167181253,0
0,0.42630565021149397,1
0,0.1221318542318636,0
0,0.13186350008301148,0
0,0.23425351379877138,0
0,0.2943587923574919,0
0,0.3304111544062633,0
0,0.28539211386047997,0
0,0.40981907767679476,1
1,0.17476141716216873,0
0,0.07198573914521737,0
0,0.2054844358980693,0
0,0.11351992561470939,0
0,0.3068499004575356,0
0,0.0835833245900225,0
0,0.8354577164183309,1
0,0.7837265196187074,1
0,0.38862962223002934,1
0,0.18616038418435418,0
0,0.6549826198548153,1
0,0.058592550368520326,0
0,0.7546185264753175,1
0,0.30135979936157786,0
0,0.2363788346444555,0
0,0.7773959476318993,1
1,0.45537480695193255,1
0,0.5096351514352115,1
0,0.15644897414689957,0
0,0.22667861152599983,0
0,0.5691415046581763,1
0,0.11036348032243277,0
0,0.13753825224897798,0
0,0.33814959767948755,0
0,0.22647055469187133,0
0,0.2528588014103727,0
0,0.09300764149153043,0
0,0.09795479268720135,0
0,0.08949157275271429,0
1,0.8385206421601518,1
0,0.36095992091334494,1
0,0.10262327875520065,0
0,0.43913583758251223,1
0,0.466833494986311,1
0,0.3088825903912449,0
0,0.06147620070730858,0
0,0.35017686078603194,1
0,0.11008153583080021,0
0,0.10453575102935267,0
0,0.3999605496272959,1
0,0.11235257241662831,0
1,0.8351745070071951,1
0,0.5604115342166311,1
0,0.08460707858318067,0
0,0.1672441982553427,0
0,0.15728365559181462,0
0,0.1803945706494866,0
0,0.10964099799207115,0
0,0.2614749581041992,0
0,0.14813510802164148,0
0,0.10848660477861045,0
0,0.7516835113851028,1
1,0.7771203067014182,1
0,0.1639434122359428,0
0,0.19058569002778494,0
0,0.7122455718675925,1
1,0.6348734475448824,1
0,0.15139948514500642,0
0,0.6076406848996192,1
0,0.09113703514628871,0
0,0.09715124832631393,0
1,0.904125981186153,1
0,0.37183602945558525,1
0,0.3549681955090977,1
1,0.7672217205814046,1
0,0.07660253272805033,0
0,0.5193616919911554,1
0,0.11456725539865936,0
0,0.08169670762910813,0
0,0.1043246125876501,0
0,0.6192762262255537,1
0,0.47311577988377895,1
0,0.08953873155355645,0
0,0.14937918148071763,0
0,0.724970832117987,1
1,0.46540235800935287,1
1,0.15534163551687274,0
0,0.1556990674985319,0
0,0.10128548483194934,0
0,0.11584052150520958,0
0,0.45149547306916427,1
0,0.6790281406962407,1
0,0.38905768413676267,1
0,0.10474189090416566,0
0,0.18311468867475827,0
0,0.1906913709367342,0
0,0.14429777055277004,0
0,0.23963382409051717,0
0,0.13757559214190265,0
0,0.48126762611066215,1
0,0.293515234541697,0
0,0.333943402141153,0
1,0.9125421461807594,1
0,0.431642579327565,1
0,0.4430555382495237,1
0,0.07698635472864473,0
0,0.11758949702084079,0
0,0.12593843440134792,0
0,0.0503466060621841,0
0,0.15561254808597344,0
0,0.4546700645879799,1
0,0.07103705934515459,0
0,0.3440723303177274,0
0,0.30798646044601585,0
0,0.45501801976084844,1
0,0.06942192705008528,0
0,0.06940188048291375,0
0,0.07908792734843212,0
0,0.7090929106152061,1
0,0.10091719738283178,0
0,0.08656026235991358,0
0,0.32786408873679046,0
0,0.16585837687424268,0
0,0.35844542707547866,1
0,0.8793004863834,1
0,0.6125107538879927,1
0,0.14393875390353328,0
0,0.22908014328277218,0
0,0.06811594328581644,0
0,0.7574266922493398,1
0,0.09128269658411588,0
0,0.23231754138595823,0
0,0.188033410273166,0
0,0.13155182092516016,0
1,0.5856945337721214,1
0,0.24934521057347103,0
1,0.9671276916572334,1
0,0.4727662293623265,1
0,0.24682276493769853,0
0,0.5374189758073422,1
0,0.37541248353363366,1
0,0.631998822723687,1
0,0.33274446104586386,0
0,0.32541679110996713,0
0,0.056316535751484015,0
0,0.14311551371464445,0
0,0.11025673958964523,0
0,0.406826746565556,1
0,0.14276694898556716,0
0,0.27355858460789445,0
0,0.1355957425259244,0
0,0.08223625554753695,0
0,0.24652008265289063,0
1,0.5910501983766338,1
0,0.1355680826876695,0
0,0.4613828976221818,1
0,0.6194062280989282,1
0,0.21969548425483737,0
0,0.3702127320213348,1
0,0.8771296530896114,1
0,0.24151700496459086,0
0,0.07986993143642247,0
1,0.9634178386707855,1
0,0.246433381736698,0
0,0.22245245343798847,0
0,0.5123121450229727,1
0,0.05794061177037829,0
0,0.10775671227230833,0
0,0.10508581867102357,0
0,0.5653414234194385,1
0,0.08889125403021086,0
0,0.1084231124519642,0
0,0.2523530812205461,0
0,0.5727651444891535,1
0,0.29338867001123137,0
0,0.15014315105978118,0
0,0.9498154408838932,1
0,0.4414151010781588,1
0,0.7886012047600783,1
0,0.07707095584349928,0
1,0.8953340449453259,1
1,0.9437937580761788,1
0,0.12268315435683572,0
0,0.7544385329724934,1
0,0.07116393415834774,0
0,0.2792550529697213,0
0,0.280379761660358,0
0,0.15748626963456294,0
0,0.36827092671606254,1
0,0.051548316638064966,0
0,0.11883688586534338,0
0,0.2326671738870956,0
0,0.5721943119329579,1
0,0.07197054339738417,0
0,0.0813281174701946,0
0,0.5355812318284415,1
0,0.13640478485190846,0
0,0.16045610962706197,0
0,0.15104249706534253,0
0,0.4169129619098006,1
0,0.3656191853077355,1
0,0.4610205667982289,1
0,0.09851504618325876,0
0,0.26497831007186295,0
0,0.5088895744125366,1
0,0.22269391290693644,0
0,0.41183677196217366,1
0,0.8566996876595586,1
0,0.10753648581094435,0
0,0.7824272436964869,1
0,0.13758645992632682,0
0,0.8630949509762921,1
0,0.32402494939048065,0
0,0.20116487850282241,0
0,0.33375050211700186,0
0,0.8260211442802086,1
0,0.11069776692618184,0
0,0.11515399159515541,0
0,0.15755420610110907,0
0,0.1489550038476799,0
0,0.1450230243784908,0
0,0.05836260777142554,0
0,0.060267047728273584,0
0,0.22847091986987778,0
0,0.14394509221744525,0
0,0.07083517897226727,0
0,0.14332787101930639,0
0,0.15574535623116656,0
0,0.10362088082929678,0
0,0.17522535612749973,0
0,0.48946346032229665,1
0,0.5074831782476554,1
0,0.21778667155960277,0
0,0.20704077897824588,0
0,0.22027977302244356,0
0,0.3965433836164166,1
0,0.1715524209269669,0
0,0.1285317199469948,0
0,0.4087070280069924,1
0,0.09950707997709032,0
0,0.33854630991815765,0
0,0.09852395155784555,0
0,0.16911519299593694,0
1,0.4948000455648084,1
0,0.057288982231669165,0
0,0.501171814662454,1
0,0.40060420083619463,1
0,0.6376789208554555,1
0,0.13325172390091802,0
0,0.8801511606302068,1
0,0.08175594356857939,0
0,0.24433807679550915,0
1,0.4588983497766174,1
0,0.5581335775575635,1
0,0.7427109064849566,1
0,0.17219449711822737,0
0,0.3841440251791383,1
0,0.3439889880409782,0
0,0.07711836689214195,0
0,0.5826161652641884,1
0,0.19770313065741288,0
0,0.09749289369199078,0
0,0.19351196827320005,0
0,0.1339986393910264,0
1,0.5734109041769972,1
0,0.1830555812234026,0
0,0.3304881575219581,0
0,0.14903430932701411,0
1,0.682151967580075,1
1,0.45285971033095945,1
0,0.2927556434103772,0
0,0.17916445154006533,0
0,0.1664039365263518,0
1,0.620295392209641,1
0,0.1315633697073304,0
0,0.3369879095426325,0
0,0.11599696904771624,0
0,0.13225752082080428,0
0,0.22151719422476204,0
0,0.4191303996798541,1
0,0.2335745074952625,0
0,0.05488325595658495,0
0,0.09416880372908402,0
0,0.551157295921645,1
0,0.11477451750467992,0
0,0.09682211637918478,0
0,0.27439945020062206,0
0,0.13753908567195258,0
0,0.2612831177659797,0
0,0.26288920844238445,0
0,0.35698948085611754,1
0,0.5493276154790361,1
0,0.17593953567941825,0
0,0.08977431872087727,0
0,0.7816274117548281,1
1,0.772531762433857,1
0,0.589307463613349,1
0,0.08652839031644897,0
0,0.11196203948683656,0
0,0.37913251173852724,1
0,0.11166365661751944,0
0,0.08995528238799319,0
0,0.2922004000278966,0
0,0.32952559373017576,0
0,0.11731133080192703,0
0,0.3223815175365318,0
0,0.20261078892011194,0
0,0.24612387293370394,0
1,0.5328044368628833,1
0,0.1479983065340579,0
0,0.4134959196205435,1
0,0.39558244417503874,1
0,0.3012921032885918,0
0,0.46564130498435286,1
0,0.23695017624924697,0
0,0.09489671097680115,0
0,0.20775440121174546,0
0,0.14346919888497042,0
0,0.06487978211184431,0
0,0.14121197172956418,0
0,0.2337590299569157,0
0,0.06921901233249916,0
0,0.09208492439158408,0
0,0.09345281931353794,0
0,0.10711946838754571,0
0,0.4554309767715862,1
0,0.41954842901538597,1
0,0.13952379407802148,0
1,0.9362861277762615,1
0,0.9010816150317779,1
0,0.16996713033546645,0
1,0.46886739236750186,1
0,0.29135871370246613,0
0,0.17538429804545685,0
0,0.1347933246214183,0
0,0.185193605631113,0
0,0.6504793702018092,1
0,0.3736986191670016,1
0,0.5199289296177063,1
1,0.7570516263742806,1
0,0.3405471395736546,0
0,0.07037118905988082,0
0,0.10062485383591022,0
0,0.32540815141367185,0
1,0.8081537488496549,1
0,0.879309522514273,1
0,0.16108332324609198,0
0,0.07294971854096141,0
0,0.9422457857156153,1
0,0.542895676988109,1
0,0.2501059491446978,0
0,0.10104976930415457,0
0,0.19513487496808254,0
0,0.2357072590804535,0
0,0.7804929429273245,1
0,0.6521553569292564,1
0,0.1079506694157845,0
0,0.09968771377276035,0
0,0.6123807672010435,1
0,0.1868213989627387,0
0,0.48707696568743736,1
0,0.2767352300714316,0
0,0.8064730672432021,1
0,0.14009204327953972,0
0,0.6277151920830522,1
0,0.08676339609470728,0
0,0.12837518256908487,0
0,0.11356273306328407,0
0,0.1945213361199228,0
0,0.08778489823220427,0
0,0.2639828443330773,0
0,0.36521471323228194,1
0,0.1395302695217039,0
0,0.08039647491521004,0
0,0.07275293250208467,0
0,0.19280133300283694,0
0,0.10458129765453927,0
0,0.1476128472674865,0
0,0.0709327493528945,0
0,0.11624870393223082,0
0,0.24509060235561397,0
0,0.10386812834408746,0
0,0.17445910925376748,0
0,0.15713459232051563,0
0,0.12381396164756862,0
0,0.1181806923637951,0
0,0.3130572010128405,0
0,0.8472925056712616,1
0,0.14174724014369963,0
1,0.9087235036201142,1
0,0.13505256566726276,0
0,0.1367849032396034,0
0,0.9360740769995327,1
0,0.13129409593561894,0
0,0.4906539355433988,1
0,0.12883949014397802,0
0,0.15493523811571103,0
0,0.21784012030500263,0
0,0.10798926368646586,0
0,0.18617596310801549,0
0,0.09063982904597132,0
0,0.3130080690292908,0
0,0.7608117966137573,1
0,0.055061256893289376,0
0,0.04975319284153417,0
0,0.6272207541992838,1
0,0.5428249532223293,1
1,0.9119445237026474,1
0,0.12449805002611887,0
0,0.12380311876589606,0
0,0.13858792338691303,0
0,0.17067977344281807,0
0,0.7082347673446251,1
0,0.11776819833025863,0
0,0.14063700155615894,0
0,0.3483356643525754,0
0,0.3036917908044857,0
0,0.5699010405783496,1
0,0.7851737426559414,1
0,0.4185600672115451,1
0,0.5180776382867158,1
0,0.24094781002894042,0
0,0.23120473160109223,0
0,0.20424927028885095,0
0,0.21789260966369806,0
0,0.11522562270057686,0
0,0.4261148614357663,1
1,0.6325140650068157,1
0,0.3616452536572904,1
0,0.10071310449283913,0
0,0.6192963790596081,1
0,0.08649960038989904,0
0,0.16294608371547428,0
0,0.3653128680042095,1
0,0.11437404295057517,0
0,0.31472959870437067,0
0,0.6530275768386581,1
0,0.07662182679677079,0
0,0.10686980506294796,0
0,0.07691982934251981,0
0,0.14193379997111705,0
1,0.3083466073106276,0
0,0.4693010466571795,1
0,0.10460529554484202,0
0,0.23574982698710797,0
0,0.0991357189232514,0
0,0.17271385449431487,0
0,0.18255655114020275,0
0,0.11344391721140369,0
0,0.14660352487955916,0
0,0.08399589614467633,0
0,0.08677172779742118,0
0,0.087751452055821,0
0,0.15236256203105483,0
0,0.14405660953249796,0
0,0.0850195596093141,0
0,0.1764085509235847,0
0,0.20568193872864843,0
0,0.15107352075350322,0
0,0.8768060533798704,1
0,0.1408457279378816,0
0,0.08979825412883141,0
0,0.19418529647724106,0
0,0.086805378654832,0
0,0.08601010111776183,0
0,0.13929656705274152,0
0,0.7035592393996185,1
0,0.29490598302238374,0
1,0.6651129249213442,1
0,0.3876245143294321,1
0,0.7751463437167773,1
0,0.7260104307295386,1
1,0.8433039562725101,1
0,0.5616039105798071,1
0,0.32750154422279737,0
0,0.47451690246662137,1
0,0.25872018098567984,0
0,0.06602425526528835,0
0,0.09668890183940959,0
0,0.05923292182616746,0
0,0.1284089342371906,0
0,0.1039089526484063,0
0,0.4148092735378718,1
1,0.9593121685684955,1
0,0.37485077109699877,1
0,0.952906608781952,1
0,0.26753440451205573,0
0,0.12930052282304183,0
0,0.12828105546256785,0
0,0.06490970503156791,0
0,0.08544891237895039,0
0,0.744115300398185,1
0,0.7525401566705469,1
0,0.7793755410268467,1
0,0.09901908928946501,0
1,0.5386462593758943,1
0,0.11309734780125022,0
0,0.36549278084654785,1
0,0.09024258422984072,0
1,0.9263570191223834,1
0,0.26256669027209356,0
0,0.13315082217857374,0
0,0.12559498389902188,0
0,0.09254480868571645,0
0,0.24126369909178896,0
0,0.0636960095232696,0
0,0.18985965265247984,0
0,0.20348537602800773,0
0,0.17375599224602634,0
0,0.162766306588811,0
0,0.3330304626215455,0
0,0.10456169323174133,0
0,0.16022752769491594,0
0,0.14375348515560216,0
1,0.25316763679606663,0
0,0.44456023341297035,1
0,0.3276090101196088,0
0,0.2317338687023341,0
0,0.9171923006490641,1
0,0.5788882156951937,1
0,0.1633279430956077,0
0,0.24128311422992146,0
0,0.3133889718177674,0
0,0.12590342943778735,0
0,0.1649306838043159,0
0,0.17747027312958313,0
0,0.1515472878338558,0
0,0.1308377669287333,0
0,0.09140421589935409,0
0,0.861764279082928,1
0,0.288313676953248,0
0,0.26660272965157183,0
0,0.88652388100556,1
0,0.34769204270807225,0
1,0.7975395960457791,1
0,0.11284953617807728,0
0,0.8733717769295735,1
0,0.5764201733153538,1
0,0.29944738925094677,0
0,0.41856297815783866,1
0,0.21096413923529875,0
0,0.9075503523697944,1
0,0.14829869360458328,0
0,0.08428811195788923,0
0,0.28745194493810045,0
0,0.9021333277187226,1
0,0.40562908012078625,1
0,0.12615927301353178,0
0,0.37932760553752626,1
0,0.31790462580358375,0
0,0.270275197068358,0
0,0.10726519357607683,0
0,0.2592051221523736,0
0,0.25464681821898005,0
0,0.4248221468487254,1
0,0.2837153420977092,0
0,0.2107341593088263,0
0,0.18124997226482015,0
0,0.529031519063012,1
0,0.3418745150126786,0
1,0.1061917203762816,0
0,0.9242248062840022,1
0,0.10530910144345966,0
0,0.20057164524177012,0
0,0.549065760417896,1
0,0.15269116266651495,0
0,0.25486250349107487,0
0,0.6613003471329774,1
0,0.27025596507915683,0
0,0.10767579935165825,0
0,0.5335937892018605,1
0,0.8006325346875635,1
0,0.13787040809281598,0
0,0.10267389133001883,0
0,0.12961176325932475,0
0,0.5474110864211967,1
0,0.052401441747541945,0
0,0.3628537107025074,1
0,0.3680477277946403,1
0,0.07254767151447332,0
0,0.0790226283884365,0
0,0.18590714730285118,0
0,0.9176844193019625,1
0,0.2591850043212171,0
0,0.3377506339753199,0
0,0.0703965004758947,0
0,0.49187404288157266,1
0,0.2909099676999733,0
0,0.08985746402372313,0
0,0.10881065506055848,0
0,0.07840170343878741,0
0,0.08474681702731228,0
0,0.17786205061182586,0
0,0.12593063169725524,0
0,0.25589659083589766,0
1,0.8073661287503769,1
0,0.1473398058870981,0
0,0.13538710434464013,0
0,0.12635707188976802,0
0,0.0966558792232926,0
0,0.13038129850273875,0
0,0.23069658500046794,0
0,0.33440159980702544,0
1,0.10892242652548888,0
1,0.5909278645207615,1
0,0.4930747081445201,1
0,0.10760064143212766,0
0,0.06836055249977827,0
0,0.7709772939919283,1
0,0.5915188054817268,1
0,0.5090872306333682,1
0,0.34340594558457777,0
0,0.19923120938865854,0
0,0.5454498341064622,1
0,0.30298379772968886,0
0,0.19619400529014808,0
0,0.12287798922811673,0
0,0.3314251787478716,0
0,0.7845216979469559,1
0,0.14289969408194025,0
0,0.15823266020783136,0
0,0.07798169180685119,0
0,0.2737121239866244,0
0,0.257637464397577,0
1,0.9511933162698327,1
0,0.1444730536319671,0
0,0.11394459467507873,0
0,0.13155910138280533,0
0,0.14969108654785487,0
0,0.11321032282324528,0
0,0.46914734286384924,1
0,0.47040509747400105,1
1,0.9650369072477027,1
0,0.5213533493345082,1
0,0.16218576025103468,0
0,0.4732648585405898,1
0,0.23361044718635726,0
0,0.2462401681122697,0
1,0.6409007193358792,1
0,0.17126937620814733,0
0,0.4190905566905112,1
1,0.7479148124163716,1
1,0.8743235755420206,1
0,0.35265350249063687,1
0,0.18507353482315506,0
1,0.48229045082237254,1
0,0.12897850174597866,0
0,0.4497480133522063,1
0,0.6125478406673844,1
0,0.5840838546658628,1
0,0.09575418573396692,0
0,0.1158206363524139,0
0,0.44824344782967407,1
0,0.1798348111476768,0
0,0.11952329089320429,0
0,0.09814409976398325,0
0,0.18351095325015507,0
0,0.4781927282353087,1
0,0.4241293612409853,1
0,0.06999707437124804,0
0,0.5706178557196555,1
0,0.46377734804217463,1
0,0.4335816830104319,1
0,0.3066501543414045,0
0,0.7077362256446259,1
0,0.1355512231810667,0
0,0.1323882238354053,0
0,0.13199394976437467,0
0,0.23436890989816045,0
0,0.771471305401694,1
1,0.18853930044672076,0
0,0.18259762233212493,0
0,0.12501888216900287,0
0,0.21276506491545752,0
0,0.11556536891703907,0
0,0.05681559295673356,0
0,0.10100885908220804,0
0,0.17461251354734592,0
1,0.4826764012865631,1
0,0.20732637598169817,0
0,0.1566638259366856,0
0,0.12288904485629937,0
0,0.05891082483769818,0
0,0.09727416743295565,0
0,0.6754047079604161,1
0,0.765019973713254,1
0,0.21714663883929486,0
0,0.1592287476186275,0
0,0.3990351066801434,1
0,0.341876558257681,0
0,0.08695764550153966,0
0,0.22961436650002426,0
0,0.19703391861974442,0
0,0.18678916925382877,0
1,0.8524811783658888,1
0,0.3208351611262074,0
0,0.186882342541549,0
0,0.25964524707530184,0
0,0.17734813986141584,0
0,0.5451915044023737,1
0,0.5327434894310441,1
0,0.686896707137704,1
0,0.5447601246535263,1
0,0.10367251709788708,0
0,0.19601639605009463,0
0,0.49612064102633185,1
0,0.5242357387166954,1
0,0.10241158484629798,0
0,0.1462389272068975,0
1,0.9458484107640491,1
0,0.25108440340332355,0
0,0.15360316734636098,0
0,0.18539833945085235,0
0,0.2030316942348884,0
0,0.5622238259016633,1
0,0.10237980814796098,0
0,0.15512709373716801,0
0,0.1016453381265268,0
0,0.15196089556083914,0
1,0.7979370375017819,1
0,0.15551867847773557,0
0,0.602359749852631,1
0,0.4783851451087117,1
0,0.4568797093356883,1
0,0.21781903387378615,0
0,0.08290223146166592,0
0,0.09379980300081397,0
0,0.137785062464111,0
0,0.09193007534599225,0
0,0.4233484650646915,1
1,0.10759735025113547,0
0,0.625027310043932,1
0,0.4497676920869469,1
0,0.2411895074714838,0
0,0.4916222342096289,1
0,0.09071258728174798,0
0,0.07675982547101924,0
0,0.43546947983385176,1
0,0.22236945723629253,0
0,0.1076369664299812,0
0,0.11586918090464791,0
0,0.08275227533317003,0
0,0.05894362115524673,0
0,0.5880716017005316,1
0,0.11520671584696277,0
0,0.08859623094964719,0
0,0.15845625779835876,0
0,0.12225001478258576,0
0,0.15598344585612453,0
0,0.31066198050601235,0
0,0.14243891184258886,0
0,0.733638890545073,1
0,0.38594283022199816,1
0,0.5262464020402519,1
0,0.6430734782876045,1
0,0.09883507167551975,0
0,0.23582479738009415,0
0,0.854220231656872,1
0,0.24779010838137674,0
0,0.5661477768629186,1
0,0.6759270722476963,1
0,0.28455815991382855,0
0,0.28012126121811404,0
0,0.22425418886852957,0
0,0.07107990098377447,0
0,0.09168617995280025,0
0,0.14618397917597517,0
0,0.06218834605502074,0
0,0.13093539332549264,0
0,0.05488418210767293,0
0,0.08219001157745258,0
0,0.10678152732105843,0
0,0.5043451470461319,1
0,0.598327296692481,1
0,0.23824900994604017,0
0,0.08896477710993134,0
0,0.1148444915749825,0
0,0.08577051421550475,0
1,0.8131949144977052,1
0,0.10482637304787856,0
0,0.1154396314259818,0
0,0.5372225201791717,1
0,0.8152383057750305,1
0,0.2880377140920301,0
0,0.15559685876597304,0
0,0.07340800725844329,0
0,0.13868919781808786,0
0,0.18834969345671912,0
0,0.10578238749323025,0
0,0.14877314264646904,0
0,0.8380666472410927,1
0,0.06611201437437661,0
0,0.2706157950588328,0
0,0.21348036409748006,0
0,0.20815604673889695,0
0,0.4041988142556218,1
0,0.2215241448410217,0
0,0.11784620865156657,0
0,0.05961620416569945,0
0,0.24495417556092036,0
0,0.34381127778923326,0
0,0.15847184766084754,0
0,0.09417701311956768,0
0,0.5216099745162197,1
0,0.111675164403685,0
0,0.34461941200719143,0
0,0.09839061019459351,0
0,0.8307512220654073,1
0,0.10834539821033198,0
0,0.08351989285549283,0
0,0.18296193721577045,0
0,0.7433727214898732,1
0,0.08051512092200584,0
0,0.37414837259352834,1
0,0.13383974341123728,0
0,0.2146145547609791,0
0,0.07803782448089891,0
0,0.9505008671300637,1
0,0.17402154723857963,0
0,0.1420705187672241,0
0,0.5757939690109324,1
0,0.8373615045875459,1
0,0.3176182099700419,0
0,0.9103338217899735,1
0,0.07152187647238387,0
0,0.8059846385155874,1
0,0.13068303338196868,0
0,0.5787418485885107,1
1,0.7812601519701119,1
0,0.12156995897431441,0
0,0.062269147839417026,0
0,0.1040307529091382,0
1,0.9394246838939702,1
0,0.6251483447336552,1
0,0.7896405282758595,1
0,0.5293622340512611,1
0,0.09484018896626815,0
0,0.28973527595169335,0
0,0.5983106564123845,1
0,0.2933528346872372,0
0,0.23673267040837748,0
0,0.09070884076267527,0
0,0.13301565154462744,0
0,0.7198434909677206,1
0,0.8160519199892469,1
0,0.47732964271344863,1
0,0.15104623259522487,0
0,0.35179936741089274,1
1,0.9327037629094457,1
0,0.19145913150973398,0
0,0.11624656116984046,0
0,0.1866678008814945,0
0,0.10429456176576664,0
0,0.568942306422681,1
0,0.15167570097289954,0
0,0.09809439972078898,0
0,0.14884059014287343,0
0,0.7097410995769086,1
0,0.26488301550660687,0
0,0.20916019868863484,0
0,0.15667778659810078,0
0,0.6054735039593437,1
0,0.13407471626171477,0
0,0.18394367126653755,0
0,0.9037691390044752,1
0,0.2193308906373632,0
0,0.36930421049352186,1
0,0.15357573536205846,0
0,0.17111114148530376,0
1,0.20712145293963477,0
0,0.6157622861952828,1
0,0.12209498145344794,0
0,0.7938939786301278,1
0,0.10737850198416939,0
0,0.15614629379494574,0
0,0.8841317305056121,1
0,0.5544373538784937,1
0,0.7100846866688658,1
0,0.17414859726346024,0
0,0.09047843995044702,0
0,0.34573221095005435,0
0,0.3935296394372135,1
0,0.11278899563877513,0
0,0.8222251291977222,1
1,0.6709810651889626,1
0,0.11784528944863139,0
0,0.37920402261970326,1
0,0.09850154751189538,0
0,0.09116118657823569,0
0,0.07199558818334448,0
0,0.4578990484336591,1
0,0.4338938830417421,1
0,0.6056086640467436,1
0,0.07495265237274329,0
0,0.09820940173511883,0
0,0.22833756471867878,0
0,0.17322150366935543,0
1,0.8224104183408136,1
0,0.9403302548917668,1
0,0.15547278105835613,0
0,0.33548355304257216,0
0,0.13349599534155965,0
0,0.11077076277696875,0
0,0.190929258662537,0
0,0.23080953390959252,0
0,0.4579005671011043,1
0,0.2300589281281832,0
1,0.8460067468590716,1
0,0.3615056856379041,1
0,0.16701856211887248,0
0,0.13348438466195828,0
0,0.14483039071868228,0
0,0.5521390295992765,1
0,0.1513215991425435,0
0,0.15831821276710561,0
0,0.07597090687379124,0
0,0.2158214650044396,0
0,0.7885096753579439,1
0,0.8192743247638783,1
1,0.2645868691553058,0
1,0.15667369846458531,0
0,0.059831632299776685,0
0,0.3848059954739919,1
0,0.19691931346734926,0
0,0.1664197964835441,0
0,0.4469697386817569,1
0,0.0923163699260015,0
0,0.7688801120960668,1
0,0.11338487994155606,0
0,0.1077264441263856,0
0,0.08108320402962468,0
0,0.13005765879650044,0
0,0.32834874020347626,0
0,0.1211038090244524,0
0,0.12146028090877799,0
0,0.05303415743263226,0
0,0.2315065722229592,0
0,0.305784711672831,0
0,0.5357854779837917,1
0,0.30861260021183845,0
1,0.3428230225229105,0
0,0.12371534094488176,0
0,0.0847599618891821,0
1,0.9142417763914653,1
0,0.19557157699834143,0
0,0.09800033507620996,0
0,0.19963814727757903,0
0,0.44016341033819584,1
0,0.27363962787662705,0
0,0.3880223099016239,1
0,0.7729081183947699,1
0,0.47384227579160504,1
0,0.12062573081825517,0
0,0.5643300299752089,1
0,0.16120804837222244,0
0,0.5120228074483338,1
0,0.20892664727130697,0
0,0.11472092289044289,0
0,0.23632387381625009,0
0,0.11890547688895327,0
0,0.40781721016737393,1
0,0.24687504581307504,0
0,0.12258776862536043,0
0,0.362340581887512,1
0,0.23678791381992165,0
0,0.8960780784662726,1
0,0.32515791769927993,0
0,0.08325457176365922,0
0,0.15430884577211834,0
0,0.3204448761708283,0
0,0.7984991607604076,1
0,0.36501920418122574,1
1,0.8103137006636794,1
0,0.10627157030660248,0
1,0.9195127615251516,1
0,0.6052025416311857,1
0,0.5721116707193605,1
0,0.22735655203293403,0
0,0.12572415587828484,0
0,0.2728077861849903,0
1,0.7295182550311319,1
0,0.07019552343214468,0
0,0.2923427471152301,0
0,0.08657899073735521,0
0,0.4631155719309078,1
0,0.11380905210708207,0
0,0.42349907291579275,1
0,0.6194773267829781,1
0,0.057194632648801744,0
0,0.12867612749723303,0
0,0.49358975426138935,1
0,0.09171435262597272,0
0,0.8871799385726004,1
0,0.11017102823278817,0
0,0.3032192760849771,0
0,0.1623862987159603,0
0,0.11709253752852895,0
0,0.30097410823729853,0
0,0.3996554992951198,1
0,0.20714755983097483,0
0,0.13235776125058576,0
0,0.19967697171184431,0
0,0.12775669593929956,0
0,0.11110034124166535,0
0,0.059231808540701085,0
0,0.20512898805817173,0
0,0.23859133636687146,0
1,0.7845148029424485,1
1,0.7062779103656726,1
0,0.5699313386660781,1
1,0.7326046747370696,1
1,0.9650522343372179,1
0,0.10780808093181281,0
0,0.09610093301362736,0
0,0.575580166249253,1
0,0.1659766817314488,0
0,0.09289421127781894,0
0,0.1345017248969286,0
0,0.15153310900178682,0
0,0.5870798209526548,1
0,0.14413752086062115,0
0,0.17638178790878453,0
0,0.4253883872975816,1
1,0.3409536621432476,0
0,0.2024909633015014,0
0,0.46287839727960356,1
0,0.19684310527923937,0
0,0.0815913081298147,0
0,0.7508703657879979,1
0,0.35816369169638357,1
0,0.12020639861947167,0
0,0.347732954005874,0
0,0.5645968719832585,1
0,0.3803037559659644,1
0,0.6910101841492727,1
0,0.06105998841008777,0
0,0.6506531914840552,1
0,0.6728783143255376,1
0,0.2141142974997297,0
1,0.8281440128729396,1
0,0.1598005140048561,0
0,0.13998441343395288,0
0,0.11865809485181887,0
0,0.09173133704640161,0
0,0.5172788021068417,1
0,0.7913541901664218,1
0,0.4861212697228876,1
0,0.6517344232630445,1
0,0.17472694632316296,0
0,0.06706727254942463,0
0,0.09592266476567031,0
0,0.5674631955667857,1
0,0.1502034210315777,0
0,0.488220173774341,1
0,0.14774225668828753,0
0,0.13569155746306819,0
0,0.4021795761086284,1
0,0.20102234017631826,0
0,0.5160253030144001,1
0,0.11527859313690056,0
0,0.145447140925135,0
0,0.052894606568467194,0
1,0.5380172386488428,1
0,0.5250575559407529,1
0,0.46210965108140545,1
0,0.11376734741070796,0
0,0.11615760023638609,0
0,0.3438354813359428,0
0,0.5138805471342717,1
0,0.2430386271805046,0
0,0.23900712350029588,0
0,0.11415573208549937,0
0,0.1905562563180445,0
0,0.19248735004781212,0
0,0.13577531608127574,0
0,0.23345360474151544,0
0,0.09673887819215438,0
0,0.07158176701118006,0
0,0.8671337355777854,1
0,0.3554903749838511,1
0,0.9195637630753468,1
0,0.15291130588544893,0
0,0.5773897179443618,1
1,0.5209758007978686,1
0,0.11608648155127622,0
0,0.6846417663724663,1
0,0.7326755049308623,1
0,0.11321894059495007,0
0,0.07441171457968992,0
0,0.362785136934758,1
0,0.6039574667413258,1
0,0.2609408902567861,0
0,0.19513619679889663,0
0,0.38566175252940593,1
0,0.11339299542108336,0
0,0.3293374779684006,0
0,0.44257851579583957,1
0,0.1252329561036788,0
0,0.1478473022157306,0
1,0.8848265744382127,1
0,0.49646983117520754,1
0,0.2150379266348503,0
0,0.1336603256012372,0
0,0.13087961545293092,0
0,0.626423491221977,1
1,0.20748427188678517,0
0,0.10533038874030502,0
0,0.08741671976005917,0
0,0.42890682310880673,1
1,0.5515989674273625,1
0,0.10938493840470921,0
0,0.19989672873440584,0
0,0.09451595067296055,0
0,0.12986543640546067,0
0,0.08899370632739692,0
0,0.5597735304901507,1
0,0.15956952488821224,0
0,0.9396231918479306,1
0,0.9346805259755513,1
1,0.7886012047600783,1
0,0.13996353698976988,0
0,0.04763656652779739,0
0,0.18940686832765444,0
0,0.1127691772749148,0
0,0.5496160245851724,1
0,0.1884157308963746,0
0,0.2250283748004876,0
0,0.38473687977667415,1
0,0.17673246144039556,0
0,0.07879165129349287,0
0,0.4553960008718794,1
0,0.36837740689165405,1
0,0.4086347884717765,1
0,0.37786156849465913,1
0,0.21473484631765422,0
0,0.1579128395187564,0
1,0.18567773676330712,0
0,0.15244244782877603,0
0,0.26566035072617106,0
0,0.9450846111011947,1
0,0.305202637406568,0
0,0.22409246016848247,0
0,0.2976142604049101,0
0,0.0588829649293527,0
0,0.14636788514835497,0
0,0.16965350416104072,0
0,0.16123795644339436,0
0,0.1255593053730112,0
0,0.0974850138251557,0
0,0.10453616137098422,0
0,0.24948561616465378,0
0,0.4476532811230993,1
0,0.08206022908164881,0
0,0.08908540999345266,0
0,0.13963719412137665,0
0,0.5262417580627984,1
0,0.7581889666724363,1
0,0.22153674764820058,0
0,0.6252111905151504,1
0,0.10764668168469906,0
0,0.43169437870617144,1
0,0.07473153409244086,0
1,0.6988332751385856,1
0,0.7274719226373901,1
0,0.22216569242113895,0
0,0.09652248467695627,0
0,0.07342406380041896,0
0,0.5606052780780414,1
0,0.07085485745150519,0
0,0.5059847086504706,1
1,0.7962413984153326,1
0,0.2070390140230923,0
0,0.34697948067651707,0
1,0.9303235924402099,1
0,0.13324953205992077,0
0,0.08642756839958811,0
0,0.11980863848752724,0
0,0.06859576015755216,0
0,0.09637642302642027,0
0,0.2341634582164645,0
0,0.1555861261075934,0
0,0.4512293689973048,1
0,0.1781940282926038,0
0,0.137999829357759,0
0,0.29813083360155507,0
0,0.1336873671611481,0
0,0.4707409104122677,1
0,0.1381111642092368,0
0,0.9470616960177309,1
0,0.14398605806872813,0
0,0.823995651192016,1
0,0.08582759056010253,0
0,0.17305774069401067,0
0,0.25809278891732695,0
0,0.43275761807223934,1
0,0.32262463587803436,0
0,0.41621243762724996,1
0,0.0844223893157993,0
0,0.9541575640783534,1
0,0.058815551878796425,0
0,0.48630273714890127,1
1,0.9047446828155453,1
0,0.4088103368054077,1
0,0.3037052231428861,0
0,0.14544955123902645,0
0,0.15931826080134315,0
0,0.14344366427431293,0
0,0.3139608687671445,0
0,0.371493820157386,1
0,0.43240115945708585,1
0,0.578927353314128,1
0,0.20409189314002865,0
0,0.11374804060281667,0
0,0.3253978636373836,0
0,0.3329428738562397,0
0,0.6401193572632472,1
0,0.6154906933571906,1
0,0.13399296514245027,0
1,0.9469699662818762,1
0,0.2214603069374481,0
0,0.1285076031912773,0
0,0.16051545817588692,0
0,0.48620114585511326,1
0,0.49765742650147426,1
0,0.21759929596559033,0
0,0.2810990325276892,0
0,0.16622709437346514,0
0,0.8033119661556319,1
0,0.12764544704809913,0
0,0.5573895887660059,1
0,0.45019561774750616,1
0,0.8435318914756607,1
0,0.15240286276308543,0
0,0.2867393264352156,0
0,0.4479517389946306,1
0,0.22225100452454857,0
0,0.12323135234973825,0
0,0.5322212603629203,1
0,0.251310855813136,0
0,0.6323647415775605,1
0,0.4075800836028004,1
0,0.14109851732246567,0
0,0.19925362243871994,0
1,0.5516422182318597,1
0,0.5776623514211411,1
0,0.13016990651774307,0
0,0.13733125705302618,0
0,0.6202400166565807,1
0,0.4892863391508007,1
1,0.9467527164668013,1
0,0.3155975101833374,0
0,0.12519128379595873,0
0,0.1398438685881843,0
0,0.13539052857075082,0
0,0.3275264234187594,0
0,0.6117349738623283,1
0,0.8044005967883591,1
0,0.4146407330127199,1
0,0.47884753274387604,1
0,0.10635949862749912,0
0,0.09293395638368059,0
1,0.6829413074769474,1
0,0.13368641654035568,0
0,0.447801073652796,1
0,0.8486550795260943,1
0,0.15031277946514915,0
0,0.10174877565723235,0
0,0.20682566053878673,0
0,0.3413859631051819,0
0,0.3346093211086433,0
0,0.7561326881762378,1
0,0.1474409852314425,0
1,0.8181180202759948,1
0,0.30553583354111774,0
0,0.06354633141577964,0
0,0.3413366289370216,0
0,0.3779788251231367,1
0,0.18292946706219232,0
0,0.08303400835269112,0
0,0.7582741658523536,1
0,0.500847370548718,1
0,0.5420548685179385,1
0,0.3629326998998272,1
0,0.09354649801955163,0
0,0.7553220912795073,1
0,0.13122304445230668,0
0,0.17247057453781153,0
0,0.620978265339316,1
0,0.5926464053140496,1
0,0.8135677610022595,1
0,0.6671289581438657,1
0,0.552495123507573,1
0,0.21213558160484217,0
0,0.10996154642543172,0
0,0.15592566383304074,0
0,0.2628903738633061,0
1,0.878242278833864,1
0,0.17474295837871084,0
0,0.17195008060596484,0
0,0.18035177545709086,0
0,0.2414761258891538,0
0,0.14545786985337744,0
0,0.5543496474993546,1
0,0.47556591133425863,1
0,0.13265010956287313,0
0,0.08415397295919308,0
0,0.3498564076797534,0
0,0.1447327998507362,0
0,0.09914649035340307,0
0,0.7768686173552606,1
0,0.27811002285837616,0
0,0.5100940840910352,1
0,0.26586167676656314,0
0,0.2614193559475981,0
0,0.10974631772964315,0
0,0.383763960446841,1
0,0.12272578956726858,0
0,0.08097920552779932,0
0,0.2712675429838978,0
0,0.6090782306375074,1
0,0.1064428486437619,0
0,0.1142531949735908,0
0,0.07980587336849099,0
0,0.0562566634178741,0
0,0.3023573786822329,0
0,0.08667207102298771,0
0,0.14839183555916793,0
0,0.12091746661607956,0
1,0.8848684148877974,1
0,0.08115406137723083,0
0,0.07176574144645037,0
0,0.5002011765643763,1
0,0.9031732295992733,1
0,0.125858527797364,0
0,0.07308753282782132,0
0,0.27673275046201773,0
0,0.7392410074908079,1
0,0.1107383908379354,0
0,0.10435263181289764,0
0,0.1246571644327634,0
0,0.5914031075050012,1
0,0.11512759774107967,0
0,0.48947221212026887,1
0,0.12199058473599554,0
0,0.37976181400234993,1
0,0.8562931803374992,1
0,0.40671180825020303,1
0,0.3676231080935956,1
0,0.23289664712972638,0
0,0.11488206943823959,0
0,0.12715011286482789,0
0,0.7468803934901997,1
0,0.17984300227549838,0
0,0.22956843127752216,0
0,0.20402517917008905,0
0,0.11768725467996795,0
0,0.10647582962724325,0
0,0.2799436035075685,0
0,0.49690761804922623,1
1,0.6938261501466957,1
0,0.21036973248496835,0
0,0.6893998059288834,1
0,0.10722536957604184,0
0,0.10521984733058966,0
0,0.6199052591532173,1
0,0.15950485479988474,0
0,0.19465546116030108,0
0,0.23576326849475332,0
0,0.25810944232160277,0
0,0.23581303965688738,0
0,0.2504812327030074,0
0,0.5337802386356006,1
1,0.18305059075288388,0
0,0.21880203902324538,0
0,0.1785501581658407,0
0,0.18552892527345238,0
0,0.56649003447484,1
0,0.08685609089412422,0
0,0.12744859709677056,0
0,0.14513337957925848,0
0,0.1776352684876189,0
0,0.11950412040775482,0
0,0.10498309407826976,0
1,0.6347219800470709,1
0,0.1537363638666717,0
0,0.2501237418097946,0
0,0.18048778661743572,0
0,0.38958890579147654,1
0,0.5704246209962598,1
0,0.4497919649400861,1
0,0.24510419728979285,0
0,0.07946690222755201,0
1,0.9309487003105589,1
0,0.42851599847699134,1
0,0.18881648299564224,0
0,0.08078459850570867,0
0,0.2347874294784135,0
0,0.28724283418485946,0
0,0.14337473634604894,0
0,0.8550828347833823,1
0,0.12475050800342058,0
0,0.07549761256392491,0
0,0.09830383692706651,0
0,0.1280423220624157,0
0,0.1079206610304117,0
0,0.1693049392673416,0
0,0.26907755573797126,0
0,0.8737018944733025,1
0,0.5254355576969403,1
0,0.6375978854970077,1
0,0.31285081565669404,0
0,0.6270714795517865,1
0,0.10751622100601935,0
0,0.4079834838517266,1
0,0.14236936729341101,0
0,0.10982974168255186,0
0,0.46639954542640755,1
0,0.3031326106653955,0
0,0.09110273283943958,0
0,0.6031847513762552,1
0,0.08134786120602021,0
0,0.08480867221613604,0
0,0.3991578943438156,1
0,0.05870484532713414,0
0,0.07620944773192373,0
0,0.25616924510074607,0
0,0.16794019201473914,0
0,0.7846223010331116,1
0,0.07507089617814365,0
0,0.14336073431308463,0
1,0.07462935345087611,0
1,0.7703105878488585,1
0,0.5868532275108417,1
0,0.09413818745810221,0
0,0.6004022427613892,1
0,0.18974057223393392,0
0,0.2568395295325005,0
0,0.1750647242888297,0
0,0.30088212923102203,0
0,0.21221185913639376,0
0,0.6621844690465657,1
0,0.08321502855728642,0
0,0.23568826623172456,0
1,0.8953552916460948,1
0,0.18434924294126634,0
0,0.5255153086886334,1
0,0.4897846149976642,1
0,0.590768865205192,1
0,0.7037600962945925,1
0,0.06551749298267111,0
0,0.1037986284264367,0
1,0.8572935849507094,1
0,0.40102214128045455,1
0,0.1349030948086517,0
0,0.1938781655567968,0
0,0.1953218021294726,0
1,0.8493048005949541,1
0,0.17749776009251042,0
0,0.18559821713882735,0
0,0.8477487539119394,1
0,0.12053337034148681,0
0,0.10516241898325242,0
0,0.5488755993128962,1
0,0.22274219631037412,0
0,0.10017787192338688,0
0,0.18590814814882464,0
0,0.08938543301192363,0
0,0.11232891355478086,0
0,0.636187806207555,1
0,0.08991187022526258,0
0,0.6179269964307756,1
0,0.6582026177686023,1
0,0.24209787191335455,0
0,0.7732216617646985,1
0,0.10116317665027513,0
0,0.787017797789002,1
0,0.21983017886532807,0
0,0.3494242832475062,0
0,0.1395246433050813,0
0,0.06431898838037962,0
0,0.6571403165695782,1
0,0.4261186026615742,1
0,0.1665613964370898,0
0,0.13273838090976384,0
1,0.9512555746600073,1
0,0.0819314819233976,0
0,0.08540859269008882,0
0,0.1430829053996156,0
1,0.8674049890097194,1
0,0.2680486282209582,0
0,0.06216304107279513,0
0,0.21102195787728517,0
1,0.896921037358227,1
0,0.10760435718634875,0
0,0.10040496050817754,0
0,0.18025169638358418,0
0,0.1048980800552686,0
0,0.35631470422349226,1
0,0.1005298653600071,0
0,0.48488551096554316,1
0,0.1737412774106271,0
0,0.10718463149222991,0
0,0.08592878579744147,0
0,0.5305192365355483,1
1,0.902267689681461,1
0,0.10081010107269023,0
0,0.7466209604906064,1
0,0.38049911655221524,1
1,0.8503319057478277,1
0,0.07094538203124368,0
0,0.08423548475732165,0
0,0.09435054908933056,0
1,0.48479371632645507,1
0,0.3621743191003748,1
0,0.4709294538117475,1
0,0.09303468675323884,0
0,0.09496272669482833,0
0,0.27194124001387227,0
0,0.16056376383849666,0
0,0.18011184659289123,0
0,0.7597367345939395,1
0,0.1417245554219228,0
0,0.2526746221565393,0
0,0.44992900283624804,1
0,0.5724732523528286,1
0,0.10847487549932101,0
0,0.56373937030172,1
0,0.13441535603676227,0
0,0.11932192433951447,0
0,0.08936120429247572,0
0,0.14704878501223825,0
0,0.20377750492426075,0
1,0.9270257406519613,1
0,0.05562241549949063,0
0,0.20532102350029735,0
1,0.21472807217070566,0
0,0.4377262867331897,1
0,0.11531761494627896,0
0,0.6088491791631164,1
0,0.36738913924044225,1
0,0.12095806814894355,0
0,0.08347446980288949,0
0,0.06877925379670682,0
0,0.07240557096559554,0
0,0.37099510604527824,1
0,0.05172725633539639,0
0,0.11547261369740856,0
0,0.27346199355900125,0
0,0.2619423033452315,0
0,0.17410256318501421,0
0,0.36337657595589007,1
0,0.38248993258769126,1
0,0.08317547501095043,0
0,0.0812906188343801,0
0,0.11684582623715056,0
0,0.08878981360618414,0
0,0.25055191115658715,0
0,0.09927276541832819,0
0,0.2063126609529808,0
0,0.6091028213210798,1
0,0.16150001080835744,0
0,0.1424518491309619,0
0,0.14067267584942744,0
0,0.08962443121297767,0
0,0.10450835098356875,0
0,0.21840288518239967,0
0,0.10922482438804247,0
0,0.08195253481293602,0
0,0.05161055124951215,0
0,0.4764165109351949,1
0,0.19328524343321477,0
0,0.35473678270470715,1
0,0.18717591999052646,0
0,0.1194377468922326,0
1,0.5428432989850016,1
0,0.07309275592994038,0
0,0.5088628343776506,1
0,0.17011237534016527,0
0,0.5488124088042539,1
0,0.09344093569737297,0
0,0.1780702891394523,0
0,0.07700842207568045,0
1,0.7343905300162995,1
0,0.3102239817306111,0
0,0.17659217080226527,0
0,0.11709028619680659,0
0,0.15514081876893365,0
0,0.09044338025964083,0
0,0.8141919839679765,1
0,0.11766258669453698,0
0,0.05211468940115305,0
0,0.2897753933589589,0
0,0.16539808003389134,0
0,0.7420568794786415,1
0,0.14775971721254474,0
0,0.3263599721546969,0
0,0.5721809473576075,1
0,0.09329200941325945,0
0,0.1262154873696818,0
0,0.4989089680629009,1
0,0.11662080811350073,0
0,0.8425568542760443,1
0,0.21437958826797587,0
0,0.0847609768818949,0
0,0.09087318583915653,0
0,0.31199738613352695,0
0,0.5180335299515562,1
0,0.3681807425095599,1
1,0.9099034636036989,1
0,0.4876943060157029,1
0,0.11763831594005503,0
0,0.8791165627950769,1
0,0.5401243760598423,1
0,0.09876296531485501,0
0,0.8602184637701775,1
1,0.9519865712647817,1
0,0.1263333318560146,0
0,0.44086195931567235,1
0,0.12553256729554937,0
0,0.3044307066383139,0
0,0.3501862101307553,1
0,0.4029528791842293,1
0,0.11242015679387776,0
0,0.5458109833121912,1
0,0.32485792585116885,0
0,0.11203813139003498,0
0,0.12832608573176185,0
0,0.510491090790005,1
1,0.933069612263873,1
0,0.5141648633552443,1
0,0.09581393240929588,0
0,0.16090194481170453,0
0,0.10799661711540107,0
0,0.2200025662924016,0
0,0.4704518003859701,1
0,0.21653545680093303,0
0,0.16268486807870763,0
0,0.3053876627391795,0
0,0.05776529201839664,0
0,0.24971201489214717,0
0,0.3444314064037501,0
0,0.0757715270373577,0
0,0.16047730054569895,0
0,0.5408967151580027,1
1,0.12719478543865578,0
0,0.3641466350718554,1
0,0.5177055833161227,1
0,0.34071330695762403,0
0,0.2312355199934551,0
0,0.5267960908371145,1
0,0.08065704600501314,0
0,0.5173410959566598,1
0,0.10197975924634002,0
0,0.059281013785697854,0
0,0.09034954430782896,0
0,0.09621173356013166,0
0,0.5348920889093184,1
0,0.3328029975413836,0
0,0.08383588800845897,0
0,0.2131092527175783,0
0,0.38659700946705644,1
0,0.07657173133369917,0
0,0.20931715967864598,0
0,0.6039200067870442,1
0,0.10268272558530529,0
0,0.10276958078840387,0
0,0.4015779348559846,1
0,0.07410018078457088,0
0,0.12161713548718259,0
1,0.8378765756638387,1
0,0.056316535751484015,0
1,0.5402406815790515,1
0,0.3088631792554694,0
0,0.7917462337608305,1
0,0.2578180479050368,0
0,0.05303415743263226,0
0,0.17706050774381812,0
1,0.9385173770841994,1
0,0.11656256919276155,0
0,0.13138649850508902,0
0,0.5650412166761366,1
0,0.11928602047121493,0
0,0.27000203412285106,0
0,0.11917942736930275,0
0,0.17035741328883744,0
0,0.21343053279410598,0
0,0.34761953088229197,0
0,0.3962458181280888,1
0,0.43769305829760213,1
0,0.12566749739305838,0
0,0.19522204853076494,0
0,0.1672415689263725,0
0,0.16363148676366768,0
0,0.19714372850996723,0
0,0.17900907433057756,0
0,0.12958255646442296,0
0,0.2824528627615074,0
0,0.07433254566688803,0
0,0.1152036043412132,0
0,0.2361370787497153,0
0,0.6314349865536688,1
0,0.4862524150790813,1
0,0.25619099828072556,0
0,0.2616642680365501,0
0,0.23463480661923275,0
0,0.10889382350870773,0
0,0.31161254507057734,0
0,0.3652321961655601,1
1,0.7088411806465651,1
0,0.5227441908400156,1
1,0.6425885227866925,1
0,0.11187352512200176,0
0,0.12238208816076444,0
0,0.19708793812952868,0
0,0.1564686573324508,0
1,0.6446785611498588,1
0,0.6591281599132383,1
0,0.25956930566437536,0
0,0.10500513332030967,0
0,0.3377113096987804,0
0,0.08184876291503759,0
0,0.5425794989584385,1
0,0.1406149759246789,0
0,0.5117205044118706,1
0,0.17780154053597166,0
1,0.95611571339535,1
0,0.0590446809460007,0
0,0.16744527474563434,0
0,0.7802042028849726,1
0,0.5845157047023183,1
0,0.16060875208274863,0
0,0.9553735011496214,1
0,0.6561596855522018,1
0,0.10004334655982472,0
0,0.06712236372781934,0
0,0.15546694547494733,0
0,0.13260308730190032,0
0,0.44800374430331574,1
0,0.42233593345437326,1
0,0.7341188010094316,1
0,0.19301023698092318,0
0,0.716406696042149,1
0,0.18718422429799333,0
0,0.4727338790543189,1
0,0.2042383728740215,0
0,0.36687786245577353,1
0,0.40279547179991143,1
0,0.48917183628260413,1
0,0.10060064817992159,0
0,0.2933783552437214,0
0,0.15069167157371102,0
0,0.09146925015657283,0
1,0.748721680730239,1
0,0.07591247574596638,0
0,0.11366415624971035,0
0,0.09651681235233282,0
1,0.4122546826284185,1
0,0.09469966539856006,0
0,0.9345499675696955,1
0,0.128027547310397,0
0,0.37717129372721697,1
0,0.6533930398552034,1
0,0.11835332302974462,0
0,0.5901147695569368,1
0,0.8820444175435462,1
0,0.20966401056671113,0
0,0.2821833187747062,0
0,0.06252330416952177,0
0,0.25967165216172705,0
0,0.45775400975406333,1
0,0.12611737634554301,0
0,0.2776573432568357,0
0,0.1924610515538808,0
0,0.5220886867521792,1
0,0.10967201140866954,0
0,0.25737285669537724,0
0,0.18080424817579716,0
0,0.06865369544763751,0
0,0.16479369385414808,0
0,0.11877879425056953,0
0,0.13505750403948036,0
0,0.933236398474406,1
0,0.1331269596789573,0
0,0.5653707798444337,1
1,0.8353145104239087,1
0,0.09464515700908394,0
0,0.09962292263877504,0
0,0.0961617240941508,0
0,0.19530421968024056,0
0,0.12469749369972037,0
0,0.3452562725160212,0
0,0.7035025440277614,1
0,0.6532068626128293,1
1,0.5093891812802411,1
0,0.2732932404397919,0
0,0.5681296520548799,1
0,0.24790186298489167,0
0,0.1667685918207427,0
0,0.19906002734465664,0
0,0.12152092091950768,0
0,0.39922593181381333,1
0,0.12981631112135386,0
0,0.1420058449058957,0
0,0.2990770528540737,0
0,0.8616704058321147,1
0,0.4873547706932505,1
0,0.15033829276767693,0
0,0.3801902730371905,1
0,0.1788566402540791,0
0,0.28533174579217724,0
0,0.13531683137954537,0
0,0.1689122124519874,0
0,0.4050157109239015,1
0,0.6361809399197499,1
0,0.3016935718924206,0
0,0.22939815736767108,0
0,0.14384570385234471,0
0,0.13540525546314694,0
0,0.07990786025915202,0
0,0.13634322011773495,0
0,0.0969812196168003,0
1,0.922116916805913,1
0,0.11967548578063986,0
0,0.2648266903986445,0
0,0.07734594606808877,0
0,0.3670275071076914,1
0,0.3373506119073539,0
0,0.12394341814343356,0
0,0.14570037125746574,0
0,0.4148782903176884,1
0,0.054990175139599154,0
0,0.06009358623992229,0
0,0.22426940439012366,0
1,0.8252338432782201,1
0,0.05599694601270521,0
0,0.4340513117596231,1
0,0.6069575042280348,1
0,0.1192197334952827,0
0,0.748814821119608,1
0,0.4012007026932231,1
0,0.3891020069757846,1
0,0.11389436456686826,0
0,0.06950022947773413,0
0,0.1688308325295774,0
0,0.1859958919958874,0
0,0.4473356418194881,1
0,0.8127770027465285,1
0,0.31729789297419175,0
0,0.20022907002356147,0
0,0.9607115381537839,1
0,0.09696446083762675,0
0,0.11607927310458462,0
0,0.5800052570288666,1
0,0.09721716696686868,0
0,0.11872711012738689,0
0,0.10874107102051878,0
0,0.29276569058743684,0
0,0.16076930912283408,0
0,0.24692930395856408,0
0,0.11636836957777721,0
0,0.18288089470819396,0
0,0.3683613345697737,1
0,0.7623992886724459,1
0,0.18241808169662976,0
0,0.5149105792683709,1
0,0.14590277568641444,0
0,0.08512729310272016,0
0,0.14702120611856842,0
0,0.44987455978148444,1
0,0.30517451207210955,0
0,0.7046241016436134,1
0,0.5846330746608972,1
0,0.1260959153323674,0
0,0.0839274690057306,0
0,0.4577551459867173,1
0,0.4023171025066429,1
0,0.07088931311041716,0
0,0.16312673278686232,0
0,0.7496944771663233,1
1,0.5020485161901114,1
0,0.18585644596023368,0
0,0.10674612685971825,0
0,0.2371077576052464,0
0,0.23125563609305086,0
0,0.390608426621977,1
0,0.23253122399420975,0
0,0.0959601485447026,0
0,0.22246620676840767,0
0,0.20312730031315257,0
0,0.17578075751036804,0
0,0.21999319580215385,0
0,0.10495868324425214,0
0,0.07874714668590534,0
0,0.14985731139826794,0
0,0.19390682842897494,0
0,0.5112812834980464,1
1,0.12161780077785776,0
0,0.4086355964634672,1
0,0.19011409395059825,0
0,0.11135344329359059,0
0,0.5192861273377647,1
0,0.08197357528606282,0
1,0.8458959697768106,1
0,0.41667557142701733,1
0,0.4051382617101976,1
0,0.5436395207967368,1
0,0.06767025701423493,0
0,0.19695587784223687,0
0,0.08076327502243417,0
0,0.15066701988697276,0
0,0.14920288338279142,0
0,0.17890106214552967,0
0,0.2171566271053706,0
0,0.7449889145753306,1
0,0.12348741064223316,0
0,0.6315167781418685,1
0,0.32616732632183165,0
0,0.11411369268879054,0
0,0.41651063435951124,1
0,0.13533401031537123,0
0,0.07154381939538942,0
0,0.1349079685072261,0
1,0.2983302511947105,0
0,0.11511360931077114,0
0,0.936166742237253,1
0,0.2549645989839214,0
0,0.5414652996879558,1
0,0.3177064804946234,0
1,0.7989951100759999,1
1,0.7903698245538933,1
0,0.20689797315947137,0
0,0.1658825187465623,0
0,0.09220509957973182,0
0,0.12988506175756437,0
0,0.5517569139334931,1
1,0.6495979267572041,1
0,0.10512950644388142,0
0,0.38970980115157017,1
0,0.4429564963880181,1
0,0.37373189953067926,1
0,0.5941231515727629,1
0,0.11270953718025611,0
0,0.09973669848107579,0
0,0.2099256646439855,0
1,0.9523270538210857,1
1,0.5434683100730168,1
0,0.15166039511958956,0
0,0.6045853968856267,1
0,0.0761216370630094,0
0,0.09628705234135682,0
0,0.0845404220472382,0
0,0.16171907863003127,0
0,0.13419227245215923,0
0,0.35386970379674776,1
0,0.4928277456727464,1
0,0.3449795422407853,0
0,0.5067408256879019,1
0,0.1280928883899217,0
0,0.2912290272076294,0
0,0.33172806707357255,0
0,0.0513787029704422,0
0,0.060524307967167665,0
0,0.22163640447754004,0
0,0.11389107112348547,0
0,0.11841960475055395,0
0,0.2059127822245123,0
0,0.20833988767747297,0
0,0.3271452493530646,0
0,0.8605515711323551,1
0,0.05798209065215055,0
0,0.11421591045918836,0
0,0.1345978639908259,0
0,0.3166267200169755,0
0,0.36030649850257307,1
0,0.6255860386241916,1
0,0.3530410086697604,1
0,0.7515187742581385,1
0,0.33145963411262547,0
0,0.22102987262922302,0
0,0.3307719074102257,0
1,0.9438850749191416,1
0,0.17958788490462793,0
0,0.2405052632401921,0
0,0.5160660154815143,1
0,0.3674966272318905,1
0,0.15089925894928743,0
0,0.1454167350637046,0
0,0.3368250595630786,0
0,0.7303303707797518,1
0,0.4083098753133378,1
0,0.6224934350078934,1
0,0.09892368395515824,0
0,0.3763930192497792,1
0,0.24823608715888942,0
0,0.3591431656709155,1
0,0.13567619751400778,0
0,0.4562830467572825,1
0,0.6356043097404526,1
0,0.425349172425958,1
0,0.46071495088229436,1
0,0.1864227444401723,0
0,0.7566519967821999,1
0,0.38293488617949367,1
0,0.21975764875758236,0
0,0.23277390630541261,0
0,0.4857127318412965,1
0,0.34969869843263107,0
0,0.09861081919415834,0
0,0.11786871217211571,0
0,0.4972211387832927,1
1,0.30164932682238427,0
0,0.2706000593878592,0
0,0.25146670799649573,0
0,0.20132116228661248,0
1,0.1751704892852385,0
0,0.23579039602713933,0
0,0.11975291458172586,0
0,0.0875916027011956,0
0,0.14129243876018813,0
0,0.8171991925303058,1
0,0.1704674231876873,0
0,0.15744283081800892,0
0,0.7857636619430738,1
0,0.15645486418928709,0
0,0.11953035866372436,0
0,0.351721616478625,1
0,0.5752816681943013,1
0,0.2612841875704437,0
0,0.33500267687687413,0
0,0.3040376944936419,0
0,0.11453029567756251,0
0,0.1709520862330328,0
0,0.12807845603854637,0
0,0.20828408578186236,0
0,0.12068314999057357,0
0,0.488615545460245,1
0,0.09001979152568323,0
0,0.8449025003790246,1
0,0.062106206154668275,0
0,0.10315804348630192,0
0,0.4173887185716512,1
0,0.21661954456921856,0
0,0.18007551944840922,0
0,0.16892407592147043,0
0,0.7380344456875217,1
0,0.4307383034543594,1
1,0.6019831146096418,1
0,0.1174639455037174,0
1,0.7819352914604368,1
0,0.8732240291241506,1
0,0.29451944018995185,0
0,0.10824511730025503,0
0,0.05749305141874951,0
0,0.13179522032537463,0
0,0.14865586747975348,0
0,0.5272614047333636,1
0,0.7380838241101182,1
0,0.1523283203022632,0
0,0.30950988553705916,0
0,0.1809591526454616,0
0,0.5807624014720413,1
0,0.3483937692980414,0
0,0.05221120861306333,0
0,0.12114371779148167,0
0,0.15103867467871257,0
0,0.19536148277515727,0
0,0.7001568849661636,1
0,0.08122264497860565,0
0,0.2279574651208201,0
0,0.23917240730498052,0
0,0.1742940371500078,0
0,0.2750191034531469,0
0,0.8607419257025547,1
0,0.11059451707487356,0
0,0.645264311216123,1
0,0.3753283939402954,1
0,0.10636984680209678,0
0,0.5330758168122213,1
0,0.4231760041500884,1
0,0.7759749439057291,1
0,0.29817083496104946,0
0,0.8552202756208059,1
0,0.10719177254373805,0
1,0.889033977619376,1
0,0.1759179890278107,0
0,0.09908996874325524,0
1,0.522024373344314,1
0,0.31444906371375886,0
0,0.07366717052249905,0
0,0.20233044615804643,0
0,0.12981043111431165,0
1,0.8847581963691493,1
0,0.608306372093688,1
0,0.2751161143894801,0
0,0.5821227101903831,1
0,0.2627288587660807,0
0,0.07426332206241257,0
0,0.14412877919172315,0
0,0.20172377597817254,0
0,0.08649788180883594,0
0,0.1500137795536822,0
0,0.3578450906724986,1
0,0.14418252372405607,0
0,0.1950785695461956,0
0,0.13524382697671947,0
0,0.5266007825354246,1
0,0.31581752471801,0
0,0.12867833767951775,0
0,0.5602443586902159,1
0,0.23209377378203058,0
0,0.06912100027601427,0
0,0.23479192973283025,0
0,0.6679055438194994,1
0,0.11327836694600495,0
0,0.17928389585319424,0
1,0.9560128817800533,1
0,0.4124021783492634,1
0,0.6484319821375553,1
0,0.573233924944632,1
0,0.6137228104362213,1
0,0.24950176378113298,0
0,0.12681526764922307,0
0,0.14861117880525168,0
0,0.4742117025843956,1
0,0.11405500190084968,0
0,0.46996774101913974,1
0,0.15991293992893557,0
1,0.8232304512480639,1
0,0.4625625526511583,1
1,0.9110429051012647,1
0,0.1005340849101094,0
0,0.12059166717258438,0
0,0.15252857775498924,0
0,0.16443661031247742,0
0,0.08480642069956129,0
0,0.753444198846484,1
0,0.4767930545907925,1
0,0.3639875666625776,1
0,0.8548033440608956,1
0,0.4725039158298177,1
0,0.1259053264793103,0
0,0.13211026101844928,0
0,0.44080194614619683,1
0,0.5079465576553669,1
0,0.10567997581372023,0
1,0.8557091092118637,1
0,0.3044926092627025,0
0,0.19023525304032496,0
0,0.772303525295792,1
0,0.12044148613948993,0
0,0.17711338733144047,0
0,0.05697169387142285,0
0,0.11007771159423427,0
0,0.13556636994401774,0
0,0.09296822579400037,0
0,0.33468197267554717,0
0,0.21073430076688615,0
0,0.5065395130170532,1
0,0.7941914931701726,1
0,0.22511306996112604,0
0,0.8899765187008583,1
0,0.2194327566906341,0
0,0.5867359810591823,1
0,0.21352648248173756,0
0,0.58986411922773,1
0,0.4634567267358773,1
0,0.17837596680100132,0
0,0.3036320446474332,0
0,0.06748497635496542,0
0,0.208741769910871,0
0,0.1607845151937981,0
0,0.43388350459872366,1
0,0.197524575509443,0
0,0.1674333998684759,0
0,0.10082436950269061,0
0,0.44215773307822864,1
0,0.8199151967380872,1
0,0.14142442924591017,0
0,0.26353095315461034,0
0,0.216863723231249,0
0,0.2269860450445421,0
0,0.271741031336861,0
0,0.5931106629766518,1
0,0.16670598969461764,0
0,0.1414095854115663,0
0,0.5471561476978143,1
0,0.14366780620358477,0
0,0.28050827718579685,0
0,0.32072023317072595,0
0,0.45351277842982957,1
0,0.40376814049846566,1
0,0.12508178004677314,0
0,0.39837569551504054,1
0,0.8394383321534059,1
0,0.07316888432859818,0
0,0.12519727854113463,0
0,0.24133177288101582,0
0,0.38916385732240083,1
0,0.05530459575345525,0
0,0.17419009392835128,0
0,0.4537825627441574,1
1,0.8630695202291377,1
0,0.1561724000293702,0
0,0.8576612128376587,1
0,0.1272992149131238,0
0,0.12161956001361948,0
0,0.8478453459646487,1
0,0.8420685908604495,1
0,0.14452001985183724,0
0,0.21722059115551678,0
0,0.08102669116236057,0
0,0.08745287676241137,0
0,0.40122528003780605,1
0,0.16480992653792328,0
0,0.9386948167823984,1
0,0.174199352353333,0
0,0.054678494233467004,0
0,0.14964591966222077,0
0,0.8562793720335286,1
0,0.828163467357163,1
0,0.12509848651730024,0
0,0.5433961227909594,1
0,0.07214993963886114,0
0,0.06324277803856697,0
0,0.8221332011393147,1
0,0.694712417713515,1
0,0.0816329176011321,0
0,0.14898265452972242,0
0,0.13252860261737565,0
0,0.05726998150248658,0
0,0.42246825322082043,1
0,0.7120068003329721,1
0,0.17409829200560134,0
0,0.16551711837464703,0
1,0.4955883336931317,1
0,0.37425188515461033,1
0,0.3536045226037862,1
0,0.19824539109600967,0
0,0.10681865358624282,0
0,0.49771046356750637,1
0,0.30722102379968386,0
0,0.45860012353195617,1
1,0.4824114302694671,1
0,0.5577493015758798,1
0,0.11339136120979765,0
0,0.42913911538833627,1
0,0.10660590561780224,0
0,0.3241868881348931,0
0,0.21339473375635934,0
0,0.9486087094820681,1
0,0.1407573702254953,0
1,0.8452668401039858,1
0,0.8567501366565679,1
0,0.9338341839876477,1
0,0.33496221095462836,0
0,0.17713398646658526,0
0,0.33838332172567237,0
0,0.29877334737916167,0
0,0.11064170423021275,0
0,0.16165697597447062,0
0,0.12105765718723875,0
1,0.3192922594351178,0
0,0.5791454593566584,1
0,0.0965918825667675,0
0,0.16756774214888062,0
1,0.8415867311212625,1
0,0.505766040982856,1
0,0.174028492022266,0
0,0.33100593541646667,0
0,0.319821267756321,0
1,0.5842397517796905,1
1,0.8501014984345132,1
0,0.0901322151432025,0
0,0.15736200869455882,0
0,0.36976577448332554,1
0,0.13397048030822045,0
0,0.09278270369765206,0
0,0.14861627796965785,0
0,0.13059546191979188,0
0,0.35216815175471045,1
0,0.07756533016845976,0
0,0.3743428439735854,1
0,0.15205178646826656,0
0,0.16596685563362445,0
0,0.5334084430858737,1
0,0.7876202412868829,1
0,0.49648034439072347,1
0,0.8784718908188368,1
0,0.1363606367431172,0
0,0.28479503059222966,0
0,0.7880897254823958,1
0,0.5761118488225845,1
0,0.37059572021666026,1
0,0.1683772288082707,0
0,0.17839368589839794,0
0,0.9197398418256209,1
0,0.9061885891890379,1
0,0.1433683333913783,0
0,0.07501865184470104,0
0,0.5311483000979863,1
0,0.21203958435471948,0
0,0.06789503553755157,0
0,0.07732103060268364,0
0,0.139960611289555,0
0,0.08766881499358896,0
0,0.15229875918206373,0
0,0.1656896933035115,0
0,0.0705522526267836,0
0,0.08725000402707815,0
0,0.7536292136510909,1
0,0.8718321216464993,1
0,0.44197929309144673,1
0,0.768175779466962,1
0,0.18815274910916058,0
0,0.14713599554673762,0
0,0.7929693853706199,1
0,0.13220316677014127,0
0,0.20082053531339863,0
0,0.8767725433390147,1
0,0.14455817602427892,0
0,0.2160630362019098,0
0,0.08409079754215561,0
0,0.3757900698394524,1
0,0.06771918518873511,0
0,0.19544227089283853,0
0,0.16903390953984634,0
0,0.09524283648275975,0
0,0.14594112270988385,0
0,0.15421327764217865,0
0,0.14100479961897183,0
0,0.10714788880846285,0
0,0.1254711794959946,0
0,0.1942902075576537,0
0,0.1304589144588042,0
0,0.11224187796345562,0
0,0.8049937988122211,1
0,0.29782287836974,0
0,0.10172734745687455,0
0,0.3015722262144005,0
0,0.10730668821477242,0
0,0.4049556014248283,1
0,0.15754313125677927,0
0,0.1596929857581144,0
0,0.3545157653000346,1
0,0.5687446733144179,1
0,0.31443898054737307,0
0,0.14208402314850227,0
0,0.16299623563775087,0
0,0.797048978752035,1
0,0.10454505395931431,0
0,0.3357170101785015,0
0,0.573576591129309,1
0,0.12251916197729426,0
0,0.6093309825330461,1
1,0.10967937176751082,0
0,0.10350399588881858,0
0,0.11485582473350524,0
0,0.06058508272752782,0
0,0.17734443430957983,0
0,0.12550814080793496,0
0,0.1359368925756686,0
0,0.2751551537859125,0
0,0.07781950180533537,0
0,0.06869849219251124,0
0,0.10936653629602183,0
0,0.10338404990255803,0
0,0.07429947218634501,0
0,0.5042836351417049,1
0,0.1165641878744646,0
0,0.061674065831306954,0
0,0.8374340251467964,1
0,0.13611419556317492,0
1,0.8834616113056867,1
0,0.17445448514278522,0
1,0.8912358652072995,1
0,0.18234802899483699,0
0,0.15046362495536786,0
0,0.35962873556489666,1
0,0.6334032196258809,1
0,0.08192745404522156,0
1,0.08016941555623852,0
0,0.17140346928323782,0
0,0.11441250728956533,0
0,0.371047186879375,1
1,0.7940174624618032,1
0,0.7052921415765713,1
0,0.6731162205982474,1
0,0.06932054144253277,0
0,0.10829330636155819,0
1,0.9007745589359168,1
0,0.24956384902430004,0
0,0.10732584936028383,0
0,0.09633712767733184,0
0,0.10408406568100279,0
0,0.05672665167362603,0
0,0.20361909589724617,0
0,0.10943844676035377,0
0,0.07507093377233676,0
0,0.0989310924670453,0
0,0.5008732467153786,1
1,0.12029118437079092,0
0,0.06923013170013814,0
0,0.13553584699572238,0
0,0.08271970459987588,0
0,0.20308677675354425,0
0,0.8255412693214369,1
0,0.2718612093144502,0
0,0.21871336955453993,0
0,0.12513020452608029,0
0,0.6865695137902952,1
0,0.5066337425260065,1
0,0.07365510853942865,0
0,0.5222312697476661,1
0,0.1890780031260158,0
0,0.05941115126640614,0
0,0.4461048012764535,1
0,0.12740515745017864,0
0,0.06911830643868776,0
0,0.0946698958599682,0
0,0.32092452652160436,0
0,0.3762573427227891,1
0,0.16784842314101364,0
0,0.253426242351785,0
0,0.10485431554802689,0
0,0.06235166908065151,0
0,0.34180409291351005,0
0,0.19055901698296251,0
0,0.3663903223664015,1
0,0.7958240015929575,1
0,0.3606192896742562,1
0,0.10833786679668914,0
0,0.08316151822811774,0
0,0.9021288024959204,1
0,0.15940235387410476,0
0,0.28974241351095276,0
0,0.07128741312962449,0
0,0.33799893410208737,0
0,0.13934944746254363,0
0,0.05910045042039441,0
0,0.12473335426714946,0
0,0.17599103132373656,0
0,0.05675187880591224,0
0,0.7158861548011849,1
0,0.08205147823444375,0
0,0.23025515730277382,0
0,0.11231100145941136,0
0,0.07284870290504554,0
0,0.12280324941193224,0
0,0.12968455545236898,0
0,0.18703553595575245,0
0,0.3677816539479418,1
0,0.3543811239789006,1
0,0.48217655249899743,1
0,0.854109189015011,1
0,0.4853695913453864,1
0,0.055686254007725824,0
1,0.6428881480272486,1
1,0.4572127476055766,1
0,0.4035173763988366,1
0,0.40150450485733796,1
0,0.08457988211037738,0
0,0.07471868371392604,0
0,0.46761408130729537,1
0,0.16014251505961485,0
0,0.09390301875348273,0
0,0.43051181658179816,1
0,0.13949245540058647,0
0,0.18326721359813128,0
1,0.9476302765477442,1
0,0.8228124906320798,1
0,0.11376424037981402,0
0,0.20683780451947867,0
0,0.5386062083607924,1
0,0.19471605567722727,0
1,0.1914969294895008,0
0,0.25536875590356023,0
0,0.09455758485064779,0
0,0.09880234333518187,0
0,0.7061570389399926,1
0,0.4962957735895917,1
1,0.1877350861116661,0
0,0.13057512869832744,0
0,0.14122599189869653,0
0,0.4400196210792352,1
0,0.09070006362542551,0
0,0.6704855450704541,1
0,0.11448179005574038,0
0,0.3845348189632378,1
0,0.07056258668570174,0
0,0.1783843427706355,0
0,0.6758598786197791,1
0,0.3431586627679833,0
0,0.4150060604255697,1
0,0.11796094592898901,0
0,0.6441099088706346,1
0,0.16020212801444175,0
0,0.5842491025084771,1
0,0.3318702373766157,0
0,0.16617671507010714,0
0,0.3532067337331379,1
0,0.3984089225919508,1
0,0.13021135490083344,0
0,0.15464817671685566,0
0,0.14246972488616785,0
0,0.11864864839049581,0
1,0.7835925598115709,1
0,0.11437876080200858,0
0,0.14682908884544602,0
0,0.10668247765536823,0
1,0.767229572032469,1
0,0.8770532735999499,1
0,0.08121952808615353,0
0,0.050124861405425006,0
1,0.7012715294263149,1
0,0.4460290961016737,1
0,0.569641873533004,1
0,0.11080330993537292,0
0,0.07089253072237517,0
0,0.07123781141044425,0
0,0.07920240377913153,0
0,0.9191908485521971,1
0,0.9041850731485295,1
0,0.1735284555375548,0
0,0.3778100316633664,1
0,0.20683331944919486,0
0,0.37322834147859024,1
0,0.41638181586205736,1
0,0.11705385524742766,0
0,0.16128608415076653,0
0,0.5464462882245179,1
0,0.39885939325205927,1
0,0.06244447230531115,0
0,0.14192292587551786,0
0,0.1974515459545767,0
0,0.2185879941180701,0
0,0.12406193177063099,0
0,0.25667341446850994,0
0,0.08073134587719911,0
0,0.1109291559379434,0
0,0.13385582254325853,0
0,0.12938947871879894,0
0,0.5030624019435957,1
0,0.09996524511100868,0
0,0.17068154777347894,0
0,0.6703517325158007,1
0,0.0880319328314168,0
1,0.718188989566902,1
0,0.5971617727465369,1
0,0.07330776301209195,0
0,0.839021772669459,1
0,0.2577437374780592,0
1,0.5676893653442546,1
0,0.09776390250271048,0
0,0.18514340116131733,0
0,0.06997871758142896,0
0,0.9479697073857352,1
0,0.4460979754666731,1
0,0.26483680005032917,0
0,0.8755851726881066,1
0,0.12684754883136773,0
0,0.2104450582923489,0
1,0.8779382024319212,1
0,0.165789723680685,0
0,0.1336097207089816,0
0,0.28594429496397145,0
0,0.08364513811372518,0
0,0.46720653531265743,1
0,0.11965743234490901,0
1,0.15108019141082277,0
0,0.05264304727862759,0
0,0.5100146775434344,1
0,0.2267636199905232,0
0,0.23079718583069053,0
0,0.07562039628058169,0
0,0.23918590821915756,0
0,0.38232944251465983,1
0,0.07280634240890467,0
0,0.05033040115376475,0
0,0.2640451489956549,0
0,0.08995357722402589,0
0,0.08521077718836827,0
0,0.060217889282832844,0
0,0.0954134882162911,0
0,0.09193105813580162,0
0,0.1951510075016026,0
0,0.08169796437529551,0
0,0.07218783525864848,0
1,0.9382679136437044,1
0,0.22532559659124687,0
0,0.072614784418517,0
0,0.13282118172840418,0
0,0.4234451397638474,1
0,0.11637528924879942,0
0,0.09974097479077196,0
0,0.1617601441850159,0
0,0.4760846378498874,1
0,0.0886565685262804,0
0,0.13469978372492833,0
0,0.14021127046045712,0
1,0.8990076966204312,1
0,0.07693939671106144,0
0,0.07973469031319236,0
0,0.16265602731601994,0
0,0.4745793170979719,1
0,0.42655148460911235,1
0,0.18333331616353735,0
0,0.06806010045922883,0
0,0.07684259894156854,0
0,0.5811965424540074,1
0,0.5123523034233803,1
0,0.31997003491084774,0
0,0.08445215497956904,0
0,0.5008766692237134,1
0,0.3256014225071415,0
0,0.16284372977547393,0
0,0.7801890104718601,1
0,0.8613475845125632,1
0,0.3910391717048906,1
0,0.7829394103203827,1
0,0.6847001446079168,1
1,0.14814383305601,0
0,0.3279791738605714,0
0,0.31332853257413185,0
0,0.20849473655458464,0
0,0.16368526988723775,0
0,0.06191429409000616,0
0,0.12286026405827874,0
1,0.9363828150487337,1
0,0.853295642871903,1
0,0.08169592696898743,0
0,0.7052283862250028,1
0,0.14499430701743304,0
0,0.14827213404039027,0
0,0.14878290752075243,0
0,0.6068480278147965,1
0,0.09241574090810403,0
0,0.28896377828848496,0
0,0.254594702263391,0
0,0.4370815987083772,1
0,0.5580534663962803,1
0,0.6656857065923499,1
0,0.08237757386061888,0
0,0.38832184912150025,1
0,0.1139721176438778,0
0,0.20834090664465202,0
0,0.12316850610639582,0
0,0.16245026796989281,0
0,0.08503316773243462,0
0,0.13237119112698448,0
0,0.8207664421603956,1
0,0.24297094793714957,0
0,0.4935540298300418,1
0,0.13924324226090648,0
0,0.35601305683501683,1
0,0.0573986127494078,0
0,0.09627993075851758,0
0,0.16076451065744146,0
0,0.20245235239635617,0
0,0.09816178999705205,0
0,0.46011140983000076,1
0,0.7320845901254959,1
0,0.2866894809621934,0
0,0.21101556098704172,0
0,0.5588379232424422,1
1,0.6400506459423769,1
0,0.3671738861183284,1
0,0.12984649343107993,0
0,0.1562375452970088,0
0,0.5097184307696705,1
0,0.09881563502367992,0
0,0.30473245813672145,0
0,0.10645663709402564,0
0,0.22594465566554325,0
0,0.09955774051600685,0
0,0.09958070449584265,0
0,0.6103813600391244,1
0,0.21024810994106938,0
0,0.08022630521881569,0
0,0.5058913285258947,1
0,0.41847951429376656,1
0,0.14986886261442112,0
0,0.6427808722405596,1
0,0.06689690098720759,0
0,0.07768852436251979,0
0,0.09765678916044912,0
0,0.4966291388098544,1
0,0.11762425850430319,0
0,0.0830745005353004,0
0,0.21069174139182217,0
1,0.8624906504620166,1
0,0.049017054544891664,0
0,0.5403901260774064,1
0,0.1274637983174189,0
0,0.3457742044066859,0
0,0.10365942564734369,0
0,0.32481871658573014,0
0,0.12910963720772475,0
0,0.10824127642208223,0
1,0.41839997031227866,1
0,0.1274451074229316,0
0,0.12640112046651544,0
0,0.48647348605370544,1
0,0.424606853792875,1
0,0.12847567532801707,0
0,0.44713595537517753,1
0,0.3805230583871622,1
0,0.32746704742563454,0
0,0.08467147662573969,0
0,0.18603862907513105,0
0,0.12344963390428255,0
0,0.07658914237931957,0
1,0.9208230440874223,1
0,0.5293437986031725,1
0,0.12042639948727715,0
0,0.13270876338916343,0
0,0.30080794386548454,0
1,0.4557805245866578,1
0,0.13831625093888314,0
0,0.11217853038472467,0
0,0.45487698744631,1
0,0.4957950031327144,1
0,0.3916006565741695,1
0,0.11661196428606052,0
0,0.7915323929287913,1
0,0.23348141650107615,0
0,0.3893005181758235,1
0,0.24576602718348392,0
0,0.08680696288216522,0
0,0.39981574315040497,1
0,0.11220929490964186,0
0,0.4222484018351183,1
0,0.07706997298054175,0
0,0.18134165505269995,0
1,0.9492471948746313,1
0,0.1720552262367405,0
0,0.24897059235290983,0
0,0.07430928024359956,0
0,0.1524398016941582,0
0,0.15406333728732016,0
0,0.14583506386805395,0
0,0.1076778266239288,0
0,0.11219010427339621,0
0,0.5428625648985743,1
0,0.1252764965978191,0
0,0.3127635992736711,0
0,0.35151796157341586,1
0,0.48056223643025286,1
0,0.0883602496857003,0
0,0.2774083223753903,0
0,0.5438089601475257,1
0,0.0653484062242024,0
1,0.5760939823929667,1
0,0.33913351864129776,0
0,0.3653476805868273,1
0,0.17977573318424384,0
0,0.354956437978987,1
0,0.7416458568534164,1
0,0.440586598988027,1
0,0.12544136550399126,0
0,0.9519992021394365,1
0,0.07148675956088078,0
0,0.5718304147785005,1
0,0.10170580494440004,0
0,0.416022048088423,1
0,0.10173089431375366,0
0,0.7971255607098638,1
0,0.07801943129644777,0
0,0.8662393456780628,1
0,0.08230924178819173,0
0,0.1415874534231531,0
0,0.185437511723676,0
1,0.22135085499684848,0
0,0.18584513863839658,0
0,0.38966208957829124,1
0,0.2688271435757305,0
0,0.25849173280347276,0
0,0.1454650354830468,0
0,0.18379689978372798,0
0,0.06739276180882545,0
0,0.2928719911805017,0
0,0.1693145165404457,0
1,0.906972754489528,1
0,0.5376146813053426,1
0,0.5217557218699647,1
0,0.11575747402685503,0
0,0.2617086677881516,0
0,0.17044878173420336,0
0,0.37565507440255214,1
0,0.30933220938728817,0
0,0.414929798659206,1
0,0.15230338602433777,0
0,0.2460067823991322,0
1,0.7810052575502616,1
0,0.14844697195704573,0
0,0.09057608142502135,0
0,0.31496415648051734,0
0,0.42165993263834894,1
0,0.3302508468561028,0
0,0.4523101614445652,1
0,0.6948925358327779,1
0,0.0970231362406569,0
0,0.11348402788024231,0
0,0.38369318843608835,1
0,0.8375696491078063,1
0,0.24670312475166464,0
0,0.22039434474462194,0
0,0.10350359308686245,0
0,0.10208487068044288,0
0,0.46475484037875714,1
0,0.1398079655491592,0
0,0.7103013858121855,1
0,0.5264365931222786,1
0,0.17263278420109604,0
0,0.13691799591909246,0
0,0.09910933328895209,0
0,0.11289098630840042,0
0,0.13223676501038117,0
0,0.1462607626964109,0
0,0.44709377667382116,1
0,0.15626119357426774,0
0,0.1463879231841893,0
0,0.34781059259468655,0
0,0.41139960231823125,1
0,0.2153232722617349,0
0,0.34588250368693063,0
0,0.4672029571197767,1
0,0.08949862250574495,0
0,0.12159477761377879,0
0,0.5810767009517521,1
0,0.13637123312379526,0
0,0.8145737928230014,1
0,0.4842242972657086,1
0,0.06690526036905341,0
0,0.15339705967353184,0
0,0.08593484146840949,0
0,0.10116692358327471,0
0,0.1219276439017092,0
0,0.0717255996975261,0
0,0.20925663805734981,0
0,0.35958513375423673,1
0,0.18374917018043352,0
0,0.156296569378038,0
1,0.5807065894244352,1
0,0.08511142280321793,0
0,0.12976040671037617,0
0,0.14346233507378486,0
0,0.17056922899490032,0
0,0.33989232836953076,0
0,0.6527113265668483,1
0,0.5970437650371825,1
0,0.7607582626197303,1
0,0.08156028505630948,0
0,0.09776900496817457,0
0,0.8492052066862679,1
0,0.12147011437350046,0
0,0.10444830634075437,0
0,0.11160411530261603,0
1,0.13700693779066755,0
0,0.11706718994291374,0
0,0.07299724407333599,0
0,0.05722637890727531,0
0,0.07332546247530286,0
0,0.09689032900122353,0
0,0.4160262530123367,1
0,0.2968002196523415,0
0,0.8864931559795712,1
0,0.24573677718501305,0
0,0.08424776593347313,0
0,0.08146630109997212,0
0,0.42443829102670494,1
0,0.2438310779744007,0
0,0.06059107893229766,0
0,0.3419360650279514,0
0,0.07489227679336534,0
0,0.09628770629695227,0
0,0.15839186300595562,0
0,0.1812529926162102,0
0,0.09555780862417475,0
0,0.1910630425046992,0
1,0.5237238092697656,1
1,0.9504289353031368,1
0,0.15121323394118558,0
0,0.08802004849906862,0
0,0.07346981528398674,0
0,0.1563118025218616,0
0,0.10455503558745163,0
0,0.24196357383643421,0
0,0.09789918714208291,0
0,0.18876865959780217,0
0,0.42739502979426286,1
0,0.14157027855014243,0
0,0.23771664993208697,0
0,0.12372940907544056,0
0,0.4060552678999157,1
0,0.15025514221671138,0
1,0.4521978263723082,1
0,0.8089595012791667,1
0,0.1894051647308702,0
0,0.11637175373706939,0
0,0.15908098827461128,0
0,0.7478921965674237,1
1,0.5775792003389546,1
0,0.5655096367287856,1
0,0.8032517912773262,1
0,0.1409164978788011,0
0,0.10690991513344349,0
0,0.1495563581767494,0
0,0.34994540015338643,0
1,0.15299577432707606,0
0,0.38303768228130514,1
0,0.05955327941201402,0
0,0.5841286404039023,1
0,0.15684213327879604,0
1,0.13235373188969077,0
0,0.13058267020818073,0
0,0.7339159777121357,1
0,0.10131156108238414,0
1,0.7279514054567043,1
1,0.32543879076589327,0
0,0.17233334734701344,0
0,0.2344684989390896,0
0,0.07738796960323337,0
0,0.3159077685991157,0
0,0.4535911740646754,1
0,0.27222414699014214,0
0,0.2652121141759505,0
0,0.08528300053790328,0
0,0.6924676688786502,1
0,0.22373025279145617,0
0,0.17206110436829636,0
0,0.12357938457887144,0
0,0.07713002798056617,0
0,0.17714263583160603,0
0,0.2057584442662158,0
0,0.8400491470423356,1
0,0.16637995422533317,0
0,0.14304136439308338,0
0,0.7494292329031595,1
0,0.11340802868590236,0
0,0.8459387207543184,1
0,0.9462052650658864,1
1,0.6095914287562959,1
0,0.09223945886028237,0
0,0.5795536082062422,1
0,0.10301143488985544,0
1,0.6214834700999441,1
0,0.1527385833919113,0
0,0.7913843463392712,1
0,0.3236209688229978,0
0,0.10604745348697374,0
0,0.2762430476407523,0
0,0.08506591653149811,0
0,0.3586018895470199,1
0,0.8490920861496327,1
0,0.06832358904014504,0
0,0.15938130265551628,0
0,0.2897995735720303,0
0,0.12998272296864571,0
0,0.07189595420557066,0
0,0.6293531115337692,1
0,0.3879692405418543,1
0,0.5402133660256486,1
0,0.15948678890265608,0
1,0.8611268085719396,1
0,0.0531416396216607,0
0,0.24934665224754335,0
0,0.22315311337789495,0
0,0.0890156992829881,0
0,0.4135380131162657,1
0,0.08554042930077745,0
0,0.385301428261159,1
1,0.5884767638048811,1
1,0.1803654585672393,0
0,0.0921325048526719,0
0,0.08065382015610656,0
0,0.2311716138986526,0
0,0.17146305886360672,0
0,0.11193231373721498,0
1,0.5730514455044882,1
1,0.844386814051128,1
0,0.40469257952634224,1
0,0.1419703644867925,0
0,0.2896080040908258,0
0,0.3364793690120754,0
0,0.6524816547852963,1
1,0.9459219018481095,1
0,0.09203319369961163,0
0,0.722577414109578,1
0,0.33029440300212654,0
0,0.9150316483803582,1
0,0.1170829530213561,0
0,0.14402529431008568,0
0,0.23904395567249342,0
0,0.22284726829606286,0
0,0.3671379355163255,1
0,0.1531175098177147,0
1,0.3276057005186932,0
0,0.25154095829174844,0
0,0.09649570236745962,0
0,0.20868341545819508,0
1,0.8702888534395722,1
0,0.0839895078736938,0
0,0.2797141787435343,0
0,0.07252641419904597,0
0,0.13376162845597492,0
0,0.2894503404923446,0
0,0.07104443372047278,0
0,0.35283913426031144,1
0,0.5745906677954769,1
0,0.5221826241739398,1
0,0.23061813160320369,0
0,0.5116435748793785,1
0,0.24559293632434953,0
0,0.09062938956215769,0
0,0.26839911304700104,0
0,0.4473761188043819,1
0,0.35827531575274574,1
0,0.2468204069402586,0
0,0.19428342551589248,0
0,0.09846323902899608,0
0,0.6181070432276565,1
1,0.5892270571680208,1
1,0.3561394955290494,1
0,0.2528512778196431,0
0,0.35979282504300686,1
0,0.10523947615046231,0
1,0.07407351407907022,0
0,0.09286149017499225,0
0,0.5079228162126719,1
0,0.5143126224458864,1
0,0.0836682934437836,0
0,0.928278692917296,1
0,0.11740515137795199,0
0,0.33907422985638874,0
0,0.16933773790613235,0
0,0.7683083621677919,1
0,0.18778435276984282,0
0,0.7092295232475982,1
0,0.27472194067518946,0
0,0.07823087751213706,0
0,0.5857949873846687,1
0,0.19647002528037136,0
0,0.17771887990989033,0
0,0.09995752988347348,0
0,0.09168895071507686,0
0,0.3110385098708461,0
0,0.348909109336845,0
0,0.4075477599337539,1
0,0.1105763537934449,0
0,0.49074187312761003,1
0,0.8470317922506811,1
0,0.31297729516840267,0
0,0.9316621557554504,1
0,0.5736773074579964,1
0,0.05964735242226072,0
0,0.33101023583807054,0
0,0.3236218761307942,0
0,0.13239601260023978,0
0,0.19803783569086778,0
0,0.9305564457050111,1
0,0.07503217506780012,0
0,0.11141637354282061,0
0,0.10652120138090297,0
0,0.2690955682723562,0
0,0.07795645795580544,0
0,0.2933548457430711,0
0,0.25975043923439256,0
0,0.44330826024469683,1
0,0.23165178452548874,0
0,0.12381842231812487,0
0,0.06242877174378422,0
0,0.2587676065191843,0
0,0.3295594396969798,0
0,0.051817835980763206,0
0,0.28315196484446264,0
0,0.08724117769289087,0
0,0.1030996757576058,0
0,0.3760034251173346,1
0,0.17691539538240375,0
0,0.2748846371507703,0
1,0.9181266424585274,1
0,0.11239090669931556,0
1,0.920579646328347,1
0,0.3112305005840857,0
0,0.18163432154536813,0
0,0.10558789189378283,0
0,0.3043625662584189,0
0,0.4778666254200481,1
1,0.929447661403621,1
0,0.14316749193407596,0
0,0.10491788226180773,0
0,0.10339397651603568,0
0,0.4087983532407479,1
0,0.18177314331863106,0
0,0.24125665355260154,0
0,0.1091205524856713,0
0,0.0964071530342508,0
0,0.1561283403568932,0
0,0.44813183735041945,1
0,0.5767749838949204,1
0,0.08781507108432009,0
0,0.2065507578350507,0
0,0.084731535301678,0
0,0.29471082257106684,0
0,0.6907545933479717,1
0,0.3479039752686953,0
0,0.5823165485197663,1
0,0.21258738331794172,0
1,0.9116270969329474,1
0,0.10982087246355166,0
0,0.32048616164335725,0
0,0.1529766716359711,0
0,0.12716608786880604,0
1,0.8128582261314055,1
0,0.24958811488714516,0
0,0.379326314044991,1
0,0.12090416023163418,0
0,0.7597217833218743,1
0,0.05351535331478705,0
0,0.0998034521890576,0
0,0.4052873650962218,1
0,0.05443164629886379,0
0,0.10105062854843322,0
0,0.27229844494875705,0
0,0.21892748114315466,0
0,0.44370279354096936,1
0,0.4062319337645446,1
1,0.620847329396759,1
0,0.08619436934727066,0
1,0.8949083796372179,1
0,0.08045268297884152,0
0,0.3834693265633069,1
0,0.22239311604241246,0
0,0.22057375595546017,0
0,0.06695209906185548,0
0,0.18705096979548239,0
0,0.24875130584529756,0
1,0.7629114328084149,1
0,0.05962134090271969,0
0,0.1173930331052982,0
0,0.21681606011457613,0
0,0.07985341674100407,0
0,0.25658424336553415,0
0,0.1954041159053614,0
0,0.23202284395791503,0
0,0.14611168665562999,0
0,0.21766713972863433,0
0,0.41493541086775293,1
1,0.77639723040785,1
0,0.13051326843434227,0
0,0.1483647109641879,0
0,0.07116769563235884,0
0,0.29945600914974646,0
0,0.5377334671811899,1
0,0.07033246004411842,0
0,0.10302937469013375,0
0,0.2416871838011712,0
0,0.5105096824353849,1
0,0.11617460434844123,0
0,0.16256037979023386,0
0,0.7174874185878265,1
0,0.1709914475146019,0
0,0.830929729686893,1
1,0.25993623030516416,0
0,0.3031996627161019,0
0,0.5567663698505734,1
1,0.3013630321863722,0
0,0.36047305480389785,1
0,0.17434490491148458,0
0,0.3221975608751209,0
0,0.3597487667667078,1
0,0.5375224330132521,1
1,0.614211601479365,1
0,0.128346231373454,0
0,0.09553399914862074,0
0,0.9286928703234929,1
0,0.8855782423980679,1
0,0.0916870234322194,0
0,0.08160967377767228,0
0,0.10756302347579078,0
0,0.24316747979038264,0
0,0.18960681886740194,0
0,0.367379015813484,1
0,0.07883479478557838,0
0,0.1364615223627488,0
0,0.12481399984871863,0
0,0.8549840706742862,1
0,0.13341288281277272,0
0,0.5467642023419779,1
0,0.0968987019416125,0
0,0.2680366294912139,0
0,0.13471475668907812,0
0,0.1678728244800066,0
0,0.07746500106284916,0
0,0.3153377281790031,0
0,0.7403354422758454,1
0,0.14103360571222476,0
0,0.12076765152477421,0
0,0.20697333801042678,0
0,0.15260894196918356,0
0,0.17610087763427043,0
0,0.12021404162041054,0
0,0.35732832495174427,1
0,0.48692960021892845,1
0,0.17567139757114036,0
0,0.215868110829502,0
0,0.3973859573986448,1
0,0.11417913483791496,0
0,0.28628521885526637,0
1,0.3997917179284341,1
0,0.6556802779424324,1
0,0.4242956373259323,1
0,0.47205673903200024,1
0,0.16332821216326956,0
0,0.3029936251600731,0
0,0.570345232906428,1
0,0.07050016423034816,0
0,0.5372538833641164,1
0,0.33580369414287087,0
0,0.6902774047163125,1
1,0.4626212362511718,1
0,0.6663073295583047,1
0,0.5272498891459876,1
0,0.2847080529006603,0
0,0.308428396076339,0
0,0.052663907909819604,0
0,0.20859743407929757,0
0,0.3698551641734852,1
0,0.14273485687991913,0
0,0.056255459187216715,0
0,0.10151247620931703,0
0,0.5337907636051922,1
0,0.17832760040666346,0
0,0.5912735724398297,1
0,0.13207439130630874,0
0,0.3111776285959111,0
0,0.1907484396298214,0
0,0.5336280177714732,1
0,0.08674166619473421,0
0,0.2082576627581737,0
0,0.08593474453720876,0
0,0.12786569216683807,0
0,0.5049901071981935,1
0,0.07447017174512656,0
0,0.1669953174319915,0
0,0.516817849583759,1
0,0.5098519689541314,1
0,0.3764646965047955,1
0,0.741690667739815,1
0,0.11494323181648712,0
0,0.06993117445032143,0
0,0.48984443742591716,1
0,0.07166087512684019,0
0,0.1468449141117115,0
0,0.17009192827432387,0
0,0.08367217598721663,0
0,0.24025190472753366,0
0,0.9595402688492985,1
0,0.14660262192668946,0
0,0.480750411796367,1
0,0.26872227004566124,0
0,0.14028812060841117,0
0,0.1486557245397388,0
0,0.21915493082064597,0
0,0.1308916859650781,0
0,0.353662570922763,1
0,0.10961696349096468,0
0,0.20554373449820226,0
0,0.5209152898745125,1
0,0.1926726917147941,0
0,0.16687121848482417,0
0,0.34460410517306983,0
0,0.1434072478194183,0
0,0.10381130568055255,0
0,0.36286791470374136,1
0,0.12009793491518718,0
0,0.3721341032485283,1
0,0.35707401076805384,1
0,0.17203031114633985,0
0,0.7251143605425152,1
0,0.12284240976902616,0
0,0.387580750973645,1
0,0.7587346171435593,1
0,0.40817819128598554,1
0,0.1172014798624587,0
0,0.32761754628534484,0
0,0.0926548101894661,0
0,0.06646847933993714,0
0,0.09721378456124335,0
0,0.25528807697080047,0
1,0.5711430559900016,1
0,0.07785695523973897,0
0,0.3683585649014255,1
0,0.11460530982573282,0
0,0.1951766377675912,0
0,0.11935180103097312,0
0,0.10007314978426655,0
0,0.46119296022199646,1
0,0.21056832287887275,0
0,0.0845293596351251,0
0,0.7657334200313,1
0,0.5458735474471141,1
1,0.8111500348418162,1
0,0.12823132169950838,0
0,0.16210932239392856,0
0,0.3717904340363504,1
0,0.14394039668014005,0
0,0.6810217613147445,1
0,0.11642700021796083,0
0,0.08788107885823654,0
1,0.7668606997840353,1
0,0.11570170832634571,0
0,0.0836989952526539,0
0,0.5936610529492204,1
0,0.2522931687968425,0
0,0.10406944564108382,0
0,0.10002532830747936,0
0,0.48608538838657117,1
0,0.5560910267025486,1
0,0.10199485038996435,0
0,0.8712961649192426,1
0,0.27067071527830544,0
0,0.13644695693395997,0
0,0.06819193392907007,0
0,0.12676368024002785,0
0,0.35473788695872144,1
0,0.41695481518942623,1
0,0.21939514499841237,0
0,0.09071200809618117,0
0,0.10229860582120304,0
0,0.10196388078709476,0
0,0.3180022428830168,0
0,0.17100361374613698,0
0,0.33768613505450157,0
0,0.33838169794244505,0
0,0.08655724239887248,0
0,0.07722325066773379,0
0,0.5807972718042419,1
0,0.7521689892462617,1
0,0.5477204608566365,1
1,0.4277127960628235,1
0,0.1365760781404158,0
0,0.12038012414213488,0
0,0.1023558114527542,0
0,0.12445122821591009,0
0,0.3454344527000345,0
1,0.6203234437856402,1
0,0.15116857311448031,0
0,0.09486269446644913,0
0,0.5523222983257176,1
0,0.1322584325294893,0
1,0.848070270553567,1
0,0.9517684787728514,1
0,0.38720862025175073,1
0,0.09731437243047358,0
0,0.052523766397947626,0
0,0.07537487856389367,0
0,0.17059796671066374,0
0,0.7747434145405331,1
0,0.8371494058538912,1
0,0.06733890354669535,0
0,0.05047478940873202,0
1,0.8439315594322861,1
0,0.12385211494650412,0
0,0.07506036766760793,0
0,0.20254604871620543,0
0,0.10650459870852423,0
0,0.08810486715173725,0
0,0.10329463058023323,0
0,0.08189465284322033,0
0,0.5996855685552338,1
0,0.05543306113727412,0
0,0.06674803405848546,0
0,0.8103957836359917,1
0,0.8198858171673713,1
0,0.2168467113094377,0
1,0.4500738488371924,1
0,0.05692165784145393,0
0,0.055318409901697216,0
0,0.4755444603826897,1
0,0.8425488148112102,1
0,0.7172519807988494,1
0,0.2960433889834607,0
0,0.2419690690741632,0
0,0.9071758022351288,1
0,0.4438408413680572,1
0,0.11626760657345597,0
0,0.8520915195487395,1
0,0.12622678523478906,0
0,0.5691762304719593,1
0,0.1364458396673838,0
0,0.16785840825807372,0
0,0.1476135430194558,0
0,0.08756454245710081,0
0,0.09289218979594092,0
0,0.25507256871670836,0
0,0.1996129272071387,0
0,0.07875180391685044,0
0,0.057635525504005546,0
0,0.839377951060752,1
0,0.5070645163676221,1
0,0.5275874990072467,1
1,0.82813025254664,1
0,0.2846040618649256,0
0,0.3842923093264525,1
1,0.8686972122563184,1
0,0.08716329926018199,0
0,0.11125211538071263,0
0,0.12668311311341396,0
0,0.601060833717728,1
0,0.8382762470786392,1
0,0.3130583378648135,0
0,0.13157171662512412,0
0,0.2837270763029306,0
0,0.18632503345784054,0
0,0.18598288090224238,0
0,0.5930251920393129,1
0,0.08998674006460293,0
1,0.8198861511237563,1
0,0.10951681339536953,0
0,0.0773964866919228,0
1,0.24452647871303407,0
0,0.9004825706954436,1
0,0.18483040897264397,0
0,0.10109554730304532,0
0,0.1423202163553083,0
0,0.34871586673975696,0
0,0.17163454437295575,0
0,0.05297389873920154,0
0,0.12095569889372254,0
0,0.7423170931648938,1
0,0.8624829925303813,1
1,0.8980173439303649,1
0,0.6361085814909043,1
0,0.5152327328340534,1
0,0.19727130369815474,0
0,0.5267311757780311,1
0,0.10864341034623895,0
0,0.13455755888143406,0
0,0.09420387619784291,0
0,0.19552920424575473,0
0,0.14643384168814355,0
0,0.5358402840050733,1
0,0.2641135657824356,0
0,0.07694490467365839,0
0,0.745792442504099,1
0,0.439200089914174,1
0,0.8153145185315586,1
0,0.13416545077288064,0
0,0.14622716202113986,0
0,0.37668072713452966,1
0,0.5443393384145158,1
0,0.12286554813078766,0
0,0.12069150859329113,0
0,0.58449198667039,1
0,0.22425676620223992,0
0,0.2858474727580063,0
0,0.07296926057346306,0
0,0.29192983942885575,0
0,0.346863430443308,0
1,0.9482592595522147,1
0,0.38900761227634706,1
0,0.09469178617882834,0
0,0.38612680551214645,1
0,0.185106903865872,0
0,0.4644772028913506,1
0,0.3118512308362782,0
0,0.07859164453494911,0
0,0.20018678518297148,0
0,0.11935640636378506,0
0,0.16949875807002102,0
0,0.12998362499400098,0
0,0.3220187748779645,0
0,0.11619153657499204,0
0,0.8218568125976521,1
0,0.05080417850953999,0
0,0.3566789932018997,1
0,0.402943774738208,1
0,0.233821908613575,0
0,0.10569104523323121,0
0,0.09311145157030973,0
0,0.3038086751463682,0
1,0.759870906852416,1
1,0.8653477920966847,1
0,0.37325486939870556,1
0,0.093808823148338,0
0,0.13182460787510797,0
0,0.07123697902898478,0
0,0.09778482155215175,0
0,0.4839994224691064,1
0,0.46764542440971213,1
0,0.5871131943211754,1
0,0.2917381339467039,0
0,0.3132238020385376,0
0,0.343230556299832,0
0,0.514465182745208,1
0,0.08545583104577367,0
0,0.06908103588024694,0
0,0.11183503623454027,0
0,0.8708163430621553,1
0,0.07768126801517514,0
0,0.0533031850992715,0
0,0.10357170054332987,0
0,0.08905272778989416,0
0,0.07412846494082456,0
0,0.286627304586566,0
0,0.5269736710939026,1
0,0.37006099234229073,1
0,0.09071267004042145,0
0,0.5058951429559481,1
0,0.21579791183435104,0
0,0.2825269714953518,0
0,0.38880404042520267,1
0,0.3795484342870682,1
0,0.0733193848823443,0
0,0.11717201096375049,0
0,0.9194882041803697,1
0,0.3356853161634248,0
0,0.3538114797810732,1
0,0.08241749150081115,0
0,0.12904278802880517,0
0,0.08237583234677948,0
0,0.09514423545793378,0
0,0.14962255261571222,0
0,0.8279248102568187,1
0,0.9303770970630361,1
0,0.8790578728433326,1
0,0.17184095913890762,0
0,0.3617458388761317,1
0,0.4387972122002716,1
0,0.6543119675685227,1
0,0.4695622829878683,1
0,0.16876854154275192,0
0,0.3505318217464998,1
0,0.19872338186009297,0
0,0.16921475025680063,0
0,0.12061396491834692,0
0,0.09542522187670462,0
0,0.16192264585872126,0
0,0.787939291560338,1
0,0.9397951923507328,1
0,0.17075348344069274,0
0,0.8269366027650923,1
0,0.2653488081820449,0
0,0.3816150366655618,1
0,0.17661535119766364,0
1,0.9616765684251393,1
0,0.2037623035750254,0
0,0.2809456611144368,0
0,0.12489280602906667,0
0,0.454481119349376,1
1,0.3374208390344553,0
1,0.7781695499004277,1
0,0.2560856211594692,0
1,0.2019295182024937,0
0,0.05895732073335625,0
0,0.083296417245619,0
1,0.6915790125777677,1
0,0.33836847877055376,0
0,0.06636189870927107,0
0,0.5362298514967355,1
0,0.1088200269431632,0
0,0.9047501385852232,1
0,0.12102857864193628,0
0,0.6897979655038591,1
0,0.8362318581142418,1
0,0.10469207037108917,0
0,0.3805938242590682,1
0,0.062152101092294805,0
0,0.14555792826513858,0
1,0.9133880763117866,1
0,0.29376593134049905,0
0,0.09256372598998137,0
0,0.13630901597141087,0
0,0.09535642391963085,0
1,0.40482706235487326,1
1,0.46221998110322365,1
0,0.1049346561730602,0
0,0.7322109660164237,1
0,0.48438047374364507,1
0,0.08673295319954667,0
0,0.24365838460990716,0
0,0.06700973082495744,0
0,0.14054285116353865,0
0,0.8545407794932924,1
0,0.08175733199924895,0
0,0.30431934062612137,0
0,0.12646898873961998,0
0,0.13117195123846462,0
1,0.951403746152266,1
0,0.1510976660597501,0
0,0.22218432476190172,0
0,0.05969604448014926,0
0,0.12957391994395573,0
0,0.07552138474081607,0
0,0.3490996356155475,0
0,0.20476393897185988,0
0,0.1338818497620508,0
0,0.17512523295154298,0
0,0.6223026167977768,1
0,0.5659188264234037,1
0,0.5257703265830774,1
0,0.14498315715621313,0
0,0.3862460600751064,1
0,0.11919065034080442,0
0,0.12677232257409585,0
1,0.8155020134042429,1
0,0.6226625106334609,1
0,0.10604534670139741,0
0,0.05785874964516539,0
0,0.07791562383686725,0
0,0.10034736202834174,0
0,0.11314507881209512,0
0,0.7523647039106606,1
0,0.30495616122786073,0
0,0.3602461247257146,1
0,0.09351469473891802,0
0,0.42110988535320054,1
0,0.25781037260358575,0
0,0.5551588284459306,1
0,0.1287514308876933,0
0,0.09595396893422896,0
0,0.2091308046877031,0
1,0.4657094426536855,1
0,0.5877813570341652,1
0,0.09302118055862747,0
1,0.6118520747747848,1
0,0.10132209432683209,0
0,0.11045191110721568,0
0,0.7595076126155836,1
0,0.7199409403125916,1
0,0.27600266576114535,0
0,0.5245500882169215,1
0,0.18757581247880378,0
0,0.10684617790407107,0
0,0.8395907172038239,1
0,0.12435320750568936,0
1,0.5575998977571359,1
0,0.0713853977928549,0
0,0.15597265124323167,0
0,0.6441692622975551,1
0,0.2015783936798768,0
0,0.22758304828208467,0
0,0.17710400718276478,0
0,0.21119449819827443,0
0,0.059223160259244866,0
0,0.14804233446293508,0
0,0.8912236289806831,1
0,0.6557188729715676,1
0,0.18544824709538613,0
0,0.21028145107055352,0
0,0.4214685787473345,1
1,0.4563216287710238,1
0,0.5562124313911082,1
0,0.38242547567515084,1
0,0.0921984721924897,0
0,0.18338262488429402,0
0,0.4002985117596351,1
0,0.4755628618625506,1
0,0.23948213458275006,0
0,0.1779430470180636,0
0,0.76882191272314,1
0,0.1952934665405999,0
0,0.1431566098804853,0
1,0.8593796148308248,1
1,0.9474747757814632,1
0,0.19596878160103126,0
0,0.15483619709752136,0
0,0.5393048810540274,1
0,0.08249905586283919,0
0,0.2207853118161054,0
0,0.5089693097395037,1
0,0.25457292082533567,0
0,0.11530412520020131,0
0,0.1504424315869623,0
0,0.08820008480435017,0
0,0.11426275729523735,0
0,0.1557823868583951,0
0,0.2143128514348235,0
0,0.17431206317166162,0
0,0.12075244016918454,0
0,0.09792856993090296,0
0,0.21991889402368817,0
0,0.12233217537641075,0
0,0.5654265606627557,1
0,0.09899498481503624,0
0,0.44867158457640754,1
0,0.06374120830103289,0
0,0.0562622369910857,0
0,0.38574881633843305,1
0,0.32090345048390523,0
0,0.20088871802912112,0
0,0.30167325056486716,0
0,0.1379126026742524,0
0,0.08143219818307973,0
0,0.1128341308719136,0
0,0.07782116698902745,0
0,0.07415015124478476,0
0,0.2366569477538033,0
0,0.18166573035229858,0
0,0.5302741551860186,1
0,0.14753622535999067,0
0,0.574425852420045,1
0,0.756042918631265,1
0,0.14202809955952375,0
0,0.1387976706567906,0
0,0.42564434620317004,1
0,0.5840892848285757,1
0,0.30076786908055103,0
0,0.41941336918622657,1
0,0.14256535674949739,0
0,0.10937874608166635,0
0,0.16341887580937586,0
0,0.5848596063215092,1
0,0.17639693202450465,0
0,0.610984426101433,1
0,0.8624050220732994,1
0,0.2440086863320595,0
0,0.24630973372708226,0
0,0.14755579836447966,0
0,0.12473799527011027,0
0,0.8551870599882075,1
0,0.1905890845547571,0
0,0.7431851397082038,1
0,0.36011371711140155,1
1,0.5248837517652871,1
0,0.22903399233184138,0
0,0.06063989865250846,0
0,0.19583526901394574,0
0,0.13882518665286248,0
0,0.4233541741473419,1
0,0.15572958468600256,0
0,0.10110285600050505,0
1,0.8716347944987094,1
0,0.1672344172465912,0
0,0.8045097000969369,1
0,0.40899322530128396,1
0,0.14530524707588355,0
0,0.23412214613965068,0
0,0.18061697768407473,0
0,0.09832999923723006,0
0,0.5155465705076953,1
0,0.15298704994553433,0
0,0.3416072619754248,0
0,0.3911826604580654,1
0,0.3301205738744341,0
0,0.09741239333299566,0
0,0.15032629928240884,0
1,0.44746013417236297,1
0,0.24352971206464852,0
0,0.08195552646457203,0
0,0.1573992176597064,0
0,0.1306264692413355,0
0,0.1760201904173264,0
0,0.38605318878157324,1
1,0.14895564459182403,0
1,0.8536047633666612,1
0,0.28317655763485616,0
0,0.1463285866782077,0
0,0.3148750014743659,0
0,0.068867900436639,0
0,0.8378097755483283,1
1,0.3058719616189877,0
0,0.12303234510751991,0
0,0.15156214590029138,0
0,0.07709150995478287,0
0,0.36343085139736464,1
0,0.4331062298767457,1
0,0.2060978535106091,0
0,0.27324603971092953,0
0,0.49739125330711204,1
0,0.3145734332161627,0
0,0.11650617439546401,0
0,0.09348891331563963,0
0,0.13284547099391789,0
0,0.16066640708607788,0
0,0.6412032901250617,1
0,0.1503733679313825,0
0,0.23472173115467082,0
0,0.29238385496666797,0
0,0.6088872355759092,1
0,0.0855083810731521,0
0,0.08892278230864788,0
0,0.09141362010272523,0
0,0.20877501762882686,0
0,0.07105265443514354,0
0,0.05193749310954746,0
0,0.08732176340338502,0
0,0.21193671897948968,0
1,0.9632779975723936,1
0,0.17682217689644938,0
0,0.4811135945046387,1
0,0.33677760701259546,0
0,0.1531987615506503,0
0,0.07063394477869128,0
0,0.12202108400153205,0
0,0.6350028613809365,1
1,0.7268077287797725,1
0,0.17682256110262642,0
0,0.6047701378615143,1
0,0.05800140848713643,0
0,0.12473445006330888,0
0,0.5389093615474269,1
0,0.23946200420873714,0
0,0.17959453923605156,0
0,0.16485973475706314,0
0,0.24709605748365016,0
0,0.5001851461707608,1
0,0.16021187574135548,0
0,0.06041873750963608,0
0,0.8485770857739551,1
0,0.3259184042626055,0
0,0.5081868688895341,1
0,0.10615696933022048,0
0,0.17613890777453892,0
0,0.0956569898414351,0
0,0.3740628349577209,1
0,0.14266539203056014,0
0,0.14192872487111172,0
0,0.5454297001410747,1
1,0.5675119451708823,1
0,0.5785289458379368,1
0,0.2552648168550888,0
0,0.12947949657491373,0
0,0.3433151862132644,0
0,0.08568867145552828,0
0,0.5762923652831043,1
0,0.16550513528646477,0
0,0.07289646525373863,0
0,0.11513439586827959,0
0,0.12186849301358509,0
0,0.18690661727772045,0
0,0.0960331653302986,0
1,0.370152238704565,1
0,0.7475474068290613,1
0,0.6248591074007331,1
0,0.40721034063450573,1
0,0.054568980957068206,0
1,0.0706441958196593,0
0,0.12077677850616841,0
0,0.10116022923515383,0
0,0.20313766687048979,0
0,0.255259067217444,0
0,0.22538569703680073,0
0,0.24201381733221936,0
0,0.5225027096394786,1
0,0.8406489570807145,1
0,0.150739200786188,0
0,0.17097863351852727,0
0,0.1244186732385852,0
0,0.7290334074401955,1
0,0.5314067903992923,1
0,0.11792764002494861,0
0,0.06182596238508012,0
0,0.15964319124697315,0
0,0.16850932316167777,0
0,0.08131353822633805,0
0,0.5667285292341928,1
0,0.9335103848673043,1
0,0.9196287348151451,1
0,0.09723459954652497,0
0,0.08937322510181915,0
0,0.09387025194724208,0
0,0.0826652562165975,0
0,0.06386653024041508,0
0,0.19946203768035567,0
0,0.5994523044848158,1
0,0.11655147370014565,0
1,0.8085774271692269,1
0,0.16827906592104033,0
0,0.5515960859041492,1
0,0.12323971475032382,0
0,0.7821610870630827,1
0,0.7719466273252138,1
0,0.1820277579103703,0
0,0.8788316717661869,1
0,0.15468627517442285,0
0,0.23725454889412262,0
0,0.11207083115936871,0
0,0.141054203508547,0
0,0.07793474104957518,0
0,0.12400788733273332,0
0,0.832157473015243,1
0,0.6466632625139139,1
0,0.43680764530339494,1
0,0.26212233886261516,0
0,0.543170619012183,1
0,0.060564304050329934,0
0,0.4548432727775517,1
0,0.18870637921663516,0
0,0.830741801157678,1
0,0.10885036323589899,0
1,0.8072134815709971,1
0,0.552471261425181,1
0,0.07458471296586358,0
0,0.19247506829791355,0
0,0.144536268722629,0
0,0.35651899583038277,1
0,0.7786024378610649,1
0,0.13188914539209182,0
0,0.08967913299012682,0
0,0.2791699356813097,0
0,0.14801548155599475,0
0,0.3263821023116924,0
0,0.20529963687128205,0
0,0.4391915026963979,1
0,0.09562061173017501,0
0,0.10491841186860108,0
0,0.23429625689827954,0
1,0.8498805046191843,1
0,0.17952499582669298,0
0,0.0933924087300834,0
0,0.18251804335302288,0
0,0.208116805966157,0
0,0.5045265044412154,1
1,0.6183785205075323,1
0,0.6217042126624941,1
0,0.42582223371775113,1
0,0.5665794765685706,1
0,0.2430477734782391,0
0,0.3069273510642506,0
0,0.1386076424920778,0
0,0.26393546780039,0
0,0.14992339831373966,0
0,0.12000236005355314,0
0,0.37071621005721495,1
0,0.11866070910430916,0
0,0.14287767312041447,0
0,0.2971614878419888,0
0,0.8145488438839922,1
0,0.09742429764171247,0
0,0.20954623612893045,0
0,0.8272435276814405,1
0,0.5424205128342945,1
0,0.12179953020006709,0
0,0.12542711499318068,0
1,0.5700671131314995,1
0,0.10148669389837559,0
0,0.6566287149093665,1
0,0.15617326587898517,0
0,0.5412326267925367,1
0,0.123257706018586,0
0,0.7134522002730759,1
0,0.1882559903090096,0
0,0.46574328909260704,1
0,0.5214711996832639,1
0,0.2331613948751239,0
0,0.09108199659606225,0
0,0.27237294384228167,0
0,0.16567508695359706,0
0,0.17658541213441736,0
1,0.5337670014545365,1
0,0.10991070264117925,0
0,0.37997048833801356,1
0,0.13505955352154989,0
0,0.30733377844094995,0
0,0.15736602648319564,0
0,0.3177972968574202,0
0,0.26428137761355447,0
0,0.3543902571696234,1
0,0.9078033921210806,1
0,0.45986308267998915,1
0,0.15443635843532522,0
0,0.1175050438534493,0
0,0.17578796971274008,0
0,0.12194318738505155,0
0,0.10434175068072747,0
0,0.34551789985111964,0
0,0.07925123863527699,0
0,0.4426986788401216,1
0,0.3082991880210643,0
0,0.8803765395828257,1
0,0.5831569914914466,1
0,0.24918055554760785,0
0,0.15990239337802578,0
0,0.23179378397376718,0
0,0.5966632252749348,1
0,0.07701505683593252,0
0,0.2925538665153067,0
0,0.0555127259352501,0
0,0.23443215044703328,0
0,0.14467375965468715,0
0,0.567297259225564,1
0,0.11742160770917803,0
0,0.36389834369854557,1
0,0.4255721661113391,1
0,0.7755592866831003,1
0,0.1517770595536642,0
0,0.13682002894431508,0
0,0.11079714109403575,0
0,0.21424182839091047,0
0,0.07961309811780887,0
0,0.22213137444381426,0
0,0.9242652852382567,1
0,0.31057683969120653,0
0,0.10701552186886192,0
1,0.909260205017604,1
0,0.3601028789241756,1
0,0.06303427367643238,0
0,0.11103799080335058,0
0,0.4721636271351165,1
0,0.5648982133647573,1
0,0.21208554857807893,0
0,0.505051484081828,1
0,0.16690809044664903,0
0,0.34594966608061434,0
0,0.09990402182534397,0
0,0.49148045546053853,1
0,0.5035928696911582,1
0,0.12093637015074911,0
0,0.3226984539776776,0
1,0.620940878074877,1
0,0.8407173913164759,1
0,0.318868195314625,0
1,0.8272785088993514,1
0,0.4458096548950874,1
0,0.470844364587628,1
0,0.45807056912056066,1
0,0.5511128410198953,1
0,0.06215542752007607,0
0,0.18906541090306114,0
0,0.09024821866552016,0
0,0.08099109428789401,0
0,0.12307019095378237,0
0,0.114916993897601,0
0,0.532772711988702,1
0,0.08795715232946019,0
0,0.6903984416651994,1
0,0.13469713069320724,0
0,0.4393697846544823,1
0,0.36173565590935247,1
0,0.68157121352603,1
0,0.2738041232211924,0
0,0.10442000926063828,0
0,0.10963080363060819,0
0,0.5763060716052445,1
0,0.10080580365268393,0
0,0.211959057992007,0
0,0.10734515862778204,0
0,0.13779752778864887,0
0,0.3032649058878043,0
0,0.5987864044244502,1
0,0.2797019314244965,0
0,0.2622614047614092,0
0,0.5611962480358663,1
0,0.3748624182485808,1
0,0.5263144211631718,1
1,0.6615820215459685,1
0,0.1907735311594668,0
0,0.8270760657086393,1
0,0.20079958108774398,0
0,0.153523726040916,0
0,0.123385658292544,0
0,0.4369836975738414,1
0,0.5940012560503414,1
0,0.3501490129054714,1
0,0.10564100526594707,0
0,0.13402554434966102,0
0,0.11471800577411093,0
1,0.39783886187765055,1
0,0.229411030049801,0
0,0.6691885764447357,1
0,0.41328234379679346,1
0,0.4091092857151522,1
0,0.3436428168807736,0
0,0.2757573976443843,0
0,0.17422246777422495,0
1,0.5694846875910969,1
0,0.09746383435901494,0
0,0.18175500033079717,0
0,0.6410870383019358,1
0,0.30624411758783626,0
0,0.5460037079284942,1
0,0.11841808455455409,0
0,0.08185155946581264,0
0,0.11483963163168016,0
0,0.43344930095291506,1
0,0.09494434272742579,0
0,0.5269827949951122,1
0,0.5189376824690981,1
0,0.32480645545721293,0
0,0.5171439214239684,1
0,0.10819690288282563,0
0,0.1896189650840645,0
0,0.1236096121271549,0
0,0.07051805006234016,0
0,0.13132722199556482,0
0,0.34783811139982607,0
0,0.49217976109326267,1
0,0.8616490909794734,1
0,0.7305501557508389,1
0,0.7709168043463173,1
0,0.7555122832515431,1
0,0.5049011792541663,1
0,0.11746722389052834,0
0,0.1130530591326652,0
0,0.30217651219866243,0
0,0.22884696501130744,0
0,0.06361331567945702,0
0,0.10604624592266186,0
0,0.5743417241930321,1
0,0.06400268770325145,0
0,0.12538446429114106,0
0,0.3874172015244383,1
0,0.1649770668203031,0
0,0.10640214931483015,0
0,0.12721335712833978,0
0,0.35521141892666724,1
0,0.08762437203680673,0
0,0.5479155898688599,1
0,0.6047696532189603,1
0,0.13719844573976575,0
0,0.6451295806895138,1
0,0.10527394158328157,0
0,0.08402603161133822,0
0,0.20489569980060246,0
0,0.0899450761787819,0
0,0.13425794388005968,0
0,0.28732447144078715,0
1,0.8058544434267865,1
0,0.28836253729046685,0
0,0.08271206123508804,0
1,0.548804416329826,1
0,0.8499345438618022,1
0,0.8378811281411033,1
0,0.07281986060564138,0
0,0.42076031350975013,1
0,0.1025509958378693,0
0,0.1797018441953663,0
0,0.17679927322511813,0
0,0.7927963434464774,1
0,0.07838894648092261,0
0,0.1869280134395141,0
0,0.4242666711068716,1
0,0.07268677985527502,0
0,0.05725072131059753,0
0,0.6278119626471276,1
0,0.11798601128864017,0
0,0.11692689774847519,0
0,0.1330704928007061,0
0,0.05566037069101115,0
0,0.38738399571028076,1
0,0.392194895333101,1
0,0.3477160001578078,0
0,0.21249981151861422,0
0,0.3016478604891267,0
0,0.12278051298398243,0
0,0.06781289886330284,0
0,0.5292033944806246,1
0,0.09152027420792483,0
0,0.1523711719695469,0
0,0.07228699064975139,0
0,0.13227924714577854,0
0,0.9362798624414119,1
0,0.28182156282736853,0
0,0.23348020339502645,0
0,0.5073207580968746,1
0,0.6080121312202792,1
0,0.10797642681545497,0
0,0.11565570439482757,0
0,0.13918398102031296,0
0,0.10550228531599595,0
0,0.1390230458224196,0
0,0.34853330199919824,0
0,0.12912516032733073,0
0,0.5208198696015532,1
0,0.05811537138971488,0
0,0.1280796158849283,0
0,0.075274300795978,0
0,0.3436969471698406,0
0,0.18707310273599428,0
0,0.7559729096775681,1
0,0.19567777383398982,0
0,0.40319508185442315,1
0,0.1983082222342843,0
0,0.10567980523415964,0
0,0.179100016765892,0
0,0.25022817617110193,0
0,0.06723086308783592,0
1,0.943887685521516,1
0,0.8854779497637323,1
0,0.2794357179710204,0
0,0.2565194964703062,0
1,0.6456823280541658,1
1,0.943165976688349,1
0,0.7787951600446168,1
0,0.27393336674916574,0
0,0.4999270340121,1
0,0.1677234195583973,0
0,0.10482998394695497,0
0,0.09387790135622799,0
0,0.07830414509657332,0
0,0.7252781017360453,1
0,0.1346028272856763,0
0,0.38826939303500013,1
0,0.17713703494455513,0
0,0.1064704809700577,0
0,0.13229516866868932,0
0,0.8665607084537728,1
0,0.15931082541873348,0
0,0.3222403667472518,0
0,0.31700922698895684,0
0,0.13150138464435293,0
0,0.15367178494415018,0
0,0.8943482263541498,1
0,0.1790389300455315,0
0,0.10726559918638259,0
0,0.21137102710232947,0
0,0.3597913244554123,1
0,0.2832248518852807,0
0,0.3857278129493994,1
0,0.2039241938870623,0
1,0.7898931635433603,1
0,0.12399403533513684,0
0,0.07480050874099167,0
0,0.1008954765226323,0
0,0.17851849598966055,0
0,0.1151086970224569,0
1,0.9144890413324755,1
0,0.1386068433605769,0
0,0.6007817489480881,1
0,0.5974471895247866,1
0,0.40358648825378823,1
0,0.12884154763178002,0
0,0.17927838479521932,0
1,0.33149966625151506,0
0,0.16793812124809962,0
0,0.6347774410609995,1
0,0.09227626861232936,0
0,0.07137364067782621,0
0,0.12226368095019782,0
0,0.13181114025161622,0
0,0.36307011087035135,1
0,0.09052227875827489,0
0,0.5820319394359038,1
1,0.0697403292171857,0
0,0.12031974365479348,0
0,0.3561667171338787,1
0,0.549637010581018,1
0,0.2940971558786957,0
0,0.3780433216809195,1
0,0.35323038135069934,1
0,0.17501756808221305,0
0,0.05496856588115719,0
0,0.3571171466917748,1
0,0.07158223079282859,0
0,0.32416754703608686,0
0,0.10831608381138444,0
0,0.05639372248724682,0
0,0.12523288204885077,0
0,0.8125994042797237,1
0,0.0932920271644339,0
0,0.11903359397594618,0
1,0.8348179350271723,1
0,0.21381495828294594,0
0,0.12797371719420916,0
0,0.7919819605314431,1
0,0.11368656431638392,0
0,0.16657520889858402,0
0,0.5772309543958781,1
0,0.5409155449189975,1
0,0.0954598818760712,0
0,0.13163589007958368,0
0,0.05204914032512336,0
0,0.08193340982679272,0
0,0.10622332434214081,0
0,0.07644075968893356,0
0,0.22830179805675954,0
0,0.7672506949299727,1
0,0.05575853673806519,0
1,0.9497523112393793,1
0,0.11339245599915967,0
1,0.5344244351114035,1
0,0.8038292794494509,1
0,0.12196651852842097,0
1,0.4443602523317917,1
0,0.18281152789907773,0
0,0.5358764978673377,1
0,0.50372583342983,1
0,0.5551558066267372,1
0,0.28867588263506233,0
0,0.12469740070895871,0
0,0.19831686139141438,0
0,0.11547860971296546,0
0,0.10635603622267682,0
0,0.07989368560202602,0
0,0.2618666574394609,0
0,0.4750480435214757,1
0,0.2716291715244657,0
0,0.09909752884889098,0
0,0.10678156466150615,0
0,0.18150296595407925,0
0,0.4455739153371252,1
0,0.06367378433722312,0
0,0.4287801697738182,1
0,0.3972785393230748,1
0,0.39578423425433173,1
0,0.8783511547336612,1
0,0.660622492763199,1
0,0.4922696221535953,1
0,0.1419671140880123,0
0,0.1457954914460236,0
0,0.5494759797254454,1
0,0.25869336687408834,0
0,0.09841690977193251,0
0,0.12537306781257782,0
0,0.2709091140358741,0
0,0.1623050995619004,0
0,0.7780503037084784,1
0,0.7905416567791536,1
0,0.1370322495362188,0
0,0.1336428684143203,0
0,0.1590723456140321,0
0,0.27285290550326546,0
0,0.1379310987992153,0
0,0.30802378029896965,0
0,0.19873926532246317,0
0,0.09623183601722704,0
0,0.12324819281864999,0
0,0.1765021173754101,0
0,0.5707203200577361,1
0,0.05872210746408491,0
0,0.2971511957878468,0
0,0.19587226086889997,0
0,0.5469431532006901,1
0,0.07261307778235353,0
0,0.3284767342658067,0
0,0.08956500395002637,0
1,0.7442364328831563,1
0,0.12163878563154733,0
0,0.09919296663572318,0
0,0.09359144603581475,0
0,0.08356897331200915,0
0,0.5941485040013565,1
0,0.3086815329380615,0
0,0.17830104425514412,0
0,0.45007317651698847,1
0,0.09037353021795895,0
0,0.06680605925361474,0
0,0.6225230662840903,1
0,0.1947816553984427,0
0,0.09465716118595892,0
0,0.13501028742073334,0
0,0.11643334614782631,0
0,0.07169362792755264,0
0,0.2094299127874925,0
0,0.11782592744291745,0
0,0.7184490573134306,1
0,0.13603547707531938,0
0,0.7804929429273245,1
0,0.1703438219330877,0
1,0.6681873774166068,1
0,0.14765901044793112,0
0,0.12171490301639099,0
0,0.133955950765962,0
0,0.10662963605954966,0
0,0.35326612056080026,1
0,0.15490930874479905,0
0,0.08871741194984904,0
0,0.3337527384403904,0
0,0.2649806047218461,0
0,0.7521840370328443,1
0,0.09371034829586741,0
0,0.13662269443364197,0
0,0.07662897289714986,0
0,0.1223003903079737,0
0,0.19286801281516944,0
0,0.10415474766182331,0
0,0.15765662035653982,0
0,0.16324549851999412,0
0,0.9159573661139333,1
0,0.3640028851745778,1
0,0.1849524509688507,0
1,0.9001720444901588,1
0,0.38867245942167444,1
0,0.6321889586735235,1
0,0.07539613614254823,0
0,0.9046524266280879,1
0,0.5624068473023374,1
0,0.275580134364077,0
0,0.2732648825735009,0
0,0.15642090064270017,0
0,0.10528162010259029,0
0,0.3778250190542768,1
0,0.0801243125705342,0
0,0.12339933035956728,0
0,0.21806688458249396,0
0,0.14665507888220092,0
0,0.5620944729771916,1
1,0.6662880112877839,1
0,0.27259240152983005,0
0,0.2666894936798068,0
0,0.5418632469930567,1
0,0.31489528980959736,0
0,0.12168034686476424,0
1,0.7526263937599137,1
0,0.7859385164588515,1
0,0.3743291523215049,1
0,0.12512369170690646,0
0,0.36482129359847815,1
1,0.9295734571690148,1
0,0.5995821735875746,1
0,0.4043895018207912,1
1,0.544889898368067,1
0,0.21864828785825363,0
0,0.3157290678600695,0
0,0.07255858182847842,0
0,0.9650926581619238,1
0,0.26388742994327646,0
0,0.1466226916757903,0
1,0.7260131070533012,1
0,0.39251933142246576,1
1,0.5458219787339431,1
0,0.1697143476141774,0
0,0.13760904674107935,0
0,0.14562103789498185,0
0,0.07564241330981326,0
0,0.10898087211111075,0
1,0.8855521649872194,1
0,0.8409657132985273,1
0,0.21821061227228924,0
0,0.37323518449496923,1
0,0.1316559327543706,0
1,0.8511143005673829,1
0,0.10121994683399879,0
0,0.1435524392940981,0
0,0.2601658387861933,0
0,0.15009498807724056,0
0,0.33742884478339163,0
0,0.25954579262924343,0
0,0.40329160213114923,1
0,0.7510998072169452,1
0,0.26197730779366396,0
0,0.9088069431591715,1
0,0.10934936723174632,0
0,0.4738677590774318,1
0,0.08420358036377577,0
0,0.09011940373266093,0
0,0.5014168891245431,1
0,0.14926694695970924,0
0,0.0689804485651634,0
0,0.2126039254980242,0
0,0.061453265094275206,0
0,0.29367606710643596,0
0,0.312518877821269,0
0,0.3234893852863242,0
0,0.049746661473378646,0
0,0.25238240838607795,0
0,0.5566414527771391,1
0,0.5913584976158468,1
1,0.9389903722302838,1
0,0.15408659769843452,0
1,0.9297503181310424,1
0,0.34366880416952394,0
0,0.323518242953179,0
1,0.9412901407326877,1
0,0.459769131362615,1
1,0.6302019790503608,1
0,0.3569882136100382,1
0,0.13712256934080116,0
0,0.17029717352061974,0
0,0.45399230492108056,1
0,0.46221097958460394,1
0,0.4302367705422989,1
0,0.11763273983410198,0
0,0.07584495084058403,0
0,0.22513115479704557,0
0,0.11282251695586278,0
0,0.6321873482088652,1
0,0.5054222708067674,1
0,0.08282920534735194,0
0,0.5095180272433684,1
0,0.47293188135675374,1
0,0.1631012422550156,0
0,0.14981455731620924,0
0,0.17286293906116804,0
0,0.0865856073279471,0
0,0.10114964525255697,0
0,0.4100627359155761,1
0,0.181534112182948,0
0,0.5305112588062194,1
0,0.10207732582054761,0
0,0.28062026800311113,0
0,0.13504499357576077,0
0,0.30788116417980466,0
0,0.15514956762611976,0
0,0.1142878952319375,0
0,0.16203691157826047,0
0,0.5140795541214905,1
0,0.24072278476425604,0
0,0.43715521801057833,1
0,0.7889365939492201,1
0,0.9313913171857833,1
0,0.10813150196232087,0
0,0.24137939511894652,0
0,0.5296144865040507,1
0,0.5426959130209958,1
0,0.2572876046545977,0
0,0.12111660963552867,0
0,0.5363997356792974,1
0,0.568740580027733,1
0,0.06342599804724859,0
0,0.3163308872988171,0
0,0.8279229684296813,1
0,0.30354789996073445,0
0,0.812978432506879,1
0,0.3572465166831095,1
0,0.22915558849245918,0
0,0.0968362609787598,0
0,0.4747465606476689,1
0,0.6426553620637665,1
0,0.6421261495875247,1
0,0.18307720235566236,0
0,0.17035662039919397,0
0,0.5244805558477332,1
0,0.1353887708734446,0
0,0.5054347970891425,1
0,0.7876755046448636,1
0,0.7005345184899199,1
1,0.720177570066589,1
0,0.14397308037553608,0
0,0.918381136607583,1
1,0.6487290043124754,1
0,0.31147790717044543,0
0,0.1922504777376129,0
1,0.9647191634134837,1
0,0.29661454672877785,0
0,0.15613697913292882,0
0,0.2430673787734681,0
0,0.2162042255273905,0
0,0.15730005249186726,0
0,0.35703303718828394,1
0,0.20373965593234752,0
0,0.7984483018070082,1
0,0.5592863008725997,1
0,0.6749533788277677,1
0,0.20176006976388175,0
0,0.45715518282462103,1
0,0.1251388221476257,0
0,0.16731713895086567,0
0,0.12574108984659266,0
0,0.14825357244137777,0
0,0.37407339675415757,1
0,0.4817662850187896,1
1,0.6018495929900147,1
0,0.17705353601385074,0
0,0.5002656086077124,1
0,0.6590988826565517,1
0,0.1415222381385693,0
0,0.14506445239108937,0
0,0.3394798208296174,0
0,0.13695582036527715,0
0,0.14335933261140954,0
0,0.17576261962942874,0
1,0.837275247174592,1
0,0.19157626229576855,0
0,0.2528478377380467,0
0,0.46123433849504836,1
0,0.0961419287077915,0
0,0.3137802397700001,0
0,0.43133009259994365,1
0,0.447422500228346,1
0,0.5350610189512841,1
0,0.37329778184401213,1
0,0.1129423201131035,0
0,0.37204592986905377,1
0,0.0710756431156188,0
0,0.4185129977965172,1
0,0.16934746731990594,0
0,0.13689830810412718,0
0,0.23468879859621022,0
0,0.13265398200791018,0
0,0.175263208883872,0
0,0.09246070157236767,0
0,0.11386760712766004,0
0,0.23566197669027408,0
0,0.76788345000905,1
0,0.17765388987411024,0
0,0.9049526375122123,1
0,0.14724883612460157,0
0,0.10515794935443447,0
0,0.14847690440177816,0
0,0.08662324739643963,0
0,0.13008134197325988,0
0,0.11194632744481497,0
0,0.10081889452449445,0
0,0.2943375636941163,0
1,0.7878900732265631,1
0,0.15338699916459073,0
1,0.8178480064037394,1
0,0.31955549740572525,0
0,0.42180895644779176,1
0,0.15925497902729044,0
1,0.6161179114734289,1
0,0.19538258056091531,0
0,0.16942105380095093,0
0,0.1511200451619681,0
1,0.45792438989687034,1
0,0.08365593423294539,0
0,0.21358186651771685,0
0,0.08196263603487212,0
0,0.10778263234485207,0
0,0.12734283488065876,0
0,0.10305070552525558,0
0,0.05017974749875082,0
0,0.27059375847297995,0
0,0.11230962887985269,0
0,0.08811949153578066,0
0,0.08058497113316633,0
0,0.15043982705253622,0
0,0.17764078192395952,0
0,0.10951280453251355,0
0,0.10433590054042799,0
0,0.6033196405656097,1
0,0.09007591320360757,0
0,0.18229078137933255,0
0,0.8992504727562687,1
0,0.28938153186793253,0
0,0.09772424899041189,0
0,0.09234348565100335,0
1,0.6832720064075527,1
0,0.5674531821900788,1
0,0.14643230320284584,0
1,0.38913459866020633,1
0,0.11337021187955837,0
0,0.29549552682942687,0
0,0.3272908176886077,0
0,0.09937481576860473,0
0,0.18857513275453558,0
0,0.0876089323538988,0
0,0.10336661198457116,0
0,0.07983814954977544,0
0,0.45554759398846995,1
0,0.12579278971417526,0
0,0.19432161500144257,0
0,0.18414538489659715,0
0,0.198131593453677,0
0,0.4051437275911102,1
0,0.10092550056894335,0
0,0.4891001690203777,1
0,0.05453028041029265,0
0,0.1722695511385686,0
0,0.19023786654703845,0
0,0.5357695491795399,1
0,0.09172727084349361,0
0,0.2270271512769713,0
0,0.12143495059619061,0
0,0.3515191980870684,1
0,0.552724384722774,1
0,0.19530500091921707,0
0,0.7399726319733293,1
0,0.8676823433331878,1
0,0.13018979792545524,0
1,0.7361923622919139,1
0,0.09579098430447607,0
0,0.26187776704656396,0
0,0.2914541853826637,0
1,0.40069300542405717,1
0,0.4137422498133367,1
1,0.7725213149864736,1
1,0.9272677656009707,1
0,0.15923737955522366,0
1,0.25275116790110685,0
0,0.10463801554440982,0
0,0.12380194710778454,0
0,0.3467320568843753,0
0,0.07797923300350444,0
0,0.11911870297722803,0
0,0.10819069156593276,0
0,0.22087342204159655,0
0,0.14261010449045874,0
0,0.5642434843043912,1
0,0.4181128882573266,1
0,0.09660488713465322,0
0,0.5448887283901378,1
0,0.15418670096988785,0
0,0.14043576679773756,0
0,0.1799274056252008,0
0,0.17844977426655714,0
0,0.09690044602070079,0
0,0.481460892775047,1
0,0.10877301805803283,0
0,0.2198383525546797,0
0,0.2531004483707601,0
0,0.3071354713286181,0
0,0.09079184138812349,0
0,0.10574371058149451,0
0,0.10865830211244443,0
0,0.08820694187629817,0
1,0.6195064009304433,1
0,0.08786246716498655,0
1,0.9579405237323376,1
0,0.12321590194033083,0
0,0.30591178796097174,0
0,0.48077255428096694,1
0,0.49581759030933226,1
0,0.9499427748088725,1
0,0.4093507443810298,1
1,0.9318119824327337,1
0,0.3244447881611446,0
0,0.4977907810435599,1
0,0.11547187204453595,0
0,0.17789557483112026,0
0,0.05689134472384737,0
0,0.20044897890922989,0
0,0.3035479780356403,0
0,0.26749424306974473,0
0,0.7001323361105265,1
0,0.0857573332410034,0
0,0.3689157843958326,1
0,0.18496209142907566,0
1,0.5936174401545253,1
0,0.13526735997447192,0
0,0.11682946227639157,0
0,0.4364019695102806,1
0,0.3313554839968438,0
0,0.10304244208615466,0
0,0.19195045119663096,0
1,0.4470026022187212,1
0,0.33147214826474763,0
0,0.08624958390480346,0
0,0.07149179378363339,0
0,0.1489405496290638,0
0,0.09801725532299692,0
0,0.05707215921901586,0
0,0.4211737694110068,1
0,0.09587341377565704,0
0,0.1275312290595587,0
0,0.2243184561536396,0
0,0.8663931192679003,1
0,0.11600508054115376,0
0,0.593515689840407,1
0,0.25730532579134624,0
0,0.6547678259601316,1
0,0.15626364706127766,0
0,0.1321224241590063,0
0,0.09778648481531996,0
0,0.28574989109350957,0
0,0.10569093899828813,0
0,0.7784914404273551,1
0,0.2138893785475913,0
0,0.13887141341694545,0
0,0.8197476778627752,1
0,0.8306972129398669,1
0,0.10676416899610346,0
0,0.0615513905446936,0
0,0.19857717514693862,0
0,0.5566225712905449,1
0,0.39295847930302624,1
0,0.06792368229436159,0
0,0.16733344012316068,0
0,0.1473944347678831,0
0,0.07965299536145583,0
0,0.08029556723845382,0
0,0.23501214106098758,0
0,0.35584956829400743,1
0,0.12045991706012493,0
0,0.08692503610256629,0
0,0.6516893931044768,1
0,0.10569192980344437,0
1,0.5627674709948689,1
0,0.1363354538521508,0
0,0.4097158485911553,1
0,0.12881719918019255,0
0,0.3764570678915669,1
0,0.5198993310676489,1
0,0.2427023664682542,0
0,0.12359492703591539,0
0,0.6207402187003288,1
0,0.48921351963900594,1
0,0.439743739682172,1
0,0.6860624052087246,1
0,0.3585113064028051,1
0,0.32126328977226043,0
0,0.30580307070104945,0
0,0.10950801900072009,0
0,0.1414778658805324,0
0,0.1820702899857198,0
0,0.24560953410777397,0
0,0.578155680391114,1
0,0.48642066104122333,1
0,0.10319538854244517,0
0,0.13087926142013134,0
0,0.19293417269988963,0
0,0.088227032938594,0
0,0.16179192374975163,0
0,0.0796249775864447,0
0,0.8380046641706422,1
0,0.5225867318962615,1
0,0.10350591516220925,0
0,0.11920102563550425,0
0,0.6730607539608092,1
0,0.4527651760188729,1
0,0.06599032828338804,0
1,0.6766547970411932,1
0,0.12257896646636413,0
0,0.30216903331231415,0
0,0.08817469069238808,0
0,0.18637587556460175,0
0,0.8889058639676074,1
0,0.2641678719418276,0
0,0.47969869268271936,1
0,0.3781330890715157,1
0,0.392175056327607,1
0,0.13843652123488864,0
0,0.5390226246845323,1
0,0.861990320645085,1
1,0.9579655509891001,1
0,0.1002136758316099,0
0,0.5087202929517625,1
0,0.7354289598652696,1
0,0.20415204896348965,0
0,0.08483377217249961,0
0,0.5410164302381811,1
0,0.3610831671512269,1
0,0.20151785965359517,0
0,0.07319922049943221,0
0,0.10251439513164261,0
0,0.5889382064929349,1
0,0.19827779342860596,0
0,0.46283225362153607,1
0,0.1515490179688347,0
1,0.8281389981863964,1
0,0.11570553472241807,0
0,0.29718409466398515,0
0,0.1612921258369455,0
0,0.12634681705258263,0
0,0.5159329823607887,1
1,0.34596607433519616,0
0,0.6155996319970801,1
0,0.057533568118447356,0
0,0.3152817365265387,0
0,0.8149631953243948,1
0,0.08286384041584365,0
0,0.3593951241180321,1
0,0.13380134526857299,0
0,0.23070155722659408,0
0,0.646275336954153,1
0,0.854163302762533,1
1,0.9198931507747288,1
1,0.9351397100928108,1
0,0.14347073741516655,0
1,0.9142547994824585,1
1,0.6063439420700234,1
0,0.8392653834105542,1
0,0.13241561928556123,0
0,0.058867811870482095,0
0,0.9553691143821997,1
0,0.10420788911830113,0
0,0.35194140439230454,1
0,0.28051791338306226,0
1,0.4244282337358293,1
0,0.06650098657618596,0
0,0.14339123227549946,0
0,0.5913005659711662,1
0,0.1038918068816448,0
0,0.468207509694777,1
0,0.5785337534253752,1
0,0.09073526021528597,0
1,0.10631218869951185,0
0,0.533664575692282,1
1,0.8464402160661345,1
0,0.5255565006006001,1
0,0.1158262628558384,0
0,0.29324353493869276,0
0,0.3023104327407026,0
0,0.6993478771755687,1
0,0.10818059282254144,0
0,0.1271547408588364,0
0,0.4033459367167332,1
0,0.5642612040379718,1
0,0.07558022858865758,0
1,0.456873179680911,1
0,0.47789134900032926,1
0,0.49244628544245617,1
0,0.08876046607909659,0
0,0.5966736732640461,1
0,0.1057552287434694,0
0,0.07002911750384241,0
0,0.43118800899680926,1
0,0.37609332858031297,1
0,0.2565364453596967,0
0,0.08480780041045816,0
0,0.09526881614988106,0
0,0.09509628494017094,0
0,0.08866988184480315,0
0,0.7753241583211694,1
0,0.11825617512793887,0
0,0.09739400320885734,0
0,0.44348391138526194,1
0,0.16348122667411846,0
0,0.10466496069352568,0
0,0.4357477784463189,1
0,0.30382883345496986,0
1,0.22450483508326413,0
0,0.5825781011008273,1
0,0.07754731595919226,0
1,0.34348485622368663,0
0,0.15731762985888492,0
0,0.8118258578005569,1
0,0.056846541721934256,0
0,0.2098578266558413,0
0,0.6958687238966805,1
0,0.12610797450880293,0
0,0.3088884050095705,0
0,0.07318309467259504,0
0,0.22401349258100023,0
0,0.1535752476528688,0
0,0.08608625702640041,0
0,0.11563705501378768,0
0,0.24309565048759163,0
0,0.7196138234470002,1
0,0.11637661540610236,0
0,0.15291877643144156,0
0,0.3108352081825206,0
0,0.6177389008690798,1
0,0.42912566820419745,1
0,0.06407484953734369,0
0,0.2082983881341193,0
0,0.13790516940036282,0
0,0.1878483733493077,0
0,0.43548940954523546,1
0,0.07679046166080036,0
0,0.9032622146645095,1
0,0.3767951289334723,1
0,0.11814110801064992,0
0,0.2139758304286164,0
0,0.08653049763002646,0
0,0.10164599672764286,0
0,0.2125629986320833,0
0,0.48884172993866504,1
0,0.18907180716942573,0
0,0.6039782044383627,1
0,0.16722704335637567,0
0,0.32191714159714396,0
1,0.9018589795771089,1
0,0.0972760346082018,0
0,0.2900606419140463,0
0,0.18132136729647763,0
0,0.1446127174991405,0
0,0.5290377817178995,1
1,0.9653259629081661,1
0,0.6178545314477797,1
1,0.18836780257852787,0
0,0.09640803597133975,0
0,0.09370558233460816,0
1,0.8564215532088169,1
0,0.5808336219570825,1
0,0.051374979085419874,0
1,0.48034394924307916,1
0,0.29839034239778167,0
0,0.16684158991884157,0
0,0.103554360974064,0
0,0.2326223826828917,0
0,0.1098765163025286,0
0,0.16386602034866313,0
0,0.2923573172457277,0
0,0.35942363065524857,1
0,0.0902750193916728,0
0,0.23072693659834187,0
0,0.0800974342182328,0
0,0.12795411846687393,0
0,0.11694959266819233,0
0,0.29464384515446296,0
0,0.159131488607295,0
0,0.5363811900414618,1
0,0.06334421008977788,0
1,0.14248650057543605,0
0,0.4198499095727857,1
0,0.7347828665575201,1
0,0.33567950433486826,0
0,0.16821998655620227,0
0,0.09853167855709245,0
0,0.7521361225713378,1
0,0.35094042321246827,1
0,0.5858621226873676,1
0,0.09425397661369915,0
0,0.23561783368989717,0
0,0.30272841431089775,0
0,0.14681743028264232,0
0,0.3810817501454853,1
0,0.7681075987548865,1
0,0.16988467440277197,0
0,0.35651487684849875,1
0,0.8034615796239954,1
0,0.6316941881979202,1
0,0.27627967332173303,0
0,0.09957983133448206,0
0,0.5962411504360288,1
0,0.1211582522411079,0
0,0.33485280191329675,0
0,0.33173562533581485,0
0,0.3680427932502254,1
0,0.1798754941637079,0
0,0.12460424836516074,0
0,0.17458553678676658,0
0,0.4602924452824781,1
0,0.35478266477902237,1
0,0.644227891984819,1
0,0.18566544277490654,0
0,0.11507238076822873,0
0,0.37551553596958925,1
0,0.2831089210602256,0
0,0.17265241612882312,0
0,0.09135905256056585,0
0,0.14116414667686936,0
0,0.22830266645560204,0
0,0.19226755983104196,0
0,0.08910331784306041,0
0,0.8032330504255162,1
0,0.14475735873586926,0
0,0.09039429509508523,0
0,0.5170992719844794,1
0,0.15679553841723284,0
0,0.13767629099315856,0
0,0.22208622601175074,0
0,0.19406632324401873,0
0,0.416402929947958,1
0,0.10150358418317162,0
0,0.14745264263768446,0
1,0.8347537123281225,1
0,0.31141368292521177,0
0,0.5934902956598884,1
0,0.11405548024320564,0
0,0.4326074109020494,1
0,0.19248396947012983,0
0,0.05964056686150083,0
0,0.18754181300823405,0
0,0.7728500487326923,1
0,0.12627952048574198,0
0,0.09004321467716184,0
0,0.2503542514673241,0
0,0.19082421070753144,0
0,0.7421165196607037,1
0,0.059864690012205235,0
0,0.36266917019313644,1
0,0.1971247825281083,0
0,0.3427218003935678,0
0,0.11300817690938837,0
0,0.06484244175841315,0
0,0.20744402180531785,0
0,0.3133967597751119,0
0,0.12433181190467338,0
0,0.1286700025559586,0
0,0.702344254874126,1
0,0.591625832805656,1
0,0.35256389450901043,1
0,0.569642362152697,1
0,0.23261035424183413,0
0,0.5274383485258738,1
0,0.12646538783731753,0
0,0.8479551527493812,1
0,0.17309934289887474,0
0,0.1949871638907731,0
0,0.26968471544049466,0
0,0.08385607929834661,0
0,0.5410488883259827,1
0,0.12192178347518161,0
0,0.32181465001147436,0
0,0.2944255714706571,0
0,0.10937103132578668,0
0,0.5069627718315826,1
0,0.6354696586693226,1
0,0.5710577204744905,1
0,0.3788530209669853,1
0,0.3775049136602269,1
0,0.3345328160935339,0
1,0.457558019887887,1
0,0.14760283678350333,0
0,0.365126971313922,1
0,0.10745726688618218,0
0,0.2875338179793837,0
0,0.522105435298616,1
0,0.5733827446305936,1
1,0.9152399129174533,1
0,0.28546703677458085,0
0,0.13781133841586998,0
0,0.13487908249484823,0
0,0.49894429185376976,1
0,0.10932847085442288,0
0,0.3327100638416982,0
0,0.36385944963576494,1
0,0.3825569936114034,1
0,0.1389040554169216,0
1,0.7822157267377698,1
1,0.7890123608550595,1
0,0.0931682310974546,0
0,0.3899855363533038,1
1,0.8562488668349165,1
0,0.09416767305933753,0
0,0.0966634405461913,0
0,0.09289248086040137,0
0,0.1501524753798256,0
0,0.5368687228513686,1
0,0.8494030555866351,1
0,0.08950132751082489,0
0,0.1836179627082746,0
0,0.3920320077038287,1
0,0.5676022671151145,1
0,0.33179959137852627,0
0,0.12847550197495805,0
0,0.061017953838702406,0
0,0.5380036206578264,1
0,0.16480734465041402,0
0,0.08469708133710604,0
0,0.17514546122751648,0
1,0.5806944595958771,1
0,0.4107529461855384,1
0,0.1730566109478307,0
0,0.3084517825769728,0
0,0.22263297555675823,0
1,0.1513121490043277,0
0,0.16649783398944168,0
0,0.08943754043255558,0
0,0.18277315395374477,0
0,0.10060050342873515,0
0,0.5535406620975888,1
0,0.24571355328146016,0
0,0.8198028372119256,1
0,0.10443380489708744,0
0,0.2673925422685872,0
0,0.15286902666562302,0
0,0.5593588794380115,1
0,0.45051311065693567,1
0,0.1858594755819152,0
0,0.21838719142344287,0
0,0.3629684414501634,1
0,0.5985530440633826,1
0,0.266946770390858,0
0,0.07589202732294639,0
0,0.33487445911869906,0
0,0.1264366957577676,0
0,0.09087087128332616,0
0,0.9145080328995395,1
0,0.2861120847786094,0
0,0.4476778943790659,1
0,0.7743920337098199,1
0,0.127374187468373,0
0,0.08913699991910679,0
0,0.9272785547092007,1
0,0.05475541829092671,0
0,0.12777935629165005,0
0,0.43214332461008537,1
0,0.49586728554658216,1
0,0.38940031935102665,1
1,0.8226124948378761,1
0,0.2839749629297315,0
1,0.8117152995468069,1
0,0.4894758921433637,1
0,0.8130955996660777,1
0,0.144927855157004,0
0,0.39042786306255595,1
0,0.5326723839769565,1
0,0.23946346860773157,0
1,0.17139945895682224,0
0,0.3125549415194661,0
0,0.1056505276072789,0
0,0.34576452123980506,0
0,0.10278970193765292,0
0,0.259212892472581,0
1,0.9459111932033081,1
0,0.41251103560185043,1
0,0.46555659391024257,1
0,0.0939542156493146,0
1,0.11848009618607434,0
0,0.2240498898499347,0
0,0.3952347366521093,1
0,0.47753175386199453,1
0,0.17402402846990528,0
1,0.43770382144508363,1
0,0.08397996534540554,0
0,0.29655505917725755,0
0,0.1865197911561344,0
0,0.14237945099569183,0
0,0.0910384049929634,0
0,0.07493779173246655,0
0,0.1556063041043472,0
0,0.09382277593219926,0
0,0.20488232803022408,0
1,0.9459752642347676,1
0,0.21690048333818843,0
0,0.10176759488656659,0
0,0.5333830462872986,1
0,0.44890704338622905,1
0,0.17238011708733417,0
0,0.13816090312061555,0
0,0.1545231570653332,0
0,0.25028800841302873,0
0,0.13490335441612755,0
0,0.06170411806103066,0
0,0.6478062082237297,1
0,0.4635953486713032,1
0,0.18299642721291814,0
0,0.15134377353055045,0
0,0.5096732958342497,1
1,0.8757095836010332,1
0,0.2284409869550052,0
0,0.601442967666384,1
0,0.11442892266722725,0
0,0.5232417215171364,1
0,0.0703443711971574,0
0,0.3610659472090052,1
0,0.5060395234044199,1
0,0.1467599219745465,0
0,0.735440358494909,1
0,0.10527091949109896,0
0,0.7224179456792119,1
0,0.14948310750426147,0
0,0.1543169930528541,0
0,0.13117400487330128,0
0,0.12673209022753862,0
0,0.2661767149252068,0
0,0.4308831153653948,1
0,0.12348419401400253,0
0,0.151245713688817,0
1,0.7623553538873035,1
0,0.5507293377845667,1
0,0.1783480062761645,0
0,0.6399796238924189,1
0,0.5642993579450646,1
0,0.40209574550612787,1
0,0.20355920096279004,0
0,0.31517928231217823,0
0,0.15715069265992113,0
0,0.1294190580689577,0
0,0.26064451915617937,0
0,0.16837530228161993,0
0,0.5737129264533268,1
0,0.2657123411894197,0
0,0.09311573015626559,0
0,0.20005448402082307,0
0,0.604351301869297,1
0,0.26656967208900173,0
0,0.21845209866589077,0
0,0.3629656425581895,1
0,0.19935255388740275,0
0,0.691576588330003,1
0,0.5258364335665078,1
0,0.4206861816917472,1
0,0.2050363710666801,0
0,0.2273484915400707,0
0,0.22719361082395886,0
0,0.14947913759484832,0
0,0.5859227289792829,1
1,0.7851425303942019,1
0,0.09088338312490901,0
0,0.8439825341061588,1
0,0.14199709127252425,0
1,0.7619876939084892,1
0,0.10526670523926046,0
0,0.14426703756255022,0
0,0.10566411132576337,0
0,0.16345805660081283,0
0,0.5236388536038505,1
0,0.5746328502400919,1
0,0.13701859523008464,0
0,0.31762342947386474,0
0,0.15384129901645754,0
0,0.2703814844713836,0
0,0.3884911894394915,1
0,0.8190732643376579,1
0,0.10192326210307781,0
0,0.5991837525716008,1
0,0.07894352327424375,0
0,0.6305439176790728,1
0,0.4051675576913366,1
0,0.14299764585393165,0
0,0.18228172627017478,0
0,0.05364681307979352,0
0,0.47466782164660853,1
0,0.07854079276315605,0
0,0.11163121536313185,0
0,0.25129984980681463,0
0,0.0780389454879587,0
0,0.1911106286302869,0
0,0.14971232420123412,0
0,0.12776630551871013,0
0,0.10927474128662736,0
1,0.934202558836065,1
0,0.20622304858489263,0
0,0.12990983185166335,0
0,0.10931561085549714,0
0,0.732697948273495,1
0,0.1369877041788479,0
0,0.32939136807668956,0
1,0.5310351965618828,1
0,0.16507385641619213,0
0,0.09861367630706785,0
0,0.23696914486875872,0
0,0.23018075666909643,0
0,0.1936129563113685,0
0,0.813887395301398,1
0,0.23680266505511932,0
0,0.24241840825315458,0
0,0.1313901325777912,0
0,0.1335708169204472,0
0,0.2309632189782587,0
0,0.07339906438124957,0
0,0.6671360971848154,1
0,0.18546309363524396,0
0,0.8815954661119085,1
0,0.12150723654746926,0
0,0.15131719742654484,0
0,0.23184483166039668,0
0,0.08449427630243421,0
0,0.4020237721229282,1
0,0.6077071822285343,1
0,0.31935543318690207,0
0,0.05371072161580064,0
0,0.5165496378585057,1
0,0.18850447124584083,0
0,0.2594518657050701,0
0,0.14428713758883888,0
0,0.16209438826693306,0
0,0.37734525667368224,1
0,0.6928566562421519,1
0,0.23162444931260723,0
0,0.19245896371399365,0
0,0.602885610640369,1
0,0.896379693732138,1
0,0.13513912949274803,0
0,0.15050271667436035,0
0,0.1782453824523385,0
0,0.1677227555516915,0
0,0.08340618579427957,0
0,0.16282522304543215,0
0,0.1741672837826655,0
0,0.20858886096014384,0
0,0.5516394988785269,1
0,0.6106231711819803,1
0,0.15026632396411663,0
0,0.7074430546182674,1
0,0.45856120176887427,1
0,0.18811174324874994,0
0,0.5563336410164682,1
0,0.1499487580904501,0
0,0.1419737165540121,0
0,0.2636891795621464,0
0,0.44075865701616473,1
0,0.5351690696312594,1
0,0.14625170352895892,0
0,0.20922543186499354,0
0,0.09258646072090236,0
0,0.11568738724350813,0
0,0.2245042988500913,0
0,0.1517356229920991,0
0,0.23638925583433523,0
0,0.06347907138081443,0
0,0.09696360208037184,0
0,0.43735724972301665,1
0,0.6204687953721237,1
0,0.13264576631695735,0
0,0.15240897232206393,0
0,0.22266980374980055,0
0,0.09509667899140102,0
0,0.08240190053347946,0
0,0.05251508821402314,0
0,0.056457162720825786,0
0,0.3229871202788547,0
0,0.9142802259419782,1
0,0.10078642703258206,0
0,0.1491788965233761,0
0,0.19218770135374297,0
0,0.4480966120981951,1
0,0.23300170501978149,0
0,0.5165472866525781,1
0,0.13210742817552176,0
0,0.15436877531476673,0
0,0.1301524698897917,0
0,0.2523307568288546,0
0,0.7438311964619987,1
0,0.06356422986347772,0
0,0.37396465370840615,1
0,0.5045003971485739,1
0,0.35921835986304224,1
0,0.13598778191566419,0
0,0.5073444945957278,1
0,0.0563754632153961,0
0,0.1770599268154019,0
0,0.13820059570452017,0
0,0.6242188638461066,1
0,0.8726781683235552,1
0,0.05754262969912073,0
0,0.09047651268121955,0
0,0.14268684570149742,0
0,0.4183692832994731,1
0,0.6320745491236524,1
0,0.2597939362486977,0
0,0.08938812640995408,0
0,0.13950943473647193,0
0,0.07104850189690143,0
0,0.12585139148176286,0
0,0.13511553129836767,0
0,0.3589403567865352,1
0,0.3430042836259514,0
0,0.3384156141703511,0
0,0.05741391972606766,0
0,0.15643297923925764,0
0,0.1694265579891676,0
0,0.193039345453663,0
0,0.5281941813541551,1
0,0.672534380922622,1
0,0.511880443330557,1
0,0.1560794462381624,0
0,0.2099379722483057,0
0,0.41155671284024214,1
0,0.11842739460608573,0
0,0.0788401065250931,0
0,0.6503220184947412,1
0,0.913041586288779,1
0,0.12330302708861574,0
0,0.16883268540077942,0
0,0.10067473077023613,0
0,0.09831807777584352,0
1,0.9489774757016545,1
0,0.08760529522500489,0
0,0.11530855627935073,0
0,0.49776609041355385,1
0,0.23415772316688813,0
0,0.9395487917909319,1
0,0.10240532384390728,0
1,0.920258749410574,1
0,0.14177380697559272,0
0,0.4525244448382303,1
0,0.2649809791442362,0
0,0.760078667184859,1
0,0.134762950506068,0
0,0.304404352047142,0
0,0.11455084631848976,0
1,0.8223668220960618,1
1,0.8845015645489371,1
0,0.6888147355284564,1
0,0.11309525740143571,0
0,0.32877012610133577,0
0,0.3690161760118459,1
0,0.15351064086571167,0
0,0.3987058473922898,1
0,0.2334268594469827,0
0,0.15137044684835266,0
0,0.478306981236532,1
0,0.13690753129631683,0
0,0.7610663575480893,1
0,0.8724949391650595,1
0,0.370967266200813,1
1,0.9353018028356062,1
0,0.38416224591705517,1
0,0.4484139755792802,1
0,0.5371241020818922,1
0,0.20373090468860952,0
0,0.1272929473085883,0
0,0.11635193754275099,0
1,0.2421043205834045,0
1,0.80697651658413,1
0,0.17058902919243568,0
0,0.10914397033998469,0
0,0.5158728812053937,1
0,0.378628506500073,1
0,0.913713682371602,1
0,0.3606451336317724,1
0,0.3932955007436993,1
0,0.2336885115124893,0
0,0.12548831361210352,0
0,0.8574262667914759,1
0,0.08059487585271549,0
0,0.0885736131342881,0
0,0.7782778689515003,1
0,0.2892009928137079,0
0,0.6965645474567344,1
0,0.1715482295851355,0
0,0.1032596611805157,0
1,0.8844777912214093,1
1,0.398674530214555,1
0,0.1531609869498459,0
0,0.13873978826611127,0
0,0.1877618584244672,0
0,0.20203832930981602,0
0,0.40635991210962047,1
0,0.5621768146839033,1
0,0.13768256760857434,0
0,0.4891388799871953,1
0,0.09319668910351311,0
0,0.28510009602372227,0
0,0.6305601415511418,1
0,0.164378836669794,0
0,0.7392997453615432,1
0,0.24673919907311728,0
0,0.10364143142140143,0
0,0.16687867066651502,0
0,0.17358122451232313,0
0,0.08897121951692814,0
0,0.0659809849062825,0
0,0.11470937625749195,0
1,0.8593829247915691,1
0,0.18491704492533945,0
0,0.22111610868133214,0
0,0.14956162991065142,0
0,0.17679531868327186,0
1,0.9356060063598318,1
0,0.29215383518810945,0
0,0.3092051037632552,0
0,0.12238824386657483,0
0,0.6644815768562082,1
0,0.24767641396765655,0
0,0.7860888582410203,1
1,0.7699102660213797,1
0,0.12324411545132674,0
0,0.08279578704903204,0
0,0.5534202438058561,1
0,0.2117651901294234,0
0,0.16837489123293703,0
0,0.581141054307366,1
0,0.20254469518972054,0
0,0.16335607829368898,0
1,0.8320256318229855,1
0,0.8371917133345145,1
0,0.11622746195763026,0
0,0.10431477061950573,0
0,0.134127573026508,0
0,0.28772750124205654,0
0,0.792774718868382,1
0,0.11456840866614698,0
0,0.44782552307130336,1
0,0.11600266120043401,0
0,0.11935640636378506,0
0,0.3804983456436702,1
0,0.6831688622775548,1
0,0.08729192080147098,0
0,0.1597738983325339,0
0,0.5407252911411122,1
0,0.07772346417688539,0
0,0.3023759840912637,0
0,0.6036419945089652,1
0,0.6991705303317953,1
0,0.11754850190137053,0
0,0.0724478910248195,0
0,0.1869546231643203,0
0,0.23389986997484358,0
0,0.10244588278018181,0
0,0.3244802293648795,0
0,0.31652690946823875,0
0,0.05246240537694072,0
0,0.37902207027394447,1
0,0.23313014642859153,0
0,0.19296601147757503,0
0,0.27998831538639163,0
0,0.19718871841204821,0
1,0.8539634016582454,1
0,0.22894227321405694,0
0,0.0689211377578948,0
0,0.20205978394861038,0
0,0.07636263867609869,0
1,0.8110166839962116,1
0,0.3983107143093063,1
0,0.13600114069019356,0
0,0.10921798208822435,0
1,0.9110491390654871,1
0,0.07789897182643553,0
0,0.16272647554249625,0
0,0.16721298050494318,0
0,0.07701571248172419,0
0,0.09257164954597102,0
0,0.1573219409594713,0
0,0.0824801804172016,0
0,0.08374180244980026,0
0,0.11340797830345818,0
0,0.743328971908791,1
0,0.5166577848306887,1
0,0.5288011939705587,1
0,0.1168807807222722,0
0,0.6327728375276702,1
0,0.0911608462382734,0
0,0.6703970333691648,1
0,0.8962574520017789,1
0,0.3527308808033733,1
0,0.09678421086566096,0
0,0.0795221050113506,0
0,0.27476628093474265,0
0,0.17466860233555476,0
0,0.08543759190482168,0
0,0.17117014330989547,0
0,0.3646679674133658,1
0,0.1916387970639038,0
0,0.3282921671797782,0
0,0.1413569543706411,0
0,0.35926896136334674,1
0,0.4126874288259929,1
0,0.07459260157496908,0
0,0.5751530505174988,1
0,0.09225941503149572,0
0,0.13876017272523375,0
0,0.2019690554571884,0
0,0.10226645547725453,0
0,0.12363371208512298,0
0,0.053526913026866046,0
0,0.09899903922144726,0
0,0.11655714988419391,0
0,0.2460980741354247,0
0,0.07452788016539101,0
0,0.1169729978735469,0
0,0.869445603061209,1
0,0.19881426938276797,0
0,0.5987099439076661,1
1,0.905254447855168,1
0,0.10578104346692836,0
0,0.3231422717843572,0
0,0.6354784069167336,1
0,0.4963952195052325,1
0,0.12419549982204621,0
0,0.07647812605943081,0
0,0.22160095160850432,0
0,0.6477837010190166,1
0,0.6546879227419867,1
0,0.11523247376387784,0
0,0.13270814769844072,0
0,0.22351076669264444,0
0,0.30887409539024985,0
0,0.3830497717491968,1
0,0.1045818746909878,0
0,0.12435241559551274,0
1,0.9280319220294199,1
0,0.08112305003513626,0
0,0.09385837177702391,0
0,0.1108928842501083,0
0,0.15570707150530486,0
0,0.2870704058468282,0
0,0.15185981093869597,0
0,0.34035866580874624,0
0,0.13451175856617667,0
0,0.7551936227242309,1
0,0.16395965735320095,0
0,0.12925917580820265,0
0,0.16684668516058673,0
0,0.8272862223799293,1
0,0.0746909055257649,0
0,0.05814251690072464,0
0,0.7260738721620876,1
0,0.18339103558009168,0
0,0.20572689663849425,0
0,0.2959449454964339,0
0,0.07731197144897148,0
0,0.1504503622451511,0
0,0.23110502505487976,0
0,0.11654716154184551,0
0,0.1951539213525508,0
0,0.0857276066175164,0
0,0.07684264579804176,0
0,0.12812271826740707,0
0,0.6282486905630394,1
0,0.10544223271664069,0
0,0.12265166813659721,0
0,0.07336053099176115,0
0,0.2612461051180508,0
0,0.36411416304554595,1
0,0.0749394022544296,0
0,0.3644843838264003,1
0,0.15369860333973664,0
0,0.1011216448224181,0
0,0.25369744391240817,0
0,0.8135688837268942,1
0,0.16454221277000894,0
1,0.39672597349884164,1
0,0.05731958433623005,0
0,0.33107097374118555,0
0,0.11456887171685366,0
0,0.4188855392700011,1
0,0.4804987354454709,1
0,0.05367918582141191,0
0,0.5064127190234203,1
0,0.5801912681615914,1
0,0.30668334293400534,0
0,0.11075770196616164,0
0,0.6004890945780423,1
0,0.0874202417335486,0
0,0.14444783398109878,0
1,0.5173241284527027,1
0,0.09808391492566695,0
0,0.7707418781676774,1
0,0.16062445715505666,0
0,0.07680228846088698,0
0,0.07554467396061387,0
0,0.08009567300293643,0
0,0.797002831974688,1
0,0.1510282881099939,0
0,0.17860463574710767,0
0,0.312153331614685,0
0,0.1895299221806008,0
0,0.3714007663328098,1
0,0.20349706186703523,0
0,0.1056285346144674,0
1,0.6495432048562901,1
0,0.3502434834617314,1
0,0.6139224534789606,1
0,0.07093428162146902,0
0,0.1978411876835851,0
0,0.058357465082160796,0
0,0.1778361242240977,0
0,0.47117731150578873,1
0,0.06909467084512326,0
1,0.9349250830817178,1
0,0.12854672714846815,0
0,0.2461510213014468,0
0,0.10670390974780936,0
0,0.5909100762703942,1
0,0.49220117045567674,1
0,0.15373458344499175,0
0,0.2696679175616883,0
0,0.18703932456625222,0
0,0.38013823851748185,1
0,0.11132869439378462,0
0,0.707663463951215,1
0,0.5387067909534439,1
0,0.05654503369892807,0
1,0.845700249847634,1
0,0.582083526713256,1
0,0.44193308657625463,1
0,0.14725180957547168,0
0,0.4046464046047965,1
0,0.5130138788164357,1
0,0.1608699241560621,0
0,0.14791208289667512,0
0,0.581266986847619,1
0,0.448450414257483,1
0,0.38710129775384816,1
0,0.48305740300782596,1
0,0.40687094624952935,1
0,0.20181391321501357,0
0,0.09237485766221917,0
0,0.10433284754976699,0
0,0.2586442264323255,0
0,0.19785204648826038,0
0,0.3317648695071814,0
0,0.20322883516930376,0
0,0.15272709684818608,0
0,0.5576962859853432,1
0,0.6635712502592208,1
0,0.15312040866965912,0
0,0.04894178627234319,0
1,0.1348458201955747,0
1,0.1354387627876567,0
0,0.1663068492226418,0
0,0.19859979224454355,0
0,0.09410137831804516,0
0,0.15600859807223627,0
0,0.3132870755728168,0
0,0.1633408112363395,0
0,0.14801806203972104,0
0,0.28173734321818567,0
0,0.22082655069333376,0
0,0.06567975761751077,0
0,0.5620134637365775,1
0,0.05879301011843594,0
0,0.29632889587393135,0
0,0.14841493612543588,0
0,0.09756014215005845,0
0,0.16363310726147573,0
1,0.5039358868295242,1
0,0.0832014624427693,0
0,0.35083179484141064,1
0,0.940707038218149,1
0,0.28868459298579274,0
0,0.15147095103824185,0
0,0.17343052314391913,0
0,0.3010531976702527,0
0,0.11826633335591742,0
0,0.5844718943376227,1
0,0.5512935329292555,1
0,0.9227940629051736,1
0,0.11741084954648874,0
0,0.3476796666098276,0
0,0.05741988602511823,0
0,0.38762354976943,1
1,0.8781211556339222,1
0,0.19499222770278485,0
0,0.13903303933783673,0
0,0.2562982766681075,0
0,0.14023404070265266,0
0,0.2797552734201693,0
0,0.3736567834165884,1
0,0.4191893324343123,1
0,0.0642578882597576,0
0,0.12356506903150782,0
0,0.14211731390767915,0
0,0.4617973186532954,1
0,0.5858579510532081,1
0,0.44719366982218267,1
0,0.08167434902267152,0
0,0.10452121055631683,0
0,0.8545783041927253,1
0,0.35631140106392784,1
0,0.14559698579034783,0
0,0.27744184641846736,0
0,0.1912361366344474,0
0,0.5577538476997572,1
0,0.07699668887483833,0
0,0.4584588614806635,1
0,0.11240003693801422,0
0,0.254664048398607,0
0,0.4556689888356661,1
0,0.20228501449656922,0
0,0.5211434610623682,1
1,0.8868271823079839,1
0,0.13903280109206628,0
0,0.13315703542438045,0
0,0.4189928063128691,1
0,0.11606497940122476,0
0,0.5369697142029494,1
0,0.6696355364733442,1
0,0.2809721511622296,0
0,0.8574974388476762,1
0,0.10392393331772225,0
0,0.4626589418930008,1
0,0.10856356006507409,0
1,0.16271421734572383,0
0,0.6006842720614128,1
0,0.3407448333933474,0
0,0.21559096566943536,0
0,0.5852316970614629,1
0,0.7980386184929181,1
0,0.18289856165554988,0
0,0.07819051432839204,0
0,0.20661105832795348,0
0,0.13104032944771254,0
0,0.16930596824917582,0
0,0.19450613894255236,0
0,0.5702166239138468,1
0,0.10471621651219032,0
0,0.18084871142722672,0
0,0.07929940726544714,0
0,0.14714368146627127,0
0,0.4306977803715707,1
0,0.9105372847270716,1
0,0.43616751100491,1
0,0.07122857602091531,0
0,0.37977817740868247,1
0,0.12023714280975843,0
0,0.5378316745234714,1
0,0.10856029016889752,0
0,0.8209910613903687,1
1,0.10778844443385217,0
0,0.5058814726388602,1
0,0.07402214539944584,0
0,0.522676104134396,1
0,0.10216296439101664,0
0,0.12977158087962973,0
0,0.10079652929331726,0
0,0.2913658365535102,0
0,0.6981730963676147,1
0,0.3347940495653,0
0,0.05177348366490971,0
0,0.563555715348482,1
0,0.4008264042254632,1
0,0.9044541586438538,1
0,0.12991059782638745,0
0,0.3595579471098866,1
0,0.107088175689108,0
0,0.5696033443843221,1
0,0.11651581290459942,0
0,0.4725685234083743,1
0,0.11096689596544003,0
0,0.10194041019057595,0
0,0.10818338017138238,0
0,0.14275176128020223,0
0,0.6286765389772522,1
0,0.18369581796015128,0
0,0.1523855459023211,0
0,0.3911288668772064,1
0,0.3621685701401476,1
0,0.3476294461158606,0
0,0.09413975458561294,0
0,0.7391296515644751,1
0,0.29932957042063263,0
1,0.18367519191117912,0
0,0.5143508284956552,1
1,0.48903787584390357,1
0,0.14110833723334146,0
0,0.2690151511801223,0
0,0.08412378303576648,0
0,0.09790499713106983,0
0,0.08919761532589646,0
0,0.2730334886140901,0
0,0.6665151547645447,1
0,0.27267712001696887,0
0,0.059769621403424344,0
0,0.3870467052215078,1
0,0.23778195546242448,0
0,0.4369836975738414,1
0,0.3041320185994666,0
0,0.40281075629782537,1
0,0.2305334975911305,0
1,0.5540080037454649,1
0,0.07682039529816762,0
0,0.7145110129761215,1
0,0.06889055151954995,0
0,0.4100627501679737,1
0,0.2000832570432569,0
0,0.11032499485559451,0
0,0.08067399493198815,0
0,0.29308429071333025,0
0,0.7789822310003379,1
0,0.6348305536410113,1
0,0.09367573307519837,0
0,0.14239530529044836,0
0,0.5901032610487641,1
0,0.17533355644363,0
0,0.33343266139761113,0
0,0.1348212607234852,0
0,0.9500951302726238,1
0,0.20101115343653414,0
0,0.05881466166057779,0
0,0.7413703546135019,1
0,0.20234830160460981,0
0,0.2806746500484716,0
1,0.939176439055478,1
0,0.5502107269090564,1
0,0.6752977205073905,1
0,0.3446111572154506,0
0,0.059740562318788146,0
0,0.4436146428415845,1
0,0.2843558200251168,0
0,0.8262287661391795,1
0,0.624169074465934,1
0,0.1517968676454702,0
0,0.10479148900368693,0
0,0.22471709466224374,0
0,0.4302867255292393,1
0,0.6090409906454627,1
1,0.8497993789143656,1
0,0.3730514829847575,1
0,0.08065208882914829,0
0,0.33343572292327617,0
0,0.32386349440191736,0
0,0.17658325751866175,0
1,0.8430994185626726,1
0,0.2571380645119061,0
0,0.3274745437622771,0
0,0.13062452807015323,0
0,0.2032639250154121,0
0,0.7217829700741629,1
0,0.6055801019836469,1
0,0.09326382981761054,0
0,0.11112815651031317,0
0,0.7644708625034174,1
0,0.41244942077648566,1
0,0.07031366417041118,0
0,0.11979215364286802,0
1,0.8939931661190292,1
0,0.50992001560779,1
0,0.08389747230313979,0
0,0.17224885882838184,0
0,0.07023841243627728,0
1,0.8392373144336532,1
0,0.10758371674473544,0
0,0.8606753339991119,1
0,0.5943541632447116,1
0,0.3022612118603478,0
0,0.18057574969297016,0
0,0.3679054902337026,1
0,0.09919084792482302,0
1,0.9238153368736113,1
0,0.43337580290598726,1
0,0.4745255133772687,1
0,0.19867721731351257,0
0,0.19762239976124535,0
0,0.0957624678755941,0
0,0.8315160284170904,1
0,0.12121288790123944,0
0,0.18605443872567268,0
1,0.5128551356467164,1
0,0.11926979923783321,0
0,0.31020984038250204,0
0,0.5848462695798433,1
0,0.1339917082385069,0
0,0.12446008677052234,0
0,0.39783333768031154,1
0,0.24563893873589882,0
0,0.15014090173456676,0
0,0.6653491384613692,1
0,0.133850508002312,0
0,0.18566958682122223,0
0,0.7674752911403053,1
0,0.23799383499235177,0
0,0.1500018333422499,0
0,0.49033807153216485,1
0,0.4571862490662031,1
0,0.07729128008223958,0
0,0.19364087163162974,0
0,0.37115364745776686,1
0,0.092246458324878,0
0,0.1939609865399846,0
0,0.40391260245489086,1
0,0.11965409071554198,0
0,0.09528721420153295,0
0,0.8027125522466515,1
0,0.5519035788293062,1
0,0.291411982138555,0
0,0.6085413232635133,1
0,0.32510036793413494,0
0,0.2376200125093781,0
0,0.2740069913566113,0
0,0.332054777449742,0
0,0.8942163297790061,1
0,0.16082304766329292,0
0,0.32120912255386463,0
0,0.12329007152888369,0
0,0.3595043985722124,1
0,0.10233783444135015,0
0,0.8187235944670237,1
0,0.11524407020898975,0
0,0.08836520113675372,0
0,0.07273713043659819,0
0,0.14314174525774034,0
1,0.8332824358641046,1
0,0.13563167469925647,0
0,0.11165893412723184,0
0,0.12638463041357373,0
0,0.24097579983560782,0
0,0.18288861130382078,0
0,0.26968815043338223,0
0,0.11799938548676543,0
0,0.14505539461019665,0
0,0.12306205804022835,0
0,0.1379682034557925,0
0,0.9235472968888231,1
0,0.09151238465107925,0
0,0.11517817391297551,0
0,0.5520850318445542,1
0,0.498124155868209,1
0,0.1341278810743085,0
0,0.1976764032803327,0
0,0.12233978805730086,0
0,0.19143897773190902,0
0,0.5961772522137657,1
0,0.09359481625128843,0
0,0.42193934952745416,1
1,0.950572773688908,1
0,0.4771625641581722,1
0,0.2181425646071105,0
0,0.23786692737126178,0
0,0.0999040545498968,0
0,0.31620270072815104,0
0,0.6210787431541062,1
0,0.5012255007048573,1
0,0.05034505317952032,0
0,0.4966016961792282,1
0,0.25847906058569836,0
0,0.4350978766651255,1
0,0.060463809796555405,0
0,0.38722151927968357,1
1,0.8316984746526594,1
0,0.13391649339127695,0
0,0.06556572668102548,0
0,0.8937386445685586,1
0,0.36043171283857406,1
0,0.08553743844158204,0
0,0.08670120469792908,0
0,0.13122941595984916,0
0,0.8586418892693619,1
0,0.10849261522697994,0
0,0.12006032992744935,0
0,0.11203195913644284,0
0,0.2425500205612675,0
0,0.09185193170562159,0
1,0.7833780461173673,1
0,0.6969286536018352,1
0,0.12058722895378918,0
0,0.0715521731419972,0
0,0.4812566421403187,1
0,0.20466743033169046,0
0,0.31866733625927823,0
0,0.3305729279878628,0
0,0.21332886693809205,0
0,0.22557401120270068,0
0,0.05134610038162895,0
0,0.8979699276491473,1
0,0.6830621393538642,1
0,0.07833408842026507,0
0,0.3117505022362488,0
0,0.1554986999851473,0
0,0.20737218545110578,0
0,0.46633048976978975,1
0,0.5024621241948939,1
0,0.2834563261424747,0
0,0.11608362833951313,0
0,0.11368013565448926,0
0,0.45951803493787935,1
0,0.1670427984456268,0
0,0.2085706833013309,0
0,0.15965423847346422,0
0,0.09597475224643039,0
0,0.12838115461323943,0
0,0.057886648531496006,0
0,0.5030608939749112,1
0,0.6055052233269995,1
0,0.21651552521999615,0
0,0.30066367490206014,0
0,0.144401961272822,0
0,0.7537929131243585,1
0,0.0888807368141172,0
0,0.39487803415081985,1
0,0.24054316604822168,0
0,0.6757360993545715,1
0,0.09258113760309214,0
0,0.21348917682041393,0
0,0.666873905651213,1
0,0.17565029518858655,0
0,0.5392234875191145,1
0,0.3686002661608975,1
0,0.24117571605424207,0
0,0.12692848106443116,0
0,0.4315102844216126,1
0,0.13852922942550408,0
0,0.42232795850732896,1
0,0.19356047468453164,0
0,0.9107900112143513,1
0,0.10492534632512383,0
0,0.5074799104589597,1
1,0.7051235393568687,1
0,0.09567638154710122,0
0,0.4995477601056617,1
0,0.7840794671480734,1
0,0.055526682736762444,0
0,0.5630472704785087,1
0,0.10380805438511218,0
0,0.2701962830087606,0
0,0.5473894173264232,1
0,0.10378383396898534,0
0,0.35093129794819994,1
0,0.2915163943658416,0
0,0.12785598116784141,0
0,0.3558286022910133,1
0,0.23373183113349702,0
0,0.37541934663344495,1
0,0.7576971391638501,1
0,0.12090430878413057,0
0,0.4900628549414134,1
1,0.7587346171435593,1
0,0.42474189671480234,1
0,0.49446832043162836,1
0,0.2644136700255747,0
0,0.114150114667224,0
0,0.41898934918193026,1
0,0.5128274769685394,1
0,0.06378076846723137,0
1,0.8957506836079502,1
0,0.15616523224325776,0
0,0.07879179165922322,0
0,0.10341196707492317,0
1,0.2932004409985073,0
0,0.0974565321494665,0
0,0.2690892743569787,0
0,0.3941426450298345,1
0,0.23898478127933123,0
0,0.35715429067150817,1
0,0.24176948169720647,0
0,0.16180994974095914,0
0,0.19475612385335747,0
0,0.10130734461434257,0
0,0.0786250777269669,0
0,0.20126115188118088,0
0,0.06541485484439337,0
0,0.13897857563618413,0
0,0.5639124376201372,1
0,0.1695153869995246,0
0,0.133687075835625,0
0,0.44229244608902574,1
0,0.10402288157925854,0
0,0.13428358992338094,0
0,0.08757570667771962,0
0,0.21539862431746107,0
0,0.34613867368910267,0
0,0.12707955880082483,0
1,0.47841022778432224,1
0,0.6528691240378063,1
0,0.18363462280639772,0
0,0.8536029973830436,1
0,0.14200338304947227,0
0,0.3667027885798953,1
0,0.9063097899491879,1
0,0.17726118986604014,0
0,0.29987056527574385,0
0,0.41520508757405306,1
0,0.5829164620620165,1
0,0.8990352469041131,1
0,0.22020961288483468,0
1,0.40112488740262625,1
0,0.5751461479358985,1
0,0.0607758950377657,0
0,0.11109864405153624,0
0,0.5946341321594305,1
0,0.49878293171571725,1
0,0.36579076237088615,1
0,0.08900188248731969,0
0,0.46318070825705604,1
0,0.09521356265868532,0
0,0.24171816052634257,0
0,0.13198225446016248,0
0,0.5991055543295349,1
0,0.35451417620672493,1
0,0.5684091409131677,1
0,0.28531258276165194,0
0,0.12464373298330057,0
0,0.20131787995278622,0
0,0.33529564722411015,0
0,0.4411268727639585,1
1,0.864654013442478,1
0,0.3124045438782444,0
0,0.11086038114357143,0
0,0.14384774873531886,0
0,0.056997578550994264,0
0,0.32757815558606646,0
0,0.11066686160309928,0
0,0.5428625648985743,1
0,0.251979230935571,0
0,0.7622191318423404,1
0,0.20853672966394432,0
0,0.5036850985237983,1
0,0.07509893907176511,0
0,0.6527829951372447,1
0,0.21907937753533904,0
0,0.12178812873715932,0
0,0.4996968776585761,1
0,0.07199563471158682,0
0,0.09862574870321478,0
0,0.1435172753335779,0
0,0.10801494893008458,0
0,0.7621510126371255,1
0,0.9108210845493768,1
0,0.15161745735639406,0
0,0.3314809104109814,0
0,0.46977910600228456,1
0,0.16054147735434382,0
0,0.12620729068984482,0
0,0.3210924941539955,0
0,0.10004715579800205,0
0,0.05742474636796238,0
1,0.1330800670077088,0
0,0.6072952195058183,1
0,0.9467777796297999,1
0,0.1171693211783958,0
0,0.13136751191034154,0
0,0.3760155985783849,1
0,0.269889785996739,0
0,0.4495670138834252,1
0,0.46801386135533835,1
0,0.12232294707172324,0
0,0.24100526708618608,0
0,0.1320121989782344,0
0,0.15081708562457724,0
0,0.6833050619331024,1
0,0.40150450485733796,1
0,0.1945627367805326,0
0,0.1260679449582156,0
0,0.11279485752698364,0
1,0.21566175227673712,0
0,0.18312805062565127,0
0,0.08012313701447793,0
0,0.29111523992420935,0
1,0.9150723102668175,1
0,0.3010757105042756,0
0,0.167459234297985,0
0,0.5836783867713661,1
0,0.19985270471314578,0
0,0.18500016012686385,0
1,0.8398663842457638,1
0,0.06136400877769188,0
0,0.08829316173492681,0
0,0.2853470181478956,0
0,0.8946499701726636,1
0,0.3018409107249334,0
0,0.4075406254068725,1
0,0.17748749641232087,0
0,0.9084664424527298,1
0,0.0792924004713904,0
0,0.5497891774072818,1
0,0.09485343695622979,0
0,0.0865050253557304,0
0,0.1256983087493263,0
0,0.09855834052544071,0
0,0.4061783881113657,1
0,0.11449948923267646,0
0,0.5109612819619475,1
0,0.4864356734341818,1
0,0.19249161201534426,0
0,0.16398476203329096,0
0,0.7261101877583646,1
0,0.16027121713452944,0
0,0.13893087779763852,0
0,0.09628826450037635,0
0,0.21198441701441442,0
0,0.1358921120635957,0
0,0.11981461476980212,0
0,0.45391081687591867,1
0,0.6073409395732482,1
0,0.1556169989690158,0
0,0.10804285909612901,0
0,0.750631818201059,1
0,0.8506755292983237,1
0,0.45653082774988935,1
0,0.15024114500054264,0
0,0.10292324157960206,0
0,0.7440068378998768,1
0,0.469955626388848,1
0,0.18692139613601363,0
1,0.8475078379460033,1
0,0.2530228260025761,0
0,0.43933660893016196,1
0,0.7939803432868471,1
0,0.31477578292646147,0
0,0.4820103091842253,1
0,0.2507643737152912,0
0,0.07820190849226791,0
0,0.16425095477659277,0
0,0.16442818382480084,0
0,0.0993798850854164,0
1,0.4545868798715564,1
0,0.14561676965532114,0
0,0.3826098874943286,1
0,0.3463716825408359,0
1,0.8896117724660662,1
0,0.0931966160062929,0
0,0.1543647435568686,0
0,0.23897820074431284,0
0,0.09422513128074991,0
0,0.20341343027648634,0
0,0.8801287650853037,1
0,0.10977761344780426,0
0,0.31801097866222694,0
0,0.12202051876523752,0
0,0.06460150087527568,0
0,0.629976695692907,1
0,0.1305852285094492,0
0,0.06338613082261571,0
1,0.9368800598134601,1
0,0.14998878696273016,0
0,0.15133691980909234,0
0,0.18699256263016817,0
0,0.37268014087601425,1
0,0.07713624824272353,0
0,0.11831911746955709,0
0,0.3614729785583117,1
0,0.1720894323509685,0
0,0.3801538072150518,1
1,0.8227038026576516,1
0,0.4543992635398043,1
0,0.35900608805943324,1
0,0.4197460826973571,1
0,0.11094572919665799,0
0,0.6694793844923395,1
0,0.11911672290570507,0
0,0.4057209681731874,1
0,0.21535372149237267,0
0,0.13910551174007812,0
0,0.6788370420322409,1
0,0.30304674317032515,0
0,0.3564513362784958,1
0,0.8014416588666735,1
0,0.05941133893562197,0
0,0.3163416278245201,0
1,0.4840717025321298,1
0,0.09443367955086647,0
0,0.5748882882250118,1
0,0.17399074565445638,0
0,0.10994257041280807,0
0,0.16743479392020258,0
0,0.145887502106103,0
0,0.7406305726118351,1
0,0.0950319468631915,0
0,0.642715372316204,1
0,0.06579977031259163,0
0,0.09896757760783063,0
0,0.7725213149864736,1
0,0.055483284593342966,0
0,0.09533293236675133,0
0,0.36266798910053194,1
1,0.9554357231412164,1
0,0.11953935413410707,0
0,0.2515954931791441,0
0,0.1814718098475856,0
0,0.12701728786819405,0
0,0.11018177444491421,0
0,0.08455853703083215,0
0,0.23240642075451035,0
0,0.5409451454488213,1
0,0.08734801886352887,0
0,0.1532315314497217,0
0,0.15134370754577367,0
0,0.22779840157499406,0
0,0.47769475774691633,1
0,0.23421883520051062,0
0,0.07352244144761852,0
0,0.09610733139657934,0
0,0.3439372995878656,0
0,0.12580649163890384,0
0,0.1068351243819731,0
0,0.09725696469202981,0
0,0.3388649488036468,0
1,0.4383483341011564,1
0,0.15007617440613435,0
0,0.21773444303670375,0
0,0.3840731125445421,1
0,0.14023534589004558,0
0,0.07731875678239776,0
0,0.14705823091199333,0
1,0.8258578050459238,1
0,0.19855096768614514,0
0,0.09888688688659569,0
0,0.1382625269560723,0
0,0.1718133031863436,0
0,0.3532607786898731,1
0,0.8366167488183514,1
0,0.09009437908444028,0
0,0.406633346896648,1
1,0.48907277168334595,1
0,0.1402683048565975,0
0,0.1846521648572357,0
0,0.07134030393173915,0
0,0.09689423357643236,0
0,0.2527205010537136,0
1,0.6451374600478446,1
0,0.10135731707861162,0
0,0.40755755042899844,1
0,0.44868363089587004,1
0,0.3445226652076604,0
0,0.08262759075643462,0
0,0.29057805873488846,0
0,0.5050302721222857,1
0,0.092534812538978,0
0,0.6013317386356654,1
0,0.3510819250882079,1
0,0.8641106887901701,1
0,0.48148580877557945,1
1,0.8964273879787384,1
0,0.12555848301267955,0
0,0.10434686652806098,0
0,0.1868973197147786,0
0,0.3234501372375719,0
0,0.11774052417643098,0
0,0.697073199949256,1
0,0.10472080480532699,0
0,0.08746863212607851,0
0,0.6830312991380599,1
0,0.33908983638162105,0
0,0.09565365715344064,0
0,0.2390935609158079,0
0,0.2951319398450576,0
0,0.28642419601605984,0
0,0.2514257616897504,0
0,0.262784338761137,0
0,0.15749111244431968,0
0,0.3225121215677064,0
0,0.17920486937240931,0
1,0.3213824532113282,0
1,0.8328233720208608,1
0,0.1606910879063896,0
0,0.10969513564631735,0
0,0.32633580751344626,0
0,0.09733937559158001,0
0,0.16435094669563358,0
0,0.24192169135098468,0
0,0.4257314752406072,1
0,0.07469391418455183,0
0,0.18662525534805438,0
0,0.4951338653217297,1
0,0.179776743936734,0
0,0.16145088760225101,0
0,0.5503894116291861,1
0,0.13757412559497662,0
0,0.21645172123917233,0
0,0.9552061613914278,1
0,0.34717167528810094,0
0,0.511155452049547,1
0,0.4482363828873706,1
0,0.21422626381469448,0
0,0.1371639024199448,0
0,0.11591429254524938,0
0,0.7091781302402382,1
0,0.0676751635780576,0
0,0.07616945861262346,0
1,0.7248528490063186,1
0,0.43969350346027425,1
0,0.31643613578637675,0
0,0.11216160314921261,0
0,0.09121905464486464,0
0,0.6076441184975573,1
0,0.9088396884201251,1
0,0.11669717856646614,0
0,0.18440195580008145,0
0,0.49805298061006054,1
0,0.26771666318775655,0
0,0.17193489855021346,0
0,0.15466696466033308,0
0,0.18597537493133753,0
0,0.7937237825283535,1
0,0.16405111768205805,0
0,0.5108929158094282,1
0,0.10690014352493683,0
0,0.5193081105396542,1
0,0.790928786955021,1
0,0.39253112439260884,1
1,0.9316268234067411,1
0,0.1306382243925218,0
0,0.10425836028104042,0
0,0.7819478164388209,1
0,0.7824416776856341,1
0,0.1262964408692529,0
0,0.9020729538165788,1
0,0.19464159918252835,0
0,0.3089622780277267,0
0,0.12710638734225083,0
0,0.2024166866838476,0
0,0.12446748401162396,0
0,0.19821306163034713,0
0,0.08504053685023237,0
0,0.23129078871548478,0
0,0.531674603141309,1
0,0.14345675311590536,0
0,0.13797720115158452,0
0,0.14991454518675218,0
0,0.08657379585032529,0
0,0.2948139689168655,0
0,0.14538124455310703,0
0,0.13013075557885692,0
0,0.16011839159889785,0
0,0.36119264221211916,1
0,0.10915375798719076,0
0,0.17070504519681384,0
0,0.3561721344006241,1
0,0.08892031819224532,0
0,0.24430867270472684,0
0,0.29027471264830695,0
0,0.11506299386229638,0
0,0.05047778217163866,0
0,0.12385144202255442,0
0,0.7044377632034802,1
0,0.31508867018618125,0
0,0.12002278069493419,0
1,0.8381083304063929,1
1,0.7913402096027747,1
0,0.12310505615161614,0
0,0.17122604635404362,0
0,0.13763498536249613,0
0,0.5346662372252642,1
0,0.4283655131514708,1
0,0.4068260072484006,1
1,0.854293306978223,1
0,0.10928987743302218,0
0,0.07498895597846743,0
0,0.2543814105084833,0
0,0.09006854512452214,0
0,0.08184654817909433,0
0,0.6774785974012636,1
1,0.9228635227418374,1
0,0.2690850735963292,0
0,0.46070098643120655,1
0,0.14340775824319965,0
0,0.05855678981148272,0
0,0.0939465677442307,0
0,0.8675514991940146,1
0,0.08282684967165332,0
0,0.11930179283484495,0
0,0.16110248365459148,0
0,0.10538492985177449,0
0,0.16106099504903798,0
0,0.11273052713005917,0
0,0.6068740746288187,1
0,0.11691164297375098,0
0,0.1050131670077526,0
0,0.15984475007635907,0
0,0.21606596143403814,0
0,0.1519779542835355,0
0,0.42965764118454464,1
0,0.12696475053878872,0
0,0.09721130221291199,0
0,0.5203910518822666,1
0,0.18219904526827171,0
0,0.20316108479627515,0
0,0.6257497900231805,1
0,0.44726068478679537,1
0,0.07269485199505542,0
0,0.3835895149870845,1
0,0.15755743272773273,0
0,0.15397398749179544,0
0,0.12666828567316243,0
0,0.5382529311199069,1
0,0.42071783356050607,1
0,0.18030035209987094,0
0,0.8187887890376128,1
0,0.12133236790856713,0
0,0.25862172301038056,0
0,0.4712009459069346,1
0,0.4893914637540553,1
0,0.12467692359919232,0
0,0.08602351342962371,0
0,0.08068687001748097,0
0,0.9207703981355974,1
0,0.22636664189336325,0
0,0.4452750241866704,1
0,0.0776619672981641,0
0,0.20696779947905794,0
0,0.5922409110463741,1
0,0.11652007176345293,0
0,0.8911761787852902,1
0,0.1552085817126408,0
0,0.18639510152676766,0
0,0.05591543741406854,0
0,0.8049204398370102,1
0,0.07148466982037588,0
0,0.18386346660676295,0
0,0.7127446919463722,1
0,0.11087425663080135,0
0,0.16661264697656025,0
0,0.393025594814883,1
0,0.5554088869604159,1
0,0.3430128868754989,0
0,0.36578964103936457,1
0,0.21655623154997292,0
0,0.1534385548424657,0
0,0.5391549692317948,1
0,0.37018632099412874,1
0,0.2202662549446756,0
0,0.060492328872922614,0
0,0.1551578371850307,0
0,0.47904870080216094,1
0,0.08393707995123492,0
0,0.1371467394759879,0
0,0.4264943031361333,1
0,0.6142495460415998,1
0,0.19783744357191527,0
0,0.2423454659323383,0
0,0.15174048230450435,0
1,0.097855906736916,0
0,0.6246252443088658,1
0,0.2833903402090401,0
0,0.12593490716763012,0
0,0.11724589836848004,0
0,0.41074572934154396,1
0,0.5839118609773502,1
0,0.20612332388830668,0
0,0.9540779985611137,1
0,0.13017418421456964,0
0,0.39486333520524547,1
0,0.11070387294039179,0
0,0.1371238834073385,0
0,0.26852922165488724,0
0,0.387843242199146,1
0,0.5638237596385748,1
0,0.2890099164951352,0
0,0.11996112055377167,0
0,0.07583649573449121,0
1,0.8388843190380276,1
0,0.7120670050506628,1
0,0.10494146436829997,0
0,0.2225804349267486,0
0,0.1885900152385155,0
0,0.07568683051548276,0
0,0.07800054746470089,0
0,0.3687088054130107,1
0,0.1439771160629426,0
0,0.20071638510317324,0
0,0.10386996756521094,0
0,0.08335826403708185,0
0,0.1227034175215888,0
0,0.39287147854808746,1
0,0.07604883147016929,0
0,0.13411642143663088,0
0,0.6045909477584345,1
0,0.7593552558344796,1
0,0.3588496817619719,1
1,0.9093676876301405,1
0,0.09754325092502361,0
1,0.6381079566079679,1
0,0.14374945323091762,0
0,0.25328838070914966,0
0,0.9413062385213922,1
1,0.6631105584913578,1
0,0.14004385225345667,0
0,0.25167911284505945,0
0,0.12478647648292478,0
0,0.5088198089653481,1
0,0.5740088660098311,1
0,0.4725221456190545,1
0,0.11156376869730562,0
0,0.78585877321409,1
0,0.22718589893986765,0
0,0.5326782070123705,1
0,0.2044184638682125,0
0,0.4446477314292263,1
0,0.17900842902038255,0
0,0.7507083123151358,1
0,0.5478447576359027,1
0,0.11902308654949728,0
0,0.1780345736783183,0
0,0.3247060120136293,0
0,0.36220797891901724,1
0,0.09869700786732355,0
0,0.30810304568085634,0
0,0.09639605351779511,0
0,0.10938215173795679,0
0,0.35433123931922206,1
1,0.7732698847205287,1
0,0.5686036853317971,1
0,0.24810486410036062,0
1,0.775658276497136,1
0,0.08114796985975319,0
0,0.7226666666196883,1
0,0.17974877438569947,0
0,0.2898559061574826,0
0,0.17922630291891326,0
0,0.36127026171939663,1
0,0.07580081357894226,0
0,0.6734785638700153,1
0,0.38642487007638554,1
0,0.1716737717756294,0
0,0.057557589149430786,0
0,0.230813889528772,0
0,0.241064048576221,0
0,0.07970165015714707,0
0,0.2293253455976766,0
0,0.08728918037157972,0
0,0.1907686500919962,0
0,0.06735365092204279,0
0,0.19494861472708222,0
0,0.3472357546087922,0
0,0.092518411865887,0
0,0.09446885066815691,0
0,0.10995171431876545,0
0,0.1368233391680741,0
0,0.11166324861732446,0
0,0.20817550661297832,0
0,0.3419517658349123,0
0,0.0961991472369189,0
0,0.21131406377412953,0
0,0.10659306289484526,0
0,0.492930324211567,1
0,0.13584653538704683,0
0,0.05876990794128908,0
0,0.23662122861859952,0
0,0.10946640802507158,0
1,0.897886307742364,1
0,0.06087053022083657,0
0,0.5969937141353134,1
0,0.22179270953011757,0
0,0.10493293685385036,0
0,0.17627698676241904,0
0,0.22810672445104424,0
0,0.10830823022404308,0
0,0.6492544664549722,1
0,0.20521801543304008,0
1,0.9487528715550589,1
0,0.7303819320633609,1
0,0.9412519453290571,1
0,0.43221033643654133,1
0,0.25902232404492265,0
0,0.27114468096323535,0
0,0.8222484963348392,1
0,0.8057236824296651,1
0,0.10740879714429509,0
0,0.10854744804244772,0
0,0.12210019477676255,0
0,0.17689673639791892,0
1,0.8102520980270604,1
0,0.32838323939147984,0
0,0.43228768987960914,1
0,0.08133291472251003,0
0,0.3549386292242922,1
0,0.34855869751396346,0
0,0.30449034984465256,0
0,0.08601305309632444,0
0,0.4042678198859456,1
0,0.2187738235244126,0
0,0.13605605822384198,0
0,0.10164001553242938,0
0,0.10422787330230503,0
0,0.7571915281133403,1
0,0.12203831263574022,0
0,0.11438623989539448,0
0,0.7955449905061075,1
0,0.5150137898238625,1
0,0.8331831987613619,1
0,0.7826706112130025,1
0,0.09114281547253587,0
0,0.3660464430834923,1
0,0.11010006311484515,0
0,0.34580915053597006,0
0,0.1409307015079373,0
0,0.5942493765212865,1
0,0.1067480055642515,0
0,0.604027472513635,1
0,0.08382573419651602,0
0,0.694415048493602,1
0,0.08030552802432996,0
0,0.13726016745266917,0
0,0.5173150341565734,1
0,0.10644024359892908,0
0,0.5716592653162792,1
0,0.12841541548256366,0
0,0.13890565743147876,0
0,0.7995397891425656,1
0,0.2634672790449712,0
0,0.09587918469351733,0
0,0.10572311473203473,0
0,0.05441464222014293,0
0,0.7910172376893978,1
0,0.2131055004400958,0
0,0.26204941694639494,0
0,0.08547357943975692,0
0,0.3370705551913829,0
0,0.584579582106579,1
0,0.13617199451489012,0
0,0.151985311540056,0
0,0.2398774373715794,0
0,0.15060331471256078,0
1,0.586481548029555,1
0,0.395775473745512,1
0,0.0855456956414423,0
0,0.13264416783488622,0
1,0.9609243190924762,1
0,0.10263979500051819,0
0,0.2022507575436783,0
0,0.08291490497963934,0
0,0.13660521478656287,0
0,0.3906115992883726,1
1,0.8017361751385109,1
0,0.07564846271255042,0
0,0.053444400539665156,0
0,0.14134987126648363,0
0,0.10022819197679496,0
0,0.2529751751231235,0
0,0.38832067155704003,1
0,0.2771934805969632,0
0,0.18065078471139615,0
0,0.2457055117090052,0
0,0.1568908795069457,0
0,0.16253063938329024,0
0,0.09847748683670488,0
0,0.26145836840069997,0
0,0.10162391794158833,0
0,0.4881249050211781,1
0,0.11917624835614656,0
0,0.3052900990254043,0
0,0.27022064053055367,0
0,0.08435963889172421,0
0,0.214555226622382,0
0,0.4502153257718803,1
0,0.07462408169966067,0
0,0.12172680125493654,0
0,0.12456910713670148,0
0,0.40113477701780714,1
0,0.2309449409608229,0
0,0.423673985673996,1
0,0.12884641213434203,0
0,0.10500870189886594,0
0,0.09863403303274856,0
0,0.12984929889541352,0
0,0.09585357895450171,0
0,0.12024671307633329,0
0,0.33656810102470014,0
0,0.49885756807286014,1
0,0.05358013816955643,0
0,0.42387271581512836,1
0,0.14169435132573116,0
0,0.3705258947803664,1
0,0.1769895789238296,0
0,0.5522927699541375,1
0,0.08937138513593727,0
0,0.1633086628719235,0
0,0.16846785962132219,0
0,0.10096113190780474,0
1,0.822198456701966,1
0,0.08612566803754336,0
0,0.9107934431872212,1
0,0.5450685089808005,1
0,0.08408640420624493,0
0,0.8687733100357887,1
0,0.06802252319098635,0
0,0.08120259593414511,0
0,0.4300567341446567,1
0,0.08292882045521059,0
0,0.05901557786903723,0
0,0.5364649953869137,1
0,0.09815223184148632,0
0,0.07986297015435546,0
0,0.09366405333762433,0
0,0.8552016029428783,1
0,0.5375224330132521,1
0,0.10321039776576497,0
0,0.33557356056650056,0
0,0.08672823801702216,0
0,0.13435771249807635,0
0,0.7903698245538933,1
1,0.5812517467304942,1
0,0.29362374772983024,0
0,0.3172765285033825,0
0,0.23936933705275645,0
0,0.37666974628877803,1
0,0.21914606794884411,0
0,0.11162023127391475,0
0,0.14487760317609732,0
0,0.07421104558592251,0
0,0.12314871552945396,0
0,0.6550758388871393,1
0,0.8272268358388498,1
0,0.3405594368089625,0
0,0.5885772716027726,1
1,0.582694233313419,1
0,0.06490393138880665,0
0,0.9104384454590005,1
0,0.07728729773835533,0
0,0.14111856655018676,0
1,0.8788336560127683,1
0,0.6163689196537379,1
0,0.7219056243748474,1
0,0.7661114052458252,1
1,0.37421319093894356,1
0,0.07206500066237713,0
0,0.10990928135149355,0
0,0.29094291451149723,0
0,0.09871857291034533,0
0,0.5106984686564824,1
0,0.3375048027844251,0
1,0.8717832082181938,1
0,0.2376760329245428,0
0,0.17509015414083157,0
0,0.11057461330426636,0
0,0.4441536385264294,1
0,0.1659015401862487,0
0,0.36340412536583133,1
0,0.29768194548139487,0
0,0.36381503425786266,1
0,0.14533884186688434,0
0,0.1451443539435882,0
0,0.2919662571187851,0
0,0.07929062581963921,0
0,0.4126330419665628,1
0,0.4256450269234658,1
0,0.20018673475837773,0
0,0.2925276669253968,0
0,0.14280963924352977,0
0,0.536464060029433,1
0,0.0856415916620117,0
0,0.281580144786003,0
0,0.06412950585475719,0
1,0.9155801271117128,1
0,0.5862049463103516,1
0,0.1132963841083743,0
1,0.5007356504775523,1
0,0.9177652074262905,1
0,0.2967042883745841,0
0,0.8360285707265624,1
0,0.3497810562100574,0
0,0.33449517115396715,0
0,0.1335863132715369,0
0,0.1248284595921717,0
0,0.7407576526524682,1
1,0.22450469619854488,0
0,0.05480890416135537,0
0,0.2872843307491489,0
0,0.1318068292905146,0
0,0.16801814021119013,0
0,0.162776589560027,0
0,0.07233326949310621,0
0,0.2963928153961733,0
0,0.09856491735207024,0
0,0.6945701957374001,1
0,0.10419018501924622,0
0,0.07563819881252962,0
0,0.4912159616648945,1
1,0.6026418018547364,1
0,0.11938051340282915,0
0,0.5085208548244559,1
0,0.5296096496163682,1
0,0.05321140169352993,0
0,0.4072084374747453,1
0,0.6421722801056476,1
0,0.3999375685548031,1
1,0.8190896007263366,1
0,0.09695723351795114,0
0,0.10427942995215496,0
0,0.1697728829518348,0
0,0.8340843438585124,1
0,0.17647017264896125,0
0,0.11103228506849705,0
0,0.35483842457826353,1
0,0.18725483467757953,0
0,0.4643875397986268,1
0,0.09246307776121063,0
0,0.1832503622249376,0
0,0.11161391338147177,0
0,0.3883310812295341,1
0,0.15328957633485857,0
0,0.44788470947497216,1
0,0.4051429685046058,1
0,0.11570929406057157,0
0,0.5870763771074402,1
0,0.774482503049794,1
0,0.14601420702836995,0
0,0.5413360879703792,1
0,0.2953829501522441,0
0,0.2684923141910567,0
0,0.6543253644913885,1
0,0.23876208431222115,0
0,0.31464198120967657,0
0,0.1935486480179565,0
0,0.11664913683354837,0
0,0.39340686624692317,1
0,0.1393958334298285,0
0,0.15094186261734263,0
0,0.1486370881444551,0
0,0.13277023721018072,0
0,0.20098612181163433,0
0,0.5797641142662856,1
0,0.7857867512385216,1
0,0.1040030433359877,0
0,0.0906641387145884,0
0,0.3759683270892506,1
0,0.13821150283944908,0
0,0.5116337486302031,1
0,0.3164343633956827,0
0,0.5219599391418371,1
0,0.2478746536620657,0
0,0.3450976009927521,0
0,0.13061199907628374,0
0,0.5247498597184337,1
0,0.10262901209676925,0
0,0.14892441964798148,0
0,0.08897619506583382,0
0,0.27812818652836213,0
0,0.16435771126164775,0
0,0.09483711557438784,0
0,0.7196997271453527,1
0,0.29603725301605655,0
0,0.209244689287833,0
0,0.1523705242858874,0
0,0.15101853147213248,0
0,0.2018704808642539,0
0,0.15172230906024844,0
0,0.12320918996163603,0
0,0.10277175067269549,0
0,0.524963554170925,1
0,0.07679524328993084,0
0,0.09901063072102338,0
0,0.28901999402993517,0
0,0.14596320713575986,0
0,0.08333518307559833,0
0,0.6737594930026998,1
0,0.5277996569887099,1
0,0.13786786757130234,0
0,0.12426585599016095,0
0,0.44511601633961684,1
0,0.14602331062682927,0
0,0.42013460908481837,1
0,0.5533812585218328,1
1,0.7313770772819799,1
0,0.28568574712871847,0
0,0.0999287122068444,0
0,0.16301443074584532,0
1,0.9109976567229303,1
0,0.7070487710297094,1
0,0.8397908139738746,1
0,0.1976833166544715,0
0,0.14670879857151642,0
0,0.0729873359586101,0
0,0.5815796940190925,1
0,0.2981492690307933,0
0,0.6752513368541209,1
0,0.05571743915549995,0
0,0.36471590816297494,1
0,0.3607387598316593,1
0,0.09838724372927474,0
0,0.6960651445424619,1
0,0.11218411763509821,0
0,0.18114791990902815,0
0,0.6226153361227557,1
0,0.06919780669969797,0
0,0.22219603030682242,0
0,0.2165230757306777,0
0,0.13751244158473278,0
0,0.052771580442817274,0
0,0.16315474546663106,0
0,0.53377064265529,1
0,0.31645141996523424,0
0,0.29292747215844606,0
0,0.25017934754314836,0
0,0.14757108956654835,0
0,0.2948403857343983,0
0,0.13767498360281202,0
1,0.969829536221773,1
0,0.9227941359040219,1
0,0.0859622799237144,0
0,0.3620949680342995,1
0,0.21326993712370199,0
0,0.10308516976494025,0
0,0.6337327109604669,1
0,0.15643493973888956,0
0,0.2837639703342802,0
0,0.1811097290874137,0
0,0.20013377053649173,0
0,0.11943207044072529,0
0,0.4154020974933948,1
0,0.27505122458529296,0
0,0.16761753208387378,0
0,0.14468653289438574,0
0,0.3637684669324158,1
0,0.43049667221469945,1
0,0.4788559713544382,1
0,0.33619349833317586,0
0,0.1256434875611068,0
0,0.2611187536399108,0
0,0.20558820854049348,0
0,0.10183477097614117,0
0,0.1278635156021997,0
0,0.22819320078292657,0
0,0.4906726854608463,1
0,0.3464378390296709,0
0,0.608216468226801,1
0,0.08551267523275528,0
0,0.6237473558531668,1
0,0.14577981736382517,0
0,0.8733000883419169,1
0,0.3170019318195444,0
0,0.5396830760230042,1
0,0.11782542821714212,0
0,0.14785316600701542,0
0,0.18283505841329367,0
0,0.09557578688184004,0
0,0.07938203617080544,0
0,0.9311732367145275,1
0,0.15310086519513239,0
1,0.6890689547222828,1
0,0.18414697866638152,0
0,0.1847059926127715,0
0,0.2273594065161023,0
0,0.4029175220343559,1
0,0.48347182090689994,1
0,0.3112045434541023,0
0,0.4013400703536096,1
0,0.11481121737796669,0
0,0.15408660839765775,0
0,0.11257001416980207,0
0,0.10769166918604979,0
0,0.19028040837072413,0
0,0.4549684286355417,1
0,0.10048902394347482,0
0,0.14804436119644995,0
0,0.7993402965801654,1
0,0.5900220927037416,1
0,0.6309573029107286,1
0,0.2940187297524921,0
0,0.16649400722717309,0
0,0.1535517810013631,0
0,0.1353815913462438,0
0,0.11941711336609745,0
0,0.4309199205512083,1
1,0.9538254579742023,1
0,0.7244138545950142,1
0,0.11097973880606825,0
0,0.11899982980813917,0
0,0.24704826884722422,0
0,0.872130960372268,1
0,0.23227818659091318,0
1,0.8298823595073863,1
0,0.5843729427415616,1
0,0.14385995809753502,0
0,0.14289365567220264,0
0,0.08773899941142295,0
0,0.10133149663494032,0
0,0.5570641073606636,1
0,0.19221337767674748,0
0,0.22759259105453788,0
0,0.36884435336700716,1
0,0.16135048470412405,0
0,0.12439679589215312,0
0,0.20408422541245913,0
0,0.5112614916987295,1
0,0.4967337877444534,1
0,0.1368407283313065,0
0,0.6541487605901413,1
0,0.10586339589860953,0
0,0.8392825104390749,1
0,0.12208434711584841,0
0,0.9214248399797007,1
0,0.13049813870049898,0
0,0.6971032532536507,1
0,0.07285062449496622,0
0,0.79374921781369,1
0,0.14230617101007417,0
0,0.1503466420166012,0
0,0.34448529402618555,0
0,0.10596669366046134,0
0,0.12858341561397355,0
0,0.42184932269189074,1
0,0.5238227250673182,1
0,0.5460343015304098,1
0,0.2669047641754582,0
0,0.1755331494021494,0
0,0.10856667925950884,0
0,0.21789301830649976,0
0,0.2234665257888275,0
0,0.37348119727705664,1
0,0.13971812506205492,0
0,0.36276051150675653,1
0,0.11110879913257318,0
0,0.9533831958975776,1
0,0.08752433711368385,0
0,0.07905743537053632,0
0,0.16872287576176967,0
0,0.3948342242237196,1
0,0.10502222163976944,0
0,0.10430024818899786,0
0,0.6199051634421942,1
0,0.1802433126057792,0
0,0.22956673500977393,0
0,0.2605691899341073,0
0,0.5936723530136722,1
0,0.4228271006054165,1
0,0.24605482615205546,0
0,0.1441340115101182,0
0,0.5577097686263802,1
0,0.5587893817582933,1
0,0.14004601981210293,0
0,0.14304728962457264,0
0,0.31038562093638117,0
0,0.18041430484709803,0
0,0.32381550180167135,0
0,0.10273606727333932,0
0,0.39958306420623235,1
0,0.3748386869782838,1
0,0.11508182399895894,0
0,0.19330668495261416,0
1,0.9153174425793597,1
0,0.3062847598885782,0
0,0.09942518287503685,0
0,0.11069852773323649,0
0,0.11087412377075814,0
0,0.5524945942051118,1
0,0.10280278601499065,0
0,0.39251276537743063,1
0,0.32899806383684216,0
0,0.4498267311799358,1
0,0.5667353607044983,1
0,0.48461098029553057,1
0,0.8760220448336018,1
0,0.34612762879972336,0
0,0.164476163432698,0
0,0.1206379801381379,0
0,0.4895475597236326,1
0,0.5071420307592558,1
0,0.23650113491486807,0
0,0.8597005421119612,1
0,0.6561991463007657,1
0,0.07463434748839941,0
0,0.44934722541724736,1
0,0.16529092546972726,0
1,0.3886623433900681,1
0,0.10709659299906794,0
1,0.29663504303794225,0
0,0.508496092971556,1
0,0.5325658933019984,1
0,0.08649139060009742,0
0,0.10761299683120981,0
0,0.11032123342119154,0
0,0.42765606972307807,1
1,0.527048482334389,1
0,0.14560973230492208,0
0,0.1689322353513404,0
0,0.15144625517137916,0
0,0.22020600531373186,0
0,0.08772768436337307,0
0,0.09183688348945063,0
0,0.15107677108863976,0
0,0.15914736672476723,0
0,0.26416364761057326,0
0,0.4207606309021023,1
1,0.9318165276772673,1
0,0.07533322572340696,0
0,0.10175964250817936,0
0,0.13631169575951907,0
0,0.1363007441058276,0
0,0.7329672551004444,1
0,0.48536324719803936,1
0,0.36770211651278717,1
0,0.34743872662787,0
0,0.3855785223218484,1
0,0.25610735368633253,0
0,0.5309795782876883,1
0,0.264940911854757,0
0,0.35953917737963836,1
0,0.336217563449715,0
0,0.6731120742627732,1
1,0.7780207232949343,1
0,0.090320421471272,0
0,0.45959058750837756,1
0,0.1141596424428333,0
0,0.13042510697845439,0
0,0.19770955885822203,0
0,0.9060002888159457,1
0,0.08423000857838106,0
0,0.5662947955911767,1
1,0.10283175594569735,0
0,0.15006819997277449,0
0,0.5982480839538464,1
0,0.924143355859989,1
0,0.08956969850114618,0
0,0.09314645213501258,0
0,0.22738998317093181,0
0,0.185781894091424,0
0,0.08885817532598889,0
0,0.3341504057684962,0
0,0.10701497277016554,0
1,0.9192990141589749,1
1,0.6221854810382901,1
0,0.3696423182924176,1
0,0.06849278740309807,0
0,0.1585941911691353,0
0,0.11929216005046574,0
0,0.2613912701389456,0
0,0.4188573951649066,1
0,0.11906037183033513,0
0,0.32466668550566913,0
0,0.1827937036465016,0
0,0.09705419069821683,0
0,0.4036513180272279,1
0,0.6346109563497844,1
0,0.1747391362922873,0
0,0.07945058190412024,0
0,0.15574177869643704,0
0,0.3152289063008533,0
1,0.9223395511150091,1
0,0.07237716776708682,0
0,0.20310119759841977,0
0,0.5815937030133552,1
0,0.1370229504921779,0
0,0.33803799087745906,0
0,0.11586121828375363,0
0,0.7454239002328031,1
0,0.2762675473430047,0
0,0.4674888598232181,1
0,0.2617290601767529,0
0,0.7814186487619299,1
0,0.08667415034378392,0
0,0.6112184425896253,1
0,0.07188362280290488,0
0,0.21288177809102798,0
0,0.5724625442651601,1
0,0.16156703062147604,0
0,0.3563514564769226,1
0,0.6231578382306747,1
0,0.28519512874329406,0
0,0.8682323020297759,1
0,0.11427166360299573,0
0,0.05551888632096826,0
0,0.1871622701198933,0
1,0.9611852898522695,1
0,0.2566652836259976,0
0,0.22652232500986544,0
0,0.08188291276086225,0
0,0.36431680505403435,1
0,0.090298762598006,0
0,0.13376603159648284,0
0,0.11056860036453178,0
0,0.1437430516168666,0
0,0.16871419952012942,0
0,0.12269518734885256,0
0,0.32103211400720144,0
0,0.43451356069013114,1
0,0.6259725369956859,1
0,0.2526895717808907,0
0,0.0971758792859759,0
0,0.07278433975816047,0
0,0.256636212949507,0
0,0.09540875929527612,0
0,0.4600745271658606,1
0,0.1287054050369289,0
0,0.4126949139255205,1
0,0.6703608548049748,1
0,0.191046615324965,0
0,0.05051901569110139,0
0,0.3941711261744899,1
0,0.12160787280069375,0
0,0.1463938901466615,0
0,0.10237059967836948,0
0,0.3242832172121922,0
0,0.06484110316358661,0
0,0.19398325215620352,0
0,0.08085205711289868,0
0,0.08577032142672525,0
0,0.5083803259431304,1
0,0.09846849525028636,0
0,0.89686860161975,1
0,0.18267605704482434,0
0,0.05368995538228237,0
1,0.9062376341631349,1
0,0.5073381732910364,1
0,0.34763212107787617,0
0,0.07651864583026761,0
0,0.26562195158739255,0
0,0.10048300052726974,0
0,0.12363218340083588,0
0,0.088508441496329,0
0,0.21595943060817935,0
0,0.2086203815785627,0
0,0.21385909792099075,0
0,0.1607316083357255,0
0,0.1508944347501158,0
0,0.15002826706390487,0
0,0.9223814637903005,1
0,0.5793531081671225,1
0,0.0902750193916728,0
0,0.6476802153163614,1
0,0.4706632495025128,1
0,0.5384506589594238,1
0,0.5333217041424192,1
0,0.10723382560897,0
0,0.11945979090160949,0
0,0.11320452438186768,0
0,0.3059839449951467,0
0,0.13632885328074984,0
0,0.12490550816392433,0
0,0.8169692242638101,1
0,0.7178713954277647,1
0,0.46423346575541047,1
1,0.8563057429476123,1
0,0.1134035615363666,0
0,0.1140875860104943,0
0,0.13220727981646177,0
0,0.2489774799361876,0
0,0.07338610952338423,0
0,0.11632572299854106,0
0,0.1692031966032441,0
0,0.12872577585269276,0
0,0.09423745554844898,0
0,0.21683520875633264,0
0,0.14666718377384516,0
0,0.33870149025278107,0
0,0.5203279626012913,1
0,0.14859173015468394,0
0,0.13583510763060658,0
0,0.5872506767874588,1
0,0.7356573349760799,1
0,0.929602429925869,1
0,0.10928292439719955,0
0,0.25104425289120125,0
0,0.890171663285167,1
0,0.1613195546737587,0
0,0.4043700953673845,1
0,0.1420672097234996,0
0,0.2870925379007791,0
0,0.09220286544966043,0
0,0.340567673039574,0
0,0.38332997739939373,1
0,0.5576143843879444,1
1,0.9022153301503149,1
0,0.6077666406255627,1
0,0.20436951585452967,0
0,0.6605307435941555,1
0,0.7819478164388209,1
0,0.15382877761570274,0
0,0.2025378583881342,0
0,0.11398884823113074,0
0,0.1083374274099025,0
0,0.15354338604491694,0
0,0.09476433038532171,0
0,0.1605154535582207,0
0,0.4244768463649065,1
0,0.6309647263774057,1
1,0.8771665762351678,1
0,0.11945209472999184,0
0,0.21995046549981442,0
0,0.19070910791013324,0
0,0.056377767724444916,0
0,0.4533087161680583,1
0,0.9270689709941929,1
0,0.2932239254607608,0
0,0.5049685432479094,1
0,0.7584158380069485,1
0,0.054138144822031414,0
0,0.0672141725783561,0
0,0.20428814149416435,0
0,0.6228874374336998,1
0,0.5759937590187405,1
0,0.34632764359710827,0
0,0.5839018904159983,1
0,0.20921792531783065,0
0,0.12581654343378687,0
0,0.14357224429620827,0
0,0.5046680642474989,1
0,0.13397400379861357,0
1,0.9345977505155229,1
0,0.23924014484468575,0
0,0.362877397381852,1
0,0.5588022938487859,1
0,0.5564570315219033,1
0,0.27966111741549593,0
0,0.13891745342446865,0
0,0.089319445938689,0
0,0.2587998999991305,0
0,0.42888880551695135,1
0,0.14780033893840044,0
0,0.15754299746719871,0
0,0.6930262190098905,1
1,0.9247492804454865,1
0,0.08255703135651016,0
0,0.10072945233626321,0
0,0.6031198474459836,1
0,0.31134792621486457,0
0,0.8021003507882999,1
0,0.08502718073445001,0
0,0.3699758802100419,1
0,0.5511267071201782,1
0,0.5166392850523969,1
0,0.3000023289352782,0
0,0.07460761856401246,0
0,0.3296358828253787,0
0,0.09680065957499236,0
0,0.24228285808746497,0
0,0.5001306294847145,1
0,0.1180420984297842,0
1,0.08168747781376252,0
1,0.40438410290308197,1
0,0.7666025345542272,1
0,0.14553158350865328,0
0,0.6320931911172417,1
0,0.05933205522199464,0
0,0.13854388170258244,0
0,0.6739970383062203,1
0,0.12093098457917419,0
0,0.514086284216096,1
0,0.16616688400418136,0
0,0.5644188775017127,1
0,0.20730543379985591,0
0,0.30592578676301124,0
0,0.848498652793043,1
0,0.16588123269976893,0
0,0.7808311981565295,1
0,0.37133288147287224,1
0,0.08003664623764285,0
0,0.46857384614316105,1
0,0.7637824639956501,1
1,0.9405312527983347,1
0,0.8226995922398915,1
0,0.16122831025479128,0
0,0.2279886872963891,0
0,0.13799379505610834,0
0,0.23321622235692885,0
0,0.14833577401347917,0
0,0.18505841744200294,0
0,0.10638174411072204,0
0,0.4143657824840373,1
0,0.06940385919080026,0
0,0.5217021670675106,1
0,0.055155221464179845,0
0,0.2656551380966162,0
0,0.20284547391505833,0
0,0.08883204522598906,0
0,0.7262579691527201,1
1,0.9212609759029755,1
0,0.13083405210985521,0
0,0.6177776837256471,1
0,0.6030011918398654,1
0,0.08152387924334818,0
0,0.1269032434179123,0
0,0.7851917267451396,1
0,0.2626641234678408,0
0,0.23590471415874603,0
0,0.30823205727485603,0
0,0.8763893329489127,1
0,0.35495707955780736,1
1,0.8632955997467396,1
0,0.07877763230031087,0
0,0.2326316786237245,0
0,0.1645631023521259,0
0,0.22343765035119986,0
0,0.17346294172202717,0
0,0.12769005261647784,0
0,0.3662597899867667,1
0,0.12008125879113644,0
0,0.20458843340302704,0
0,0.1012232614273044,0
0,0.22039061667071053,0
0,0.14494835906177414,0
0,0.5133901176086693,1
0,0.5698736444278919,1
0,0.08195770190246772,0
0,0.5115569706010693,1
0,0.15238202629988082,0
0,0.1567034954427968,0
0,0.48421598307634317,1
0,0.1567091447557712,0
0,0.06781144784708149,0
0,0.4041969436259927,1
0,0.12747346577331586,0
0,0.5750968456703134,1
0,0.31227566886057595,0
0,0.07070892802819753,0
1,0.9198308976806688,1
0,0.11786082636151209,0
1,0.529017734853737,1
0,0.07546404743646593,0
0,0.1523399844864519,0
0,0.18061345029318843,0
0,0.07096387592564225,0
0,0.7380436118064524,1
0,0.06747880710670384,0
0,0.06421821664197042,0
0,0.2806369785535667,0
0,0.06722009704676643,0
0,0.5169736808537178,1
0,0.29812704924864974,0
0,0.10199931211530695,0
0,0.15651484304218916,0
0,0.8909510376701426,1
0,0.3822931949473367,1
0,0.20457673888855754,0
0,0.35383176652623377,1
1,0.8047008861071105,1
0,0.5837193775761,1
0,0.12328276194345998,0
0,0.5113475311312947,1
0,0.1059637711248829,0
0,0.08150064426289072,0
0,0.21309221458325234,0
0,0.06737061230484515,0
0,0.1636423745411543,0
0,0.6198220813397166,1
0,0.111041328943098,0
0,0.637972956972003,1
0,0.12800060056150464,0
0,0.0695236562272731,0
0,0.15505300316299775,0
0,0.06155610172893651,0
0,0.10253007801044674,0
0,0.05501811156514247,0
0,0.1612749470645908,0
0,0.2849839144127524,0
1,0.8421658055136483,1
0,0.39862551275723684,1
0,0.28675889257355874,0
0,0.05864170206930655,0
0,0.24371728560668232,0
0,0.1482025906523962,0
0,0.7467856870520073,1
1,0.9732109286475085,1
0,0.28257241009881395,0
0,0.729651542264164,1
0,0.20716517024549896,0
0,0.18413370115688463,0
0,0.7893012695653577,1
0,0.1101583673919415,0
0,0.13879824396180826,0
1,0.7116046926348546,1
0,0.24361091099021295,0
0,0.10081776535406957,0
1,0.8704166249726862,1
0,0.3368504473718374,0
0,0.30213523426911326,0
0,0.7772023913171658,1
0,0.05711719867221407,0
0,0.16708322749481325,0
1,0.8640879380546719,1
0,0.10921616072564748,0
0,0.7539762823471842,1
0,0.15691313421338604,0
0,0.17084338440209976,0
0,0.1027690745326609,0
0,0.09473460236306722,0
0,0.1655952900631981,0
0,0.08191261418771341,0
1,0.7815816741302289,1
1,0.9113198607808412,1
0,0.24211149170748703,0
0,0.20401226048665855,0
0,0.0740561123992192,0
0,0.19362950262653633,0
0,0.07542847007717844,0
0,0.499227314155164,1
0,0.5671661261867731,1
0,0.6486251338014685,1
0,0.14606243142186337,0
0,0.12802017912507094,0
1,0.7671672191141257,1
0,0.13774000150153898,0
0,0.2175455501689043,0
0,0.13955154413585372,0
0,0.11616595716792875,0
0,0.06158904090945577,0
0,0.6746252262727352,1
0,0.12735359662794973,0
0,0.10394560132013607,0
1,0.4397651926426343,1
0,0.12395329790156422,0
0,0.06674796787975107,0
0,0.14839570851305983,0
0,0.11659413563684685,0
0,0.22467879072842142,0
0,0.15187687929697463,0
0,0.9168102954559106,1
0,0.08145924351169674,0
1,0.8105742433392871,1
0,0.7427122322829156,1
0,0.12917611745871535,0
1,0.6567157596634149,1
0,0.09554631681693758,0
0,0.7784049960932539,1
0,0.10371004078281143,0
1,0.9370398747348812,1
0,0.12099117791877446,0
0,0.16487433201618382,0
0,0.10794820992365492,0
0,0.1252728347943682,0
0,0.12794938697269978,0
0,0.16979264465013677,0
0,0.058617635146743216,0
0,0.6485286626997234,1
0,0.09968020944833005,0
1,0.9470827123797765,1
0,0.24943063233207663,0
0,0.2010456569099577,0
0,0.1028362543577334,0
0,0.5085139311375562,1
0,0.16306414958920906,0
0,0.2099081746400994,0
0,0.18560147653980458,0
0,0.7134228059241006,1
0,0.2027411272746717,0
1,0.8732767612386848,1
0,0.35211571380416334,1
0,0.30887955549979335,0
0,0.22883177402312374,0
0,0.05456956580759204,0
0,0.12396793454251279,0
0,0.14515454220311033,0
0,0.15256353195270841,0
0,0.14566074056915135,0
0,0.0753412284593474,0
0,0.12200516574840746,0
0,0.1466898591174572,0
0,0.07378114368547935,0
0,0.5596655731310514,1
0,0.2375242875492608,0
0,0.23311074690347094,0
0,0.09414079676101895,0
0,0.27792898978329544,0
0,0.06770519247586836,0
1,0.599109988385943,1
0,0.13957775476352294,0
0,0.33433963420590784,0
0,0.583032975604114,1
0,0.12228105641441521,0
0,0.18690379090891793,0
0,0.6426729539981031,1
0,0.18630705890674096,0
0,0.43242601705647093,1
0,0.13355343987297857,0
0,0.11702832439116788,0
0,0.33436952675047443,0
0,0.32376198804081063,0
0,0.3500317184584055,1
0,0.33830961266605375,0
1,0.6003890739233414,1
0,0.5422129319934166,1
0,0.5436463387191539,1
0,0.37745924467286385,1
0,0.11692382112998442,0
0,0.36039991721425835,1
0,0.26514146081939516,0
0,0.07954331809490224,0
0,0.11839194061997192,0
0,0.12744900482932442,0
0,0.15802048052795736,0
0,0.19321095145239928,0
0,0.9307896250828075,1
0,0.8460949353481838,1
0,0.0922557107934744,0
0,0.1439823149240362,0
0,0.5158833196131614,1
0,0.47005289066660577,1
0,0.4107401910698393,1
0,0.2198856625407856,0
1,0.37234052360257563,1
0,0.12425231624895003,0
0,0.10458091621854981,0
0,0.5759535300355413,1
0,0.3678920287134875,1
0,0.5123277452642923,1
0,0.40622576574554065,1
0,0.3280251848823476,0
0,0.22817210132786045,0
1,0.22528322022198538,0
0,0.24635738116068576,0
0,0.15676755360228406,0
0,0.16817299574700925,0
0,0.5794812678577551,1
0,0.2936728392809362,0
0,0.06928491927206819,0
0,0.09325292678938644,0
0,0.12745410817482816,0
0,0.4804185094326829,1
0,0.1621253679477908,0
1,0.78930398714777,1
0,0.14627314245230344,0
0,0.12995055213601103,0
0,0.3413564398588743,0
0,0.4269642906218175,1
0,0.14380509647762166,0
0,0.055431205409309785,0
1,0.4339646296322782,1
0,0.12806666105813364,0
0,0.20916700306685346,0
0,0.08208620919777714,0
0,0.10192383405059045,0
0,0.11742074686234638,0
0,0.14248083265398215,0
0,0.10758920240291026,0
1,0.6608865892765142,1
0,0.36685316917679395,1
0,0.1583330742865106,0
0,0.8659767427010763,1
0,0.8549736860730369,1
0,0.07216838180851064,0
0,0.830094545463184,1
0,0.30053606230695884,0
0,0.10034862529776659,0
0,0.1502300725878871,0
0,0.09201445876976172,0
0,0.6555651266268246,1
0,0.16223523754680236,0
0,0.10800261862737104,0
0,0.20059294989001636,0
0,0.0920917496992203,0
0,0.08743958960638488,0
0,0.7630652205959838,1
0,0.1118461005295346,0
0,0.09128489633818876,0
0,0.8484921398646276,1
0,0.07809798628580578,0
0,0.8450586139815032,1
0,0.31746068112361203,0
0,0.48298149730818013,1
0,0.1041581734059084,0
0,0.09708557802563295,0
0,0.1353592972881051,0
0,0.14794150120080668,0
0,0.10445771838121422,0
0,0.378617457335411,1
0,0.3090387358774976,0
0,0.5148552167569256,1
0,0.46495710413713587,1
1,0.6876438865413721,1
0,0.42733728594514353,1
0,0.1497836854953928,0
0,0.13208594798128262,0
0,0.13065730527588396,0
0,0.1310729408388072,0
0,0.32344127631599484,0
0,0.1290642051804582,0
0,0.10808710856395268,0
0,0.1440210785866294,0
0,0.2551287238786483,0
0,0.23101344964105971,0
0,0.4583420136558756,1
0,0.1658181617986229,0
0,0.8342966255897246,1
0,0.14517231828617672,0
0,0.6313398911166653,1
0,0.28117380338090464,0
0,0.08138148711702704,0
0,0.20831871696810264,0
0,0.08088516810724053,0
0,0.2314203231820286,0
0,0.16493658516388787,0
0,0.28479456463690944,0
0,0.6328864735717332,1
0,0.17583742347919273,0
0,0.19608853311069546,0
0,0.15883588192695394,0
0,0.7996410410212188,1
0,0.08353782030954106,0
0,0.10710411214885475,0
0,0.16225362804073548,0
